frame,sceneChanged,numDetections,detections,numTracks,tracks,activeLeadId,riskLevel,ttc
1,0,5,2:254:452:65:31:0.6175;2:380:452:35:21:0.6404;2:433:451:20:16:0.3478;2:563:447:40:31:0.7802;7:604:418:47:53:0.5168,0,,-1,NONE,inf
2,0,6,2:227:453:74:31:0.4591;2:370:452:37:22:0.6217;2:427:452:24:16:0.4703;2:536:448:10:11:0.2350;2:564:447:38:31:0.7787;7:600:418:51:54:0.6371,0,,-1,NONE,inf
3,0,6,2:202:453:79:33:0.4883;2:359:451:40:23:0.6833;2:421:452:25:17:0.3844;2:537:448:9:11:0.2344;2:563:447:39:31:0.7831;7:604:418:48:53:0.6143,5,1:2:563:447:39:31;2:7:604:418:48:53;3:2:421:452:25:17;4:2:359:451:40:23;5:2:202:453:79:33,-1,NONE,inf
4,0,6,2:163:467:48:22:0.1671;2:347:450:44:24:0.7545;2:415:452:24:17:0.4756;2:537:448:9:11:0.2214;2:564:447:38:31:0.7808;7:606:417:46:54:0.5993,5,1:2:564:447:38:31;2:7:606:417:46:54;3:2:415:452:24:17;4:2:347:450:44:24;5:2:163:467:48:22,-1,NONE,inf
5,0,5,2:128:452:101:40:0.7987;2:334:450:50:25:0.4927;2:408:452:26:18:0.4179;2:564:447:38:31:0.7725;7:607:417:45:54:0.5733,5,1:2:564:447:38:31;2:7:607:417:45:54;3:2:408:452:26:18;4:2:334:450:50:25;5:2:128:452:101:40,-1,NONE,inf
6,0,5,2:80:452:121:45:0.7915;2:321:450:48:25:0.5745;2:401:450:29:18:0.3357;2:563:447:39:31:0.7900;7:606:416:47:55:0.4830,5,1:2:563:447:39:31;2:7:606:416:47:55;3:2:401:450:29:18;4:2:321:450:48:25;5:2:80:452:121:45,-1,NONE,inf
7,0,6,2:18:449:142:51:0.8040;2:303:451:56:28:0.5795;2:355:449:42:23:0.1191;2:394:451:29:19:0.4753;2:563:447:39:31:0.7974;5:609:418:43:51:0.6326,5,1:2:563:447:39:31;2:5:609:418:43:51;3:2:394:451:29:19;4:2:303:451:56:28;5:2:18:449:142:51,-1,NONE,inf
8,0,6,2:0:449:119:57:0.8316;2:283:450:56:31:0.5786;2:385:451:32:19:0.4945;2:563:446:39:32:0.7966;5:609:416:43:53:0.6581;7:336:454:22:21:0.2144,5,1:2:563:446:39:32;2:5:609:416:43:53;3:2:385:451:32:19;4:2:283:450:56:31;5:2:0:449:119:57,-1,NONE,inf
9,0,6,2:0:450:62:54:0.4910;2:261:450:55:32:0.5446;2:318:451:32:27:0.2390;2:376:451:33:20:0.5124;2:563:446:39:32:0.7879;5:609:416:44:53:0.6469,5,1:2:563:446:39:32;2:5:609:416:44:53;3:2:376:451:33:20;4:2:261:450:55:32;5:2:0:450:62:54,-1,NONE,inf
10,0,7,2:235:452:65:30:0.5243;2:275:458:31:26:0.1331;2:303:453:33:24:0.2612;2:320:454:19:20:0.4175;2:365:451:36:21:0.4513;2:563:447:39:31:0.7704;5:609:415:44:54:0.5412,4,1:2:563:447:39:31;2:5:609:415:44:54;3:2:365:451:36:21;4:2:235:452:65:30,-1,NONE,inf
11,0,5,2:207:449:78:37:0.6996;2:284:451:45:28:0.5618;2:353:450:39:23:0.5446;2:563:446:39:32:0.7967;5:609:415:44:54:0.5924,4,1:2:563:446:39:32;2:5:609:415:44:54;3:2:353:450:39:23;4:2:207:449:78:37,-1,NONE,inf
12,0,5,2:170:448:89:42:0.8018;2:268:452:50:28:0.6644;2:340:450:41:26:0.5596;2:563:447:39:31:0.7854;7:609:415:46:55:0.5680,5,1:2:563:447:39:31;2:7:609:415:46:55;3:2:340:450:41:26;4:2:170:448:89:42;6:2:268:452:50:28,-1,NONE,inf
13,0,6,2:127:448:101:47:0.8463;2:253:454:50:28:0.5240;2:295:450:38:28:0.1141;2:324:451:48:28:0.4863;2:563:447:39:31:0.7865;7:596:415:59:55:0.5829,5,1:2:563:447:39:31;2:7:596:415:59:55;3:2:324:451:48:28;4:2:127:448:101:47;6:2:253:454:50:28,-1,NONE,inf
14,0,5,2:72:448:122:52:0.8749;2:233:456:56:26:0.6304;2:308:449:51:31:0.5780;2:563:447:39:31:0.8054;7:610:414:45:55:0.5715,5,1:2:563:447:39:31;2:7:610:414:45:55;3:2:308:449:51:31;4:2:72:448:122:52;6:2:233:456:56:26,-1,NONE,inf
15,0,5,2:3:447:147:55:0.8779;2:211:454:61:30:0.6900;2:290:450:53:32:0.5534;2:563:447:39:31:0.7806;7:611:414:45:56:0.7099,5,1:2:563:447:39:31;2:7:611:414:45:56;3:2:290:450:53:32;4:2:3:447:147:55;6:2:211:454:61:30,-1,NONE,inf
16,0,5,2:0:446:97:65:0.7808;2:188:454:61:30:0.7563;2:269:449:61:34:0.7340;2:563:446:39:32:0.7834;7:611:414:46:56:0.6836,5,1:2:563:446:39:32;2:7:611:414:46:56;3:2:269:449:61:34;4:2:0:446:97:65;6:2:188:454:61:30,-1,NONE,inf
17,0,6,2:0:444:29:67:0.3764;2:159:454:73:32:0.6725;2:242:452:66:32:0.4852;2:522:448:10:10:0.2431;2:562:447:41:29:0.7793;7:612:414:46:56:0.7061,5,1:2:562:447:41:29;2:7:612:414:46:56;3:2:242:452:66:32;4:2:0:444:29:67;6:2:159:454:73:32,1,SAFE,inf
18,0,5,2:127:455:81:33:0.8496;2:213:451:74:35:0.5302;2:521:447:11:11:0.2407;2:562:447:40:29:0.7904;7:611:413:47:57:0.5933,4,1:2:562:447:40:29;2:7:611:413:47:57;3:2:213:451:74:35;6:2:127:455:81:33,1,SAFE,inf
19,0,6,2:90:454:89:35:0.6892;2:175:448:89:43:0.6458;2:481:452:16:10:0.2302;2:521:447:10:11:0.2549;2:562:447:40:29:0.7777;7:611:413:48:56:0.5171,4,1:2:562:447:40:29;2:7:611:413:48:56;3:2:175:448:89:43;6:2:90:454:89:35,1,SAFE,inf
20,0,6,2:47:453:99:42:0.8707;2:139:448:96:45:0.8207;2:479:451:17:11:0.2100;2:520:447:11:11:0.3185;2:563:446:39:31:0.7929;5:611:412:48:58:0.4681,4,1:2:563:446:39:31;2:5:611:412:48:58;3:2:139:448:96:45;6:2:47:453:99:42,1,SAFE,inf
21,0,7,2:1:453:95:43:0.4488;2:91:447:108:48:0.3961;2:477:451:17:11:0.2260;2:521:446:10:12:0.2639;2:563:446:39:31:0.7759;2:1133:469:32:18:0.1269;7:612:411:48:59:0.5390,4,1:2:563:446:39:31;2:7:612:411:48:59;3:2:91:447:108:48;6:2:1:453:95:43,1,SAFE,inf
22,0,6,2:0:449:54:53:0.2078;2:475:451:16:10:0.3718;2:520:446:11:12:0.3718;2:563:446:39:31:0.7926;2:1187:472:37:19:0.1328;7:612:411:48:58:0.5056,4,1:2:563:446:39:31;2:7:612:411:48:58;6:2:0:449:54:53;7:2:520:446:11:12,1,SAFE,inf
23,0,4,2:0:444:99:65:0.7899;2:519:445:12:13:0.3164;2:563:446:39:30:0.8022;5:613:410:49:59:0.6173,4,1:2:563:446:39:30;2:5:613:410:49:59;6:2:0:444:99:65;7:2:519:445:12:13,1,SAFE,inf
24,0,4,2:469:451:18:10:0.3168;2:518:445:12:13:0.3014;2:562:446:40:30:0.8115;5:613:410:49:59:0.5870,3,1:2:562:446:40:30;2:5:613:410:49:59;7:2:518:445:12:13,1,SAFE,inf
25,0,4,2:466:450:18:11:0.3675;2:518:445:12:13:0.2539;2:562:446:40:30:0.8107;5:613:410:50:59:0.4982,3,1:2:562:446:40:30;2:5:613:410:50:59;7:2:518:445:12:13,1,SAFE,inf
26,0,3,2:463:449:19:12:0.5081;2:562:445:40:31:0.8041;5:613:409:51:60:0.5507,3,1:2:562:445:40:31;2:5:613:409:51:60;8:2:463:449:19:12,1,SAFE,inf
27,0,3,2:460:448:20:13:0.4498;2:562:444:40:32:0.7943;5:614:408:50:61:0.5647,3,1:2:562:444:40:32;2:5:614:408:50:61;8:2:460:448:20:13,1,SAFE,inf
28,0,3,2:457:449:21:12:0.4695;2:562:444:40:32:0.8048;5:614:408:51:61:0.5390,3,1:2:562:444:40:32;2:5:614:408:51:61;8:2:457:449:21:12,1,SAFE,16.710
29,0,3,2:454:450:19:11:0.3935;2:562:445:40:31:0.8107;5:614:408:52:62:0.5382,3,1:2:562:445:40:31;2:5:614:408:52:62;8:2:454:450:19:11,1,SAFE,12.256
30,0,3,2:448:450:23:12:0.3324;2:562:445:40:31:0.8161;5:614:407:53:63:0.5564,3,1:2:562:445:40:31;2:5:614:407:53:63;8:2:448:450:23:12,1,SAFE,9.677
31,0,3,2:446:449:22:14:0.5060;2:562:445:40:31:0.8127;7:614:407:53:64:0.6558,3,1:2:562:445:40:31;2:7:614:407:53:64;8:2:446:449:22:14,1,SAFE,6.567
32,0,4,2:442:450:23:13:0.4534;2:513:446:12:12:0.2028;2:562:446:40:30:0.8149;7:614:407:54:64:0.5230,3,1:2:562:446:40:30;2:7:614:407:54:64;8:2:442:450:23:13,1,SAFE,10.444
33,0,4,2:437:450:25:14:0.5109;2:513:445:11:14:0.2131;2:562:445:40:31:0.8226;7:615:407:54:64:0.5267,3,1:2:562:445:40:31;2:7:615:407:54:64;8:2:437:450:25:14,1,SAFE,16.621
34,0,5,2:433:450:25:14:0.4597;2:512:445:12:14:0.2865;2:528:446:10:11:0.2484;2:562:445:40:31:0.8299;7:615:406:54:64:0.4451,4,1:2:562:445:40:31;2:7:615:406:54:64;7:2:512:445:12:14;8:2:433:450:25:14,1,SAFE,inf
35,0,4,2:428:450:24:15:0.4965;2:528:446:10:12:0.2207;2:562:445:40:31:0.8371;7:615:406:55:64:0.6917,4,1:2:562:445:40:31;2:7:615:406:55:64;7:2:528:446:10:12;8:2:428:450:24:15,1,SAFE,40.520
36,0,4,2:422:450:27:15:0.5951;2:528:446:10:12:0.2256;2:562:445:40:31:0.8345;7:616:405:55:66:0.7593,4,1:2:562:445:40:31;2:7:616:405:55:66;7:2:528:446:10:12;8:2:422:450:27:15,1,SAFE,31.327
37,0,3,2:415:450:31:15:0.4841;2:562:445:40:31:0.8308;7:616:405:56:66:0.7648,3,1:2:562:445:40:31;2:7:616:405:56:66;8:2:415:450:31:15,1,SAFE,25.534
38,0,3,2:409:450:31:15:0.5107;2:562:445:40:31:0.8353;7:616:405:57:66:0.5687,3,1:2:562:445:40:31;2:7:616:405:57:66;8:2:409:450:31:15,1,SAFE,inf
39,0,3,2:403:451:31:15:0.5995;2:561:446:41:31:0.8148;7:617:405:57:67:0.5129,3,1:2:561:446:41:31;2:7:617:405:57:67;8:2:403:451:31:15,1,SAFE,inf
40,0,3,2:396:451:32:16:0.5942;2:562:447:40:30:0.8241;7:617:405:58:68:0.6229,3,1:2:562:447:40:30;2:7:617:405:58:68;8:2:396:451:32:16,1,SAFE,inf
41,0,4,2:388:451:32:17:0.5491;2:410:454:13:13:0.2563;2:562:447:40:30:0.8160;7:617:405:60:68:0.7799,3,1:2:562:447:40:30;2:7:617:405:60:68;8:2:388:451:32:17,1,SAFE,inf
42,0,4,2:379:451:36:18:0.6311;2:506:445:14:14:0.2850;2:562:446:39:31:0.8156;7:618:404:59:70:0.7359,4,1:2:562:446:39:31;2:7:618:404:59:70;7:2:506:445:14:14;8:2:379:451:36:18,1,SAFE,inf
43,0,4,2:369:451:39:18:0.4657;2:526:447:10:12:0.2385;2:562:447:39:30:0.8040;7:618:403:60:71:0.7325,4,1:2:562:447:39:30;2:7:618:403:60:71;7:2:526:447:10:12;8:2:369:451:39:18,1,SAFE,inf
44,0,5,2:359:451:41:19:0.5958;2:504:447:12:13:0.2025;2:526:447:10:12:0.2803;2:562:447:39:30:0.7814;7:619:402:61:72:0.7701,4,1:2:562:447:39:30;2:7:619:402:61:72;7:2:526:447:10:12;8:2:359:451:41:19,1,SAFE,inf
45,0,4,2:348:450:42:21:0.5371;2:562:447:39:30:0.7924;2:598:450:10:14:0.2508;7:620:402:61:72:0.7825,3,1:2:562:447:39:30;2:7:620:402:61:72;8:2:348:450:42:21,1,SAFE,inf
46,0,4,2:335:449:48:23:0.5423;2:562:447:39:30:0.7726;2:598:450:10:14:0.2884;7:620:402:61:72:0.7110,3,1:2:562:447:39:30;2:7:620:402:61:72;8:2:335:449:48:23,1,SAFE,inf
47,0,4,2:323:451:48:23:0.6261;2:562:447:39:31:0.7480;2:598:450:11:13:0.3988;7:621:402:61:73:0.7777,3,1:2:562:447:39:31;2:7:621:402:61:73;8:2:323:451:48:23,1,SAFE,inf
48,0,5,2:320:451:36:23:0.5438;2:524:447:10:12:0.2211;2:562:447:39:31:0.7608;2:597:450:12:13:0.4228;7:621:402:63:73:0.8070,3,1:2:562:447:39:31;2:7:621:402:63:73;8:2:320:451:36:23,1,SAFE,inf
49,0,5,2:320:458:26:18:0.4256;2:524:447:10:12:0.3041;2:562:447:39:31:0.7555;2:597:450:12:13:0.4531;7:622:401:63:74:0.7822,5,1:2:562:447:39:31;2:7:622:401:63:74;7:2:524:447:10:12;8:2:320:458:26:18;9:2:597:450:12:13,1,SAFE,inf
50,0,6,2:320:460:11:16:0.2008;2:523:447:11:12:0.3589;2:562:447:39:31:0.7513;2:597:450:12:12:0.4583;7:498:442:17:18:0.2834;7:622:401:64:75:0.7492,5,1:2:562:447:39:31;2:7:622:401:64:75;7:2:523:447:11:12;8:2:320:460:11:16;9:2:597:450:12:12,1,SAFE,inf
51,0,6,2:240:448:74:34:0.6688;2:521:447:12:12:0.4264;2:561:447:41:30:0.7465;2:597:450:12:12:0.4245;7:498:442:18:18:0.3351;7:623:399:64:77:0.6985,4,1:2:561:447:41:30;2:7:623:399:64:77;7:2:521:447:12:12;9:2:597:450:12:12,1,SAFE,inf
52,0,6,2:211:450:84:34:0.6761;2:521:447:10:12:0.4543;2:561:447:41:30:0.7691;2:597:451:12:11:0.4329;7:497:442:19:19:0.3748;7:623:399:65:78:0.6109,4,1:2:561:447:41:30;2:7:623:399:65:78;7:2:521:447:10:12;9:2:597:451:12:11,1,SAFE,inf
53,0,6,2:177:448:95:39:0.7726;2:520:448:10:11:0.4913;2:561:447:42:30:0.7590;2:597:451:13:12:0.4556;7:497:442:17:18:0.3339;7:624:399:65:79:0.6979,6,1:2:561:447:42:30;2:7:624:399:65:79;7:2:520:448:10:11;9:2:597:451:13:12;10:7:497:442:17:18;11:2:177:448:95:39,1,SAFE,inf
54,0,6,2:136:449:112:41:0.7863;2:520:448:10:11:0.4390;2:561:447:42:30:0.7629;2:598:451:12:11:0.4543;7:496:442:17:18:0.3021;7:624:398:67:80:0.7914,6,1:2:561:447:42:30;2:7:624:398:67:80;7:2:520:448:10:11;9:2:598:451:12:11;10:7:496:442:17:18;11:2:136:449:112:41,1,SAFE,inf
55,0,6,2:87:449:129:44:0.7347;2:520:447:10:12:0.3883;2:561:446:41:31:0.7491;2:598:450:12:12:0.4192;7:495:442:14:18:0.2829;7:624:397:69:80:0.7815,6,1:2:561:446:41:31;2:7:624:397:69:80;7:2:520:447:10:12;9:2:598:450:12:12;10:7:495:442:14:18;11:2:87:449:129:44,1,SAFE,inf
56,0,6,2:24:449:155:50:0.7026;2:519:447:11:13:0.3379;2:561:446:41:31:0.7662;2:598:451:12:11:0.3828;7:494:442:16:18:0.2828;7:624:396:71:82:0.7833,6,1:2:561:446:41:31;2:7:624:396:71:82;7:2:519:447:11:13;9:2:598:451:12:11;10:7:494:442:16:18;11:2:24:449:155:50,1,SAFE,inf
57,0,5,2:0:447:135:52:0.8057;2:561:446:41:31:0.7666;2:598:450:12:12:0.4831;7:492:441:18:19:0.2421;7:625:395:71:83:0.7236,5,1:2:561:446:41:31;2:7:625:395:71:83;9:2:598:450:12:12;10:7:492:441:18:19;11:2:0:447:135:52,1,SAFE,23.744
58,0,5,2:0:446:77:55:0.7221;2:561:446:41:31:0.7512;2:597:450:13:11:0.4945;7:491:441:16:19:0.2568;7:625:395:73:82:0.7922,5,1:2:561:446:41:31;2:7:625:395:73:82;9:2:597:450:13:11;10:7:491:441:16:19;11:2:0:446:77:55,1,SAFE,23.744
59,0,4,2:562:446:40:30:0.7799;2:597:450:14:11:0.5125;7:490:441:16:19:0.3834;7:626:394:73:83:0.7661,4,1:2:562:446:40:30;2:7:626:394:73:83;9:2:597:450:14:11;10:7:490:441:16:19,1,SAFE,inf
60,0,4,2:562:445:40:31:0.7881;2:598:450:13:11:0.4455;7:489:440:19:20:0.3799;7:626:392:74:85:0.8385,4,1:2:562:445:40:31;2:7:626:392:74:85;9:2:598:450:13:11;10:7:489:440:19:20,1,SAFE,inf
61,0,4,2:562:445:40:31:0.7964;2:597:449:14:12:0.4897;7:488:440:20:19:0.3211;7:627:391:74:86:0.8416,4,1:2:562:445:40:31;2:7:627:391:74:86;9:2:597:449:14:12;10:7:488:440:20:19,1,SAFE,inf
62,0,4,2:562:445:40:31:0.7613;2:598:449:13:12:0.4818;7:486:440:21:20:0.3090;7:627:391:77:86:0.8206,4,1:2:562:445:40:31;2:7:627:391:77:86;9:2:598:449:13:12;10:7:486:440:21:20,1,SAFE,47.488
63,0,4,2:563:445:39:30:0.7271;2:597:449:15:12:0.5371;7:485:440:21:20:0.4006;7:628:391:77:87:0.7854,4,1:2:563:445:39:30;2:7:628:391:77:87;9:2:597:449:15:12;10:7:485:440:21:20,1,SAFE,inf
64,0,4,2:564:445:38:31:0.7574;2:597:449:15:13:0.5002;7:483:440:17:21:0.4533;7:628:390:80:88:0.8399,4,1:2:564:445:38:31;2:7:628:390:80:88;9:2:597:449:15:13;10:7:483:440:17:21,1,SAFE,28.493
65,0,5,0:515:441:11:19:0.1281;2:564:445:39:31:0.7518;2:597:449:15:13:0.4300;7:482:440:20:20:0.5191;7:628:389:82:90:0.8505,4,1:2:564:445:39:31;2:7:628:389:82:90;9:2:597:449:15:13;10:7:482:440:20:20,1,SAFE,17.808
66,0,5,0:515:442:11:18:0.1122;2:564:445:39:30:0.7678;2:598:449:14:12:0.4321;7:482:439:23:22:0.5463;7:628:387:84:92:0.8693,4,1:2:564:445:39:30;2:7:628:387:84:92;9:2:598:449:14:12;10:7:482:439:23:22,1,SAFE,40.704
67,0,4,2:565:445:38:30:0.7564;2:598:450:14:11:0.4464;7:480:439:17:22:0.5441;7:629:387:85:93:0.8737,4,1:2:565:445:38:30;2:7:629:387:85:93;9:2:598:450:14:11;10:7:480:439:17:22,1,SAFE,inf
68,0,5,2:512:445:13:14:0.2605;2:565:445:38:31:0.7618;2:598:450:14:11:0.4275;7:478:439:26:22:0.5133;7:630:386:85:94:0.7924,4,1:2:565:445:38:31;2:7:630:386:85:94;9:2:598:450:14:11;10:7:478:439:26:22,1,SAFE,inf
69,0,4,2:565:446:38:29:0.7620;2:599:450:13:12:0.3127;7:476:439:26:22:0.5679;7:631:385:86:95:0.8263,4,1:2:565:446:38:29;2:7:631:385:86:95;9:2:599:450:13:12;10:7:476:439:26:22,1,SAFE,inf
70,0,4,2:565:445:38:31:0.7702;2:599:450:13:11:0.2705;7:475:439:19:23:0.4662;7:631:384:88:96:0.8191,4,1:2:565:445:38:31;2:7:631:384:88:96;9:2:599:450:13:11;10:7:475:439:19:23,1,SAFE,inf
71,0,4,2:565:446:39:29:0.7748;2:599:450:14:12:0.2696;7:474:439:17:22:0.4596;7:631:384:91:97:0.8462,4,1:2:565:446:39:29;2:7:631:384:91:97;9:2:599:450:14:12;10:7:474:439:17:22,1,SAFE,inf
72,0,4,2:565:446:38:29:0.7696;2:600:450:13:12:0.2464;7:472:439:23:23:0.5578;7:632:383:91:98:0.8625,4,1:2:565:446:38:29;2:7:632:383:91:98;9:2:600:450:13:12;10:7:472:439:23:23,1,SAFE,inf
73,0,4,2:511:443:14:18:0.1156;2:565:446:39:31:0.7748;7:470:439:18:22:0.5385;7:632:381:94:100:0.8400,3,1:2:565:446:39:31;2:7:632:381:94:100;10:7:470:439:18:22,1,SAFE,inf
74,0,5,2:508:446:14:14:0.2946;2:566:446:38:32:0.7815;7:467:438:29:25:0.4780;7:597:425:42:50:0.1547;7:631:380:98:102:0.8407,3,1:2:566:446:38:32;2:7:631:380:98:102;10:7:467:438:29:25,1,SAFE,inf
75,0,5,2:566:446:38:32:0.7980;7:466:438:28:25:0.4414;7:507:443:16:17:0.2669;7:597:425:43:49:0.2064;7:633:379:98:104:0.8510,3,1:2:566:446:38:32;2:7:633:379:98:104;10:7:466:438:28:25,1,SAFE,inf
76,0,5,2:566:445:38:30:0.7898;7:465:437:26:26:0.4714;7:506:442:17:18:0.3203;7:598:424:42:38:0.1812;7:635:378:98:104:0.8566,3,1:2:566:445:38:30;2:7:635:378:98:104;10:7:465:437:26:26,1,SAFE,inf
77,0,5,2:567:445:38:30:0.7888;2:602:451:12:11:0.2127;7:462:438:22:24:0.4021;7:506:442:16:18:0.2628;7:637:377:99:105:0.8610,3,1:2:567:445:38:30;2:7:637:377:99:105;10:7:462:438:22:24,1,SAFE,inf
78,0,5,2:540:448:13:10:0.2333;2:566:446:40:32:0.8049;2:602:451:12:11:0.2200;7:460:438:19:24:0.4131;7:637:376:101:107:0.8498,3,1:2:566:446:40:32;2:7:637:376:101:107;10:7:460:438:19:24,1,SAFE,20.967
79,0,6,2:504:448:13:12:0.2120;2:542:448:11:10:0.2025;2:567:445:38:30:0.8208;2:603:451:11:12:0.2278;7:458:437:29:26:0.4918;7:638:375:104:109:0.8731,3,1:2:567:445:38:30;2:7:638:375:104:109;10:7:458:437:29:26,1,SAFE,20.667
80,0,5,2:541:448:12:10:0.2467;2:566:446:41:31:0.8156;2:603:450:12:12:0.2660;7:455:437:35:26:0.5037;7:639:374:105:109:0.8747,4,1:2:566:446:41:31;2:7:639:374:105:109;10:7:455:437:35:26;12:2:603:450:12:12,1,SAFE,12.961
81,0,7,2:542:448:11:10:0.2062;2:567:446:40:31:0.8022;2:603:450:11:12:0.2387;5:502:441:17:19:0.2422;7:452:436:33:27:0.5187;7:469:434:19:28:0.2193;7:640:372:107:111:0.8570,3,1:2:567:446:40:31;2:7:640:372:107:111;10:7:452:436:33:27,1,SAFE,12.846
82,0,6,2:541:448:12:10:0.2235;2:567:446:40:31:0.8059;2:603:451:11:11:0.2360;7:449:435:29:29:0.5451;7:468:434:18:29:0.2557;7:640:371:110:115:0.8581,3,1:2:567:446:40:31;2:7:640:371:110:115;10:7:449:435:29:29,1,SAFE,13.328
83,0,6,2:567:446:40:31:0.7919;5:500:440:18:20:0.3704;7:447:436:24:28:0.5758;7:465:434:19:29:0.3662;7:600:424:45:38:0.1104;7:640:370:113:117:0.8566,3,1:2:567:446:40:31;2:7:640:370:113:117;10:7:447:436:24:28,1,SAFE,10.333
84,0,4,2:568:446:39:31:0.7781;5:499:440:16:20:0.2991;7:445:433:38:31:0.6633;7:642:369:113:118:0.8683,3,1:2:568:446:39:31;2:7:642:369:113:118;10:7:445:433:38:31,1,SAFE,16.282
85,0,4,2:568:446:39:31:0.7868;5:498:440:17:20:0.3598;7:442:433:39:32:0.6767;7:642:368:115:119:0.8814,4,1:2:568:446:39:31;2:7:642:368:115:119;10:7:442:433:39:32;13:5:498:440:17:20,1,SAFE,13.153
86,0,4,2:568:446:40:31:0.7777;5:497:440:19:20:0.3513;7:439:433:40:32:0.7425;7:643:365:119:123:0.9041,4,1:2:568:446:40:31;2:7:643:365:119:123;10:7:439:433:40:32;13:5:497:440:19:20,1,SAFE,29.820
87,0,4,2:569:446:39:31:0.7647;7:436:433:42:32:0.7722;7:495:440:20:20:0.3301;7:645:363:120:126:0.9100,4,1:2:569:446:39:31;2:7:645:363:120:126;10:7:436:433:42:32;13:7:495:440:20:20,1,SAFE,inf
88,0,4,2:569:446:39:31:0.7417;5:495:439:20:21:0.4563;7:432:431:44:34:0.7929;7:645:361:124:129:0.9151,4,1:2:569:446:39:31;2:7:645:361:124:129;10:7:432:431:44:34;13:5:495:439:20:21,1,SAFE,inf
89,0,4,2:569:446:39:31:0.7594;5:494:439:21:21:0.5181;7:429:431:45:35:0.6950;7:646:360:128:130:0.9153,4,1:2:569:446:39:31;2:7:646:360:128:130;10:7:429:431:45:35;13:5:494:439:21:21,1,SAFE,inf
90,0,4,2:569:446:39:31:0.7737;5:492:439:23:21:0.4591;7:425:430:47:36:0.8064;7:647:359:130:132:0.9080,4,1:2:569:446:39:31;2:7:647:359:130:132;10:7:425:430:47:36;13:5:492:439:23:21,1,SAFE,23.434
91,0,5,2:569:446:40:31:0.7848;2:606:450:9:12:0.2779;5:491:439:23:21:0.3764;7:421:429:50:37:0.7176;7:646:356:136:134:0.9238,4,1:2:569:446:40:31;2:7:646:356:136:134;10:7:421:429:50:37;13:5:491:439:23:21,1,SAFE,46.026
92,0,5,2:570:447:39:30:0.7776;2:606:450:9:13:0.2696;5:490:439:22:21:0.5407;7:418:430:49:37:0.7719;7:647:354:138:137:0.9094,4,1:2:570:447:39:30;2:7:647:354:138:137;10:7:418:430:49:37;13:5:490:439:22:21,1,SAFE,inf
93,0,5,2:570:447:39:30:0.8016;2:607:450:9:13:0.2287;5:489:439:23:21:0.4738;7:414:429:51:39:0.8100;7:648:353:138:139:0.9093,4,1:2:570:447:39:30;2:7:648:353:138:139;10:7:414:429:51:39;13:5:489:439:23:21,1,SAFE,inf
94,0,6,2:542:448:11:10:0.2272;2:570:446:40:30:0.8202;2:607:450:9:13:0.2606;5:487:438:24:22:0.5399;7:409:429:53:38:0.8174;7:647:350:148:141:0.9408,4,1:2:570:446:40:30;2:7:647:350:148:141;10:7:409:429:53:38;13:5:487:438:24:22,1,SAFE,inf
95,0,5,2:570:446:40:31:0.8152;2:607:450:9:13:0.3010;5:486:438:24:22:0.4585;7:403:428:56:39:0.7581;7:649:347:151:146:0.9498,4,1:2:570:446:40:31;2:7:649:347:151:146;10:7:403:428:56:39;13:5:486:438:24:22,1,SAFE,inf
96,0,5,2:570:446:40:30:0.8084;2:607:450:9:14:0.2271;5:484:438:25:22:0.5862;7:399:427:58:41:0.7109;7:650:346:155:147:0.9450,4,1:2:570:446:40:30;2:7:650:346:155:147;10:7:399:427:58:41;13:5:484:438:25:22,1,SAFE,inf
97,0,5,2:539:448:12:10:0.2412;2:570:446:40:31:0.8168;5:483:438:25:22:0.4984;7:394:426:59:43:0.7437;7:649:345:160:149:0.9451,4,1:2:570:446:40:31;2:7:649:345:160:149;10:7:394:426:59:43;13:5:483:438:25:22,1,SAFE,inf
98,0,5,2:539:448:11:11:0.2181;2:570:446:40:31:0.8124;5:480:437:27:24:0.4382;7:387:425:63:45:0.8018;7:650:342:165:153:0.9464,4,1:2:570:446:40:31;2:7:650:342:165:153;10:7:387:425:63:45;13:5:480:437:27:24,1,SAFE,inf
99,0,4,2:570:445:39:32:0.7914;7:382:424:65:46:0.7648;7:479:437:27:24:0.5202;7:650:339:171:156:0.9526,4,1:2:570:445:39:32;2:7:650:339:171:156;10:7:382:424:65:46;13:7:479:437:27:24,1,SAFE,inf
100,0,4,2:571:445:39:32:0.7641;7:376:424:68:47:0.7875;7:478:437:27:24:0.6196;7:651:337:175:160:0.9493,4,1:2:571:445:39:32;2:7:651:337:175:160;10:7:376:424:68:47;13:7:478:437:27:24,1,SAFE,29.719
101,0,4,2:571:445:39:32:0.7403;7:369:423:71:48:0.8315;7:476:437:27:25:0.6226;7:652:335:180:163:0.9366,4,1:2:571:445:39:32;2:7:652:335:180:163;10:7:369:423:71:48;13:7:476:437:27:25,1,SAFE,15.461
102,0,4,2:571:445:39:32:0.7389;7:362:421:74:50:0.8108;7:474:437:28:25:0.4838;7:652:331:188:168:0.9323,4,1:2:571:445:39:32;2:7:652:331:188:168;10:7:362:421:74:50;13:7:474:437:28:25,1,SAFE,10.833
103,0,5,2:571:445:40:32:0.7654;5:472:436:30:25:0.4952;7:354:421:78:50:0.8185;7:515:443:14:16:0.2254;7:653:329:193:171:0.9381,4,1:2:571:445:40:32;2:7:653:329:193:171;10:7:354:421:78:50;13:5:472:436:30:25,1,SAFE,8.580
104,0,5,2:572:446:39:31:0.7437;5:470:436:30:26:0.4691;7:346:419:83:53:0.8420;7:514:443:15:15:0.3594;7:654:324:199:178:0.9439,4,1:2:572:446:39:31;2:7:654:324:199:178;10:7:346:419:83:53;13:5:470:436:30:26,1,SAFE,8.804
105,0,6,2:529:446:19:13:0.2752;2:573:446:38:32:0.8160;5:468:436:30:27:0.3911;7:338:419:86:54:0.8305;7:513:444:16:15:0.3438;7:656:322:203:182:0.9588,4,1:2:573:446:38:32;2:7:656:322:203:182;10:7:338:419:86:54;13:5:468:436:30:27,1,SAFE,7.439
106,0,6,2:530:447:17:12:0.2779;2:573:446:39:32:0.7936;7:329:417:90:58:0.8253;7:466:436:32:27:0.3898;7:512:444:16:15:0.3900;7:656:318:212:187:0.9471,5,1:2:573:446:39:32;2:7:656:318:212:187;10:7:329:417:90:58;13:7:466:436:32:27;14:7:512:444:16:15,1,SAFE,6.585
107,0,6,2:528:446:19:13:0.2347;2:573:446:39:33:0.8096;7:321:417:93:59:0.8166;7:464:436:32:27:0.4330;7:511:444:17:15:0.4139;7:658:314:218:192:0.9559,5,1:2:573:446:39:33;2:7:658:314:218:192;10:7:321:417:93:59;13:7:464:436:32:27;14:7:511:444:17:15,1,SAFE,6.216
108,0,7,2:529:447:18:12:0.3246;2:573:446:40:33:0.8097;7:320:416:89:59:0.8289;7:462:435:32:28:0.5614;7:511:443:17:17:0.3566;7:600:423:69:57:0.1450;7:659:310:225:196:0.9475,5,1:2:573:446:40:33;2:7:659:310:225:196;10:7:320:416:89:59;13:7:462:435:32:28;14:7:511:443:17:17,1,SAFE,6.262
109,0,7,2:510:443:17:17:0.4300;2:534:449:13:10:0.2976;2:573:446:40:33:0.8181;5:459:435:34:29:0.4726;7:320:414:84:61:0.7343;7:599:424:70:53:0.1860;7:659:307:233:202:0.9440,5,1:2:573:446:40:33;2:7:659:307:233:202;10:7:320:414:84:61;13:5:459:435:34:29;14:2:510:443:17:17,1,SAFE,6.743
110,0,7,2:527:448:14:11:0.3024;2:535:448:11:11:0.3322;2:573:446:40:33:0.8214;7:320:412:78:64:0.7888;7:457:435:34:29:0.4109;7:508:443:18:17:0.3775;7:662:303:242:207:0.9348,6,1:2:573:446:40:33;2:7:662:303:242:207;10:7:320:412:78:64;13:7:457:435:34:29;14:7:508:443:18:17;15:2:535:448:11:11,1,SAFE,6.460
111,0,7,2:532:447:14:12:0.3994;2:573:446:40:33:0.8058;5:454:434:36:30:0.3542;7:320:410:70:65:0.7302;7:508:442:18:18:0.4605;7:597:423:75:54:0.1137;7:662:299:252:211:0.9320,6,1:2:573:446:40:33;2:7:662:299:252:211;10:7:320:410:70:65;13:5:454:434:36:30;14:7:508:442:18:18;15:2:532:447:14:12,1,SAFE,7.904
112,0,7,2:506:442:19:18:0.4638;2:526:447:14:12:0.3743;2:534:448:11:11:0.4037;2:573:446:40:33:0.8194;5:451:434:37:30:0.3911;7:251:407:134:73:0.6818;7:665:295:257:218:0.9373,6,1:2:573:446:40:33;2:7:665:295:257:218;10:7:251:407:134:73;13:5:451:434:37:30;14:2:506:442:19:18;15:2:534:448:11:11,1,SAFE,8.612
113,0,7,2:525:447:13:11:0.2652;2:536:448:8:10:0.2187;2:573:446:41:33:0.8404;7:235:406:143:77:0.7144;7:449:434:37:30:0.4466;7:506:442:19:18:0.4209;7:667:290:267:226:0.8730,6,1:2:573:446:41:33;2:7:667:290:267:226;10:7:235:406:143:77;13:7:449:434:37:30;14:7:506:442:19:18;15:2:536:448:8:10,1,SAFE,10.099
114,0,7,2:525:448:17:11:0.2429;2:534:449:11:10:0.2918;2:574:446:40:33:0.8722;7:215:403:155:83:0.5204;7:447:434:37:30:0.4368;7:505:442:19:19:0.4233;7:667:283:278:234:0.9167,6,1:2:574:446:40:33;2:7:667:283:278:234;10:7:215:403:155:83;13:7:447:434:37:30;14:7:505:442:19:19;15:2:534:449:11:10,1,SAFE,9.764
115,0,8,2:524:447:16:12:0.2114;2:535:449:9:10:0.2321;2:574:446:39:33:0.8450;2:944:433:15:18:0.2510;7:193:400:168:86:0.5339;7:443:433:39:32:0.4393;7:504:441:19:19:0.4139;7:668:279:287:241:0.8780,6,1:2:574:446:39:33;2:7:668:279:287:241;10:7:193:400:168:86;13:7:443:433:39:32;14:7:504:441:19:19;15:2:535:449:9:10,1,SAFE,9.754
116,0,6,2:525:448:13:11:0.2846;2:574:446:40:33:0.8545;7:320:408:31:68:0.4560;7:441:432:40:33:0.5730;7:502:441:20:19:0.4628;7:668:275:286:247:0.8914,6,1:2:574:446:40:33;2:7:668:275:286:247;10:7:320:408:31:68;13:7:441:432:40:33;14:7:502:441:20:19;16:2:525:448:13:11,1,SAFE,10.067
117,0,5,2:575:446:38:32:0.8462;7:143:394:199:95:0.6002;7:437:431:41:34:0.4509;7:501:440:21:20:0.3081;7:671:264:319:259:0.8810,4,1:2:575:446:38:32;2:7:671:264:319:259;13:7:437:431:41:34;14:7:501:440:21:20,1,SAFE,14.328
118,0,5,2:575:446:39:31:0.8368;7:113:391:218:101:0.7097;7:433:431:44:34:0.2336;7:500:440:21:19:0.2640;7:670:275:289:249:0.9185,4,1:2:575:446:39:31;2:7:670:275:289:249;13:7:433:431:44:34;14:7:500:440:21:19,1,SAFE,inf
119,0,5,2:575:445:39:31:0.8097;7:75:386:246:107:0.4849;7:431:430:43:34:0.2064;7:499:440:20:19:0.3592;7:673:246:352:282:0.8896,5,1:2:575:445:39:31;2:7:673:246:352:282;13:7:431:430:43:34;14:7:499:440:20:19;17:7:75:386:246:107,1,SAFE,inf
120,0,6,2:576:446:38:31:0.8441;7:34:382:273:115:0.6550;7:426:430:47:36:0.4161;7:497:440:22:19:0.3276;7:676:274:283:254:0.9246;7:743:436:256:92:0.1104,5,1:2:576:446:38:31;2:7:676:274:283:254;13:7:426:430:47:36;14:7:497:440:22:19;17:7:34:382:273:115,1,SAFE,inf
121,0,4,2:577:446:38:31:0.8391;7:422:430:47:36:0.3594;7:496:440:22:20:0.2864;7:674:274:285:256:0.9269,4,1:2:577:446:38:31;2:7:674:274:285:256;13:7:422:430:47:36;14:7:496:440:22:20,1,SAFE,inf
122,0,5,2:577:446:38:31:0.8203;7:0:369:278:132:0.5386;7:418:430:49:37:0.5561;7:495:440:22:20:0.2761;7:675:274:284:256:0.9390,5,1:2:577:446:38:31;2:7:675:274:284:256;13:7:418:430:49:37;14:7:495:440:22:20;17:7:0:369:278:132,1,SAFE,inf
123,0,4,2:577:446:39:32:0.8183;7:414:429:51:39:0.3565;7:493:440:23:20:0.2991;7:680:274:279:256:0.9373,4,1:2:577:446:39:32;2:7:680:274:279:256;13:7:414:429:51:39;14:7:493:440:23:20,1,SAFE,inf
124,0,3,2:577:446:39:32:0.7646;7:408:429:54:42:0.4925;7:682:274:277:255:0.9198,3,1:2:577:446:39:32;2:7:682:274:277:255;13:7:408:429:54:42,1,SAFE,inf
125,0,3,2:578:446:39:33:0.7891;7:405:429:55:40:0.5983;7:684:274:275:256:0.9335,3,1:2:578:446:39:33;2:7:684:274:275:256;13:7:405:429:55:40,1,SAFE,inf
126,0,3,2:578:446:39:33:0.7752;7:399:429:58:42:0.4920;7:682:275:277:256:0.9314,3,1:2:578:446:39:33;2:7:682:275:277:256;13:7:399:429:58:42,1,SAFE,inf
127,0,5,2:526:449:16:10:0.2445;2:578:446:39:33:0.7225;7:393:427:60:43:0.4634;7:488:440:23:22:0.2273;7:684:275:275:255:0.9271,3,1:2:578:446:39:33;2:7:684:275:275:255;13:7:393:427:60:43,1,SAFE,inf
128,0,4,2:579:446:38:33:0.7700;7:387:427:64:42:0.3487;7:486:440:24:21:0.2730;7:686:275:273:255:0.9233,4,1:2:579:446:38:33;2:7:686:275:273:255;13:7:387:427:64:42;14:7:486:440:24:21,1,SAFE,33.150
129,0,5,2:579:446:38:33:0.7875;7:0:356:94:150:0.1885;7:384:425:62:45:0.3624;7:485:440:24:21:0.2001;7:687:275:272:255:0.9425,4,1:2:579:446:38:33;2:7:687:275:272:255;13:7:384:425:62:45;14:7:485:440:24:21,1,SAFE,13.604
130,0,5,2:579:446:38:33:0.7853;7:0:355:50:143:0.1496;7:376:424:66:46:0.4262;7:483:440:25:22:0.2354;7:688:275:271:256:0.9439,4,1:2:579:446:38:33;2:7:688:275:271:256;13:7:376:424:66:46;14:7:483:440:25:22,1,SAFE,8.558
131,0,4,2:579:446:39:32:0.7710;7:369:423:71:47:0.1660;7:481:439:25:23:0.3840;7:690:275:269:256:0.9381,4,1:2:579:446:39:32;2:7:690:275:269:256;13:7:369:423:71:47;14:7:481:439:25:23,1,SAFE,7.292
132,0,4,2:579:446:40:31:0.7908;7:361:423:75:50:0.3122;7:480:439:25:22:0.2877;7:692:275:267:257:0.9439,4,1:2:579:446:40:31;2:7:692:275:267:257;13:7:361:423:75:50;14:7:480:439:25:22,1,SAFE,9.044
133,0,4,2:580:446:39:31:0.7872;7:353:422:78:51:0.3868;7:478:438:27:24:0.2867;7:693:275:266:256:0.9518,4,1:2:580:446:39:31;2:7:693:275:266:256;13:7:353:422:78:51;14:7:478:438:27:24,1,SAFE,16.604
134,0,4,2:581:446:38:31:0.7914;7:345:421:83:53:0.5293;7:476:438:27:23:0.4454;7:695:275:264:256:0.9489,4,1:2:581:446:38:31;2:7:695:275:264:256;13:7:345:421:83:53;14:7:476:438:27:23,1,SAFE,inf
135,0,4,2:581:446:39:31:0.7580;7:337:419:86:56:0.4860;7:474:437:28:25:0.4391;7:698:275:261:256:0.9657,4,1:2:581:446:39:31;2:7:698:275:261:256;13:7:337:419:86:56;14:7:474:437:28:25,1,SAFE,inf
136,0,4,2:581:446:39:32:0.7461;7:326:417:92:58:0.4231;7:472:437:29:24:0.3289;7:700:274:259:257:0.9739,4,1:2:581:446:39:32;2:7:700:274:259:257;13:7:326:417:92:58;14:7:472:437:29:24,1,SAFE,inf
137,0,5,2:581:446:39:29:0.7108;7:320:416:93:61:0.7360;7:469:436:29:25:0.3422;7:703:274:256:258:0.9733;7:717:374:562:274:0.1360,4,1:2:581:446:39:29;2:7:703:274:256:258;13:7:320:416:93:61;14:7:469:436:29:25,1,SAFE,inf
138,0,4,2:581:446:39:29:0.7297;7:320:415:87:61:0.6062;7:467:436:30:25:0.3058;7:705:275:254:256:0.9610,4,1:2:581:446:39:29;2:7:705:275:254:256;13:7:320:415:87:61;14:7:467:436:30:25,1,SAFE,inf
139,0,4,2:581:445:40:32:0.7196;7:320:412:81:64:0.5433;7:464:435:33:26:0.4196;7:706:275:253:256:0.9465,4,1:2:581:445:40:32;2:7:706:275:253:256;13:7:320:412:81:64;14:7:464:435:33:26,1,SAFE,inf
140,0,4,2:582:445:39:32:0.7387;7:280:411:114:65:0.3012;7:462:434:34:27:0.4853;7:710:275:249:254:0.9375,4,1:2:582:445:39:32;2:7:710:275:249:254;13:7:280:411:114:65;14:7:462:434:34:27,1,SAFE,inf
141,0,3,2:582:444:39:33:0.7640;7:460:434:33:26:0.2192;7:714:274:245:252:0.8763,3,1:2:582:444:39:33;2:7:714:274:245:252;14:7:460:434:33:26,1,SAFE,inf
142,0,3,2:582:444:40:33:0.7739;7:457:434:34:27:0.3966;7:717:275:242:253:0.8825,3,1:2:582:444:40:33;2:7:717:275:242:253;14:7:457:434:34:27,1,SAFE,inf
143,0,2,2:582:444:41:33:0.8156;7:719:275:240:255:0.9262,2,1:2:582:444:41:33;2:7:719:275:240:255,1,SAFE,inf
144,0,3,2:473:450:14:10:0.3705;2:582:444:41:33:0.7695;7:722:274:237:257:0.9232,3,1:2:582:444:41:33;2:7:722:274:237:257;14:2:473:450:14:10,1,SAFE,11.568
145,0,3,2:583:445:41:32:0.7364;7:450:433:35:29:0.4113;7:726:274:233:257:0.9143,2,1:2:583:445:41:32;2:7:726:274:233:257,1,SAFE,7.634
146,0,4,2:496:450:14:10:0.3784;2:584:446:40:31:0.7358;7:446:433:38:30:0.2101;7:729:275:230:256:0.9055,2,1:2:584:446:40:31;2:7:729:275:230:256,1,SAFE,7.770
147,0,5,2:496:450:12:10:0.3072;2:585:445:39:33:0.7423;7:443:433:38:31:0.3674;7:733:275:226:255:0.8940;7:746:377:533:239:0.2901,2,1:2:585:445:39:33;2:7:733:275:226:255,1,SAFE,6.691
148,0,4,2:585:445:39:33:0.7220;7:441:433:38:31:0.4333;7:737:275:222:255:0.9037;7:748:388:531:191:0.1155,3,1:2:585:445:39:33;2:7:737:275:222:255;18:7:441:433:38:31,1,SAFE,6.115
149,0,3,2:586:445:38:33:0.6780;7:437:433:40:32:0.2873;7:742:275:217:255:0.9136,3,1:2:586:445:38:33;2:7:742:275:217:255;18:7:437:433:40:32,1,SAFE,5.851
150,0,3,2:585:446:40:32:0.7274;7:433:432:43:33:0.2422;7:746:275:213:254:0.9099,3,1:2:585:446:40:32;2:7:746:275:213:254;18:7:433:432:43:33,1,SAFE,6.733
151,0,4,2:586:446:39:33:0.8244;7:429:432:45:33:0.2320;7:751:275:208:255:0.9338;7:756:413:523:184:0.1259,3,1:2:586:446:39:33;2:7:751:275:208:255;18:7:429:432:45:33,1,SAFE,5.780
152,0,4,2:587:447:39:32:0.7749;7:426:432:45:34:0.2438;7:756:276:203:254:0.9384;7:1035:413:244:192:0.1975,3,1:2:587:447:39:32;2:7:756:276:203:254;18:7:426:432:45:34,1,SAFE,11.517
153,0,6,2:484:452:15:11:0.2484;2:503:450:12:10:0.3271;2:586:448:41:30:0.7642;7:422:432:46:33:0.4085;7:761:275:198:255:0.9303;7:1072:412:207:192:0.2711,3,1:2:586:448:41:30;2:7:761:275:198:255;18:7:422:432:46:33,1,SAFE,inf
154,0,6,2:479:450:20:12:0.2790;2:502:450:12:10:0.2825;2:512:449:11:10:0.2218;2:587:446:40:33:0.7716;7:418:430:48:36:0.4746;7:769:274:190:256:0.9403,3,1:2:587:446:40:33;2:7:769:274:190:256;18:7:418:430:48:36,1,SAFE,inf
155,0,4,2:477:452:16:11:0.2023;2:588:447:40:33:0.8076;7:413:431:51:36:0.3478;7:774:274:185:256:0.9463,3,1:2:588:447:40:33;2:7:774:274:185:256;18:7:413:431:51:36,1,SAFE,inf
156,0,4,2:474:443:24:20:0.2290;2:588:447:40:33:0.8280;7:409:430:52:38:0.4900;7:781:274:178:256:0.9423,3,1:2:588:447:40:33;2:7:781:274:178:256;18:7:409:430:52:38,1,SAFE,inf
157,0,4,2:471:445:24:18:0.2113;2:588:447:40:33:0.8378;7:405:429:53:39:0.2612;7:788:275:171:254:0.8910,3,1:2:588:447:40:33;2:7:788:275:171:254;18:7:405:429:53:39,1,SAFE,inf
158,0,4,2:469:452:22:12:0.3097;2:589:447:40:32:0.8573;7:399:428:57:41:0.4722;7:797:5:482:637:0.9256,4,1:2:589:447:40:32;2:7:797:5:482:637;18:7:399:428:57:41;19:2:469:452:22:12,1,SAFE,inf
159,0,4,2:466:452:19:11:0.2294;2:589:446:40:33:0.8754;7:394:427:58:43:0.5737;7:804:4:475:658:0.9387,4,1:2:589:446:40:33;2:7:804:4:475:658;18:7:394:427:58:43;19:2:466:452:19:11,1,SAFE,25.106
160,0,5,2:463:452:19:12:0.2282;2:508:449:15:10:0.2516;2:589:446:40:33:0.8499;7:389:427:61:43:0.5460;7:813:5:466:673:0.9259,4,1:2:589:446:40:33;2:7:813:5:466:673;18:7:389:427:61:43;19:2:463:452:19:12,1,SAFE,22.962
161,0,5,2:460:451:27:13:0.2090;2:489:451:14:10:0.2309;2:507:449:18:10:0.3282;2:590:447:41:32:0.8857;7:825:274:134:256:0.8663,3,1:2:590:447:41:32;2:7:825:274:134:256;19:2:460:451:27:13,1,SAFE,inf
162,0,4,2:456:451:28:13:0.2727;2:590:446:41:33:0.8582;7:378:425:65:45:0.3042;7:837:274:122:256:0.8764,3,1:2:590:446:41:33;18:7:378:425:65:45;19:2:456:451:28:13,1,SAFE,inf
163,0,5,2:452:452:24:12:0.2851;2:503:449:13:10:0.3121;2:590:446:41:33:0.8321;7:370:424:69:45:0.3119;7:850:4:429:636:0.9424,3,1:2:590:446:41:33;18:7:370:424:69:45;19:2:452:452:24:12,1,SAFE,24.700
164,0,5,2:448:451:22:13:0.3254;2:483:450:17:10:0.4333;2:501:447:15:11:0.3762;2:591:445:40:34:0.8467;7:863:6:416:628:0.9350,3,1:2:591:445:40:34;19:2:448:451:22:13;20:7:863:6:416:628,1,SAFE,11.597
165,0,7,2:444:452:19:13:0.4318;2:480:450:17:10:0.3668;2:500:448:14:11:0.3843;2:591:445:41:34:0.8097;7:352:421:79:50:0.4768;7:461:437:25:23:0.3384;7:880:6:399:640:0.9384,5,1:2:591:445:41:34;18:7:352:421:79:50;19:2:444:452:19:13;20:7:880:6:399:640;21:2:500:448:14:11,1,SAFE,9.763
166,0,6,2:341:446:46:25:0.4391;2:439:451:20:14:0.3960;2:476:451:16:10:0.3906;2:499:448:16:11:0.2996;2:591:445:40:34:0.8530;7:898:3:381:640:0.9352,6,1:2:591:445:40:34;18:2:341:446:46:25;19:2:439:451:20:14;20:7:898:3:381:640;21:2:499:448:16:11;22:2:476:451:16:10,1,SAFE,7.221
167,0,6,2:326:445:51:27:0.5511;2:436:452:21:13:0.3616;2:501:449:14:10:0.3898;2:521:449:11:10:0.2035;2:592:445:40:35:0.8636;7:917:7:362:630:0.8682,5,1:2:592:445:40:35;18:2:326:445:51:27;19:2:436:452:21:13;20:7:917:7:362:630;21:2:501:449:14:10,1,SAFE,5.998
168,0,6,2:431:452:22:13:0.3680;2:494:449:12:10:0.2316;2:592:446:41:34:0.8357;7:321:418:98:55:0.5572;7:455:437:27:25:0.2230;7:937:3:342:653:0.8558,5,1:2:592:446:41:34;18:7:321:418:98:55;19:2:431:452:22:13;20:7:937:3:342:653;21:2:494:449:12:10,1,SAFE,9.227
169,0,7,2:295:450:35:25:0.1911;2:427:452:23:14:0.4006;2:492:449:15:11:0.3950;2:505:449:11:11:0.2030;2:593:446:41:34:0.7754;7:320:418:93:58:0.4000;7:967:4:312:660:0.8744,5,1:2:593:446:41:34;18:7:320:418:93:58;19:2:427:452:23:14;20:7:967:4:312:660;21:2:492:449:15:11,1,SAFE,8.456
170,0,9,2:274:454:35:23:0.2132;2:305:448:37:28:0.1994;2:421:451:24:17:0.6335;2:490:449:14:12:0.4579;2:496:449:20:11:0.2978;2:594:446:40:33:0.7572;7:320:417:89:59:0.4034;7:450:438:33:26:0.3746;7:996:4:283:665:0.8235,6,1:2:594:446:40:33;18:7:320:417:89:59;19:2:421:451:24:17;20:7:996:4:283:665;21:2:490:449:14:12;22:7:450:438:33:26,1,SAFE,9.750
171,0,8,2:252:445:77:35:0.3826;2:414:452:26:16:0.6558;2:488:449:16:11:0.5015;2:499:449:17:11:0.2405;2:594:446:40:33:0.7713;7:294:415:112:59:0.1194;7:448:438:33:26:0.3424;7:1032:3:247:670:0.8293,6,1:2:594:446:40:33;18:2:252:445:77:35;19:2:414:452:26:16;20:7:1032:3:247:670;21:2:488:449:16:11;22:7:448:438:33:26,1,SAFE,11.510
172,0,7,2:224:448:59:34:0.3047;2:409:452:28:16:0.6920;2:456:453:25:11:0.2604;2:487:449:15:12:0.5020;2:594:446:41:33:0.7518;2:1076:1:203:679:0.4051;7:446:437:30:27:0.2701,6,1:2:594:446:41:33;18:2:224:448:59:34;19:2:409:452:28:16;20:2:1076:1:203:679;21:2:487:449:15:12;22:7:446:437:30:27,1,SAFE,14.046
173,0,7,2:193:448:80:38:0.4278;2:403:452:28:17:0.6355;2:485:449:15:12:0.6120;2:503:451:12:10:0.2089;2:595:446:40:33:0.7309;7:443:438:34:27:0.4650;7:1128:3:151:652:0.3849,6,1:2:595:446:40:33;18:2:193:448:80:38;19:2:403:452:28:17;20:7:1128:3:151:652;21:2:485:449:15:12;22:7:443:438:34:27,1,SAFE,34.297
174,0,7,2:156:446:102:41:0.4650;2:395:452:31:18:0.6821;2:482:448:17:13:0.5250;2:499:450:14:10:0.2542;2:595:446:40:34:0.7296;7:440:437:33:28:0.6630;7:1205:48:74:589:0.2237,6,1:2:595:446:40:34;18:2:156:446:102:41;19:2:395:452:31:18;20:7:1205:48:74:589;21:2:482:448:17:13;22:7:440:437:33:28,1,SAFE,30.728
175,0,7,2:111:446:116:45:0.7468;2:387:452:33:19:0.7964;2:479:449:17:12:0.4828;2:498:451:16:10:0.2670;2:595:446:41:34:0.7471;7:320:413:59:62:0.3349;7:437:437:35:28:0.5503,5,1:2:595:446:41:34;18:2:111:446:116:45;19:2:387:452:33:19;21:2:479:449:17:12;22:7:437:437:35:28,1,SAFE,30.549
176,0,7,2:58:444:136:53:0.7290;2:379:452:35:20:0.6574;2:478:449:17:13:0.4895;2:492:452:18:10:0.3142;2:596:447:41:33:0.7619;7:223:407:150:76:0.3192;7:433:436:35:30:0.6513,5,1:2:596:447:41:33;18:2:58:444:136:53;19:2:379:452:35:20;21:2:478:449:17:13;22:7:433:436:35:30,1,SAFE,inf
177,0,5,2:7:440:144:62:0.6380;2:369:452:38:21:0.6849;2:476:448:16:15:0.2894;2:596:447:42:33:0.7683;7:431:437:35:29:0.5516,5,1:2:596:447:42:33;18:2:7:440:144:62;19:2:369:452:38:21;21:2:476:448:16:15;22:7:431:437:35:29,1,SAFE,inf
178,0,7,2:0:431:101:81:0.3909;2:359:451:39:22:0.7236;2:472:448:17:15:0.4637;2:488:451:18:11:0.2468;2:508:450:22:10:0.4930;2:597:447:41:34:0.8104;7:427:436:35:30:0.4941,5,1:2:597:447:41:34;18:2:0:431:101:81;19:2:359:451:39:22;21:2:472:448:17:15;22:7:427:436:35:30,1,SAFE,inf
179,0,7,2:0:436:33:72:0.1616;2:347:451:43:22:0.7367;2:470:449:18:13:0.4249;2:504:450:14:10:0.3004;2:507:449:22:11:0.4860;2:597:447:41:33:0.8171;7:423:435:37:31:0.6231,5,1:2:597:447:41:33;18:2:0:436:33:72;19:2:347:451:43:22;21:2:470:449:18:13;22:7:423:435:37:31,1,SAFE,inf
180,0,6,2:335:451:44:22:0.6683;2:468:449:18:14:0.3245;2:510:449:18:10:0.3478;2:597:447:40:32:0.8158;7:125:393:213:96:0.3940;7:419:434:38:32:0.3396,5,1:2:597:447:40:32;19:2:335:451:44:22;21:2:468:449:18:14;22:7:419:434:38:32;23:2:510:449:18:10,1,SAFE,inf
181,0,7,2:322:450:46:24:0.7077;2:428:451:24:15:0.3802;2:464:448:18:14:0.3142;2:501:450:16:10:0.3440;2:505:449:22:11:0.3664;2:597:447:40:32:0.7997;7:90:387:235:103:0.3332,5,1:2:597:447:40:32;19:2:322:450:46:24;21:2:464:448:18:14;22:2:428:451:24:15;23:2:505:449:22:11,1,SAFE,inf
182,0,5,2:320:449:37:27:0.6923;2:462:449:18:13:0.2609;2:510:448:16:11:0.2435;2:598:447:39:32:0.8000;7:411:431:38:35:0.5414,5,1:2:598:447:39:32;19:2:320:449:37:27;21:2:462:449:18:13;22:7:411:431:38:35;23:2:510:448:16:11,1,SAFE,inf
183,0,4,2:320:449:23:27:0.5134;2:499:449:26:10:0.4366;2:598:446:40:33:0.7807;7:406:432:40:34:0.6540,4,1:2:598:446:40:33;19:2:320:449:23:27;22:7:406:432:40:34;23:2:499:449:26:10,1,SAFE,inf
184,0,6,2:266:449:64:29:0.5773;2:455:448:21:15:0.3838;2:499:449:19:10:0.3484;2:509:448:16:11:0.2235;2:598:446:40:34:0.7457;7:401:431:42:35:0.7115,5,1:2:598:446:40:34;19:2:266:449:64:29;21:2:455:448:21:15;22:7:401:431:42:35;23:2:499:449:19:10,1,SAFE,inf
185,0,5,2:246:447:67:33:0.6657;2:452:448:21:15:0.4134;2:599:447:40:33:0.8294;7:396:431:44:36:0.7157;7:475:442:19:19:0.2213,5,1:2:599:447:40:33;19:2:246:447:67:33;21:2:452:448:21:15;22:7:396:431:44:36;23:7:475:442:19:19,1,SAFE,inf
186,0,8,2:218:447:76:35:0.2956;2:448:447:21:16:0.4502;2:503:449:13:10:0.2444;2:511:449:12:10:0.2463;2:592:450:9:11:0.2635;2:599:446:40:33:0.8173;7:392:430:40:37:0.6498;7:474:441:19:19:0.2122,5,1:2:599:446:40:33;19:2:218:447:76:35;21:2:448:447:21:16;22:7:392:430:40:37;23:7:474:441:19:19,1,SAFE,inf
187,0,7,2:185:449:87:35:0.4372;2:444:448:24:16:0.4888;2:474:451:17:11:0.2013;2:492:449:15:10:0.3742;2:592:451:8:10:0.2248;2:599:447:41:33:0.8041;7:384:429:49:39:0.6505,5,1:2:599:447:41:33;19:2:185:449:87:35;21:2:444:448:24:16;22:7:384:429:49:39;23:2:492:449:15:10,1,SAFE,inf
188,0,7,2:154:449:91:37:0.3277;2:440:447:25:18:0.5717;2:492:449:18:11:0.2462;2:510:448:12:11:0.3178;2:591:452:9:10:0.2099;2:599:447:41:33:0.8019;7:380:428:50:41:0.5944,5,1:2:599:447:41:33;19:2:154:449:91:37;21:2:440:447:25:18;22:7:380:428:50:41;23:2:510:448:12:11,1,SAFE,inf
189,0,7,2:127:447:91:40:0.3933;2:436:446:25:18:0.5553;2:491:449:18:10:0.2932;2:509:448:12:11:0.3312;2:590:451:10:11:0.2308;2:599:446:41:34:0.7832;7:375:427:51:41:0.5594,5,1:2:599:446:41:34;19:2:127:447:91:40;21:2:436:446:25:18;22:7:375:427:51:41;23:2:509:448:12:11,1,SAFE,inf
190,0,8,2:53:447:131:46:0.3297;2:431:446:27:19:0.5804;2:465:450:18:12:0.2368;2:486:450:13:10:0.2455;2:494:449:15:10:0.2103;2:507:448:14:10:0.3722;2:600:447:40:32:0.7995;7:367:427:54:43:0.7392,5,1:2:600:447:40:32;19:2:53:447:131:46;21:2:431:446:27:19;22:7:367:427:54:43;23:2:507:448:14:10,1,SAFE,inf
191,0,6,2:0:445:140:53:0.3023;2:427:446:26:19:0.6780;2:507:448:12:10:0.2941;2:600:447:41:32:0.8104;7:357:426:60:44:0.7040;7:462:441:22:21:0.2150,5,1:2:600:447:41:32;19:2:0:445:140:53;21:2:427:446:26:19;22:7:357:426:60:44;23:2:507:448:12:10,1,SAFE,inf
192,0,8,2:1:444:85:55:0.1514;2:346:448:44:24:0.7956;2:422:445:26:20:0.6329;2:483:450:13:10:0.2590;2:502:448:16:11:0.3164;2:600:447:40:33:0.8030;7:350:425:62:43:0.5503;7:460:441:23:21:0.3128,5,1:2:600:447:40:33;19:2:1:444:85:55;21:2:422:445:26:20;22:7:350:425:62:43;23:2:502:448:16:11,1,SAFE,inf
193,0,5,2:416:446:28:20:0.5849;2:457:450:25:13:0.3360;2:503:448:14:11:0.2968;2:600:447:40:33:0.7656;7:335:425:72:48:0.7758,4,1:2:600:447:40:33;21:2:416:446:28:20;22:7:335:425:72:48;23:2:503:448:14:11,1,SAFE,43.559
194,0,6,2:410:446:30:21:0.4527;2:453:450:25:13:0.2657;2:478:451:14:11:0.2176;2:494:448:22:11:0.2332;2:599:447:42:33:0.7988;7:324:424:79:49:0.7749,5,1:2:599:447:42:33;21:2:410:446:30:21;22:7:324:424:79:49;23:2:494:448:22:11;24:2:453:450:25:13,1,SAFE,30.271
195,0,7,2:404:445:32:22:0.6994;2:449:448:26:15:0.3096;2:476:450:12:10:0.2359;2:488:448:14:11:0.2430;2:502:448:12:10:0.3297;2:599:446:42:34:0.6913;7:322:422:75:50:0.7325,5,1:2:599:446:42:34;21:2:404:445:32:22;22:7:322:422:75:50;23:2:502:448:12:10;24:2:449:448:26:15,1,SAFE,25.555
196,0,6,2:397:444:29:23:0.5730;2:445:452:20:12:0.5045;2:475:450:14:10:0.2837;2:501:448:12:11:0.2739;2:599:447:42:33:0.7524;7:321:421:69:51:0.8316,5,1:2:599:447:42:33;21:2:397:444:29:23;22:7:321:421:69:51;23:2:501:448:12:11;24:2:445:452:20:12,1,SAFE,inf
197,0,8,2:275:454:26:21:0.1398;2:390:444:36:23:0.5112;2:442:451:20:13:0.3150;2:474:450:15:10:0.3550;2:487:448:13:11:0.2108;2:500:448:12:10:0.2761;2:599:446:42:34:0.7444;7:320:420:64:53:0.7154,5,1:2:599:446:42:34;21:2:390:444:36:23;22:7:320:420:64:53;23:2:500:448:12:10;24:2:442:451:20:13,1,SAFE,inf
198,0,9,2:254:453:35:23:0.2420;2:382:444:37:24:0.6349;2:438:451:19:13:0.5143;2:469:450:14:10:0.2357;2:484:449:14:10:0.2810;2:587:452:10:10:0.3256;2:599:447:41:33:0.7444;7:320:419:57:52:0.7961;7:449:438:20:23:0.2761,4,1:2:599:447:41:33;21:2:382:444:37:24;22:7:320:419:57:52;24:2:438:451:19:13,1,SAFE,inf
199,0,9,2:232:453:40:26:0.1586;2:241:449:62:29:0.1405;2:374:444:39:25:0.6015;2:433:451:21:14:0.5023;2:478:449:18:11:0.2437;2:497:448:13:10:0.2772;2:599:447:41:33:0.7654;7:320:418:50:53:0.7036;7:447:439:22:22:0.2220,5,1:2:599:447:41:33;21:2:374:444:39:25;22:7:320:418:50:53;24:2:433:451:21:14;25:2:497:448:13:10,1,SAFE,38.673
200,0,9,2:205:449:78:33:0.3664;2:364:443:45:27:0.6121;2:429:452:21:13:0.5364;2:465:450:15:11:0.2417;2:479:448:16:12:0.2583;2:495:448:13:11:0.3620;2:598:447:43:33:0.7969;7:320:417:42:55:0.6716;7:444:439:22:22:0.5039,6,1:2:598:447:43:33;21:2:364:443:45:27;22:7:320:417:42:55;23:2:479:448:16:12;24:2:429:452:21:13;25:2:495:448:13:11,1,SAFE,43.746
201,0,10,2:171:455:34:28:0.1037;2:354:443:48:28:0.6338;2:425:451:21:14:0.5568;2:462:451:16:11:0.3502;2:477:449:15:11:0.3184;2:493:448:14:11:0.5070;2:598:446:42:34:0.7819;7:260:421:46:52:0.1322;7:320:417:34:56:0.6456;7:441:438:23:23:0.5669,6,1:2:598:446:42:34;21:2:354:443:48:28;22:7:320:417:34:56;23:2:477:449:15:11;24:2:425:451:21:14;25:2:493:448:14:11,1,SAFE,23.681
202,0,9,2:137:444:99:42:0.4891;2:344:441:49:30:0.6553;2:419:450:21:14:0.3756;2:460:450:16:11:0.3803;2:475:448:17:11:0.3451;2:492:447:14:11:0.5535;2:598:446:42:34:0.7691;7:243:413:105:62:0.8356;7:438:438:22:24:0.4100,6,1:2:598:446:42:34;21:2:344:441:49:30;23:2:475:448:17:11;24:2:419:450:21:14;25:2:492:447:14:11;26:7:438:438:22:24,1,SAFE,17.123
203,0,9,2:92:443:117:45:0.6497;2:332:440:52:31:0.6329;2:413:450:24:15:0.4451;2:458:450:14:10:0.3333;2:474:448:15:11:0.2342;2:490:447:14:12:0.3513;2:598:446:42:34:0.7673;7:227:410:109:66:0.8379;7:434:438:24:24:0.4429,8,1:2:598:446:42:34;21:2:332:440:52:31;23:2:474:448:15:11;24:2:413:450:24:15;25:2:490:447:14:12;26:7:434:438:24:24;27:2:458:450:14:10;28:7:227:410:109:66,1,SAFE,14.010
204,0,8,2:37:443:139:49:0.6176;2:321:440:53:32:0.6390;2:408:450:24:15:0.5867;2:454:451:14:10:0.2738;2:489:447:14:12:0.4865;2:598:446:42:34:0.7820;7:208:408:119:69:0.7128;7:431:437:24:25:0.4818,8,1:2:598:446:42:34;21:2:321:440:53:32;24:2:408:450:24:15;25:2:489:447:14:12;26:7:431:437:24:25;27:2:454:451:14:10;28:7:208:408:119:69;29:2:37:443:139:49,1,SAFE,9.370
205,0,10,2:1:441:134:55:0.6299;2:401:449:25:17:0.3526;2:451:451:15:10:0.3000;2:468:448:16:11:0.2234;2:486:447:15:12:0.5533;2:586:451:10:10:0.2209;2:598:446:42:34:0.7889;7:187:407:129:71:0.5646;7:320:439:44:33:0.5710;7:428:437:23:25:0.5644,8,1:2:598:446:42:34;21:7:320:439:44:33;24:2:401:449:25:17;25:2:486:447:15:12;26:7:428:437:23:25;27:2:451:451:15:10;28:7:187:407:129:71;29:2:1:441:134:55,1,SAFE,11.092
206,0,8,2:0:417:85:82:0.2724;2:394:450:26:17:0.4446;2:469:448:13:12:0.2638;2:485:447:15:11:0.5415;2:598:446:41:34:0.7695;7:163:402:139:78:0.6010;7:320:438:32:35:0.6156;7:424:436:26:26:0.5994,8,1:2:598:446:41:34;21:7:320:438:32:35;24:2:394:450:26:17;25:2:485:447:15:11;26:7:424:436:26:26;27:2:469:448:13:12;28:7:163:402:139:78;29:2:0:417:85:82,1,SAFE,14.903
207,0,7,2:386:450:28:17:0.5016;2:446:451:13:10:0.2961;2:484:447:14:12:0.5579;2:598:446:41:34:0.7224;7:138:401:151:80:0.6372;7:320:437:19:33:0.5830;7:420:434:27:28:0.3315,7,1:2:598:446:41:34;21:7:320:437:19:33;23:2:446:451:13:10;24:2:386:450:28:17;25:2:484:447:14:12;26:7:420:434:27:28;28:7:138:401:151:80,1,SAFE,15.648
208,0,7,2:380:447:34:20:0.4022;2:460:447:17:13:0.2596;2:482:447:14:11:0.3300;2:598:446:41:34:0.7872;7:109:398:165:86:0.4274;7:245:436:80:40:0.1593;7:417:433:27:29:0.2489,7,1:2:598:446:41:34;21:7:245:436:80:40;23:2:460:447:17:13;24:2:380:447:34:20;25:2:482:447:14:11;26:7:417:433:27:29;28:7:109:398:165:86,1,SAFE,17.386
209,0,4,2:369:449:36:19:0.3996;2:480:446:15:13:0.3248;2:597:446:41:34:0.7790;7:77:394:229:92:0.4441,4,1:2:597:446:41:34;24:2:369:449:36:19;25:2:480:446:15:13;28:7:77:394:229:92,1,SAFE,20.864
210,0,8,2:193:432:97:47:0.7248;2:361:448:38:21:0.4216;2:455:448:18:12:0.3047;2:477:446:16:12:0.4013;2:584:451:10:10:0.2127;2:596:446:42:33:0.7727;7:39:389:203:99:0.7630;7:409:433:39:30:0.4144,7,1:2:596:446:42:33;21:2:193:432:97:47;23:2:455:448:18:12;24:2:361:448:38:21;25:2:477:446:16:12;26:7:409:433:39:30;28:7:39:389:203:99,1,SAFE,26.080
211,0,7,2:159:432:110:52:0.6310;2:351:448:40:22:0.6125;2:451:447:18:14:0.2950;2:476:445:16:14:0.4406;2:596:446:42:33:0.7902;7:0:385:221:104:0.7662;7:404:432:44:32:0.5045,7,1:2:596:446:42:33;21:2:159:432:110:52;23:2:451:447:18:14;24:2:351:448:40:22;25:2:476:445:16:14;26:7:404:432:44:32;28:7:0:385:221:104,1,SAFE,inf
212,0,7,2:118:431:127:53:0.5540;2:341:448:42:22:0.6599;2:596:446:41:33:0.7789;7:1:380:196:112:0.6452;7:400:432:46:33:0.6143;7:447:446:20:15:0.2882;7:474:445:15:14:0.3363,7,1:2:596:446:41:33;21:2:118:431:127:53;23:7:447:446:20:15;24:2:341:448:42:22;25:7:474:445:15:14;26:7:400:432:46:33;28:7:1:380:196:112,1,SAFE,inf
213,0,7,2:69:428:148:59:0.6975;2:329:447:46:24:0.6349;2:595:446:41:33:0.7736;7:0:372:171:120:0.4145;7:395:432:47:32:0.5011;7:443:445:21:16:0.2685;7:471:444:16:15:0.3271,7,1:2:595:446:41:33;21:2:69:428:148:59;23:7:443:445:21:16;24:2:329:447:46:24;25:7:471:444:16:15;26:7:395:432:47:32;28:7:0:372:171:120,1,SAFE,inf
214,0,6,2:9:426:174:67:0.5160;2:321:448:43:23:0.7274;2:439:446:21:15:0.3733;2:469:445:15:14:0.3542;2:594:446:41:33:0.7309;7:390:431:49:35:0.5971,6,1:2:594:446:41:33;21:2:9:426:174:67;23:2:439:446:21:15;24:2:321:448:43:23;25:2:469:445:15:14;26:7:390:431:49:35,1,SAFE,inf
215,0,6,2:320:447:33:25:0.4887;2:435:446:23:15:0.2938;2:593:446:42:33:0.7450;7:0:424:144:71:0.3376;7:385:430:48:36:0.5795;7:466:444:17:15:0.2533,6,1:2:593:446:42:33;21:7:0:424:144:71;23:2:435:446:23:15;24:2:320:447:33:25;25:7:466:444:17:15;26:7:385:430:48:36,1,SAFE,inf
216,0,5,2:286:446:54:26:0.6733;2:431:446:22:16:0.3975;2:592:446:42:34:0.7502;7:379:430:51:36:0.6386;7:464:444:16:15:0.4005,5,1:2:592:446:42:34;23:2:431:446:22:16;24:2:286:446:54:26;25:7:464:444:16:15;26:7:379:430:51:36,1,SAFE,inf
217,0,5,2:268:446:59:27:0.6992;2:592:446:42:34:0.7535;7:373:429:54:37:0.6176;7:427:445:24:17:0.4205;7:462:445:16:14:0.3682,5,1:2:592:446:42:34;23:7:427:445:24:17;24:2:268:446:59:27;25:7:462:445:16:14;26:7:373:429:54:37,1,SAFE,inf
218,0,6,2:249:446:64:28:0.6800;2:389:448:31:17:0.3916;2:458:444:17:15:0.4244;2:591:446:43:34:0.8223;7:367:429:31:37:0.5805;7:422:445:25:16:0.3625,5,1:2:591:446:43:34;23:7:422:445:25:16;24:2:249:446:64:28;25:2:458:444:17:15;26:7:367:429:31:37,1,SAFE,inf
219,0,5,2:225:446:71:31:0.6113;2:591:445:42:35:0.8601;7:361:428:57:38:0.6049;7:418:444:26:18:0.3257;7:456:443:18:16:0.4131,5,1:2:591:445:42:35;23:7:418:444:26:18;24:2:225:446:71:31;25:7:456:443:18:16;26:7:361:428:57:38,1,SAFE,inf
220,0,5,2:201:448:75:31:0.4326;2:591:445:41:34:0.8108;7:354:428:61:39:0.5453;7:414:445:24:16:0.4567;7:453:443:18:16:0.3531,5,1:2:591:445:41:34;23:7:414:445:24:16;24:2:201:448:75:31;25:7:453:443:18:16;26:7:354:428:61:39,1,SAFE,35.458
221,0,5,2:172:447:83:35:0.6687;2:366:448:33:18:0.4179;2:591:445:40:33:0.7994;7:409:444:26:19:0.3610;7:450:443:19:16:0.3368,5,1:2:591:445:40:33;23:7:409:444:26:19;24:2:172:447:83:35;25:7:450:443:19:16;26:2:366:448:33:18,1,SAFE,45.653
222,0,5,2:136:446:96:39:0.6939;2:356:448:35:19:0.5397;2:590:446:41:33:0.7895;7:404:444:26:19:0.2801;7:447:443:20:16:0.3551,5,1:2:590:446:41:33;23:7:404:444:26:19;24:2:136:446:96:39;25:7:447:443:20:16;26:2:356:448:35:19,1,SAFE,inf
223,0,5,2:92:446:113:43:0.6556;2:348:447:37:20:0.4176;2:588:446:42:33:0.7792;7:397:444:27:19:0.3237;7:443:443:21:17:0.4084,5,1:2:588:446:42:33;23:7:397:444:27:19;24:2:92:446:113:43;25:7:443:443:21:17;26:2:348:447:37:20,1,SAFE,inf
224,0,5,2:42:446:134:45:0.4148;2:335:448:40:21:0.7578;2:587:446:43:33:0.7762;7:390:445:31:19:0.2422;7:440:444:21:18:0.4826,5,1:2:587:446:43:33;23:7:390:445:31:19;24:2:42:446:134:45;25:7:440:444:21:18;26:2:335:448:40:21,1,SAFE,45.081
225,0,5,2:2:446:135:50:0.6807;2:325:449:42:20:0.4657;2:585:446:44:34:0.7840;7:384:445:32:19:0.2889;7:437:444:20:16:0.4501,5,1:2:585:446:44:34;23:7:384:445:32:19;24:2:2:446:135:50;25:7:437:444:20:16;26:2:325:449:42:20,1,SAFE,39.262
226,0,5,2:2:446:88:50:0.4986;2:320:450:37:21:0.3219;2:374:447:35:19:0.1317;2:585:446:42:34:0.7890;7:433:444:21:18:0.5098,5,1:2:585:446:42:34;23:2:374:447:35:19;24:2:2:446:88:50;25:7:433:444:21:18;26:2:320:450:37:21,1,SAFE,39.120
227,0,3,2:584:446:42:34:0.7745;7:294:423:83:47:0.1416;7:429:443:23:18:0.4521,3,1:2:584:446:42:34;25:7:429:443:23:18;26:7:294:423:83:47,1,SAFE,44.524
228,0,4,2:320:449:13:21:0.3708;2:359:446:38:21:0.1027;2:583:446:43:34:0.7532;7:425:443:24:19:0.5284,4,1:2:583:446:43:34;23:2:320:449:13:21;25:7:425:443:24:19;26:2:359:446:38:21,1,SAFE,inf
229,0,4,2:266:448:55:24:0.1646;2:583:446:42:34:0.7687;7:351:444:37:23:0.2013;7:421:443:24:19:0.4853,4,1:2:583:446:42:34;23:2:266:448:55:24;25:7:421:443:24:19;26:7:351:444:37:23,1,SAFE,inf
230,0,3,2:582:446:42:33:0.8279;7:245:417:62:56:0.2670;7:416:442:25:20:0.5134,3,1:2:582:446:42:33;23:7:245:417:62:56;25:7:416:442:25:20,1,SAFE,inf
231,0,4,2:225:448:66:26:0.1592;2:582:445:41:34:0.8463;7:331:442:44:27:0.2538;7:411:442:27:20:0.5218,4,1:2:582:445:41:34;23:2:225:448:66:26;25:7:411:442:27:20;26:7:331:442:44:27,1,SAFE,inf
232,0,4,2:203:448:70:28:0.3806;2:580:445:42:35:0.8683;7:321:442:47:27:0.3729;7:406:441:25:21:0.5989,4,1:2:580:445:42:35;23:2:203:448:70:28;25:7:406:441:25:21;26:7:321:442:47:27,1,SAFE,inf
233,0,4,2:171:450:78:28:0.3329;2:579:446:42:34:0.8307;7:320:442:38:27:0.3717;7:401:442:24:21:0.6192,4,1:2:579:446:42:34;23:2:171:450:78:28;25:7:401:442:24:21;26:7:320:442:38:27,1,SAFE,34.661
234,0,5,0:1024:484:11:31:0.2108;2:140:448:92:34:0.5987;2:578:446:41:33:0.8293;7:320:441:28:29:0.4239;7:395:441:27:21:0.7218,4,1:2:578:446:41:33;23:2:140:448:92:34;25:7:395:441:27:21;26:7:320:441:28:29,1,SAFE,24.345
235,0,5,0:1064:488:12:28:0.1497;2:104:448:100:35:0.6178;2:577:446:41:33:0.8575;7:320:440:18:29:0.3027;7:390:440:25:22:0.6641,4,1:2:577:446:41:33;23:2:104:448:100:35;25:7:390:440:25:22;26:7:320:440:18:29,1,SAFE,28.754
236,0,5,2:57:447:120:41:0.6764;2:288:444:39:26:0.2208;2:575:446:43:34:0.8476;7:155:408:150:70:0.1953;7:383:441:26:23:0.5474,4,1:2:575:446:43:34;23:2:57:447:120:41;25:7:383:441:26:23;26:2:288:444:39:26,1,SAFE,35.112
237,0,5,0:1173:494:14:41:0.2955;2:10:448:130:42:0.5629;2:574:446:43:34:0.8630;7:130:408:166:75:0.3343;7:377:441:27:23:0.6426,3,1:2:574:446:43:34;23:2:10:448:130:42;25:7:377:441:27:23,1,SAFE,inf
238,0,5,0:1246:502:20:44:0.2450;2:0:449:97:44:0.5816;2:574:446:42:34:0.8298;7:100:406:180:78:0.5404;7:370:441:29:24:0.5753,3,1:2:574:446:42:34;23:2:0:449:97:44;25:7:370:441:29:24,1,SAFE,inf
239,0,4,2:0:449:50:48:0.5580;2:573:446:42:34:0.8517;7:205:441:79:37:0.1039;7:362:441:29:24:0.6894,3,1:2:573:446:42:34;23:2:0:449:50:48;25:7:362:441:29:24,1,SAFE,inf
240,0,3,2:572:446:43:34:0.8450;7:37:401:214:88:0.2759;7:355:440:32:26:0.5114,2,1:2:572:446:43:34;25:7:355:440:32:26,1,SAFE,inf
241,0,4,2:75:455:56:32:0.1564;2:143:450:64:32:0.1051;2:571:446:42:34:0.8168;7:346:440:30:26:0.5135,2,1:2:571:446:42:34;25:7:346:440:30:26,1,SAFE,inf
242,0,5,2:39:454:67:35:0.2151;2:108:434:73:49:0.1843;2:148:438:75:43:0.3708;2:570:445:42:34:0.7186;7:337:439:33:28:0.5567,3,1:2:570:445:42:34;25:7:337:439:33:28;26:2:148:438:75:43,1,SAFE,inf
243,0,4,2:27:458:42:33:0.2074;2:71:434:77:51:0.1558;2:569:446:41:33:0.7503;7:330:437:48:34:0.4683,3,1:2:569:446:41:33;25:7:330:437:48:34;26:2:71:434:77:51,1,SAFE,inf
244,0,6,2:0:460:22:30:0.2925;2:18:436:89:53:0.1924;2:343:447:29:24:0.1439;2:436:452:16:10:0.4653;2:567:446:43:34:0.8070;7:321:435:48:34:0.5234,3,1:2:567:446:43:34;25:7:321:435:48:34;26:2:18:436:89:53,1,SAFE,inf
245,0,5,2:321:451:40:19:0.1454;2:432:450:18:11:0.4464;2:566:445:42:34:0.7947;7:0:400:146:96:0.2207;7:307:435:48:34:0.4210,3,1:2:566:445:42:34;25:7:307:435:48:34;26:7:0:400:146:96,1,SAFE,inf
246,0,3,2:428:451:17:10:0.4400;2:566:446:42:32:0.8346;7:320:433:31:36:0.5098,3,1:2:566:446:42:32;25:7:320:433:31:36;30:2:428:451:17:10,1,SAFE,inf
247,0,3,2:424:451:19:10:0.4965;2:565:445:41:32:0.8788;7:281:433:62:37:0.4578,3,1:2:565:445:41:32;25:7:281:433:62:37;30:2:424:451:19:10,1,SAFE,inf
248,0,4,2:420:451:19:11:0.4227;2:564:445:41:33:0.7794;7:268:433:43:37:0.3271;7:290:433:42:39:0.1396,3,1:2:564:445:41:33;25:7:268:433:43:37;30:2:420:451:19:11,1,SAFE,inf
249,0,3,2:416:450:19:11:0.4603;2:562:445:42:33:0.7847;7:252:431:62:40:0.2662,3,1:2:562:445:42:33;25:7:252:431:62:40;30:2:416:450:19:11,1,SAFE,inf
250,0,4,2:411:449:21:11:0.5419;2:561:444:42:34:0.8400;7:235:432:47:39:0.4377;7:255:429:55:43:0.3335,3,1:2:561:444:42:34;25:7:255:429:55:43;30:2:411:449:21:11,1,SAFE,inf
251,0,3,2:407:450:22:12:0.4428;2:559:444:43:35:0.8293;7:214:428:82:46:0.3850,2,1:2:559:444:43:35;30:2:407:450:22:12,1,SAFE,inf
252,0,3,2:401:450:23:12:0.2682;2:558:444:44:35:0.8566;7:194:427:87:51:0.4437,3,1:2:558:444:44:35;30:2:401:450:23:12;31:7:194:427:87:51,1,SAFE,inf
253,0,4,2:397:450:22:12:0.4002;2:558:445:42:34:0.8467;7:172:430:59:45:0.3921;7:197:426:68:52:0.3215,4,1:2:558:445:42:34;25:7:172:430:59:45;30:2:397:450:22:12;31:7:197:426:68:52,1,SAFE,47.059
254,0,3,2:391:451:23:12:0.3113;2:557:445:42:34:0.8631;7:143:425:107:58:0.5210,3,1:2:557:445:42:34;30:2:391:451:23:12;31:7:143:425:107:58,1,SAFE,26.590
255,0,3,2:384:451:25:12:0.2467;2:555:445:43:35:0.8327;7:111:425:118:59:0.4258,3,1:2:555:445:43:35;30:2:384:451:25:12;31:7:111:425:118:59,1,SAFE,13.212
256,0,3,2:379:450:24:13:0.2673;2:554:446:43:34:0.8192;7:76:421:132:67:0.4037,3,1:2:554:446:43:34;30:2:379:450:24:13;31:7:76:421:132:67,1,SAFE,11.243
257,0,3,2:374:451:26:14:0.3154;2:553:446:43:34:0.7778;7:33:419:149:69:0.3735,3,1:2:553:446:43:34;30:2:374:451:26:14;31:7:33:419:149:69,1,SAFE,9.785
258,0,3,2:365:451:30:17:0.3433;2:552:446:43:34:0.7747;7:1:418:152:74:0.3487,3,1:2:552:446:43:34;30:2:365:451:30:17;31:7:1:418:152:74,1,SAFE,11.125
259,0,3,2:357:451:31:16:0.3332;2:551:446:43:35:0.8195;7:0:414:120:81:0.2770,3,1:2:551:446:43:35;30:2:357:451:31:16;31:7:0:414:120:81,1,SAFE,8.219
260,0,2,2:350:451:31:17:0.3356;2:550:446:43:34:0.7535,2,1:2:550:446:43:34;30:2:350:451:31:17,1,SAFE,7.774
261,0,2,2:340:451:32:16:0.3725;2:549:445:42:35:0.7701,2,1:2:549:445:42:35;30:2:340:451:32:16,1,SAFE,9.488
262,0,2,2:332:452:34:15:0.4408;2:548:446:43:34:0.8863,2,1:2:548:446:43:34;30:2:332:452:34:15,1,SAFE,19.667
263,0,2,2:320:452:40:20:0.5337;2:546:446:44:34:0.8276,2,1:2:546:446:44:34;30:2:320:452:40:20,1,SAFE,inf
264,0,2,2:311:451:41:18:0.5768;2:545:446:44:34:0.8189,2,1:2:545:446:44:34;30:2:311:451:41:18,1,SAFE,inf
265,0,3,2:301:452:39:18:0.3760;2:545:446:43:34:0.7804;7:320:450:23:18:0.2392,2,1:2:545:446:43:34;30:2:301:452:39:18,1,SAFE,inf
266,0,2,2:320:451:14:19:0.2362;2:543:446:44:34:0.8112,2,1:2:543:446:44:34;30:2:320:451:14:19,1,SAFE,inf
267,0,2,2:271:451:51:21:0.4977;2:542:446:44:34:0.7980,1,1:2:542:446:44:34,1,SAFE,inf
268,0,2,2:257:451:54:22:0.5035;2:542:446:43:34:0.7923,1,1:2:542:446:43:34,1,SAFE,inf
269,0,2,2:240:450:57:24:0.5573;2:541:445:43:35:0.8536,2,1:2:541:445:43:35;32:2:240:450:57:24,1,SAFE,inf
270,0,2,2:221:451:63:25:0.4516;2:540:445:43:35:0.8717,2,1:2:540:445:43:35;32:2:221:451:63:25,1,SAFE,46.043
271,0,2,2:202:450:67:26:0.4334;2:538:445:44:35:0.8388,2,1:2:538:445:44:35;32:2:202:450:67:26,1,SAFE,32.230
272,0,2,2:177:447:73:31:0.5478;2:538:445:44:35:0.8903,2,1:2:538:445:44:35;32:2:177:447:73:31,1,SAFE,26.858
273,0,3,2:148:448:81:30:0.3373;2:418:451:16:10:0.2083;2:537:445:44:34:0.8700,2,1:2:537:445:44:34;32:2:148:448:81:30,1,SAFE,inf
274,0,2,2:117:449:91:29:0.3059;2:536:444:44:35:0.8722,2,1:2:536:444:44:35;32:2:117:449:91:29,1,SAFE,21.487
275,0,4,2:80:453:85:26:0.1226;2:116:450:70:30:0.2270;2:410:450:18:10:0.2863;2:535:444:44:36:0.8565,2,1:2:535:444:44:36;32:2:116:450:70:30,1,SAFE,14.134
276,0,3,2:61:447:92:34:0.1596;2:407:450:17:10:0.4251;2:535:444:44:35:0.8418,2,1:2:535:444:44:35;32:2:61:447:92:34,1,SAFE,10.804
277,0,3,2:13:446:105:36:0.2300;2:402:450:19:11:0.2882;2:534:443:44:35:0.8510,2,1:2:534:443:44:35;32:2:13:446:105:36,1,SAFE,11.168
278,0,3,2:0:446:79:37:0.4457;2:398:450:20:11:0.5368;2:534:444:43:34:0.8277,3,1:2:534:444:43:34;32:2:0:446:79:37;33:2:398:450:20:11,1,SAFE,16.206
279,0,3,2:0:446:31:37:0.1404;2:394:450:21:12:0.3967;2:533:443:44:36:0.8057,3,1:2:533:443:44:36;32:2:0:446:31:37;33:2:394:450:21:12,1,SAFE,13.039
280,0,2,2:390:450:21:12:0.2915;2:532:444:44:34:0.8152,2,1:2:532:444:44:34;33:2:390:450:21:12,1,SAFE,23.398
281,0,2,2:531:444:44:34:0.7717;7:384:450:21:12:0.3116,2,1:2:531:444:44:34;33:7:384:450:21:12,1,SAFE,inf
282,0,2,2:379:450:20:12:0.2381;2:530:443:45:35:0.7514,2,1:2:530:443:45:35;33:2:379:450:20:12,1,SAFE,inf
283,0,2,2:373:449:25:13:0.2444;2:530:444:44:33:0.7638,2,1:2:530:444:44:33;33:2:373:449:25:13,1,SAFE,inf
284,0,2,2:365:449:26:13:0.3284;2:530:443:43:34:0.7689,2,1:2:530:443:43:34;33:2:365:449:26:13,1,SAFE,inf
285,0,2,2:358:449:27:14:0.4245;2:529:442:44:35:0.7670,2,1:2:529:442:44:35;33:2:358:449:27:14,1,SAFE,inf
286,0,2,2:352:449:28:14:0.2110;2:528:442:44:35:0.8251,2,1:2:528:442:44:35;33:2:352:449:28:14,1,SAFE,inf
287,0,2,2:344:448:30:15:0.2943;2:528:442:44:34:0.7968,2,1:2:528:442:44:34;33:2:344:448:30:15,1,SAFE,inf
288,0,2,2:336:448:30:17:0.2151;2:527:443:45:34:0.8298,2,1:2:527:443:45:34;33:2:336:448:30:17,1,SAFE,inf
289,0,2,2:327:448:31:18:0.2939;2:526:443:45:34:0.8439,2,1:2:526:443:45:34;33:2:327:448:31:18,1,SAFE,inf
290,0,2,2:317:449:35:18:0.3424;2:526:443:44:35:0.8403,2,1:2:526:443:44:35;33:2:317:449:35:18,1,SAFE,inf
291,0,2,2:307:448:35:19:0.2602;2:525:443:45:35:0.8301,2,1:2:525:443:45:35;33:2:307:448:35:19,1,SAFE,inf
292,0,2,2:525:443:44:35:0.8316;7:320:447:13:19:0.2939,2,1:2:525:443:44:35;33:7:320:447:13:19,1,SAFE,inf
293,0,2,2:282:448:41:20:0.3489;2:525:443:44:35:0.8374,2,1:2:525:443:44:35;33:2:282:448:41:20,1,SAFE,inf
294,0,4,2:268:448:43:20:0.3375;2:398:450:20:10:0.2460;2:407:449:27:10:0.2785;2:524:443:45:35:0.7963,2,1:2:524:443:45:35;33:2:268:448:43:20,1,SAFE,15.261
295,0,4,2:252:447:46:24:0.3403;2:396:450:18:10:0.3747;2:413:449:16:10:0.4134;2:524:444:45:34:0.7933,2,1:2:524:444:45:34;33:2:252:447:46:24,1,SAFE,22.779
296,0,3,2:235:446:51:25:0.3235;2:409:449:18:10:0.3348;2:524:443:44:35:0.7859,2,1:2:524:443:44:35;33:2:235:446:51:25,1,SAFE,22.731
297,0,3,2:216:446:55:25:0.2728;2:392:449:31:10:0.4289;2:524:443:44:36:0.7991,3,1:2:524:443:44:36;33:2:216:446:55:25;34:2:392:449:31:10,1,SAFE,11.506
298,0,3,2:194:447:62:25:0.4581;2:399:449:21:11:0.3634;2:523:443:44:36:0.7931,3,1:2:523:443:44:36;33:2:194:447:62:25;34:2:399:449:21:11,1,SAFE,13.084
299,0,4,2:172:448:64:24:0.3448;2:381:450:35:10:0.3957;2:439:448:16:10:0.3389;2:523:443:44:36:0.7510,3,1:2:523:443:44:36;33:2:172:448:64:24;34:2:381:450:35:10,1,SAFE,12.166
300,0,4,2:145:450:69:25:0.3017;2:376:449:37:13:0.4224;2:522:444:45:35:0.7712;7:436:448:17:11:0.2272,3,1:2:522:444:45:35;33:2:145:450:69:25;34:2:376:449:37:13,1,SAFE,11.687
301,0,4,2:113:447:79:32:0.2753;2:372:450:35:11:0.5482;2:432:448:19:11:0.4452;2:521:444:46:35:0.7613,3,1:2:521:444:46:35;33:2:113:447:79:32;34:2:372:450:35:11,1,SAFE,11.245
302,0,4,2:77:447:85:33:0.2370;2:366:450:37:12:0.4730;2:430:448:19:12:0.3921;2:521:444:45:36:0.7085,4,1:2:521:444:45:36;33:2:77:447:85:33;34:2:366:450:37:12;35:2:430:448:19:12,1,SAFE,11.289
303,0,4,2:31:446:101:37:0.3716;2:361:449:37:14:0.4433;2:428:448:17:11:0.3660;2:521:444:45:35:0.6773,4,1:2:521:444:45:35;33:2:31:446:101:37;34:2:361:449:37:14;35:2:428:448:17:11,1,SAFE,16.392
304,0,3,2:357:450:36:13:0.5402;2:425:448:18:11:0.3833;2:521:445:45:34:0.7309,3,1:2:521:445:45:34;34:2:357:450:36:13;35:2:425:448:18:11,1,SAFE,inf
305,0,4,2:0:444:51:41:0.5095;2:350:450:37:14:0.6258;2:422:448:20:11:0.4632;2:521:445:44:34:0.7485,4,1:2:521:445:44:34;33:2:0:444:51:41;34:2:350:450:37:14;35:2:422:448:20:11,1,SAFE,inf
306,0,3,2:344:450:38:14:0.6076;2:521:445:44:34:0.7437;7:419:448:20:12:0.3327,3,1:2:521:445:44:34;34:2:344:450:38:14;35:7:419:448:20:12,1,SAFE,inf
307,0,3,2:337:450:37:13:0.5243;2:415:448:21:12:0.4020;2:521:445:44:35:0.7733,3,1:2:521:445:44:35;34:2:337:450:37:13;35:2:415:448:21:12,1,SAFE,inf
308,0,3,2:328:449:39:15:0.5310;2:412:447:22:12:0.3738;2:521:445:44:35:0.7737,3,1:2:521:445:44:35;34:2:328:449:39:15;35:2:412:447:22:12,1,SAFE,inf
309,0,3,2:321:450:37:15:0.3275;2:521:445:45:35:0.7910;7:408:448:21:12:0.3409,3,1:2:521:445:45:35;34:2:321:450:37:15;35:7:408:448:21:12,1,SAFE,inf
310,0,3,2:309:448:40:19:0.3195;2:521:445:44:35:0.7831;7:404:448:23:12:0.3037,3,1:2:521:445:44:35;34:2:309:448:40:19;35:7:404:448:23:12,1,SAFE,inf
311,0,3,2:298:449:43:18:0.3147;2:520:445:45:35:0.8210;7:399:447:23:14:0.3206,3,1:2:520:445:45:35;34:2:298:449:43:18;35:7:399:447:23:14,1,SAFE,inf
312,0,3,2:320:451:13:15:0.2519;2:520:446:45:35:0.7999;7:395:447:24:15:0.2377,3,1:2:520:446:45:35;34:2:320:451:13:15;35:7:395:447:24:15,1,SAFE,inf
313,0,4,2:267:448:57:19:0.4062;2:391:447:22:14:0.3076;2:403:448:14:13:0.2445;2:519:445:46:35:0.7876,2,1:2:519:445:46:35;35:2:391:447:22:14,1,SAFE,inf
314,0,3,2:250:448:67:22:0.4646;2:385:446:25:15:0.2050;2:519:445:47:35:0.7407,2,1:2:519:445:47:35;35:2:385:446:25:15,1,SAFE,inf
315,0,3,2:230:449:74:21:0.3674;2:381:447:28:15:0.3167;2:519:445:47:35:0.7383,3,1:2:519:445:47:35;35:2:381:447:28:15;36:2:230:449:74:21,1,SAFE,inf
316,0,3,2:211:447:86:24:0.3615;2:374:446:28:16:0.3124;2:519:445:47:35:0.7912,3,1:2:519:445:47:35;35:2:374:446:28:16;36:2:211:447:86:24,1,SAFE,inf
317,0,3,2:187:448:99:23:0.2582;2:369:447:31:15:0.3948;2:519:445:47:35:0.8022,3,1:2:519:445:47:35;35:2:369:447:31:15;36:2:187:448:99:23,1,SAFE,21.487
318,0,4,2:161:448:79:25:0.2184;2:240:452:38:16:0.1546;2:362:445:32:18:0.5271;2:519:445:47:35:0.7878,3,1:2:519:445:47:35;35:2:362:445:32:18;36:2:161:448:79:25,1,SAFE,17.906
319,0,5,0:854:477:13:31:0.1224;2:141:448:75:25:0.2768;2:217:452:48:18:0.3376;2:354:445:34:18:0.3844;2:520:445:46:35:0.8024,3,1:2:520:445:46:35;35:2:354:445:34:18;36:2:141:448:75:25,1,SAFE,24.792
320,0,5,0:878:478:15:36:0.5730;2:105:449:88:25:0.2551;2:200:452:53:19:0.3991;2:520:445:46:35:0.7676;7:345:445:33:18:0.2651,3,1:2:520:445:46:35;35:7:345:445:33:18;36:2:105:449:88:25,1,SAFE,46.043
321,0,4,2:46:447:115:33:0.3325;2:180:452:57:19:0.3999;2:521:445:45:35:0.7653;7:338:444:37:21:0.3152,4,1:2:521:445:45:35;35:7:338:444:37:21;36:2:46:447:115:33;37:2:180:452:57:19,1,SAFE,inf
322,0,5,0:947:484:14:44:0.1462;2:13:447:116:30:0.3149;2:162:452:60:19:0.3949;2:329:444:40:21:0.4813;2:521:445:46:35:0.7928,4,1:2:521:445:46:35;35:2:329:444:40:21;36:2:13:447:116:30;37:2:162:452:60:19,1,SAFE,inf
323,1,1,2:553:454:46:34:0.6390,0,,-1,NONE,inf
324,0,1,2:550:454:45:33:0.5934,0,,-1,NONE,inf
325,0,1,2:548:454:44:33:0.6923,1,38:2:548:454:44:33,-1,NONE,inf
326,0,1,2:545:453:45:34:0.6034,1,38:2:545:453:45:34,-1,NONE,inf
327,0,1,2:543:453:43:34:0.7180,1,38:2:543:453:43:34,-1,NONE,inf
328,0,1,2:542:454:44:33:0.8161,1,38:2:542:454:44:33,-1,NONE,inf
329,0,1,2:540:453:46:34:0.7263,1,38:2:540:453:46:34,-1,NONE,inf
330,0,1,2:539:453:45:34:0.7994,1,38:2:539:453:45:34,-1,NONE,inf
331,0,1,2:537:453:46:34:0.7887,1,38:2:537:453:46:34,-1,NONE,inf
332,0,1,2:537:453:44:34:0.8033,1,38:2:537:453:44:34,-1,NONE,inf
333,0,1,2:536:453:44:33:0.8144,1,38:2:536:453:44:33,-1,NONE,inf
334,0,1,2:536:453:43:33:0.7550,1,38:2:536:453:43:33,-1,NONE,inf
335,0,1,2:535:453:45:33:0.6957,1,38:2:535:453:45:33,-1,NONE,inf
336,0,1,2:534:453:44:33:0.6341,1,38:2:534:453:44:33,-1,NONE,inf
337,0,1,2:533:453:44:33:0.6009,1,38:2:533:453:44:33,-1,NONE,inf
338,0,1,2:532:453:44:32:0.6447,1,38:2:532:453:44:32,-1,NONE,inf
339,0,1,2:533:453:42:32:0.7158,1,38:2:533:453:42:32,38,SAFE,inf
340,0,1,2:533:453:42:32:0.7318,1,38:2:533:453:42:32,38,SAFE,inf
341,0,1,2:532:453:42:32:0.7135,1,38:2:532:453:42:32,38,SAFE,inf
342,0,1,2:532:453:42:32:0.6608,1,38:2:532:453:42:32,38,SAFE,inf
343,0,1,2:532:453:42:32:0.7173,1,38:2:532:453:42:32,38,SAFE,inf
344,0,1,2:532:453:41:32:0.7468,1,38:2:532:453:41:32,38,SAFE,inf
345,0,1,2:532:454:41:31:0.6952,1,38:2:532:454:41:31,38,SAFE,inf
346,0,1,2:532:454:42:31:0.6654,1,38:2:532:454:42:31,38,SAFE,inf
347,0,1,2:532:453:41:32:0.6764,1,38:2:532:453:41:32,38,SAFE,inf
348,0,1,2:532:454:41:31:0.6455,1,38:2:532:454:41:31,38,SAFE,inf
349,0,1,2:533:454:40:31:0.6990,1,38:2:533:454:40:31,38,SAFE,inf
350,0,1,2:533:453:40:31:0.7443,1,38:2:533:453:40:31,38,SAFE,inf
351,0,1,2:533:453:40:31:0.7785,1,38:2:533:453:40:31,38,SAFE,inf
352,0,2,2:533:453:40:31:0.7906;7:320:420:130:47:0.2412,1,38:2:533:453:40:31,38,SAFE,inf
353,0,1,2:533:453:40:31:0.8356,1,38:2:533:453:40:31,38,SAFE,inf
354,0,1,2:533:453:41:30:0.8748,1,38:2:533:453:41:30,38,SAFE,inf
355,0,2,2:534:453:40:30:0.8835;5:626:427:108:44:0.3166,1,38:2:534:453:40:30,38,SAFE,inf
356,0,1,2:534:453:40:30:0.8782,1,38:2:534:453:40:30,38,SAFE,inf
357,0,1,2:534:453:41:30:0.8894,1,38:2:534:453:41:30,38,SAFE,inf
358,0,1,2:535:453:40:30:0.8944,1,38:2:535:453:40:30,38,SAFE,inf
359,0,1,2:536:453:39:30:0.8880,1,38:2:536:453:39:30,38,SAFE,inf
360,0,1,2:537:453:39:30:0.8564,1,38:2:537:453:39:30,38,SAFE,inf
361,0,1,2:537:452:38:31:0.8272,1,38:2:537:452:38:31,38,SAFE,inf
362,0,1,2:537:452:39:30:0.8022,1,38:2:537:452:39:30,38,SAFE,inf
363,0,1,2:538:451:38:30:0.7531,1,38:2:538:451:38:30,38,SAFE,inf
364,0,1,2:539:452:38:29:0.7565,1,38:2:539:452:38:29,38,SAFE,inf
365,0,1,2:539:452:38:29:0.7565,1,38:2:539:452:38:29,38,SAFE,inf
366,0,2,2:540:451:38:30:0.7805;7:629:425:118:46:0.2296,1,38:2:540:451:38:30,38,SAFE,inf
367,0,1,2:540:451:39:30:0.8029,1,38:2:540:451:39:30,38,SAFE,inf
368,0,1,2:541:451:38:30:0.8181,1,38:2:541:451:38:30,38,SAFE,inf
369,0,1,2:541:452:38:28:0.7811,1,38:2:541:452:38:28,38,SAFE,inf
370,0,1,2:541:452:37:28:0.7882,1,38:2:541:452:37:28,38,SAFE,inf
371,0,1,2:542:452:37:28:0.7727,1,38:2:542:452:37:28,38,SAFE,inf
372,0,1,2:542:451:37:29:0.7813,1,38:2:542:451:37:29,38,SAFE,inf
373,0,1,2:543:451:37:29:0.7977,1,38:2:543:451:37:29,38,SAFE,inf
374,0,2,2:543:451:37:29:0.8421;7:1018:364:261:151:0.2545,1,38:2:543:451:37:29,38,SAFE,inf
375,0,3,2:544:451:36:29:0.8285;5:633:424:124:47:0.2493;7:1136:363:143:152:0.1711,1,38:2:544:451:36:29,38,SAFE,inf
376,0,2,2:544:450:37:30:0.8307;7:1037:365:242:149:0.2176,1,38:2:544:450:37:30,38,SAFE,inf
377,0,1,2:544:450:38:30:0.8056,1,38:2:544:450:38:30,38,SAFE,inf
378,0,2,2:544:450:38:29:0.7908;5:634:422:126:49:0.2164,1,38:2:544:450:38:29,38,SAFE,inf
379,0,2,2:545:450:37:29:0.7751;5:635:421:126:48:0.2143,1,38:2:545:450:37:29,38,SAFE,inf
380,0,1,2:545:449:36:29:0.7923,1,38:2:545:449:36:29,38,SAFE,inf
381,0,3,2:545:449:36:29:0.7642;5:624:420:139:49:0.2125;7:1056:311:223:206:0.2263,1,38:2:545:449:36:29,38,SAFE,inf
382,0,3,2:545:448:36:30:0.7760;7:964:416:75:68:0.1489;7:1062:318:217:199:0.2691,1,38:2:545:448:36:30,38,SAFE,14.875
383,0,4,2:543:447:11:12:0.3348;2:545:449:36:29:0.7898;7:933:414:111:72:0.2544;7:1063:313:216:205:0.3093,1,38:2:545:449:36:29,38,SAFE,10.752
384,0,5,2:542:447:12:12:0.3092;2:545:449:35:28:0.8155;7:629:416:137:50:0.1037;7:956:413:89:72:0.1729;7:1067:309:212:211:0.2647,1,38:2:545:449:35:28,38,SAFE,26.990
385,0,5,2:540:447:13:12:0.3579;2:544:449:36:28:0.7878;5:619:417:149:50:0.1094;7:989:412:61:72:0.2640;7:1077:313:202:205:0.1449,2,38:2:544:449:36:28;39:2:540:447:13:12,38,SAFE,inf
386,0,4,2:540:447:12:12:0.3842;2:544:448:36:28:0.8197;7:628:415:143:52:0.1146;7:997:410:58:76:0.3274,2,38:2:544:448:36:28;39:2:540:447:12:12,38,SAFE,inf
387,0,3,2:540:448:12:11:0.3072;2:544:448:36:28:0.8319;7:1006:410:54:75:0.1429,2,38:2:544:448:36:28;39:2:540:448:12:11,38,SAFE,inf
388,0,3,2:539:447:11:13:0.3557;2:543:448:35:28:0.8289;7:627:414:145:52:0.1023,2,38:2:543:448:35:28;39:2:539:447:11:13,38,SAFE,inf
389,0,4,0:825:422:33:59:0.1078;0:922:425:23:66:0.1263;2:539:447:11:14:0.3522;2:544:448:34:28:0.8259,2,38:2:544:448:34:28;39:2:539:447:11:14,38,SAFE,inf
390,0,2,2:538:447:12:14:0.3260;2:543:448:35:28:0.8510,2,38:2:543:448:35:28;39:2:538:447:12:14,38,SAFE,inf
391,0,2,2:537:447:12:13:0.3173;2:543:448:34:29:0.8485,2,38:2:543:448:34:29;39:2:537:447:12:13,38,SAFE,inf
392,0,2,2:537:447:12:13:0.2849;2:543:448:34:29:0.8488,2,38:2:543:448:34:29;39:2:537:447:12:13,38,SAFE,inf
393,0,3,2:537:447:11:14:0.2143;2:543:448:34:28:0.8344;7:833:408:126:81:0.2505,2,38:2:543:448:34:28;39:2:537:447:11:14,38,SAFE,inf
394,0,2,2:536:448:11:13:0.2317;2:542:450:35:27:0.8229,2,38:2:542:450:35:27;39:2:536:448:11:13,38,SAFE,inf
395,0,3,2:535:447:11:14:0.2056;2:542:450:35:28:0.8206;7:630:414:149:54:0.1295,2,38:2:542:450:35:28;39:2:535:447:11:14,38,SAFE,inf
396,0,5,0:1024:452:23:51:0.1720;2:534:447:12:14:0.3261;2:542:450:35:28:0.8262;7:623:413:156:57:0.1062;7:1106:312:173:302:0.1407,2,38:2:542:450:35:28;39:2:534:447:12:14,38,SAFE,inf
397,0,3,0:1032:460:22:45:0.1055;2:534:448:12:14:0.2705;2:541:450:35:28:0.7527,2,38:2:541:450:35:28;39:2:534:448:12:14,38,SAFE,inf
398,0,1,2:541:450:35:29:0.6804,1,38:2:541:450:35:29,38,SAFE,inf
399,0,4,0:1022:458:22:48:0.2786;2:533:449:12:12:0.2699;2:540:451:36:28:0.7360;2:1110:476:46:32:0.1139,2,38:2:540:451:36:28;39:2:533:449:12:12,38,SAFE,inf
400,0,3,2:532:449:12:13:0.3128;2:541:451:35:28:0.7871;7:861:416:98:72:0.2858,2,38:2:541:451:35:28;39:2:532:449:12:13,38,SAFE,inf
401,0,2,2:532:449:12:13:0.3859;2:541:451:35:28:0.7595,2,38:2:541:451:35:28;39:2:532:449:12:13,38,SAFE,inf
402,0,2,2:532:449:13:13:0.3705;2:540:451:35:28:0.7153,2,38:2:540:451:35:28;39:2:532:449:13:13,38,SAFE,inf
403,0,3,2:532:449:12:14:0.3320;2:541:452:34:27:0.7086;7:618:413:174:64:0.2515,2,38:2:541:452:34:27;39:2:532:449:12:14,38,SAFE,inf
404,0,4,2:531:450:12:13:0.3189;2:540:452:35:27:0.7612;7:618:413:175:64:0.4468;7:887:417:72:80:0.4058,2,38:2:540:452:35:27;39:2:531:450:12:13,38,SAFE,inf
405,0,3,2:530:450:13:13:0.3661;2:540:453:35:27:0.7412;7:618:413:176:65:0.3729,2,38:2:540:453:35:27;39:2:530:450:13:13,38,SAFE,inf
406,0,3,2:529:449:13:14:0.2995;2:540:453:34:27:0.7748;7:617:413:179:64:0.3205,3,38:2:540:453:34:27;39:2:529:449:13:14;40:7:617:413:179:64,38,SAFE,inf
407,0,4,2:529:449:13:14:0.2499;2:540:453:35:26:0.7654;7:617:413:182:65:0.3532;7:853:340:106:158:0.2365,3,38:2:540:453:35:26;39:2:529:449:13:14;40:7:617:413:182:65,38,SAFE,inf
408,0,2,2:540:453:34:27:0.8172;7:616:412:184:65:0.4719,2,38:2:540:453:34:27;40:7:616:412:184:65,38,SAFE,inf
409,0,2,2:540:453:34:27:0.8301;7:616:412:185:64:0.3283,2,38:2:540:453:34:27;40:7:616:412:185:64,38,SAFE,inf
410,0,2,2:540:453:34:27:0.8014;7:616:411:187:66:0.2568,2,38:2:540:453:34:27;40:7:616:411:187:66,38,SAFE,inf
411,0,2,2:540:453:34:26:0.8306;7:615:411:191:66:0.2880,2,38:2:540:453:34:26;40:7:615:411:191:66,38,SAFE,inf
412,0,3,2:527:450:12:13:0.2212;2:540:453:33:26:0.8140;7:613:411:195:66:0.2680,2,38:2:540:453:33:26;40:7:613:411:195:66,38,SAFE,inf
413,0,2,2:526:450:13:14:0.3491;2:540:453:33:26:0.7890,2,38:2:540:453:33:26;39:2:526:450:13:14,38,SAFE,inf
414,0,3,2:526:450:12:13:0.3991;2:540:453:32:26:0.7832;7:634:412:176:67:0.1397,2,38:2:540:453:32:26;39:2:526:450:12:13,38,SAFE,inf
415,0,4,0:304:458:12:27:0.1182;2:525:450:13:13:0.3083;2:540:453:33:26:0.7588;7:634:410:177:70:0.1241,2,38:2:540:453:33:26;39:2:525:450:13:13,38,SAFE,inf
416,0,3,2:525:450:12:13:0.2030;2:540:453:33:26:0.7615;7:630:410:185:68:0.1122,2,38:2:540:453:33:26;39:2:525:450:12:13,38,SAFE,inf
417,0,2,2:540:452:33:26:0.7611;7:634:409:180:70:0.1467,1,38:2:540:452:33:26,38,SAFE,inf
418,0,3,0:290:459:15:27:0.1096;2:540:453:32:25:0.7545;7:634:409:184:72:0.1738,1,38:2:540:453:32:25,38,SAFE,inf
419,0,4,0:287:459:13:27:0.1096;2:524:449:12:13:0.2370;2:540:452:32:26:0.7157;7:617:408:204:70:0.2700,2,38:2:540:452:32:26;40:7:617:408:204:70,38,SAFE,inf
420,0,5,2:523:449:13:14:0.3312;2:539:452:32:26:0.7125;7:325:405:78:61:0.3527;7:634:406:188:74:0.2164;7:876:419:47:54:0.2781,3,38:2:539:452:32:26;39:2:523:449:13:14;40:7:634:406:188:74,38,SAFE,inf
421,0,6,0:274:463:15:24:0.1358;2:523:449:12:14:0.3323;2:539:452:32:26:0.7058;7:322:405:79:61:0.2979;7:630:406:196:74:0.1988;7:879:418:48:55:0.2589,3,38:2:539:452:32:26;39:2:523:449:12:14;40:7:630:406:196:74,38,SAFE,inf
422,0,6,0:270:462:14:26:0.1044;2:523:449:12:13:0.3716;2:538:452:33:26:0.7143;7:322:404:79:62:0.2902;7:629:405:200:76:0.2139;7:880:418:44:56:0.2645,4,38:2:538:452:33:26;39:2:523:449:12:13;40:7:629:405:200:76;41:7:322:404:79:62,38,SAFE,inf
423,0,5,2:522:449:13:13:0.2433;2:538:451:33:27:0.7043;7:321:405:78:62:0.4623;7:608:405:227:72:0.2171;7:883:418:50:54:0.2070,4,38:2:538:451:33:27;39:2:522:449:13:13;40:7:608:405:227:72;41:7:321:405:78:62,38,SAFE,inf
424,0,3,0:1206:467:25:68:0.1692;2:538:451:33:27:0.8462;7:622:404:214:76:0.2195,2,38:2:538:451:33:27;40:7:622:404:214:76,38,SAFE,49.902
425,0,3,0:253:462:14:26:0.1460;2:538:451:32:27:0.8519;7:1206:427:73:110:0.1212,1,38:2:538:451:32:27,38,SAFE,13.753
426,0,4,2:538:451:32:27:0.8463;5:612:403:229:73:0.3490;7:320:403:77:62:0.3115;7:941:410:18:69:0.2200,3,38:2:538:451:32:27;40:5:612:403:229:73;41:7:320:403:77:62,38,SAFE,10.745
427,0,1,2:537:451:33:27:0.8089,1,38:2:537:451:33:27,38,SAFE,9.142
428,0,1,2:537:451:33:26:0.7963,1,38:2:537:451:33:26,38,SAFE,10.708
429,0,2,0:225:464:18:26:0.1341;2:537:451:33:26:0.7877,1,38:2:537:451:33:26,38,SAFE,12.922
430,0,4,2:519:448:13:13:0.2075;2:536:451:34:26:0.7838;7:320:430:19:36:0.2237;7:634:400:218:78:0.1827,1,38:2:536:451:34:26,38,SAFE,16.290
431,0,5,2:518:447:14:14:0.2868;2:537:450:33:28:0.7822;7:320:430:32:37:0.2584;7:392:439:29:24:0.2557;7:601:399:257:80:0.1194,3,38:2:537:450:33:28;39:2:518:447:14:14;41:7:320:430:32:37,38,SAFE,9.910
432,0,5,2:518:448:13:14:0.2617;2:536:451:34:27:0.7756;7:320:430:18:37:0.2424;7:610:396:252:83:0.2539;7:904:413:49:56:0.2318,4,38:2:536:451:34:27;39:2:518:448:13:14;40:7:610:396:252:83;41:7:320:430:18:37,38,SAFE,9.501
433,0,4,2:536:451:34:27:0.7960;7:390:439:35:24:0.2749;7:614:397:254:82:0.3731;7:907:412:51:58:0.3361,2,38:2:536:451:34:27;40:7:614:397:254:82,38,SAFE,13.893
434,0,2,2:536:451:33:26:0.8023;7:320:401:71:65:0.3402,1,38:2:536:451:33:26,38,SAFE,27.958
435,0,3,2:517:448:13:15:0.2246;2:536:452:33:25:0.7789;7:320:431:21:36:0.2030,1,38:2:536:452:33:25,38,SAFE,inf
436,0,3,2:517:448:13:15:0.3004;2:536:452:33:26:0.7944;7:614:396:260:83:0.1036,2,38:2:536:452:33:26;39:2:517:448:13:15,38,SAFE,inf
437,0,2,2:516:449:15:15:0.2639;2:536:452:33:26:0.8021,2,38:2:536:452:33:26;39:2:516:449:15:15,38,SAFE,inf
438,0,3,2:515:449:15:15:0.2405;2:536:453:34:25:0.7964;7:621:393:336:89:0.3091,3,38:2:536:453:34:25;39:2:515:449:15:15;40:7:621:393:336:89,38,SAFE,inf
439,0,3,2:515:449:14:15:0.2465;2:536:453:33:24:0.7951;5:622:392:267:90:0.3476,3,38:2:536:453:33:24;39:2:515:449:14:15;40:5:622:392:267:90,38,SAFE,inf
440,0,3,2:514:449:16:15:0.3091;2:536:453:33:25:0.7950;7:622:392:325:91:0.3976,3,38:2:536:453:33:25;39:2:514:449:16:15;40:7:622:392:325:91,38,SAFE,inf
441,0,3,2:514:449:15:16:0.2932;2:536:453:33:25:0.7973;5:622:391:274:92:0.5738,3,38:2:536:453:33:25;39:2:514:449:15:16;40:5:622:391:274:92,38,SAFE,inf
442,0,3,2:514:449:15:16:0.2956;2:536:453:33:25:0.7845;5:622:389:285:94:0.4932,3,38:2:536:453:33:25;39:2:514:449:15:16;40:5:622:389:285:94,38,SAFE,inf
443,0,3,2:514:449:15:16:0.3042;2:536:453:33:25:0.7588;5:623:388:284:97:0.6423,3,38:2:536:453:33:25;39:2:514:449:15:16;40:5:623:388:284:97,38,SAFE,inf
444,0,4,2:514:449:15:15:0.3069;2:536:453:33:25:0.7517;5:624:388:287:97:0.5912;7:320:403:62:64:0.3189,3,38:2:536:453:33:25;39:2:514:449:15:15;40:5:624:388:287:97,38,SAFE,inf
445,0,3,2:513:449:16:15:0.2875;2:536:453:33:25:0.7643;7:624:388:306:98:0.5396,3,38:2:536:453:33:25;39:2:513:449:16:15;40:7:624:388:306:98,38,SAFE,inf
446,0,4,2:513:449:16:15:0.2658;2:536:453:33:25:0.7329;7:320:403:62:64:0.4987;7:625:387:323:99:0.5940,3,38:2:536:453:33:25;39:2:513:449:16:15;40:7:625:387:323:99,38,SAFE,inf
447,0,3,2:513:449:15:15:0.2080;2:536:453:33:25:0.7260;7:626:386:324:101:0.5094,3,38:2:536:453:33:25;39:2:513:449:15:15;40:7:626:386:324:101,38,SAFE,inf
448,0,4,2:513:449:14:15:0.2495;2:536:453:33:25:0.7098;5:628:384:323:103:0.4969;7:320:403:61:64:0.3372,3,38:2:536:453:33:25;39:2:513:449:14:15;40:5:628:384:323:103,38,SAFE,inf
449,0,3,2:512:449:15:15:0.2601;2:536:453:33:25:0.6862;5:628:383:318:104:0.5917,3,38:2:536:453:33:25;39:2:512:449:15:15;40:5:628:383:318:104,38,SAFE,inf
450,0,3,2:511:449:17:15:0.3109;2:536:453:33:25:0.7014;5:630:383:320:105:0.4227,3,38:2:536:453:33:25;39:2:511:449:17:15;40:5:630:383:320:105,38,SAFE,inf
451,0,3,2:512:450:15:14:0.2599;2:537:454:32:25:0.6307;5:630:380:325:108:0.3058,3,38:2:537:454:32:25;39:2:512:450:15:14;40:5:630:380:325:108,38,SAFE,inf
452,0,4,2:512:450:15:14:0.2959;2:537:454:33:24:0.6545;5:631:379:328:109:0.3260;7:284:400:91:70:0.1007,3,38:2:537:454:33:24;39:2:512:450:15:14;40:5:631:379:328:109,38,SAFE,inf
453,0,3,2:511:449:16:15:0.2402;2:537:453:33:25:0.6597;5:632:378:327:111:0.4912,3,38:2:537:453:33:25;39:2:511:449:16:15;40:5:632:378:327:111,38,SAFE,inf
454,0,3,2:510:448:18:17:0.2814;2:538:453:32:25:0.7177;5:632:376:327:114:0.2738,3,38:2:538:453:32:25;39:2:510:448:18:17;40:5:632:376:327:114,38,SAFE,inf
455,0,3,2:510:448:18:16:0.2987;2:538:453:32:25:0.6928;5:633:376:326:114:0.3989,3,38:2:538:453:32:25;39:2:510:448:18:16;40:5:633:376:326:114,38,SAFE,inf
456,0,3,2:510:448:18:16:0.2762;2:538:452:32:25:0.7591;5:635:373:324:118:0.2374,3,38:2:538:452:32:25;39:2:510:448:18:16;40:5:635:373:324:118,38,SAFE,inf
457,0,3,2:510:448:18:16:0.2563;2:538:452:32:25:0.7111;7:635:370:324:121:0.3099,3,38:2:538:452:32:25;39:2:510:448:18:16;40:7:635:370:324:121,38,SAFE,inf
458,0,3,2:510:447:18:17:0.2272;2:539:452:31:25:0.7504;7:637:370:322:122:0.3758,3,38:2:539:452:31:25;39:2:510:447:18:17;40:7:637:370:322:122,38,SAFE,inf
459,0,3,2:510:447:18:17:0.2252;2:539:452:32:25:0.7587;7:638:369:321:123:0.4503,3,38:2:539:452:32:25;39:2:510:447:18:17;40:7:638:369:321:123,38,SAFE,inf
460,0,4,2:511:448:16:16:0.2313;2:540:452:32:25:0.7563;7:320:403:51:62:0.3226;7:640:368:319:124:0.3345,3,38:2:540:452:32:25;39:2:511:448:16:16;40:7:640:368:319:124,38,SAFE,inf
461,0,4,2:510:447:18:17:0.2039;2:540:452:32:25:0.7436;5:642:371:317:121:0.3124;7:320:402:51:63:0.5230,3,38:2:540:452:32:25;39:2:510:447:18:17;40:5:642:371:317:121,38,SAFE,inf
462,0,3,2:540:452:33:25:0.7085;7:321:407:51:57:0.2321;7:642:369:317:124:0.3525,2,38:2:540:452:33:25;40:7:642:369:317:124,38,SAFE,inf
463,0,2,2:540:452:33:25:0.7343;5:643:371:370:134:0.1187,2,38:2:540:452:33:25;40:5:643:371:370:134,38,SAFE,inf
464,0,2,2:540:452:34:26:0.7719;7:645:375:314:121:0.2336,2,38:2:540:452:34:26;40:7:645:375:314:121,38,SAFE,19.519
465,0,4,2:540:451:34:26:0.7972;2:992:484:70:30:0.1717;5:647:362:398:133:0.4771;7:320:401:48:64:0.2488,2,38:2:540:451:34:26;40:5:647:362:398:133,38,SAFE,12.378
466,0,2,2:540:452:34:25:0.7838;7:646:368:313:127:0.4418,2,38:2:540:452:34:25;40:7:646:368:313:127,38,SAFE,13.027
467,0,3,2:541:452:33:25:0.7831;7:320:401:47:64:0.2941;7:647:366:312:130:0.3673,2,38:2:541:452:33:25;40:7:647:366:312:130,38,SAFE,26.467
468,0,3,2:541:452:34:25:0.8066;7:320:401:47:64:0.3940;7:649:363:310:133:0.5271,2,38:2:541:452:34:25;40:7:649:363:310:133,38,SAFE,34.030
469,0,3,2:541:452:34:26:0.8075;7:320:402:47:63:0.2876;7:651:361:308:135:0.5893,2,38:2:541:452:34:26;40:7:651:361:308:135,38,SAFE,19.851
470,0,3,2:542:452:33:25:0.8013;7:320:402:47:64:0.2289;7:653:361:306:136:0.7568,2,38:2:542:452:33:25;40:7:653:361:306:136,38,SAFE,26.467
471,0,4,2:542:452:33:26:0.7946;5:654:338:525:166:0.5953;7:320:403:45:63:0.2648;7:1182:378:97:110:0.3320,3,38:2:542:452:33:26;40:5:654:338:525:166;42:7:320:403:45:63,38,SAFE,18.324
472,0,4,2:543:452:33:25:0.8064;7:320:404:44:62:0.2705;7:656:357:303:141:0.8349;7:1194:378:85:109:0.3393,3,38:2:543:452:33:25;40:7:656:357:303:141;42:7:320:404:44:62,38,SAFE,26.467
473,0,3,2:543:452:33:25:0.7967;7:659:353:300:147:0.8318;7:1206:376:73:112:0.1960,2,38:2:543:452:33:25;40:7:659:353:300:147,38,SAFE,47.641
474,0,5,2:511:447:18:17:0.2295;2:544:452:32:25:0.7684;7:320:402:43:65:0.2441;7:661:352:298:150:0.7995;7:1219:373:60:115:0.2109,2,38:2:544:452:32:25;40:7:661:352:298:150,38,SAFE,inf
475,0,4,2:511:447:18:17:0.2430;2:545:452:32:26:0.7527;7:320:402:43:65:0.3325;7:662:350:297:153:0.7457,3,38:2:545:452:32:26;40:7:662:350:297:153;42:7:320:402:43:65,38,SAFE,inf
476,0,4,2:511:447:18:17:0.2353;2:545:452:32:26:0.7843;7:320:402:42:64:0.3758;7:665:348:294:156:0.7578,3,38:2:545:452:32:26;40:7:665:348:294:156;42:7:320:402:42:64,38,SAFE,39.701
477,0,4,2:510:447:21:17:0.2332;2:546:452:31:25:0.7887;7:320:401:41:65:0.5172;7:668:348:291:156:0.7390,3,38:2:546:452:31:25;40:7:668:348:291:156;42:7:320:401:41:65,38,SAFE,inf
478,0,5,2:511:447:19:16:0.2545;2:546:452:31:25:0.8051;7:320:401:41:65:0.4613;7:360:440:32:25:0.2197;7:669:347:290:156:0.7046,3,38:2:546:452:31:25;40:7:669:347:290:156;42:7:320:401:41:65,38,SAFE,inf
479,0,5,2:510:446:21:18:0.2347;2:546:452:32:25:0.7671;7:320:402:39:64:0.2567;7:359:439:30:27:0.3655;7:670:348:289:157:0.6019,3,38:2:546:452:32:25;40:7:670:348:289:157;42:7:320:402:39:64,38,SAFE,inf
480,0,5,2:511:447:19:16:0.3210;2:547:452:31:25:0.7777;7:320:402:39:64:0.3938;7:358:440:30:24:0.2355;7:674:345:285:161:0.7081,3,38:2:547:452:31:25;40:7:674:345:285:161;42:7:320:402:39:64,38,SAFE,inf
481,0,4,2:511:447:19:16:0.3235;2:548:452:30:25:0.7953;7:320:402:38:63:0.3655;7:677:345:282:159:0.5924,3,38:2:548:452:30:25;40:7:677:345:282:159;42:7:320:402:38:63,38,SAFE,inf
482,0,5,2:512:447:18:16:0.3020;2:548:452:31:24:0.8104;7:320:401:37:65:0.5096;7:357:441:30:23:0.2355;7:679:342:280:162:0.5904,4,38:2:548:452:31:24;40:7:679:342:280:162;42:7:320:401:37:65;43:2:512:447:18:16,38,SAFE,inf
483,0,4,2:512:447:18:16:0.2865;2:548:452:31:24:0.8101;7:320:401:37:64:0.3562;7:681:343:278:163:0.5137,4,38:2:548:452:31:24;40:7:681:343:278:163;42:7:320:401:37:64;43:2:512:447:18:16,38,SAFE,inf
484,0,4,2:512:447:18:16:0.3064;2:548:451:32:26:0.8022;7:320:400:37:65:0.3812;7:683:335:276:174:0.7131,4,38:2:548:451:32:26;40:7:683:335:276:174;42:7:320:400:37:65;43:2:512:447:18:16,38,SAFE,inf
485,0,4,2:512:447:18:17:0.3082;2:549:451:32:26:0.8018;7:320:399:37:66:0.4932;7:686:333:273:174:0.6573,4,38:2:549:451:32:26;40:7:686:333:273:174;42:7:320:399:37:66;43:2:512:447:18:17,38,SAFE,inf
486,0,4,2:511:447:19:17:0.2792;2:549:451:32:26:0.8188;7:320:399:37:66:0.3695;7:687:330:272:179:0.7200,4,38:2:549:451:32:26;40:7:687:330:272:179;42:7:320:399:37:66;43:2:511:447:19:17,38,SAFE,inf
487,0,4,2:511:447:19:17:0.3040;2:549:451:32:26:0.8124;7:320:399:37:65:0.2474;7:690:334:269:178:0.7037,4,38:2:549:451:32:26;40:7:690:334:269:178;42:7:320:399:37:65;43:2:511:447:19:17,38,SAFE,30.556
488,0,3,2:511:447:19:17:0.3652;2:550:451:33:26:0.7916;7:694:326:265:186:0.7178,3,38:2:550:451:33:26;40:7:694:326:265:186;43:2:511:447:19:17,38,SAFE,21.899
489,0,4,2:512:446:18:18:0.2503;2:551:451:32:25:0.8259;7:320:401:33:63:0.4008;7:697:326:262:187:0.6937,4,38:2:551:451:32:25;40:7:697:326:262:187;42:7:320:401:33:63;43:2:512:446:18:18,38,SAFE,39.973
490,0,4,2:511:446:19:17:0.2714;2:551:450:32:25:0.8150;7:320:401:33:62:0.4586;7:702:321:257:195:0.7516,4,38:2:551:450:32:25;40:7:702:321:257:195;42:7:320:401:33:62;43:2:511:446:19:17,38,SAFE,26.348
491,0,4,2:512:445:19:18:0.3440;2:551:451:32:24:0.8103;7:320:401:33:61:0.4277;7:705:322:254:194:0.8153,4,38:2:551:451:32:24;40:7:705:322:254:194;42:7:320:401:33:61;43:2:512:445:19:18,38,SAFE,40.812
492,0,4,2:512:445:19:17:0.3429;2:551:450:32:25:0.7670;7:320:401:32:61:0.4219;7:708:318:251:203:0.8237,4,38:2:551:450:32:25;40:7:708:318:251:203;42:7:320:401:32:61;43:2:512:445:19:17,38,SAFE,inf
493,0,5,2:512:445:19:17:0.3071;2:551:450:33:25:0.7115;2:909:451:89:65:0.1034;7:320:400:30:62:0.2706;7:712:318:247:200:0.8484,4,38:2:551:450:33:25;40:7:712:318:247:200;42:7:320:400:30:62;43:2:512:445:19:17,38,SAFE,inf
494,0,3,2:512:445:19:17:0.3900;2:551:450:33:25:0.6675;7:717:311:242:212:0.7040,3,38:2:551:450:33:25;40:7:717:311:242:212;43:2:512:445:19:17,38,SAFE,inf
495,0,3,2:512:445:19:17:0.3891;2:552:450:32:25:0.7210;7:721:310:238:215:0.8227,3,38:2:552:450:32:25;40:7:721:310:238:215;43:2:512:445:19:17,38,SAFE,inf
496,0,3,2:512:445:19:18:0.4439;2:552:450:33:25:0.7406;7:725:306:234:220:0.7459,3,38:2:552:450:33:25;40:7:725:306:234:220;43:2:512:445:19:18,38,SAFE,inf
497,0,4,2:512:444:19:18:0.2740;2:553:450:32:25:0.7700;7:320:399:25:64:0.2765;7:728:304:231:223:0.8582,4,38:2:553:450:32:25;40:7:728:304:231:223;42:7:320:399:25:64;43:2:512:444:19:18,38,SAFE,inf
498,0,5,2:512:445:19:17:0.2868;2:554:450:32:25:0.7333;2:625:450:19:18:0.2791;7:320:399:24:64:0.4751;7:733:299:226:228:0.8652,4,38:2:554:450:32:25;40:7:733:299:226:228;42:7:320:399:24:64;43:2:512:445:19:17,38,SAFE,inf
499,0,4,2:555:449:31:26:0.7033;2:628:450:16:17:0.2381;7:320:399:24:63:0.3469;7:737:294:222:232:0.8897,3,38:2:555:449:31:26;40:7:737:294:222:232;42:7:320:399:24:63,38,SAFE,inf
500,0,4,2:556:449:30:25:0.6420;2:628:449:16:18:0.2897;7:320:398:23:63:0.5416;7:741:295:218:231:0.8778,3,38:2:556:449:30:25;40:7:741:295:218:231;42:7:320:398:23:63,38,SAFE,inf
501,0,5,2:555:448:32:25:0.5852;2:629:448:15:17:0.2440;7:159:410:67:56:0.1125;7:320:397:22:64:0.3890;7:748:289:211:237:0.8276,3,38:2:555:448:32:25;40:7:748:289:211:237;42:7:320:397:22:64,38,SAFE,inf
502,0,5,2:555:448:33:25:0.6065;2:629:448:16:18:0.2089;7:158:409:63:57:0.1710;7:320:397:21:63:0.2169;7:754:286:205:242:0.7471,3,38:2:555:448:33:25;40:7:754:286:205:242;42:7:320:397:21:63,38,SAFE,inf
503,0,4,2:512:442:19:18:0.2309;2:556:448:32:25:0.7078;2:630:448:16:17:0.2278;7:760:287:199:242:0.7493,2,38:2:556:448:32:25;40:7:760:287:199:242,38,SAFE,29.035
504,0,3,2:512:442:19:18:0.2032;2:556:448:33:24:0.6891;7:767:282:192:248:0.8381,2,38:2:556:448:33:24;40:7:767:282:192:248,38,SAFE,inf
505,0,4,2:557:448:32:25:0.7029;2:631:448:16:16:0.2200;7:716:434:66:36:0.2173;7:775:276:184:254:0.7937,2,38:2:557:448:32:25;40:7:775:276:184:254,38,SAFE,inf
506,0,3,2:557:448:33:25:0.7441;7:320:395:16:66:0.2363;7:782:275:177:256:0.7899,2,38:2:557:448:33:25;40:7:782:275:177:256,38,SAFE,inf
507,0,2,2:558:448:33:24:0.7426;7:792:275:167:256:0.8630,2,38:2:558:448:33:24;40:7:792:275:167:256,38,SAFE,inf
508,0,2,2:558:448:33:24:0.7244;7:801:188:478:401:0.9099,2,38:2:558:448:33:24;40:7:801:188:478:401,38,SAFE,inf
509,0,4,2:558:448:33:24:0.7268;2:631:448:19:16:0.2435;7:132:402:63:60:0.1201;7:812:185:467:413:0.8978,2,38:2:558:448:33:24;40:7:812:185:467:413,38,SAFE,inf
510,0,3,2:559:448:32:24:0.7117;2:631:447:20:18:0.2374;7:822:171:457:431:0.8965,2,38:2:559:448:32:24;40:7:822:171:457:431,38,SAFE,inf
511,0,3,2:559:447:32:25:0.6439;2:631:447:21:17:0.2970;7:834:152:445:417:0.8924,2,38:2:559:447:32:25;40:7:834:152:445:417,38,SAFE,inf
512,0,3,2:559:448:32:24:0.6436;2:632:446:21:18:0.2780;7:848:148:431:428:0.8620,2,38:2:559:448:32:24;40:7:848:148:431:428,38,SAFE,inf
513,0,3,2:560:447:31:24:0.6142;2:632:446:22:17:0.2538;7:861:139:418:450:0.8936,2,38:2:560:447:31:24;40:7:861:139:418:450,38,SAFE,inf
514,0,4,2:295:442:37:22:0.1354;2:509:441:21:19:0.2909;2:561:446:30:25:0.5889;7:879:137:400:454:0.8992,2,38:2:561:446:30:25;40:7:879:137:400:454,38,SAFE,inf
515,0,3,2:504:441:28:18:0.2949;2:560:447:32:25:0.6461;7:895:127:384:481:0.8855,2,38:2:560:447:32:25;40:7:895:127:384:481,38,SAFE,inf
516,0,5,2:505:441:27:19:0.3624;2:560:447:32:25:0.7330;2:635:445:20:19:0.2271;7:778:427:106:54:0.1121;7:914:125:365:487:0.8852,2,38:2:560:447:32:25;40:7:914:125:365:487,38,SAFE,inf
517,0,5,2:502:441:30:19:0.3691;2:561:447:31:25:0.7410;2:635:445:21:20:0.2413;7:783:426:111:54:0.1340;7:936:95:343:515:0.7351,2,38:2:561:447:31:25;40:7:936:95:343:515,38,SAFE,32.695
518,0,6,2:504:442:28:18:0.2724;2:561:447:32:25:0.6866;2:636:446:20:18:0.2391;2:728:434:57:39:0.1905;7:783:428:116:54:0.1194;7:959:66:320:560:0.7152,3,38:2:561:447:32:25;40:7:959:66:320:560;44:2:504:442:28:18,38,SAFE,16.347
519,0,4,2:273:444:45:20:0.1037;2:562:447:31:25:0.6850;2:727:434:61:39:0.1244;7:986:26:293:613:0.6431,2,38:2:562:447:31:25;40:7:986:26:293:613,38,SAFE,17.605
520,0,3,2:562:447:31:25:0.6368;2:735:433:55:39:0.1718;5:1016:35:263:622:0.6081,2,38:2:562:447:31:25;40:5:1016:35:263:622,38,SAFE,12.045
521,0,3,2:507:440:24:21:0.3085;2:562:448:32:23:0.3891;2:636:446:23:19:0.3553,2,38:2:562:448:32:23;44:2:507:440:24:21,38,SAFE,21.385
522,0,3,2:508:441:22:19:0.2393;2:562:447:32:25:0.4441;2:636:445:24:21:0.3971,2,38:2:562:447:32:25;44:2:508:441:22:19,38,SAFE,21.300
523,0,2,2:562:448:31:23:0.4327;2:637:445:23:19:0.3555,2,38:2:562:448:31:23;45:2:637:445:23:19,38,SAFE,inf
524,0,4,2:121:446:42:23:0.1311;2:507:441:23:20:0.3475;2:562:448:32:23:0.4084;2:637:445:24:19:0.2933,3,38:2:562:448:32:23;44:2:507:441:23:20;45:2:637:445:24:19,38,SAFE,inf
525,0,3,2:563:447:32:25:0.3542;2:637:445:25:19:0.5084;7:506:441:24:21:0.2225,3,38:2:563:447:32:25;44:7:506:441:24:21;45:2:637:445:25:19,38,SAFE,inf
526,0,3,2:563:448:32:25:0.5153;2:637:445:25:20:0.4540;7:506:442:22:20:0.2270,3,38:2:563:448:32:25;44:7:506:442:22:20;45:2:637:445:25:20,38,SAFE,inf
527,0,4,2:563:446:31:25:0.4129;2:637:445:26:20:0.4907;5:76:342:238:130:0.1324;7:505:442:22:19:0.2331,3,38:2:563:446:31:25;44:7:505:442:22:19;45:2:637:445:26:20,38,SAFE,inf
528,0,3,2:502:439:28:24:0.1017;2:563:448:31:25:0.4798;2:636:445:28:20:0.3549,3,38:2:563:448:31:25;44:2:502:439:28:24;45:2:636:445:28:20,38,SAFE,inf
529,0,4,2:563:448:32:24:0.3742;2:636:445:28:21:0.3260;5:63:341:249:132:0.1236;7:505:442:21:19:0.2199,3,38:2:563:448:32:24;44:7:505:442:21:19;45:2:636:445:28:21,38,SAFE,inf
530,0,4,2:563:448:32:25:0.5172;2:636:445:29:21:0.3171;5:60:336:247:137:0.1242;7:504:442:20:19:0.2144,3,38:2:563:448:32:25;44:7:504:442:20:19;45:2:636:445:29:21,38,SAFE,inf
531,0,3,2:563:448:32:25:0.4260;2:639:445:26:21:0.2604;7:885:416:74:70:0.3187,2,38:2:563:448:32:25;45:2:639:445:26:21,38,SAFE,inf
532,0,3,2:73:443:50:26:0.1059;2:563:448:33:25:0.5097;2:642:445:24:21:0.2967,2,38:2:563:448:33:25;45:2:642:445:24:21,38,SAFE,22.224
533,0,3,2:564:448:32:25:0.5860;2:643:445:24:21:0.2994;7:890:416:69:72:0.2593,2,38:2:564:448:32:25;45:2:643:445:24:21,38,SAFE,13.134
534,0,2,2:564:448:32:25:0.6358;2:645:445:22:22:0.4224,2,38:2:564:448:32:25;45:2:645:445:22:22,38,SAFE,9.321
535,0,2,2:564:448:32:25:0.6607;2:644:445:24:22:0.3948,2,38:2:564:448:32:25;45:2:644:445:24:22,38,SAFE,7.224
536,0,4,2:564:448:33:25:0.6862;2:645:445:24:20:0.3359;7:2:330:290:142:0.1505;7:320:413:63:52:0.2349,2,38:2:564:448:33:25;45:2:645:445:24:20,38,SAFE,10.186
537,0,2,2:564:448:33:25:0.6466;2:645:445:24:21:0.2844,2,38:2:564:448:33:25;45:2:645:445:24:21,38,SAFE,8.306
538,0,2,2:565:448:32:25:0.5962;2:646:445:24:22:0.3398,2,38:2:565:448:32:25;45:2:646:445:24:22,38,SAFE,14.042
539,0,2,2:565:448:33:25:0.6453;2:646:447:24:22:0.1433,2,38:2:565:448:33:25;45:2:646:447:24:22,38,SAFE,inf
540,0,2,2:565:448:33:25:0.6206;2:647:446:23:23:0.1660,2,38:2:565:448:33:25;45:2:647:446:23:23,38,SAFE,inf
541,0,2,2:565:448:33:25:0.3634;2:647:446:24:22:0.1009,2,38:2:565:448:33:25;45:2:647:446:24:22,38,SAFE,45.773
542,0,2,2:565:448:33:25:0.2774;2:648:446:24:22:0.1061,2,38:2:565:448:33:25;45:2:648:446:24:22,38,SAFE,38.144
543,0,3,2:565:448:33:25:0.4576;2:650:446:22:21:0.1002;7:495:441:23:21:0.3073,2,38:2:565:448:33:25;45:2:650:446:22:21,38,SAFE,32.695
544,0,4,2:565:448:34:25:0.5254;2:648:446:26:21:0.1074;7:0:443:68:34:0.1120;7:494:442:21:20:0.2042,2,38:2:565:448:34:25;45:2:648:446:26:21,38,SAFE,inf
545,0,3,2:566:448:33:25:0.5743;2:648:446:27:22:0.1027;7:749:427:164:59:0.2586,2,38:2:566:448:33:25;45:2:648:446:27:22,38,SAFE,inf
546,0,2,2:566:448:33:25:0.6336;7:722:425:189:61:0.2517,1,38:2:566:448:33:25,38,SAFE,inf
547,0,3,0:0:443:14:32:0.1799;2:566:448:33:26:0.6600;7:721:425:192:61:0.4105,1,38:2:566:448:33:26,38,SAFE,34.030
548,0,2,2:566:448:33:26:0.5496;7:723:425:205:62:0.4296,1,38:2:566:448:33:26,38,SAFE,18.324
549,0,2,2:567:449:32:24:0.6434;7:720:426:212:62:0.5572,2,38:2:567:449:32:24;46:7:720:426:212:62,38,SAFE,inf
550,0,2,2:567:449:33:25:0.5868;7:320:407:28:61:0.3008,1,38:2:567:449:33:25,38,SAFE,inf
551,0,2,2:567:449:34:25:0.4669;7:320:406:25:62:0.4322,1,38:2:567:449:34:25,38,SAFE,inf
552,0,3,2:482:439:33:24:0.1071;2:567:449:34:25:0.5506;7:734:423:217:69:0.3538,2,38:2:567:449:34:25;46:7:734:423:217:69,38,SAFE,inf
553,0,2,2:568:449:33:26:0.6545;7:484:441:30:23:0.3207,1,38:2:568:449:33:26,38,SAFE,34.636
554,0,3,2:568:449:33:25:0.6683;7:320:408:14:57:0.2463;7:486:442:27:22:0.2927,1,38:2:568:449:33:25,38,SAFE,48.432
555,0,4,0:1213:456:19:63:0.1287;2:568:449:34:25:0.7035;2:656:446:27:26:0.1268;7:485:442:28:22:0.2493,1,38:2:568:449:34:25,38,SAFE,inf
556,0,3,2:568:450:34:25:0.6677;2:656:446:29:26:0.1920;7:484:442:24:22:0.2376,1,38:2:568:450:34:25,38,SAFE,inf
557,0,2,2:568:450:34:25:0.5959;2:657:447:27:29:0.1584,1,38:2:568:450:34:25,38,SAFE,inf
558,0,3,2:568:450:34:25:0.6323;2:658:445:29:28:0.2255;7:482:442:24:23:0.3352,1,38:2:568:450:34:25,38,SAFE,inf
559,0,4,2:569:450:33:25:0.5723;2:658:445:29:30:0.1221;7:0:350:81:137:0.1293;7:481:442:23:23:0.2608,1,38:2:569:450:33:25,38,SAFE,inf
560,0,3,2:570:451:35:24:0.5906;2:658:444:32:31:0.2706;7:481:442:22:22:0.2992,2,38:2:570:451:35:24;47:7:481:442:22:22,38,SAFE,inf
561,0,2,2:570:450:34:25:0.6621;2:659:444:30:30:0.1360,1,38:2:570:450:34:25,38,SAFE,inf
562,0,2,2:571:450:32:25:0.4775;2:661:445:30:29:0.3083,1,38:2:571:450:32:25,38,SAFE,inf
563,0,2,2:571:451:33:24:0.5859;2:661:445:33:29:0.2796,1,38:2:571:451:33:24,38,SAFE,inf
564,0,3,2:571:451:34:24:0.6053;2:661:445:34:30:0.2768;7:226:400:76:71:0.1941,2,38:2:571:451:34:24;48:2:661:445:34:30,38,SAFE,inf
565,0,3,2:571:451:34:25:0.4191;2:662:446:33:29:0.4066;7:475:442:23:24:0.2145,2,38:2:571:451:34:25;48:2:662:446:33:29,38,SAFE,inf
566,0,3,2:572:451:33:24:0.5139;2:663:446:33:28:0.4856;7:474:442:24:25:0.2544,3,38:2:572:451:33:24;47:7:474:442:24:25;48:2:663:446:33:28,38,SAFE,inf
567,0,4,0:890:533:68:72:0.1022;2:572:451:35:25:0.6945;2:664:446:34:29:0.5926;7:473:442:24:25:0.2766,3,38:2:572:451:35:25;47:7:473:442:24:25;48:2:664:446:34:29,38,SAFE,inf
568,0,4,2:572:452:36:23:0.7683;2:665:447:34:28:0.5531;7:0:325:204:148:0.1849;7:472:443:24:24:0.2475,3,38:2:572:452:36:23;47:7:472:443:24:24;48:2:665:447:34:28,38,SAFE,inf
569,0,4,2:469:440:27:27:0.2454;2:572:452:36:24:0.6686;2:666:445:35:31:0.4835;7:0:326:201:144:0.2482,3,38:2:572:452:36:24;47:2:469:440:27:27;48:2:666:445:35:31,38,SAFE,inf
570,0,4,2:573:452:36:24:0.6244;2:668:446:34:31:0.3737;7:1:326:197:147:0.2208;7:469:444:26:24:0.2767,3,38:2:573:452:36:24;47:7:469:444:26:24;48:2:668:446:34:31,38,SAFE,inf
571,0,5,2:574:452:35:24:0.5471;2:670:446:33:30:0.3663;7:1:327:191:146:0.2458;7:127:395:144:84:0.1463;7:469:443:27:25:0.3005,3,38:2:574:452:35:24;47:7:469:443:27:25;48:2:670:446:33:30,38,SAFE,inf
572,0,5,2:121:447:96:34:0.1229;2:574:452:36:24:0.7649;2:671:445:34:31:0.3789;7:180:396:87:82:0.1765;7:450:442:46:27:0.3513,3,38:2:574:452:36:24;47:7:450:442:46:27;48:2:671:445:34:31,38,SAFE,inf
573,0,5,2:576:452:34:24:0.6709;2:671:446:37:30:0.3603;7:0:328:186:150:0.2544;7:117:394:145:87:0.1494;7:466:443:31:25:0.3247,3,38:2:576:452:34:24;47:7:466:443:31:25;48:2:671:446:37:30,38,SAFE,inf
574,0,6,2:109:447:94:36:0.1318;2:575:452:36:26:0.6288;2:672:445:37:31:0.2018;7:1:328:181:149:0.4410;7:299:412:60:60:0.1548;7:447:442:50:28:0.3017,3,38:2:575:452:36:26;47:7:447:442:50:28;48:2:672:445:37:31,38,SAFE,inf
575,1,2,2:555:407:56:49:0.8448;5:639:355:100:97:0.3078,0,,-1,NONE,inf
576,0,2,2:555:407:56:49:0.8661;5:639:354:102:99:0.2991,0,,-1,NONE,inf
577,0,1,2:555:408:56:48:0.8303,1,49:2:555:408:56:48,-1,NONE,inf
578,0,1,2:554:408:57:48:0.8395,1,49:2:554:408:57:48,-1,NONE,inf
579,0,2,2:555:408:56:48:0.8410;5:640:352:104:102:0.2785,1,49:2:555:408:56:48,-1,NONE,inf
580,0,1,2:555:408:57:48:0.8571,1,49:2:555:408:57:48,-1,NONE,inf
581,0,2,2:555:408:57:49:0.8690;5:640:352:107:103:0.2761,1,49:2:555:408:57:49,-1,NONE,inf
582,0,2,2:555:408:57:49:0.8766;5:640:351:108:104:0.3634,1,49:2:555:408:57:49,-1,NONE,inf
583,0,2,2:555:408:57:49:0.8705;5:640:351:110:104:0.4691,1,49:2:555:408:57:49,-1,NONE,inf
584,0,2,2:555:408:57:49:0.8675;5:641:351:110:104:0.5584,2,49:2:555:408:57:49;50:5:641:351:110:104,-1,NONE,inf
585,0,2,2:555:408:57:49:0.8602;5:641:350:112:105:0.4444,2,49:2:555:408:57:49;50:5:641:350:112:105,-1,NONE,inf
586,0,2,2:555:408:57:49:0.8534;5:641:349:113:107:0.3412,2,49:2:555:408:57:49;50:5:641:349:113:107,-1,NONE,inf
587,0,2,2:555:409:57:49:0.8527;5:642:349:114:108:0.4199,2,49:2:555:409:57:49;50:5:642:349:114:108,-1,NONE,inf
588,0,2,2:555:409:57:49:0.8504;5:642:348:116:109:0.4291,2,49:2:555:409:57:49;50:5:642:348:116:109,-1,NONE,inf
589,0,2,2:555:409:57:49:0.8619;5:643:347:116:110:0.4252,2,49:2:555:409:57:49;50:5:643:347:116:110,-1,NONE,inf
590,0,2,2:555:408:57:50:0.8607;5:645:348:116:110:0.2769,2,49:2:555:408:57:50;50:5:645:348:116:110,-1,NONE,inf
591,0,2,2:555:408:58:50:0.8667;5:645:348:118:110:0.2647,2,49:2:555:408:58:50;50:5:645:348:118:110,-1,NONE,inf
592,0,2,2:555:407:57:50:0.8761;5:642:346:122:112:0.3780,2,49:2:555:407:57:50;50:5:642:346:122:112,-1,NONE,inf
593,0,2,2:555:408:57:50:0.8693;5:642:345:124:113:0.3503,2,49:2:555:408:57:50;50:5:642:345:124:113,-1,NONE,inf
594,0,2,2:555:408:58:50:0.8745;5:642:344:126:114:0.4525,2,49:2:555:408:58:50;50:5:642:344:126:114,-1,NONE,inf
595,0,2,2:555:408:58:50:0.8901;5:642:344:128:115:0.5196,2,49:2:555:408:58:50;50:5:642:344:128:115,-1,NONE,inf
596,0,2,2:555:408:58:50:0.8859;5:643:343:129:117:0.3683,2,49:2:555:408:58:50;50:5:643:343:129:117,-1,NONE,inf
597,0,2,2:555:409:58:50:0.8831;2:643:342:131:119:0.3531,2,49:2:555:409:58:50;50:2:643:342:131:119,-1,NONE,inf
598,0,2,2:555:409:59:50:0.8858;2:644:341:131:120:0.3864,2,49:2:555:409:59:50;50:2:644:341:131:120,-1,NONE,inf
599,0,2,2:555:409:58:50:0.8877;2:645:340:132:122:0.3913,2,49:2:555:409:58:50;50:2:645:340:132:122,-1,NONE,inf
600,0,2,2:556:409:58:50:0.8760;2:645:340:134:122:0.4174,2,49:2:556:409:58:50;50:2:645:340:134:122,-1,NONE,inf
601,0,3,2:556:410:57:50:0.8807;2:620:419:14:12:0.2293;5:645:339:137:124:0.4062,2,49:2:556:410:57:50;50:5:645:339:137:124,-1,NONE,inf
602,0,3,2:556:410:58:50:0.8769;2:619:419:16:12:0.2671;5:645:338:139:126:0.4559,2,49:2:556:410:58:50;50:5:645:338:139:126,-1,NONE,inf
603,0,3,2:556:409:58:51:0.8811;2:620:419:14:12:0.2160;5:645:337:141:128:0.3922,2,49:2:556:409:58:51;50:5:645:337:141:128,-1,NONE,inf
604,0,2,2:556:410:58:50:0.8520;5:645:336:144:129:0.3749,2,49:2:556:410:58:50;50:5:645:336:144:129,-1,NONE,inf
605,0,3,2:556:410:58:50:0.8528;2:620:419:15:12:0.3351;7:647:335:144:131:0.4403,2,49:2:556:410:58:50;50:7:647:335:144:131,-1,NONE,inf
606,0,3,2:556:410:58:50:0.8486;2:621:420:14:11:0.2959;7:648:334:146:133:0.3100,2,49:2:556:410:58:50;50:7:648:334:146:133,-1,NONE,inf
607,0,3,2:556:410:58:50:0.8123;2:620:420:15:11:0.4676;7:650:333:147:134:0.3896,3,49:2:556:410:58:50;50:7:650:333:147:134;51:2:620:420:15:11,-1,NONE,inf
608,0,2,2:556:409:58:51:0.8733;2:620:419:15:12:0.4609,2,49:2:556:409:58:51;51:2:620:419:15:12,-1,NONE,inf
609,0,3,2:556:409:59:51:0.8862;2:620:419:16:12:0.4564;5:651:331:151:137:0.4498,3,49:2:556:409:59:51;50:5:651:331:151:137;51:2:620:419:16:12,-1,NONE,inf
610,0,3,2:556:408:59:52:0.8714;2:620:419:15:11:0.3795;5:651:330:154:138:0.5236,3,49:2:556:408:59:52;50:5:651:330:154:138;51:2:620:419:15:11,-1,NONE,inf
611,0,3,2:556:408:59:52:0.8561;2:621:419:14:11:0.2401;5:652:329:155:139:0.4350,3,49:2:556:408:59:52;50:5:652:329:155:139;51:2:621:419:14:11,-1,NONE,inf
612,0,3,2:556:408:59:52:0.8413;2:621:419:14:11:0.2849;5:653:328:157:140:0.5958,3,49:2:556:408:59:52;50:5:653:328:157:140;51:2:621:419:14:11,-1,NONE,inf
613,0,2,2:557:408:59:51:0.8417;5:653:327:160:141:0.4736,2,49:2:557:408:59:51;50:5:653:327:160:141,-1,NONE,inf
614,0,3,2:557:408:59:51:0.8370;2:621:419:15:11:0.2343;5:653:326:163:141:0.6786,2,49:2:557:408:59:51;50:5:653:326:163:141,-1,NONE,inf
615,0,3,2:557:408:59:51:0.8530;2:621:419:15:11:0.2242;5:655:324:164:144:0.5477,2,49:2:557:408:59:51;50:5:655:324:164:144,-1,NONE,inf
616,0,2,2:558:408:59:52:0.8828;5:655:323:167:145:0.4453,2,49:2:558:408:59:52;50:5:655:323:167:145,-1,NONE,inf
617,0,1,2:558:408:59:52:0.8845,1,49:2:558:408:59:52,-1,NONE,inf
618,0,1,2:558:408:59:52:0.8938,1,49:2:558:408:59:52,-1,NONE,inf
619,0,2,2:558:408:60:53:0.8915;5:658:320:176:152:0.4178,2,49:2:558:408:60:53;50:5:658:320:176:152,-1,NONE,inf
620,0,3,2:558:408:60:53:0.8930;2:622:419:16:12:0.2060;5:657:319:181:153:0.3233,2,49:2:558:408:60:53;50:5:657:319:181:153,-1,NONE,inf
621,0,3,2:558:408:60:53:0.8731;2:623:420:16:11:0.2105;7:658:317:183:156:0.2151,2,49:2:558:408:60:53;50:7:658:317:183:156,-1,NONE,inf
622,0,3,2:559:408:59:53:0.8692;2:622:420:17:11:0.2654;5:658:315:186:158:0.3288,3,49:2:559:408:59:53;50:5:658:315:186:158;51:2:622:420:17:11,-1,NONE,inf
623,0,3,2:559:408:59:53:0.8448;2:622:420:17:11:0.3177;5:659:313:189:161:0.3252,3,49:2:559:408:59:53;50:5:659:313:189:161;51:2:622:420:17:11,-1,NONE,inf
624,0,3,2:559:408:59:53:0.8737;2:622:420:17:11:0.3502;5:661:312:192:162:0.3589,3,49:2:559:408:59:53;50:5:661:312:192:162;51:2:622:420:17:11,-1,NONE,inf
625,0,3,2:560:407:59:53:0.8686;2:622:420:17:10:0.3290;7:661:310:196:165:0.2977,3,49:2:560:407:59:53;50:7:661:310:196:165;51:2:622:420:17:10,-1,NONE,inf
626,0,3,2:560:408:60:52:0.8705;2:622:420:17:10:0.3087;7:662:309:199:166:0.5340,3,49:2:560:408:60:52;50:7:662:309:199:166;51:2:622:420:17:10,-1,NONE,inf
627,0,3,2:560:407:61:53:0.8451;2:623:420:16:10:0.2399;5:664:308:204:168:0.5343,3,49:2:560:407:61:53;50:5:664:308:204:168;51:2:623:420:16:10,-1,NONE,inf
628,0,2,2:561:407:61:53:0.8439;5:664:305:208:170:0.6802,2,49:2:561:407:61:53;50:5:664:305:208:170,-1,NONE,inf
629,0,3,2:562:407:60:53:0.8592;2:622:419:18:11:0.2057;5:670:304:208:173:0.4774,2,49:2:562:407:60:53;50:5:670:304:208:173,-1,NONE,inf
630,0,3,2:563:407:60:53:0.8474;2:623:419:17:11:0.3004;7:667:301:216:177:0.3269,3,49:2:563:407:60:53;50:7:667:301:216:177;51:2:623:419:17:11,-1,NONE,inf
631,0,3,2:563:407:60:53:0.8527;2:624:419:16:11:0.2640;5:672:301:215:178:0.3676,3,49:2:563:407:60:53;50:5:672:301:215:178;51:2:624:419:16:11,-1,NONE,inf
632,0,3,2:563:407:60:53:0.8465;2:625:420:15:10:0.2155;5:669:297:225:182:0.5175,3,49:2:563:407:60:53;50:5:669:297:225:182;51:2:625:420:15:10,-1,NONE,inf
633,0,2,2:563:407:60:53:0.8569;5:673:297:227:182:0.5690,2,49:2:563:407:60:53;50:5:673:297:227:182,-1,NONE,inf
634,0,2,2:563:407:61:53:0.8581;5:672:293:233:187:0.6598,2,49:2:563:407:61:53;50:5:672:293:233:187,-1,NONE,inf
635,0,3,2:564:407:60:53:0.8410;2:625:419:16:10:0.2504;5:673:289:238:192:0.4733,3,49:2:564:407:60:53;50:5:673:289:238:192;51:2:625:419:16:10,-1,NONE,inf
636,0,3,2:564:407:61:53:0.8556;2:625:419:16:10:0.2430;5:672:288:247:194:0.7437,3,49:2:564:407:61:53;50:5:672:288:247:194;51:2:625:419:16:10,-1,NONE,inf
637,0,2,2:564:407:62:54:0.8660;5:673:285:252:200:0.3659,2,49:2:564:407:62:54;50:5:673:285:252:200,-1,NONE,inf
638,0,2,2:564:407:63:54:0.8702;7:674:284:259:202:0.5357,2,49:2:564:407:63:54;50:7:674:284:259:202,-1,NONE,inf
639,0,2,2:565:407:62:54:0.8757;7:675:282:263:208:0.3972,2,49:2:565:407:62:54;50:7:675:282:263:208,-1,NONE,inf
640,0,2,2:565:407:62:54:0.8629;7:676:280:272:210:0.5591,2,49:2:565:407:62:54;50:7:676:280:272:210,-1,NONE,inf
641,0,2,2:565:407:62:54:0.8718;7:677:276:277:215:0.5491,2,49:2:565:407:62:54;50:7:677:276:277:215,-1,NONE,inf
642,0,2,2:565:408:63:54:0.8689;7:678:275:281:218:0.5996,2,49:2:565:408:63:54;50:7:678:275:281:218,-1,NONE,inf
643,0,2,2:566:408:62:54:0.8686;7:679:275:280:219:0.8626,2,49:2:566:408:62:54;50:7:679:275:280:219,-1,NONE,inf
644,0,2,2:565:408:63:54:0.8635;7:680:275:279:219:0.7187,2,49:2:565:408:63:54;50:7:680:275:279:219,-1,NONE,inf
645,0,2,2:566:409:62:53:0.8774;7:681:275:278:220:0.7957,2,49:2:566:409:62:53;50:7:681:275:278:220,-1,NONE,inf
646,0,2,2:566:409:63:54:0.8709;7:682:275:277:223:0.8715,2,49:2:566:409:63:54;50:7:682:275:277:223,-1,NONE,inf
647,0,2,2:566:409:63:54:0.8612;7:683:275:276:225:0.8622,2,49:2:566:409:63:54;50:7:683:275:276:225,-1,NONE,inf
648,0,2,2:566:409:63:54:0.8694;7:684:275:275:226:0.8430,2,49:2:566:409:63:54;50:7:684:275:275:226,-1,NONE,inf
649,0,2,2:566:408:63:55:0.8565;7:685:275:274:227:0.8784,2,49:2:566:408:63:55;50:7:685:275:274:227,-1,NONE,inf
650,0,2,2:566:409:63:55:0.8451;7:686:275:273:228:0.8638,2,49:2:566:409:63:55;50:7:686:275:273:228,-1,NONE,inf
651,0,2,2:566:409:63:54:0.8030;7:686:275:273:224:0.8694,2,49:2:566:409:63:54;50:7:686:275:273:224,-1,NONE,inf
652,0,2,0:781:418:32:77:0.1451;2:566:408:63:55:0.7913,1,49:2:566:408:63:55,-1,NONE,inf
653,0,2,2:566:408:63:55:0.8226;7:688:275:271:228:0.6580,2,49:2:566:408:63:55;50:7:688:275:271:228,-1,NONE,inf
654,0,2,2:566:408:63:55:0.8019;7:688:274:271:233:0.8347,2,49:2:566:408:63:55;50:7:688:274:271:233,-1,NONE,inf
655,0,2,2:566:407:64:56:0.7890;7:691:274:268:231:0.6523,2,49:2:566:407:64:56;50:7:691:274:268:231,-1,NONE,inf
656,0,2,2:565:407:65:56:0.7822;7:692:274:267:234:0.6375,2,49:2:565:407:65:56;50:7:692:274:267:234,-1,NONE,inf
657,0,2,2:565:407:64:57:0.7971;7:692:275:267:232:0.5386,2,49:2:565:407:64:57;50:7:692:275:267:232,-1,NONE,inf
658,0,2,2:565:407:64:57:0.8006;7:694:275:265:236:0.6469,2,49:2:565:407:64:57;50:7:694:275:265:236,-1,NONE,inf
659,0,2,2:565:406:65:58:0.8071;7:695:274:264:240:0.7915,2,49:2:565:406:65:58;50:7:695:274:264:240,-1,NONE,inf
660,0,2,2:564:407:65:58:0.8509;7:696:275:263:242:0.8269,2,49:2:564:407:65:58;50:7:696:275:263:242,-1,NONE,inf
661,0,2,2:564:406:65:59:0.8412;7:697:275:262:243:0.7900,2,49:2:564:406:65:59;50:7:697:275:262:243,-1,NONE,inf
662,0,2,2:564:406:65:58:0.8500;7:698:274:261:247:0.8357,2,49:2:564:406:65:58;50:7:698:274:261:247,-1,NONE,inf
663,0,2,2:564:407:65:58:0.8618;7:698:274:261:246:0.8724,2,49:2:564:407:65:58;50:7:698:274:261:246,-1,NONE,inf
664,0,2,2:563:406:66:59:0.8551;7:699:274:260:248:0.5633,2,49:2:563:406:66:59;50:7:699:274:260:248,-1,NONE,inf
665,0,1,2:563:406:66:60:0.8527,1,49:2:563:406:66:60,-1,NONE,inf
666,0,2,2:563:406:65:59:0.8628;7:703:276:256:250:0.7655,2,49:2:563:406:65:59;50:7:703:276:256:250,-1,NONE,inf
667,0,2,2:562:406:66:59:0.8587;7:703:275:256:251:0.7007,2,49:2:562:406:66:59;50:7:703:275:256:251,-1,NONE,inf
668,0,2,2:562:406:66:59:0.8550;7:704:275:255:252:0.6619,2,49:2:562:406:66:59;50:7:704:275:255:252,-1,NONE,inf
669,0,2,2:561:405:67:60:0.8574;7:705:275:254:252:0.6344,2,49:2:561:405:67:60;50:7:705:275:254:252,-1,NONE,inf
670,0,2,2:560:406:68:60:0.8487;7:706:275:253:252:0.7326,2,49:2:560:406:68:60;50:7:706:275:253:252,-1,NONE,inf
671,0,2,2:560:406:68:60:0.8612;7:707:275:252:253:0.6429,2,49:2:560:406:68:60;50:7:707:275:252:253,-1,NONE,inf
672,0,2,2:559:405:69:61:0.8532;7:711:3:568:593:0.7819,2,49:2:559:405:69:61;50:7:711:3:568:593,-1,NONE,inf
673,0,2,2:559:405:69:61:0.8573;7:710:275:249:252:0.7176,2,49:2:559:405:69:61;50:7:710:275:249:252,-1,NONE,inf
674,0,2,2:559:405:68:61:0.8679;7:713:275:246:251:0.8236,2,49:2:559:405:68:61;50:7:713:275:246:251,-1,NONE,inf
675,0,2,2:559:405:68:61:0.8753;7:715:276:244:251:0.8824,2,49:2:559:405:68:61;50:7:715:276:244:251,-1,NONE,inf
676,0,2,2:558:404:69:61:0.8721;7:717:276:242:252:0.8659,2,49:2:558:404:69:61;50:7:717:276:242:252,-1,NONE,inf
677,0,2,2:558:404:69:61:0.8698;7:718:275:241:252:0.7966,2,49:2:558:404:69:61;50:7:718:275:241:252,-1,NONE,inf
678,0,2,2:557:404:70:62:0.8601;7:719:275:240:252:0.8594,2,49:2:557:404:70:62;50:7:719:275:240:252,-1,NONE,inf
679,0,2,2:557:404:70:62:0.8573;7:720:275:239:251:0.8282,2,49:2:557:404:70:62;50:7:720:275:239:251,-1,NONE,inf
680,0,2,2:557:404:70:63:0.8573;7:722:275:237:253:0.8453,2,49:2:557:404:70:63;50:7:722:275:237:253,-1,NONE,inf
681,0,2,2:556:405:71:62:0.8539;7:725:274:234:253:0.8448,2,49:2:556:405:71:62;50:7:725:274:234:253,-1,NONE,inf
682,0,2,2:556:405:71:62:0.8469;7:725:274:234:253:0.8832,2,49:2:556:405:71:62;50:7:725:274:234:253,-1,NONE,inf
683,0,2,2:556:405:70:62:0.8423;7:728:275:231:251:0.8662,2,49:2:556:405:70:62;50:7:728:275:231:251,-1,NONE,inf
684,0,2,2:556:405:71:63:0.8535;7:729:275:230:252:0.8765,2,49:2:556:405:71:63;50:7:729:275:230:252,-1,NONE,inf
685,0,2,2:555:405:72:63:0.8583;7:731:275:228:254:0.8711,2,49:2:555:405:72:63;50:7:731:275:228:254,-1,NONE,inf
686,0,2,2:555:405:72:63:0.8568;7:734:275:225:254:0.8845,2,49:2:555:405:72:63;50:7:734:275:225:254,-1,NONE,inf
687,0,2,2:555:404:72:64:0.8523;7:736:275:223:253:0.8784,2,49:2:555:404:72:64;50:7:736:275:223:253,-1,NONE,inf
688,0,2,2:554:404:73:64:0.8459;7:739:275:220:251:0.8860,2,49:2:554:404:73:64;50:7:739:275:220:251,-1,NONE,inf
689,0,2,2:554:404:73:64:0.8402;7:742:275:217:251:0.8736,2,49:2:554:404:73:64;50:7:742:275:217:251,-1,NONE,inf
690,0,2,2:554:404:73:64:0.8389;7:745:275:214:249:0.9040,2,49:2:554:404:73:64;50:7:745:275:214:249,-1,NONE,inf
691,0,2,2:554:404:73:64:0.8414;7:748:275:211:249:0.9001,2,49:2:554:404:73:64;50:7:748:275:211:249,-1,NONE,inf
692,0,2,2:554:404:73:64:0.8440;7:751:276:208:250:0.8954,2,49:2:554:404:73:64;50:7:751:276:208:250,-1,NONE,inf
693,0,2,2:554:404:73:65:0.8435;7:753:275:206:250:0.8953,2,49:2:554:404:73:65;50:7:753:275:206:250,-1,NONE,inf
694,0,2,2:554:403:73:66:0.8364;7:755:275:204:253:0.8979,2,49:2:554:403:73:66;50:7:755:275:204:253,49,SAFE,9.443
695,0,2,2:554:403:74:65:0.8399;7:759:275:200:254:0.9281,2,49:2:554:403:74:65;50:7:759:275:200:254,49,SAFE,8.620
696,0,2,2:554:403:74:65:0.8416;7:763:275:196:255:0.9167,2,49:2:554:403:74:65;50:7:763:275:196:255,49,SAFE,9.167
697,0,2,2:554:403:75:65:0.8416;7:767:276:192:254:0.8852,2,49:2:554:403:75:65;50:7:767:276:192:254,49,SAFE,10.299
698,0,2,2:554:403:75:65:0.8608;7:772:276:187:254:0.8798,2,49:2:554:403:75:65;50:7:772:276:187:254,49,SAFE,12.492
699,0,2,2:554:403:76:65:0.8473;7:776:275:183:253:0.9175,2,49:2:554:403:76:65;50:7:776:275:183:253,49,SAFE,13.957
700,0,2,2:554:403:76:65:0.8506;7:780:275:179:243:0.9082,2,49:2:554:403:76:65;50:7:780:275:179:243,49,SAFE,16.695
701,0,2,2:554:403:76:65:0.8583;7:788:275:171:249:0.9351,2,49:2:554:403:76:65;50:7:788:275:171:249,49,SAFE,22.318
702,0,2,2:554:404:77:65:0.8645;7:790:275:169:250:0.9212,2,49:2:554:404:77:65;50:7:790:275:169:250,49,SAFE,25.092
703,0,2,2:555:404:76:65:0.8671;7:794:274:165:252:0.9282,2,49:2:555:404:76:65;50:7:794:274:165:252,49,SAFE,30.084
704,0,2,2:556:404:76:67:0.8734;7:799:275:160:252:0.9104,2,49:2:556:404:76:67;50:7:799:275:160:252,49,SAFE,20.975
705,0,2,2:556:404:77:67:0.8719;7:807:274:152:254:0.8359,2,49:2:556:404:77:67;50:7:807:274:152:254,49,SAFE,17.481
706,0,2,2:556:405:78:66:0.8698;7:812:274:147:255:0.8866,2,49:2:556:405:78:66;50:7:812:274:147:255,49,SAFE,19.776
707,0,2,2:556:405:79:66:0.8789;7:823:274:136:256:0.8368,2,49:2:556:405:79:66;50:7:823:274:136:256,49,SAFE,24.611
708,0,2,2:557:405:79:68:0.8850;7:828:274:131:256:0.8373,2,49:2:557:405:79:68;50:7:828:274:131:256,49,SAFE,15.861
709,0,2,2:557:405:80:68:0.8805;7:834:0:445:641:0.8724,2,49:2:557:405:80:68;50:7:834:0:445:641,49,SAFE,10.671
710,0,2,2:557:405:81:69:0.8825;7:840:1:439:624:0.8785,2,49:2:557:405:81:69;50:7:840:1:439:624,49,SAFE,8.401
711,0,2,2:558:405:81:69:0.8792;7:849:0:430:615:0.8546,2,49:2:558:405:81:69;50:7:849:0:430:615,49,SAFE,7.248
712,0,2,2:560:405:80:69:0.8626;7:857:4:422:624:0.8465,2,49:2:560:405:80:69;50:7:857:4:422:624,49,SAFE,6.644
713,0,2,2:561:405:80:70:0.8775;7:868:5:411:626:0.9124,2,49:2:561:405:80:70;50:7:868:5:411:626,49,SAFE,5.972
714,0,2,2:562:405:79:69:0.8650;7:877:5:402:630:0.9228,2,49:2:562:405:79:69;50:7:877:5:402:630,49,SAFE,6.036
715,0,2,2:563:405:80:70:0.8634;7:889:4:390:630:0.9175,2,49:2:563:405:80:70;50:7:889:4:390:630,49,SAFE,5.942
716,0,2,2:563:404:81:70:0.8654;7:901:1:378:628:0.8749,2,49:2:563:404:81:70;50:7:901:1:378:628,49,SAFE,6.136
717,0,2,2:564:404:80:70:0.8675;7:915:3:364:634:0.8756,2,49:2:564:404:80:70;50:7:915:3:364:634,49,SAFE,6.679
718,0,2,2:565:404:81:70:0.8833;7:928:2:351:635:0.8776,2,49:2:565:404:81:70;50:7:928:2:351:635,49,SAFE,7.781
719,0,2,2:566:404:82:70:0.8876;7:942:4:337:627:0.8728,2,49:2:566:404:82:70;50:7:942:4:337:627,49,SAFE,7.977
720,0,2,2:567:404:81:70:0.8877;7:959:4:320:628:0.8191,2,49:2:567:404:81:70;50:7:959:4:320:628,49,SAFE,8.511
721,0,2,2:568:404:82:71:0.8944;7:979:4:300:625:0.8422,2,49:2:568:404:82:71;50:7:979:4:300:625,49,SAFE,9.737
722,0,2,2:569:405:82:70:0.8973;7:997:4:282:619:0.7810,2,49:2:569:405:82:70;50:7:997:4:282:619,49,SAFE,14.395
723,0,2,2:571:405:81:71:0.8985;7:1019:3:260:631:0.7373,2,49:2:571:405:81:71;50:7:1019:3:260:631,49,SAFE,15.124
724,0,2,2:572:405:82:71:0.9000;5:1045:4:234:632:0.6122,2,49:2:572:405:82:71;50:5:1045:4:234:632,49,SAFE,17.196
725,0,2,2:572:405:84:71:0.8869;7:1073:1:206:635:0.7737,2,49:2:572:405:84:71;50:7:1073:1:206:635,49,SAFE,17.222
726,0,2,2:574:405:83:72:0.8814;5:1106:3:173:637:0.5777,2,49:2:574:405:83:72;50:5:1106:3:173:637,49,SAFE,15.291
727,0,3,2:442:416:19:11:0.2434;2:575:405:83:71:0.8711;7:1146:9:133:592:0.3860,2,49:2:575:405:83:71;50:7:1146:9:133:592,49,SAFE,17.332
728,0,3,2:443:417:16:10:0.2084;2:577:404:83:73:0.8422;7:1184:56:95:548:0.3050,2,49:2:577:404:83:73;50:7:1184:56:95:548,49,SAFE,12.489
729,0,3,0:1227:37:52:532:0.1432;2:444:417:15:10:0.2492;2:578:404:83:74:0.8523,1,49:2:578:404:83:74,49,SAFE,10.435
730,0,1,2:580:404:83:74:0.8789,1,49:2:580:404:83:74,49,SAFE,8.590
731,0,1,2:580:404:85:73:0.8816,1,49:2:580:404:85:73,49,SAFE,8.274
732,0,1,2:582:404:85:74:0.8826,1,49:2:582:404:85:74,49,SAFE,7.633
733,0,1,2:584:405:84:73:0.9046,1,49:2:584:405:84:73,49,SAFE,7.998
734,0,1,2:585:405:86:74:0.8949,1,49:2:585:405:86:74,49,SAFE,8.017
735,0,1,2:586:405:86:75:0.9031,1,49:2:586:405:86:75,49,SAFE,7.779
736,0,1,2:588:405:87:75:0.8864,1,49:2:588:405:87:75,-1,NONE,inf
737,0,1,2:590:405:87:75:0.8613,1,49:2:590:405:87:75,-1,NONE,inf
738,0,1,2:592:405:87:76:0.8660,1,49:2:592:405:87:76,-1,NONE,inf
739,0,1,2:595:405:86:76:0.8737,1,49:2:595:405:86:76,-1,NONE,inf
740,0,1,2:596:404:88:77:0.8805,1,49:2:596:404:88:77,-1,NONE,inf
741,0,1,2:598:404:88:76:0.8692,1,49:2:598:404:88:76,-1,NONE,inf
742,0,1,2:600:404:89:77:0.8809,1,49:2:600:404:89:77,-1,NONE,inf
743,0,1,2:602:404:90:77:0.8833,1,49:2:602:404:90:77,-1,NONE,inf
744,0,1,2:603:404:91:78:0.8771,1,49:2:603:404:91:78,-1,NONE,inf
745,0,1,2:606:404:90:78:0.7956,1,49:2:606:404:90:78,-1,NONE,inf
746,0,1,2:608:404:92:79:0.7896,1,49:2:608:404:92:79,-1,NONE,inf
747,0,1,2:610:404:93:80:0.7564,1,49:2:610:404:93:80,-1,NONE,inf
748,0,1,2:610:403:95:81:0.7912,1,49:2:610:403:95:81,-1,NONE,inf
749,0,1,2:614:404:94:80:0.8351,1,49:2:614:404:94:80,-1,NONE,inf
750,0,1,2:615:404:96:80:0.8422,1,49:2:615:404:96:80,-1,NONE,inf
751,0,1,2:617:404:97:81:0.8003,1,49:2:617:404:97:81,-1,NONE,inf
752,0,1,2:619:405:98:82:0.6846,1,49:2:619:405:98:82,-1,NONE,inf
753,0,1,2:623:404:96:83:0.6955,1,49:2:623:404:96:83,-1,NONE,inf
754,0,1,2:624:404:99:82:0.8073,1,49:2:624:404:99:82,-1,NONE,inf
755,0,1,2:623:405:103:82:0.7984,1,49:2:623:405:103:82,-1,NONE,inf
756,0,1,2:624:404:104:84:0.7901,1,49:2:624:404:104:84,-1,NONE,inf
757,0,1,2:633:404:98:85:0.6711,1,49:2:633:404:98:85,-1,NONE,inf
758,0,1,2:636:403:98:86:0.7169,1,49:2:636:403:98:86,-1,NONE,inf
759,0,1,2:639:403:99:86:0.7808,1,49:2:639:403:99:86,-1,NONE,inf
760,0,1,2:641:403:99:87:0.7046,1,49:2:641:403:99:87,-1,NONE,inf
761,0,1,2:643:403:99:87:0.7092,1,49:2:643:403:99:87,-1,NONE,inf
762,0,1,2:640:402:107:87:0.7953,1,49:2:640:402:107:87,-1,NONE,inf
763,0,1,2:633:401:117:88:0.5994,1,49:2:633:401:117:88,-1,NONE,inf
764,0,1,2:642:401:111:89:0.7122,1,49:2:642:401:111:89,-1,NONE,inf
765,0,1,2:646:401:109:90:0.7931,1,49:2:646:401:109:90,-1,NONE,inf
766,0,1,2:648:402:110:90:0.7686,1,49:2:648:402:110:90,-1,NONE,inf
767,0,2,2:622:419:17:11:0.2363;2:650:401:111:91:0.7875,1,49:2:650:401:111:91,-1,NONE,inf
768,0,1,2:658:402:107:91:0.5336,1,49:2:658:402:107:91,-1,NONE,inf
769,0,1,2:656:402:111:91:0.5841,1,49:2:656:402:111:91,-1,NONE,inf
770,0,1,2:658:402:113:92:0.6106,1,49:2:658:402:113:92,-1,NONE,inf
771,0,1,2:660:402:114:92:0.6490,1,49:2:660:402:114:92,-1,NONE,inf
772,0,2,2:621:419:17:10:0.2521;2:663:401:115:93:0.8329,1,49:2:663:401:115:93,-1,NONE,inf
773,0,2,2:621:419:15:10:0.3234;2:664:402:117:93:0.9037,1,49:2:664:402:117:93,-1,NONE,inf
774,0,2,2:621:419:13:10:0.2778;2:666:401:118:94:0.8830,1,49:2:666:401:118:94,-1,NONE,inf
775,0,2,2:621:419:13:10:0.2500;2:668:401:119:94:0.8604,1,49:2:668:401:119:94,-1,NONE,inf
776,0,2,2:621:419:13:10:0.2152;2:670:401:120:94:0.8935,1,49:2:670:401:120:94,-1,NONE,inf
777,0,1,2:671:401:123:95:0.9246,1,49:2:671:401:123:95,-1,NONE,inf
778,0,1,2:672:401:125:96:0.9153,1,49:2:672:401:125:96,-1,NONE,inf
779,0,1,2:676:400:124:98:0.9333,1,49:2:676:400:124:98,-1,NONE,inf
780,0,1,2:678:400:126:98:0.9392,1,49:2:678:400:126:98,-1,NONE,inf
781,0,1,2:679:400:129:98:0.8888,1,49:2:679:400:129:98,-1,NONE,inf
782,0,1,2:680:401:132:98:0.8280,1,49:2:680:401:132:98,-1,NONE,inf
783,0,1,2:684:401:130:99:0.8289,1,49:2:684:401:130:99,-1,NONE,inf
784,0,1,2:685:399:134:103:0.7931,1,49:2:685:399:134:103,-1,NONE,inf
785,0,1,2:688:400:133:101:0.9065,1,49:2:688:400:133:101,-1,NONE,inf
786,0,1,2:689:400:135:101:0.9121,1,49:2:689:400:135:101,-1,NONE,inf
787,0,2,2:618:420:14:10:0.2436;2:692:400:136:102:0.9092,1,49:2:692:400:136:102,-1,NONE,inf
788,0,2,2:618:419:14:11:0.2588;2:693:400:139:103:0.9273,1,49:2:693:400:139:103,-1,NONE,inf
789,0,1,2:696:399:140:104:0.9243,1,49:2:696:399:140:104,-1,NONE,inf
790,0,1,2:697:398:143:106:0.9258,1,49:2:697:398:143:106,-1,NONE,inf
791,0,1,2:700:398:144:107:0.9268,1,49:2:700:398:144:107,-1,NONE,inf
792,0,1,2:702:398:147:108:0.9263,1,49:2:702:398:147:108,-1,NONE,inf
793,0,1,2:704:398:149:109:0.9317,1,49:2:704:398:149:109,-1,NONE,inf
794,0,1,2:705:398:152:111:0.9193,1,49:2:705:398:152:111,-1,NONE,inf
795,0,1,2:708:398:152:110:0.9248,1,49:2:708:398:152:110,-1,NONE,inf
796,0,1,2:709:398:156:111:0.9321,1,49:2:709:398:156:111,-1,NONE,inf
797,0,1,2:711:398:158:112:0.9359,1,49:2:711:398:158:112,-1,NONE,inf
798,0,1,2:714:398:161:113:0.9383,1,49:2:714:398:161:113,-1,NONE,inf
799,0,1,2:716:398:163:115:0.9437,1,49:2:716:398:163:115,-1,NONE,inf
800,0,1,2:717:398:167:114:0.9425,1,49:2:717:398:167:114,-1,NONE,inf
801,0,1,2:720:398:169:115:0.9406,1,49:2:720:398:169:115,-1,NONE,inf
802,0,1,2:722:397:171:117:0.9404,1,49:2:722:397:171:117,-1,NONE,inf
803,0,1,2:724:397:175:119:0.9375,1,49:2:724:397:175:119,-1,NONE,inf
804,0,1,2:727:397:176:119:0.9380,1,49:2:727:397:176:119,-1,NONE,inf
805,0,1,2:729:396:179:122:0.9359,1,49:2:729:396:179:122,-1,NONE,inf
806,0,1,2:731:396:184:122:0.9365,1,49:2:731:396:184:122,-1,NONE,inf
807,0,1,2:733:396:187:124:0.9423,1,49:2:733:396:187:124,-1,NONE,inf
808,0,1,2:736:396:189:125:0.9391,1,49:2:736:396:189:125,-1,NONE,inf
809,0,1,2:738:395:194:127:0.9414,1,49:2:738:395:194:127,-1,NONE,inf
810,0,1,2:741:395:196:128:0.9415,1,49:2:741:395:196:128,-1,NONE,inf
811,0,1,2:743:394:201:130:0.9387,1,49:2:743:394:201:130,-1,NONE,inf
812,0,1,2:747:394:203:131:0.9443,1,49:2:747:394:203:131,-1,NONE,inf
813,0,1,2:749:394:208:132:0.9449,1,49:2:749:394:208:132,-1,NONE,inf
814,0,1,2:751:394:208:133:0.9505,1,49:2:751:394:208:133,-1,NONE,inf
815,0,1,2:755:394:204:132:0.9382,1,49:2:755:394:204:132,-1,NONE,inf
816,0,1,2:757:393:202:133:0.9396,1,49:2:757:393:202:133,-1,NONE,inf
817,0,1,2:759:392:200:135:0.9383,1,49:2:759:392:200:135,-1,NONE,inf
818,0,1,2:762:392:197:137:0.9481,1,49:2:762:392:197:137,-1,NONE,inf
819,0,1,2:766:391:193:137:0.9410,1,49:2:766:391:193:137,-1,NONE,inf
820,0,1,2:768:391:191:138:0.9478,1,49:2:768:391:191:138,-1,NONE,inf
821,0,1,2:771:390:188:139:0.9434,1,49:2:771:390:188:139,-1,NONE,inf
822,0,1,2:775:390:184:140:0.9449,1,49:2:775:390:184:140,-1,NONE,inf
823,0,1,2:778:390:181:140:0.9497,1,49:2:778:390:181:140,-1,NONE,inf
824,0,1,2:781:389:178:141:0.9521,1,49:2:781:389:178:141,-1,NONE,inf
825,0,1,2:785:389:174:141:0.9492,1,49:2:785:389:174:141,-1,NONE,inf
826,0,1,2:789:388:170:142:0.9390,1,49:2:789:388:170:142,-1,NONE,inf
827,0,1,2:792:388:167:143:0.9371,1,49:2:792:388:167:143,-1,NONE,inf
828,0,1,2:796:388:163:142:0.9332,1,49:2:796:388:163:142,-1,NONE,inf
829,0,1,2:800:387:159:143:0.9352,1,49:2:800:387:159:143,-1,NONE,inf
830,0,1,2:803:386:156:145:0.9300,1,49:2:803:386:156:145,-1,NONE,inf
831,0,1,2:808:386:151:144:0.9379,1,49:2:808:386:151:144,-1,NONE,inf
832,0,1,2:813:386:146:145:0.9370,1,49:2:813:386:146:145,-1,NONE,inf
833,0,1,2:817:384:142:147:0.9285,1,49:2:817:384:142:147,-1,NONE,inf
834,0,1,2:821:384:138:147:0.9250,1,49:2:821:384:138:147,-1,NONE,inf
835,0,1,2:825:384:134:147:0.9123,1,49:2:825:384:134:147,-1,NONE,inf
836,0,1,2:830:384:129:147:0.9135,1,49:2:830:384:129:147,-1,NONE,inf
837,0,1,2:835:384:124:146:0.9017,1,49:2:835:384:124:146,-1,NONE,inf
838,0,1,2:840:382:119:148:0.8908,1,49:2:840:382:119:148,-1,NONE,inf
839,0,1,2:844:382:115:148:0.9050,1,49:2:844:382:115:148,-1,NONE,inf
840,0,1,2:850:383:109:147:0.8931,1,49:2:850:383:109:147,-1,NONE,inf
841,0,1,2:855:385:104:145:0.8861,1,49:2:855:385:104:145,-1,NONE,inf
842,0,1,2:860:386:99:144:0.8836,1,49:2:860:386:99:144,-1,NONE,inf
843,0,1,2:866:391:93:140:0.8731,1,49:2:866:391:93:140,-1,NONE,inf
844,0,1,2:872:393:87:137:0.8443,1,49:2:872:393:87:137,-1,NONE,inf
845,0,1,2:877:376:402:216:0.8742,1,49:2:877:376:402:216,-1,NONE,inf
846,0,1,2:882:401:77:130:0.8096,1,49:2:882:401:77:130,-1,NONE,inf
847,0,1,2:889:405:70:126:0.8520,1,49:2:889:405:70:126,-1,NONE,inf
848,0,1,2:895:372:384:225:0.8706,0,,-1,NONE,inf
849,0,1,2:901:370:378:227:0.8813,0,,-1,NONE,inf
850,0,1,2:907:369:372:233:0.8832,1,52:2:907:369:372:233,-1,NONE,inf
851,0,1,2:915:367:364:233:0.8471,1,52:2:915:367:364:233,-1,NONE,inf
852,0,1,2:922:367:357:236:0.8662,1,52:2:922:367:357:236,-1,NONE,inf
853,0,1,2:931:365:348:245:0.8748,1,52:2:931:365:348:245,-1,NONE,inf
854,0,1,2:938:365:341:234:0.8315,1,52:2:938:365:341:234,-1,NONE,inf
855,0,1,2:944:362:335:249:0.7531,1,52:2:944:362:335:249,-1,NONE,inf
856,0,1,2:953:361:326:250:0.7848,1,52:2:953:361:326:250,-1,NONE,inf
857,0,1,2:961:361:318:234:0.6073,1,52:2:961:361:318:234,-1,NONE,inf
858,0,1,2:970:361:309:240:0.7195,1,52:2:970:361:309:240,-1,NONE,inf
859,0,1,2:980:359:299:233:0.8395,1,52:2:980:359:299:233,-1,NONE,inf
860,0,1,2:991:358:288:236:0.7842,1,52:2:991:358:288:236,-1,NONE,inf
861,0,1,2:1001:356:278:240:0.8409,1,52:2:1001:356:278:240,-1,NONE,inf
862,0,1,2:1011:357:268:243:0.7591,1,52:2:1011:357:268:243,-1,NONE,inf
863,0,1,2:1021:360:258:237:0.7423,1,52:2:1021:360:258:237,-1,NONE,inf
864,0,1,2:1033:363:246:265:0.8494,1,52:2:1033:363:246:265,-1,NONE,inf
865,0,1,2:1046:367:233:257:0.8497,1,52:2:1046:367:233:257,-1,NONE,inf
866,0,1,2:1060:372:219:243:0.8456,1,52:2:1060:372:219:243,-1,NONE,inf
867,0,1,2:1077:384:202:212:0.7622,1,52:2:1077:384:202:212,-1,NONE,inf
868,0,1,2:1091:397:188:198:0.8023,1,52:2:1091:397:188:198,-1,NONE,inf
869,0,1,2:1107:410:172:190:0.7313,1,52:2:1107:410:172:190,-1,NONE,inf
870,0,1,2:1123:423:156:175:0.6083,1,52:2:1123:423:156:175,-1,NONE,inf
871,0,1,2:1143:443:136:186:0.4592,1,52:2:1143:443:136:186,-1,NONE,inf
872,0,1,2:1162:458:117:139:0.6179,1,52:2:1162:458:117:139,-1,NONE,inf
873,0,1,2:1185:472:94:133:0.5971,1,52:2:1185:472:94:133,-1,NONE,inf
874,0,0,,0,,-1,NONE,inf
875,0,1,0:1233:498:46:134:0.1360,0,,-1,NONE,inf
876,0,0,,0,,-1,NONE,inf
877,0,0,,0,,-1,NONE,inf
878,0,0,,0,,-1,NONE,inf
879,0,0,,0,,-1,NONE,inf
880,0,0,,0,,-1,NONE,inf
881,0,0,,0,,-1,NONE,inf
882,0,0,,0,,-1,NONE,inf
883,0,0,,0,,-1,NONE,inf
884,0,0,,0,,-1,NONE,inf
885,0,0,,0,,-1,NONE,inf
886,0,0,,0,,-1,NONE,inf
887,0,0,,0,,-1,NONE,inf
888,0,0,,0,,-1,NONE,inf
889,0,0,,0,,-1,NONE,inf
890,0,0,,0,,-1,NONE,inf
891,0,0,,0,,-1,NONE,inf
892,0,0,,0,,-1,NONE,inf
893,0,0,,0,,-1,NONE,inf
894,0,0,,0,,-1,NONE,inf
895,0,0,,0,,-1,NONE,inf
896,0,0,,0,,-1,NONE,inf
897,0,0,,0,,-1,NONE,inf
898,0,0,,0,,-1,NONE,inf
899,0,0,,0,,-1,NONE,inf
900,0,0,,0,,-1,NONE,inf
901,0,0,,0,,-1,NONE,inf
902,0,0,,0,,-1,NONE,inf
903,0,0,,0,,-1,NONE,inf
904,0,0,,0,,-1,NONE,inf
905,0,0,,0,,-1,NONE,inf
906,0,0,,0,,-1,NONE,inf
907,0,0,,0,,-1,NONE,inf
908,0,0,,0,,-1,NONE,inf
909,0,0,,0,,-1,NONE,inf
910,0,0,,0,,-1,NONE,inf
911,0,0,,0,,-1,NONE,inf
912,0,0,,0,,-1,NONE,inf
913,0,0,,0,,-1,NONE,inf
914,0,0,,0,,-1,NONE,inf
915,0,0,,0,,-1,NONE,inf
916,0,0,,0,,-1,NONE,inf
917,0,0,,0,,-1,NONE,inf
918,0,0,,0,,-1,NONE,inf
919,0,0,,0,,-1,NONE,inf
920,0,0,,0,,-1,NONE,inf
921,0,0,,0,,-1,NONE,inf
922,0,0,,0,,-1,NONE,inf
923,0,0,,0,,-1,NONE,inf
924,0,0,,0,,-1,NONE,inf
925,0,0,,0,,-1,NONE,inf
926,0,0,,0,,-1,NONE,inf
927,0,0,,0,,-1,NONE,inf
928,0,0,,0,,-1,NONE,inf
929,0,0,,0,,-1,NONE,inf
930,0,0,,0,,-1,NONE,inf
931,0,0,,0,,-1,NONE,inf
932,0,0,,0,,-1,NONE,inf
933,0,0,,0,,-1,NONE,inf
934,0,0,,0,,-1,NONE,inf
935,0,0,,0,,-1,NONE,inf
936,0,0,,0,,-1,NONE,inf
937,0,0,,0,,-1,NONE,inf
938,0,1,7:818:338:61:66:0.2441,0,,-1,NONE,inf
939,0,0,,0,,-1,NONE,inf
940,0,0,,0,,-1,NONE,inf
941,0,0,,0,,-1,NONE,inf
942,0,0,,0,,-1,NONE,inf
943,0,0,,0,,-1,NONE,inf
944,0,0,,0,,-1,NONE,inf
945,0,1,7:852:324:74:77:0.3045,0,,-1,NONE,inf
946,0,0,,0,,-1,NONE,inf
947,0,0,,0,,-1,NONE,inf
948,0,0,,0,,-1,NONE,inf
949,0,0,,0,,-1,NONE,inf
950,0,0,,0,,-1,NONE,inf
951,0,0,,0,,-1,NONE,inf
952,0,0,,0,,-1,NONE,inf
953,0,0,,0,,-1,NONE,inf
954,0,0,,0,,-1,NONE,inf
955,0,0,,0,,-1,NONE,inf
956,0,0,,0,,-1,NONE,inf
957,0,0,,0,,-1,NONE,inf
958,0,0,,0,,-1,NONE,inf
959,0,0,,0,,-1,NONE,inf
960,0,0,,0,,-1,NONE,inf
961,0,0,,0,,-1,NONE,inf
962,0,0,,0,,-1,NONE,inf
963,0,1,7:1034:248:147:146:0.1352,0,,-1,NONE,inf
964,0,0,,0,,-1,NONE,inf
965,0,1,7:1073:230:167:191:0.2292,0,,-1,NONE,inf
966,0,1,7:1094:224:179:196:0.2198,0,,-1,NONE,inf
967,0,0,,0,,-1,NONE,inf
968,0,0,,0,,-1,NONE,inf
969,0,1,7:1172:194:107:284:0.4828,0,,-1,NONE,inf
970,0,1,7:1202:186:77:290:0.4254,0,,-1,NONE,inf
971,0,0,,0,,-1,NONE,inf
972,0,0,,0,,-1,NONE,inf
973,0,0,,0,,-1,NONE,inf
974,0,0,,0,,-1,NONE,inf
975,0,0,,0,,-1,NONE,inf
976,0,0,,0,,-1,NONE,inf
977,0,0,,0,,-1,NONE,inf
978,0,0,,0,,-1,NONE,inf
979,0,0,,0,,-1,NONE,inf
980,0,0,,0,,-1,NONE,inf
981,0,0,,0,,-1,NONE,inf
982,0,0,,0,,-1,NONE,inf
983,0,0,,0,,-1,NONE,inf
984,0,0,,0,,-1,NONE,inf
985,0,0,,0,,-1,NONE,inf
986,0,0,,0,,-1,NONE,inf
987,0,0,,0,,-1,NONE,inf
988,0,0,,0,,-1,NONE,inf
989,0,0,,0,,-1,NONE,inf
990,0,0,,0,,-1,NONE,inf
991,0,0,,0,,-1,NONE,inf
992,0,0,,0,,-1,NONE,inf
993,0,0,,0,,-1,NONE,inf
994,0,0,,0,,-1,NONE,inf
995,0,0,,0,,-1,NONE,inf
996,0,0,,0,,-1,NONE,inf
997,0,0,,0,,-1,NONE,inf
998,0,0,,0,,-1,NONE,inf
999,0,0,,0,,-1,NONE,inf
1000,0,0,,0,,-1,NONE,inf
1001,0,0,,0,,-1,NONE,inf
1002,0,0,,0,,-1,NONE,inf
1003,0,0,,0,,-1,NONE,inf
1004,0,0,,0,,-1,NONE,inf
1005,0,0,,0,,-1,NONE,inf
1006,0,0,,0,,-1,NONE,inf
1007,0,0,,0,,-1,NONE,inf
1008,0,0,,0,,-1,NONE,inf
1009,0,0,,0,,-1,NONE,inf
1010,0,0,,0,,-1,NONE,inf
1011,1,4,7:363:393:99:72:0.5770;7:527:383:100:81:0.6068;7:740:389:71:47:0.1402;7:793:427:223:63:0.3755,0,,-1,NONE,inf
1012,0,3,7:364:393:99:73:0.5329;7:528:382:101:83:0.8887;7:785:427:242:62:0.2559,0,,-1,NONE,inf
1013,0,4,7:365:391:100:75:0.6360;7:528:381:102:83:0.8375;7:804:426:235:63:0.3698;7:913:374:189:104:0.1130,3,53:7:528:381:102:83;54:7:365:391:100:75;55:7:804:426:235:63,-1,NONE,inf
1014,0,4,5:913:371:198:112:0.1196;7:365:391:101:75:0.6687;7:531:380:103:84:0.8872;7:817:427:232:63:0.2430,3,53:7:531:380:103:84;54:7:365:391:101:75;55:7:817:427:232:63,-1,NONE,inf
1015,0,5,5:916:366:268:119:0.4267;7:365:390:102:75:0.5035;7:532:379:104:85:0.7138;7:709:383:116:55:0.3514;7:823:425:241:65:0.1242,3,53:7:532:379:104:85;54:7:365:390:102:75;55:5:916:366:268:119,-1,NONE,inf
1016,0,5,5:937:362:263:114:0.5238;7:365:390:103:75:0.5898;7:534:379:104:84:0.4594;7:717:382:101:54:0.1850;7:811:426:269:66:0.1410,3,53:7:534:379:104:84;54:7:365:390:103:75;55:5:937:362:263:114,-1,NONE,inf
1017,0,5,5:938:360:275:120:0.4563;7:366:390:102:75:0.4690;7:537:378:104:84:0.6001;7:756:381:70:51:0.1834;7:806:423:290:71:0.2536,3,53:7:537:378:104:84;54:7:366:390:102:75;55:5:938:360:275:120,-1,NONE,inf
1018,0,6,5:955:355:276:132:0.5239;7:367:389:104:77:0.5454;7:538:377:106:86:0.6212;7:763:380:68:52:0.2213;7:800:395:159:98:0.4534;7:815:424:294:70:0.1536,4,53:7:538:377:106:86;54:7:367:389:104:77;55:5:955:355:276:132;56:7:800:395:159:98,-1,NONE,inf
1019,0,6,5:956:355:300:133:0.1411;7:368:389:104:77:0.6411;7:539:376:107:87:0.8153;7:719:379:117:81:0.2667;7:785:331:174:161:0.3697;7:814:422:310:72:0.1376,4,53:7:539:376:107:87;54:7:368:389:104:77;55:5:956:355:300:133;56:7:785:331:174:161,-1,NONE,inf
1020,0,5,5:369:389:105:77:0.4929;5:965:352:313:139:0.2142;7:541:375:108:89:0.8909;7:770:378:70:54:0.2028;7:802:396:157:97:0.4293,4,53:7:541:375:108:89;54:5:369:389:105:77;55:5:965:352:313:139;56:7:802:396:157:97,-1,NONE,inf
1021,0,4,7:373:388:103:79:0.3743;7:545:373:107:89:0.2945;7:776:377:74:58:0.2336;7:862:419:308:78:0.1010,3,53:7:545:373:107:89;54:7:373:388:103:79;56:7:862:419:308:78,-1,NONE,inf
1022,0,4,7:376:389:104:78:0.4748;7:548:373:110:91:0.7855;7:779:376:78:59:0.2295;7:839:350:440:148:0.3677,3,53:7:548:373:110:91;54:7:376:389:104:78;56:7:839:350:440:148,-1,NONE,inf
1023,0,5,7:378:388:105:78:0.4672;7:552:372:110:91:0.8236;7:784:375:79:56:0.2606;7:805:332:154:161:0.3746;7:890:347:389:151:0.3557,4,53:7:552:372:110:91;54:7:378:388:105:78;55:7:805:332:154:161;56:7:890:347:389:151,-1,NONE,inf
1024,0,5,7:381:386:105:81:0.4983;7:555:371:111:92:0.6383;7:791:373:74:59:0.1603;7:814:333:145:161:0.3830;7:878:344:401:156:0.3660,4,53:7:555:371:111:92;54:7:381:386:105:81;55:7:814:333:145:161;56:7:878:344:401:156,-1,NONE,inf
1025,0,5,7:382:386:107:81:0.4758;7:558:370:113:94:0.7223;7:665:374:209:87:0.3685;7:820:327:139:163:0.4474;7:870:350:409:154:0.1026,4,53:7:558:370:113:94;54:7:382:386:107:81;55:7:820:327:139:163;56:7:870:350:409:154,-1,NONE,inf
1026,0,4,5:385:385:107:82:0.4689;7:562:368:114:95:0.8262;7:763:371:115:64:0.1087;7:913:360:366:145:0.2279,3,53:7:562:368:114:95;54:5:385:385:107:82;56:7:913:360:366:145,-1,NONE,inf
1027,0,4,5:389:384:108:83:0.4903;7:567:368:113:95:0.8016;7:806:372:80:76:0.1614;7:886:378:393:130:0.3683,3,53:7:567:368:113:95;54:5:389:384:108:83;56:7:886:378:393:130,-1,NONE,inf
1028,0,4,5:392:386:105:82:0.5242;7:570:366:115:96:0.7616;7:767:369:130:88:0.5072;7:903:331:376:178:0.4572,3,53:7:570:366:115:96;54:5:392:386:105:82;56:7:903:331:376:178,-1,NONE,inf
1029,0,4,5:396:384:106:84:0.4698;7:573:365:118:99:0.8591;7:815:369:88:76:0.2282;7:925:440:34:47:0.2755,2,53:7:573:365:118:99;54:5:396:384:106:84,-1,NONE,inf
1030,0,4,7:399:382:107:86:0.4839;7:577:364:119:100:0.8539;7:687:367:223:92:0.6182;7:912:324:367:191:0.1580,3,53:7:577:364:119:100;54:7:399:382:107:86;57:7:687:367:223:92,-1,NONE,inf
1031,0,4,7:403:382:107:87:0.5673;7:582:363:120:101:0.8634;7:833:365:84:81:0.1974;7:904:304:375:211:0.5103,3,53:7:582:363:120:101;54:7:403:382:107:87;57:7:904:304:375:211,-1,NONE,inf
1032,0,4,7:407:382:107:87:0.5301;7:586:362:122:101:0.8514;7:842:364:83:90:0.1106;7:916:307:363:210:0.3338,3,53:7:586:362:122:101;54:7:407:382:107:87;57:7:916:307:363:210,-1,NONE,inf
1033,0,4,7:410:382:107:88:0.5172;7:591:361:124:103:0.8743;7:849:364:83:85:0.1390;7:909:299:370:216:0.5826,3,53:7:591:361:124:103;54:7:410:382:107:88;57:7:909:299:370:216,-1,NONE,inf
1034,0,4,5:415:381:106:90:0.5858;7:598:361:123:103:0.7986;7:713:364:233:97:0.5389;7:936:305:343:214:0.2948,3,53:7:598:361:123:103;54:5:415:381:106:90;57:7:936:305:343:214,-1,NONE,inf
1035,0,4,7:417:381:110:90:0.6574;7:601:360:126:105:0.8190;7:861:363:96:90:0.2840;7:1009:439:100:64:0.1806,3,53:7:601:360:126:105;54:7:417:381:110:90;57:7:1009:439:100:64,-1,NONE,inf
1036,0,4,7:421:380:109:91:0.4975;7:607:359:128:106:0.8426;7:871:361:91:93:0.2692;7:961:294:318:224:0.2324,3,53:7:607:359:128:106;54:7:421:380:109:91;58:7:871:361:91:93,-1,NONE,inf
1037,0,4,7:425:378:111:92:0.5480;7:613:358:129:107:0.8382;7:878:361:97:92:0.2415;7:1065:441:91:44:0.1018,3,53:7:613:358:129:107;54:7:425:378:111:92;58:7:878:361:97:92,-1,NONE,inf
1038,0,4,7:430:378:110:92:0.3864;7:616:357:134:109:0.8311;7:738:377:115:86:0.1440;7:1089:440:91:46:0.1227,2,53:7:616:357:134:109;54:7:430:378:110:92,-1,NONE,inf
1039,0,4,7:433:378:112:92:0.5859;7:623:356:133:112:0.8308;7:750:357:239:106:0.4019;7:1112:440:99:50:0.1334,3,53:7:623:356:133:112;54:7:433:378:112:92;58:7:750:357:239:106,-1,NONE,inf
1040,0,3,7:440:378:112:93:0.4072;7:629:354:136:113:0.7723;7:901:359:104:93:0.1641,3,53:7:629:354:136:113;54:7:440:378:112:93;58:7:901:359:104:93,-1,NONE,inf
1041,0,3,7:443:377:112:94:0.5284;7:634:353:140:114:0.7488;7:769:359:246:105:0.5082,3,53:7:634:353:140:114;54:7:443:377:112:94;58:7:769:359:246:105,-1,NONE,inf
1042,0,3,7:448:378:115:93:0.6986;7:640:353:141:117:0.7511;7:776:359:254:105:0.2896,3,53:7:640:353:141:117;54:7:448:378:115:93;58:7:776:359:254:105,-1,NONE,inf
1043,0,3,7:454:375:115:96:0.5460;7:646:351:145:118:0.8491;7:928:356:113:99:0.2082,3,53:7:646:351:145:118;54:7:454:375:115:96;58:7:928:356:113:99,-1,NONE,inf
1044,0,3,5:457:373:115:98:0.2663;7:653:350:147:120:0.6963;7:775:356:278:110:0.4495,3,53:7:653:350:147:120;54:5:457:373:115:98;58:7:775:356:278:110,-1,NONE,inf
1045,0,5,0:1151:406:33:79:0.3046;2:351:441:17:11:0.2954;7:464:373:115:99:0.4159;7:660:347:149:124:0.8109;7:803:355:263:111:0.5262,3,53:7:660:347:149:124;54:7:464:373:115:99;58:7:803:355:263:111,54,SAFE,inf
1046,0,4,0:1166:369:40:118:0.2703;2:492:431:91:42:0.3957;7:665:347:154:125:0.7890;7:806:353:274:117:0.5026,3,53:7:665:347:154:125;54:2:492:431:91:42;58:7:806:353:274:117,54,SAFE,inf
1047,0,4,0:1201:392:31:96:0.1414;7:473:373:118:98:0.3807;7:674:345:155:127:0.8232;7:811:354:286:113:0.6226,3,53:7:674:345:155:127;54:7:473:373:118:98;58:7:811:354:286:113,54,SAFE,inf
1048,0,4,7:478:372:119:100:0.3928;7:678:343:163:129:0.8283;7:833:353:277:117:0.6146;7:1108:384:171:66:0.2072,3,53:7:678:343:163:129;54:7:478:372:119:100;58:7:833:353:277:117,54,SAFE,inf
1049,0,4,7:482:368:124:107:0.5772;7:686:343:162:128:0.8360;7:831:347:295:124:0.5579;7:1120:392:99:58:0.1805,3,53:7:686:343:162:128;54:7:482:368:124:107;58:7:831:347:295:124,54,SAFE,8.538
1050,0,5,0:1267:367:12:46:0.1310;7:489:370:121:103:0.5798;7:695:341:166:132:0.8298;7:840:345:300:125:0.5424;7:1137:391:98:59:0.2598,3,53:7:695:341:166:132;54:7:489:370:121:103;58:7:840:345:300:125,54,SAFE,2.620
1051,0,4,7:494:369:125:105:0.6595;7:700:340:172:133:0.8622;7:1068:349:90:112:0.1401;7:1152:386:124:65:0.1277,3,53:7:700:340:172:133;54:7:494:369:125:105;58:7:1068:349:90:112,54,SAFE,1.897
1052,0,6,7:499:369:124:106:0.5585;7:506:398:214:75:0.1555;7:708:338:175:136:0.8712;7:856:370:192:103:0.1198;7:1068:346:108:115:0.1050;7:1170:390:99:61:0.2221,3,53:7:708:338:175:136;54:7:499:369:124:106;58:7:1170:390:99:61,54,DANGER,1.680
1053,0,4,7:506:367:124:107:0.5836;7:715:336:180:138:0.8614;7:884:370:179:103:0.1886;7:1188:392:91:61:0.1585,3,53:7:715:336:180:138;54:7:506:367:124:107;58:7:1188:392:91:61,54,DANGER,1.606
1054,0,6,2:401:438:16:13:0.2325;5:510:365:128:110:0.5011;7:516:399:215:76:0.1086;7:724:335:182:140:0.8905;7:887:369:193:104:0.1079;7:1205:392:74:64:0.1074,3,53:7:724:335:182:140;54:5:510:365:128:110;58:7:1205:392:74:64,54,DANGER,1.548
1055,0,4,2:1226:396:53:60:0.1564;7:515:365:130:111:0.6821;7:731:333:228:145:0.9385;7:902:370:189:104:0.2126,3,53:7:731:333:228:145;54:7:515:365:130:111;58:2:1226:396:53:60,-1,NONE,inf
1056,0,3,7:520:363:131:113:0.6162;7:738:331:218:147:0.9272;7:918:338:330:139:0.5964,2,53:7:738:331:218:147;54:7:520:363:131:113,54,SAFE,1.540
1057,0,4,7:526:364:131:114:0.4791;7:745:329:214:151:0.9528;7:928:372:196:105:0.1923;7:1116:339:157:127:0.3942,2,53:7:745:329:214:151;54:7:526:364:131:114,54,DANGER,1.365
1058,0,3,7:532:367:133:112:0.5117;7:755:328:204:154:0.9509;7:1128:338:151:128:0.1452,2,53:7:755:328:204:154;54:7:532:367:133:112,54,SAFE,inf
1059,0,4,2:925:432:142:48:0.1454;7:538:363:132:116:0.6105;7:761:326:198:157:0.9543;7:1209:392:70:78:0.1840,2,53:7:761:326:198:157;54:7:538:363:132:116,54,SAFE,inf
1060,0,2,7:540:360:135:120:0.7068;7:767:324:192:161:0.9285,2,53:7:767:324:192:161;54:7:540:360:135:120,54,SAFE,inf
1061,0,3,2:437:439:14:10:0.2764;7:544:359:139:122:0.6132;7:775:323:184:163:0.9418,2,53:7:775:323:184:163;54:7:544:359:139:122,54,SAFE,inf
1062,0,4,2:441:438:16:12:0.2341;7:550:357:140:124:0.7297;7:783:321:176:165:0.9364;7:990:362:289:127:0.1763,2,53:7:783:321:176:165;54:7:550:357:140:124,54,SAFE,inf
1063,0,4,2:320:417:43:44:0.2083;7:553:355:143:129:0.7870;7:791:319:168:169:0.9516;7:989:371:290:118:0.2737,2,53:7:791:319:168:169;54:7:553:355:143:129,54,SAFE,inf
1064,0,4,2:449:438:16:11:0.2779;7:559:356:143:128:0.6646;7:800:318:159:169:0.8877;7:1027:370:216:118:0.1714,2,53:7:800:318:159:169;54:7:559:356:143:128,54,SAFE,inf
1065,0,3,7:563:351:146:134:0.6111;7:806:316:153:173:0.8510;7:1137:374:133:116:0.1134,2,53:7:806:316:153:173;54:7:563:351:146:134,-1,NONE,inf
1066,0,4,2:320:417:46:44:0.2208;7:569:353:146:132:0.6233;7:819:313:259:178:0.8648;7:1150:377:129:116:0.1220,2,53:7:819:313:259:178;54:7:569:353:146:132,-1,NONE,inf
1067,0,4,0:635:353:86:90:0.2135;7:571:350:152:136:0.7405;7:822:310:137:182:0.8780;7:1171:378:108:114:0.1395,2,53:7:822:310:137:182;54:7:571:350:152:136,-1,NONE,inf
1068,0,5,0:638:351:91:85:0.1067;2:466:437:13:10:0.2453;7:576:350:155:137:0.8208;7:830:311:129:184:0.7439;7:1182:376:97:132:0.1453,2,53:7:830:311:129:184;54:7:576:350:155:137,-1,NONE,inf
1069,0,5,2:320:407:61:63:0.2670;2:469:438:13:10:0.2392;7:581:349:157:138:0.8313;7:839:311:120:185:0.8282;7:1198:376:81:126:0.1743,2,53:7:839:311:120:185;54:7:581:349:157:138,-1,NONE,inf
1070,0,4,2:320:404:62:61:0.3491;2:474:438:14:11:0.3086;7:585:347:161:141:0.8370;7:848:315:111:185:0.7284,2,53:7:848:315:111:185;54:7:585:347:161:141,-1,NONE,inf
1071,0,3,2:320:402:65:62:0.5221;7:588:346:167:144:0.8626;7:855:317:104:173:0.7490,2,53:7:855:317:104:173;54:7:588:346:167:144,-1,NONE,inf
1072,0,4,2:320:402:64:62:0.3969;2:481:437:15:11:0.3561;7:594:345:168:146:0.8528;7:868:319:91:170:0.5383,3,53:7:868:319:91:170;54:7:594:345:168:146;59:2:320:402:64:62,-1,NONE,inf
1073,0,3,2:320:402:66:64:0.2133;7:599:342:171:150:0.8353;7:880:294:396:215:0.7255,3,53:7:880:294:396:215;54:7:599:342:171:150;59:2:320:402:66:64,-1,NONE,inf
1074,0,3,2:489:436:15:12:0.3747;7:602:341:178:152:0.8344;7:888:291:389:221:0.7975,2,53:7:888:291:389:221;54:7:602:341:178:152,-1,NONE,inf
1075,0,3,2:493:436:14:11:0.2637;7:606:338:183:156:0.8902;7:896:287:383:227:0.8800,2,53:7:896:287:383:227;54:7:606:338:183:156,-1,NONE,inf
1076,0,4,2:496:435:17:12:0.3051;7:611:336:187:158:0.8450;7:809:401:52:54:0.2596;7:905:282:374:236:0.8963,3,53:7:905:282:374:236;54:7:611:336:187:158;60:2:496:435:17:12,-1,NONE,inf
1077,0,4,2:499:437:15:10:0.4654;7:615:335:193:160:0.8988;7:815:401:50:66:0.2166;7:912:279:367:240:0.8917,3,53:7:912:279:367:240;54:7:615:335:193:160;60:2:499:437:15:10,-1,NONE,inf
1078,0,5,0:27:316:16:32:0.1115;7:617:333:199:163:0.9194;7:821:400:51:61:0.1697;7:874:336:85:149:0.4515;7:923:274:356:248:0.8396,2,53:7:923:274:356:248;54:7:617:333:199:163,-1,NONE,inf
1079,0,5,7:624:332:204:165:0.9194;7:823:401:61:66:0.3604;7:881:391:50:81:0.3695;7:929:337:30:151:0.3604;7:935:270:344:255:0.8568,2,53:7:935:270:344:255;54:7:624:332:204:165,-1,NONE,inf
1080,0,5,2:510:436:13:10:0.2341;7:628:329:208:170:0.9476;7:831:402:59:66:0.2951;7:888:389:71:90:0.2275;7:941:265:338:263:0.8004,2,53:7:941:265:338:263;54:7:628:329:208:170,-1,NONE,inf
1081,0,4,2:514:436:14:10:0.2130;7:630:327:212:174:0.9092;7:840:402:54:67:0.4031;7:958:260:321:272:0.8108,3,53:7:958:260:321:272;54:7:630:327:212:174;61:7:840:402:54:67,-1,NONE,inf
1082,0,5,2:516:436:14:10:0.4040;7:632:324:222:177:0.9285;7:849:401:50:60:0.2207;7:900:390:59:85:0.5110;7:958:256:321:279:0.8594,4,53:7:958:256:321:279;54:7:632:324:222:177;60:2:516:436:14:10;61:7:900:390:59:85,-1,NONE,inf
1083,0,6,0:44:312:22:26:0.1054;0:982:447:25:48:0.1131;7:636:322:228:183:0.9353;7:851:402:53:64:0.2603;7:907:391:52:85:0.3604;7:963:246:316:292:0.7359,3,53:7:963:246:316:292;54:7:636:322:228:183;61:7:907:391:52:85,-1,NONE,inf
1084,0,5,2:522:436:14:10:0.3286;7:638:319:240:186:0.9374;7:862:403:50:68:0.1180;7:913:392:46:85:0.5629;7:983:248:296:294:0.8083,4,53:7:983:248:296:294;54:7:638:319:240:186;60:2:522:436:14:10;61:7:913:392:46:85,-1,NONE,inf
1085,0,4,2:524:436:14:10:0.4345;7:643:316:242:192:0.9402;7:921:388:78:89:0.4231;7:990:250:289:298:0.8313,4,53:7:990:250:289:298;54:7:643:316:242:192;60:2:524:436:14:10;61:7:921:388:78:89,-1,NONE,inf
1086,0,3,0:1012:448:34:52:0.1027;7:645:314:250:197:0.9249;7:929:253:350:296:0.4465,2,53:7:929:253:350:296;54:7:645:314:250:197,-1,NONE,inf
1087,0,5,0:1029:452:29:46:0.1520;2:530:435:14:11:0.2333;5:934:391:25:93:0.2575;7:651:311:256:201:0.9513;7:1015:257:264:297:0.7097,3,53:7:1015:257:264:297;54:7:651:311:256:201;61:5:934:391:25:93,-1,NONE,inf
1088,0,5,0:1041:452:29:50:0.1598;2:531:436:15:10:0.4505;7:655:306:263:207:0.9441;7:937:388:85:93:0.1474;7:1021:261:258:273:0.6507,4,53:7:1021:261:258:273;54:7:655:306:263:207;60:2:531:436:15:10;61:7:937:388:85:93,-1,NONE,inf
1089,0,4,0:1055:453:29:49:0.2145;2:534:436:14:10:0.3448;7:657:304:278:212:0.9260;7:1047:262:232:270:0.6825,3,53:7:1047:262:232:270;54:7:657:304:278:212;60:2:534:436:14:10,-1,NONE,inf
1090,0,4,2:536:436:15:10:0.2793;7:659:299:293:218:0.9324;7:954:383:107:108:0.1908;7:1044:265:235:259:0.7163,3,53:7:1044:265:235:259;54:7:659:299:293:218;60:2:536:436:15:10,-1,NONE,inf
1091,0,3,2:537:435:14:11:0.2405;7:661:296:295:223:0.9021;7:1054:268:225:257:0.7700,3,53:7:1054:268:225:257;54:7:661:296:295:223;60:2:537:435:14:11,-1,NONE,inf
1092,0,4,2:538:435:13:11:0.2842;7:663:291:296:225:0.9015;7:974:421:104:70:0.1352;7:1065:268:214:260:0.7482,3,53:7:1065:268:214:260;54:7:663:291:296:225;60:2:538:435:13:11,-1,NONE,inf
1093,0,4,2:538:435:13:11:0.3034;2:940:470:37:27:0.1392;7:666:285:293:230:0.8384;7:1077:270:202:255:0.7564,3,53:7:1077:270:202:255;54:7:666:285:293:230;60:2:538:435:13:11,-1,NONE,inf
1094,0,5,2:538:435:13:10:0.2469;2:561:413:48:37:0.1038;2:952:474:39:26:0.1337;7:668:280:291:233:0.8703;7:1086:271:193:250:0.8085,3,53:7:1086:271:193:250;54:7:668:280:291:233;60:2:538:435:13:10,-1,NONE,inf
1095,0,3,2:967:474:37:26:0.2009;7:669:275:290:244:0.8853;7:1090:272:189:253:0.7507,2,53:7:1090:272:189:253;54:7:669:275:290:244,-1,NONE,inf
1096,0,8,2:343:400:71:60:0.2540;2:432:420:18:22:0.2010;2:512:451:19:12:0.3540;2:539:435:13:10:0.2947;2:980:478:42:24:0.1235;7:669:274:290:244:0.9525;7:1028:422:62:60:0.1032;7:1109:272:170:255:0.7553,3,53:7:1109:272:170:255;54:7:669:274:290:244;60:2:539:435:13:10,-1,NONE,inf
1097,0,3,2:540:434:12:10:0.2764;7:668:275:291:243:0.8793;7:1124:271:155:256:0.7103,3,53:7:1124:271:155:256;54:7:668:275:291:243;60:2:540:434:12:10,-1,NONE,inf
1098,0,4,2:513:451:18:12:0.2492;7:668:275:291:245:0.9545;7:838:426:221:103:0.1389;7:1127:273:152:259:0.5918,2,53:7:1127:273:152:259;54:7:668:275:291:245,-1,NONE,inf
1099,0,4,2:540:435:12:10:0.3379;2:631:430:28:16:0.2077;7:671:275:288:248:0.8737;7:1133:275:146:248:0.5014,3,53:7:1133:275:146:248;54:7:671:275:288:248;60:2:540:435:12:10,-1,NONE,inf
1100,0,3,2:1049:477:51:40:0.3396;7:672:275:287:250:0.8535;7:1119:277:160:251:0.4770,2,53:7:1119:277:160:251;54:7:672:275:287:250,-1,NONE,inf
1101,0,3,2:474:423:56:45:0.1111;7:672:275:287:251:0.8442;7:1160:276:119:265:0.2987,2,53:7:1160:276:119:265;54:7:672:275:287:251,-1,NONE,inf
1102,0,3,2:498:436:33:33:0.1223;7:675:275:284:254:0.9095;7:1150:328:129:201:0.3828,2,53:7:1150:328:129:201;54:7:675:275:284:254,-1,NONE,inf
1103,0,3,2:504:453:25:14:0.2159;7:674:275:285:255:0.9383;7:1192:352:87:173:0.3151,2,53:7:1192:352:87:173;54:7:674:275:285:255,-1,NONE,inf
1104,0,3,2:538:437:14:10:0.4683;7:675:275:284:254:0.8858;7:1239:355:40:161:0.2241,3,53:7:1239:355:40:161;54:7:675:275:284:254;60:2:538:437:14:10,-1,NONE,inf
1105,0,2,2:538:437:14:10:0.4855;7:678:275:281:254:0.8847,2,54:7:678:275:281:254;60:2:538:437:14:10,-1,NONE,inf
1106,0,2,2:537:437:14:11:0.3714;7:678:275:281:254:0.9038,2,54:7:678:275:281:254;60:2:537:437:14:11,-1,NONE,inf
1107,0,2,2:537:437:14:11:0.4228;7:681:275:278:254:0.9108,2,54:7:681:275:278:254;60:2:537:437:14:11,-1,NONE,inf
1108,0,2,2:536:437:15:11:0.3567;7:682:275:277:254:0.9407,2,54:7:682:275:277:254;60:2:536:437:15:11,-1,NONE,inf
1109,0,2,2:536:437:15:11:0.3527;7:682:274:277:255:0.8883,2,54:7:682:274:277:255;60:2:536:437:15:11,-1,NONE,inf
1110,0,3,2:536:438:15:10:0.3124;2:1071:482:208:121:0.1825;7:681:275:278:255:0.9407,2,54:7:681:275:278:255;60:2:536:438:15:10,-1,NONE,inf
1111,0,2,2:535:437:16:12:0.3761;7:681:274:278:256:0.9053,2,54:7:681:274:278:256;60:2:535:437:16:12,-1,NONE,inf
1112,0,3,2:535:438:16:11:0.2342;2:1171:487:108:125:0.2876;7:684:275:275:254:0.9242,2,54:7:684:275:275:254;60:2:535:438:16:11,-1,NONE,inf
1113,0,1,7:685:274:274:255:0.9089,1,54:7:685:274:274:255,-1,NONE,inf
1114,0,2,2:534:438:13:11:0.2398;7:685:275:274:254:0.9219,1,54:7:685:275:274:254,-1,NONE,inf
1115,0,2,2:534:439:14:10:0.3079;7:688:275:271:255:0.9061,2,54:7:688:275:271:255;60:2:534:439:14:10,-1,NONE,inf
1116,0,2,2:534:439:13:10:0.2911;7:694:6:584:644:0.9136,2,54:7:694:6:584:644;60:2:534:439:13:10,-1,NONE,inf
1117,0,4,0:29:298:21:54:0.1093;2:479:436:40:31:0.2689;2:534:439:12:10:0.3068;7:693:275:266:254:0.8670,2,54:7:693:275:266:254;60:2:534:439:12:10,-1,NONE,inf
1118,0,2,2:534:438:13:11:0.4458;7:693:275:266:254:0.8762,2,54:7:693:275:266:254;60:2:534:438:13:11,-1,NONE,inf
1119,0,2,2:534:439:13:10:0.3163;7:695:12:584:657:0.8411,2,54:7:695:12:584:657;60:2:534:439:13:10,-1,NONE,inf
1120,0,2,2:534:439:12:10:0.3297;7:697:8:582:655:0.8707,2,54:7:697:8:582:655;60:2:534:439:12:10,-1,NONE,inf
1121,0,2,2:533:439:13:10:0.2715;7:696:0:583:666:0.8480,2,54:7:696:0:583:666;60:2:533:439:13:10,-1,NONE,inf
1122,0,2,2:534:439:12:10:0.2292;7:701:2:578:667:0.8377,2,54:7:701:2:578:667;60:2:534:439:12:10,-1,NONE,inf
1123,0,2,2:533:439:12:10:0.2762;7:707:7:571:647:0.8562,2,54:7:707:7:571:647;60:2:533:439:12:10,-1,NONE,inf
1124,0,2,2:534:439:12:10:0.2042;7:706:17:573:637:0.8782,2,54:7:706:17:573:637;60:2:534:439:12:10,-1,NONE,inf
1125,0,2,2:534:439:12:10:0.2539;7:706:275:253:255:0.8266,2,54:7:706:275:253:255;60:2:534:439:12:10,-1,NONE,inf
1126,0,2,2:534:439:12:10:0.2831;7:709:275:250:255:0.8714,2,54:7:709:275:250:255;60:2:534:439:12:10,-1,NONE,inf
1127,0,2,2:533:439:11:10:0.2225;7:712:274:247:255:0.8314,2,54:7:712:274:247:255;60:2:533:439:11:10,-1,NONE,inf
1128,0,1,7:716:275:243:254:0.7417,1,54:7:716:275:243:254,-1,NONE,inf
1129,0,2,0:10:294:25:60:0.1201;7:719:275:240:254:0.8999,1,54:7:719:275:240:254,-1,NONE,inf
1130,0,2,2:534:439:11:10:0.2853;7:722:275:237:255:0.8956,2,54:7:722:275:237:255;60:2:534:439:11:10,-1,NONE,inf
1131,0,1,7:726:275:233:254:0.8397,1,54:7:726:275:233:254,-1,NONE,inf
1132,0,2,1:739:449:33:58:0.1198;7:729:275:230:254:0.8266,1,54:7:729:275:230:254,-1,NONE,inf
1133,0,2,0:7:293:23:58:0.1220;7:734:276:225:253:0.8307,1,54:7:734:276:225:253,-1,NONE,inf
1134,0,1,7:736:275:223:254:0.8998,1,54:7:736:275:223:254,-1,NONE,inf
1135,0,1,7:738:276:221:253:0.9001,1,54:7:738:276:221:253,-1,NONE,inf
1136,0,2,2:405:467:26:10:0.2188;7:742:3:537:591:0.7746,1,54:7:742:3:537:591,-1,NONE,inf
1137,0,2,2:403:467:26:10:0.2465;7:744:11:534:591:0.8338,1,54:7:744:11:534:591,-1,NONE,inf
1138,0,1,7:747:11:532:616:0.8802,1,54:7:747:11:532:616,-1,NONE,inf
1139,0,1,7:750:4:529:636:0.8490,1,54:7:750:4:529:636,-1,NONE,inf
1140,0,1,7:749:274:210:255:0.8686,1,54:7:749:274:210:255,-1,NONE,inf
1141,0,3,2:487:438:28:18:0.2173;2:535:438:10:10:0.2199;7:753:274:206:255:0.8132,1,54:7:753:274:206:255,-1,NONE,inf
1142,0,1,7:756:275:203:255:0.8223,1,54:7:756:275:203:255,-1,NONE,inf
1143,0,2,2:758:427:45:64:0.5900;7:771:274:188:256:0.8466,1,54:7:771:274:188:256,-1,NONE,inf
1144,0,2,2:375:467:26:14:0.2579;7:761:274:198:256:0.8702,1,54:7:761:274:198:256,-1,NONE,inf
1145,0,2,2:331:425:103:61:0.1283;7:751:11:528:653:0.9274,1,54:7:751:11:528:653,-1,NONE,inf
1146,0,2,2:765:423:57:72:0.6296;7:805:274:154:258:0.8464,1,54:7:805:274:154:258,-1,NONE,inf
1147,0,3,2:460:460:27:20:0.3055;2:767:421:62:75:0.6441;7:815:274:144:256:0.8350,1,54:7:815:274:144:256,-1,NONE,inf
1148,0,3,2:460:460:25:21:0.4815;2:770:418:68:79:0.6639;7:825:274:134:257:0.8872,2,54:7:825:274:134:257;62:2:770:418:68:79,-1,NONE,inf
1149,0,3,2:459:459:26:22:0.2597;2:774:418:81:81:0.6274;7:837:275:122:255:0.7749,3,54:7:837:275:122:255;62:2:774:418:81:81;63:2:459:459:26:22,-1,NONE,inf
1150,0,2,2:777:418:91:81:0.6304;7:847:95:432:562:0.8554,2,54:7:847:95:432:562;62:2:777:418:91:81,-1,NONE,inf
1151,0,2,2:780:419:101:81:0.6941;7:861:274:98:257:0.7679,2,54:7:861:274:98:257;62:2:780:419:101:81,-1,NONE,inf
1152,0,3,2:362:471:52:21:0.3301;2:784:415:112:85:0.6960;7:874:93:405:574:0.9000,2,62:2:784:415:112:85;63:2:362:471:52:21,-1,NONE,inf
1153,0,2,2:786:419:125:83:0.6744;7:891:63:388:593:0.8861,1,62:2:786:419:125:83,-1,NONE,inf
1154,0,3,2:345:473:64:23:0.3512;2:789:418:137:87:0.6662;7:905:48:374:614:0.9026,3,62:2:789:418:137:87;63:2:345:473:64:23;64:7:905:48:374:614,-1,NONE,inf
1155,0,2,2:793:420:142:86:0.7797;7:924:14:355:644:0.8859,2,62:2:793:420:142:86;64:7:924:14:355:644,-1,NONE,inf
1156,0,3,2:796:418:148:90:0.8232;7:878:394:85:75:0.1406;7:949:0:330:654:0.8642,2,62:2:796:418:148:90;64:7:949:0:330:654,-1,NONE,inf
1157,0,5,2:342:434:61:32:0.3065;2:535:439:11:10:0.2905;2:800:417:152:93:0.7459;7:868:391:91:92:0.5280;7:968:4:311:656:0.9010,3,62:2:800:417:152:93;63:2:342:434:61:32;64:7:968:4:311:656,-1,NONE,inf
1158,0,5,2:320:466:153:64:0.2090;2:535:439:11:11:0.2987;2:803:418:156:93:0.7892;7:880:390:136:107:0.1980;7:996:4:283:657:0.7155,2,62:2:803:418:156:93;64:7:996:4:283:657,-1,NONE,inf
1159,0,4,2:534:440:12:10:0.2504;2:807:419:152:95:0.7705;7:882:390:152:101:0.3380;7:1025:3:254:661:0.8586,2,62:2:807:419:152:95;64:7:1025:3:254:661,-1,NONE,inf
1160,0,5,2:534:440:12:10:0.2125;2:811:419:148:96:0.8678;7:0:328:292:183:0.1321;7:883:391:186:100:0.2871;7:1061:4:218:662:0.8320,3,62:2:811:419:148:96;64:7:1061:4:218:662;65:7:883:391:186:100,-1,NONE,inf
1161,0,3,2:815:418:144:100:0.7892;7:889:389:231:105:0.2184;7:1101:7:178:655:0.5772,3,62:2:815:418:144:100;64:7:1101:7:178:655;65:7:889:389:231:105,-1,NONE,inf
1162,0,3,2:820:414:139:104:0.6741;7:886:390:287:112:0.3445;7:1144:6:135:654:0.4816,3,62:2:820:414:139:104;64:7:1144:6:135:654;65:7:886:390:287:112,-1,NONE,inf
1163,0,3,2:825:415:186:107:0.7574;5:892:387:345:110:0.1316;5:1208:18:71:644:0.1279,3,62:2:825:415:186:107;64:5:1208:18:71:644;65:5:892:387:345:110,-1,NONE,inf
1164,0,2,2:487:439:21:14:0.2685;2:830:415:192:110:0.6746,1,62:2:830:415:192:110,-1,NONE,inf
1165,0,2,2:534:441:11:11:0.2023;2:833:414:200:115:0.7685,1,62:2:833:414:200:115,-1,NONE,inf
1166,0,2,2:406:474:50:26:0.1467;2:839:414:202:116:0.7348,1,62:2:839:414:202:116,-1,NONE,inf
1167,0,2,2:844:413:209:118:0.6482;5:380:397:118:64:0.3205,2,62:2:844:413:209:118;63:5:380:397:118:64,-1,NONE,inf
1168,0,1,7:848:391:111:139:0.5419,1,62:7:848:391:111:139,-1,NONE,inf
1169,0,2,2:122:438:295:166:0.1119;7:854:395:105:137:0.5815,1,62:7:854:395:105:137,-1,NONE,inf
1170,0,1,2:860:411:239:128:0.6378,1,62:2:860:411:239:128,-1,NONE,inf
1171,0,1,2:865:410:246:130:0.7835,1,62:2:865:410:246:130,-1,NONE,inf
1172,0,1,2:872:409:258:136:0.8455,1,62:2:872:409:258:136,-1,NONE,inf
1173,0,2,2:878:407:269:142:0.8481;5:894:382:385:129:0.3541,2,62:2:878:407:269:142;65:5:894:382:385:129,-1,NONE,inf
1174,0,3,2:64:414:36:33:0.1575;2:886:406:281:148:0.8613;5:895:381:384:125:0.5808,2,62:2:886:406:281:148;65:5:895:381:384:125,-1,NONE,inf
1175,0,3,2:845:401:114:129:0.2875;2:893:405:293:151:0.8389;7:909:382:124:88:0.1139,2,62:2:893:405:293:151;65:2:845:401:114:129,-1,NONE,inf
1176,0,2,2:897:402:313:158:0.8028;5:912:381:367:114:0.3085,2,62:2:897:402:313:158;63:5:912:381:367:114,-1,NONE,inf
1177,0,1,2:905:397:329:166:0.8196,1,62:2:905:397:329:166,-1,NONE,inf
1178,0,3,2:912:396:351:171:0.8358;7:0:300:130:141:0.3882;7:924:376:263:105:0.1305,1,62:2:912:396:351:171,-1,NONE,inf
1179,0,1,2:924:390:355:187:0.8305,1,62:2:924:390:355:187,-1,NONE,inf
1180,0,1,2:933:385:346:195:0.8664,1,62:2:933:385:346:195,-1,NONE,inf
1181,0,1,2:946:387:333:191:0.8496,1,62:2:946:387:333:191,-1,NONE,inf
1182,0,2,2:955:389:324:200:0.8642;7:0:284:80:186:0.1562,1,62:2:955:389:324:200,-1,NONE,inf
1183,0,2,2:965:389:314:208:0.8210;7:952:375:282:115:0.1081,1,62:2:965:389:314:208,-1,NONE,inf
1184,0,3,0:0:276:56:171:0.1028;2:977:389:302:216:0.7799;7:957:374:307:117:0.2564,2,62:2:977:389:302:216;63:7:957:374:307:117,-1,NONE,inf
1185,0,3,0:0:274:40:176:0.5072;2:986:389:293:225:0.8514;7:957:372:318:121:0.3385,2,62:2:986:389:293:225;63:7:957:372:318:121,-1,NONE,inf
1186,0,3,0:0:277:25:144:0.1575;2:1004:389:275:225:0.8656;7:961:370:318:123:0.3739,2,62:2:1004:389:275:225;63:7:961:370:318:123,-1,NONE,inf
1187,0,2,2:1017:390:262:207:0.8012;7:968:369:310:125:0.4712,2,62:2:1017:390:262:207;63:7:968:369:310:125,-1,NONE,inf
1188,0,2,2:1034:395:245:191:0.7296;7:972:369:306:124:0.7301,2,62:2:1034:395:245:191;63:7:972:369:306:124,-1,NONE,inf
1189,0,2,2:1048:406:231:189:0.7666;7:977:369:302:129:0.8392,2,62:2:1048:406:231:189;63:7:977:369:302:129,-1,NONE,inf
1190,0,2,2:1066:423:213:172:0.8364;7:982:368:297:130:0.8126,2,62:2:1066:423:213:172;63:7:982:368:297:130,-1,NONE,inf
1191,0,2,2:1085:432:194:170:0.8211;7:985:367:294:131:0.8665,2,62:2:1085:432:194:170;63:7:985:367:294:131,-1,NONE,inf
1192,0,2,2:1105:451:174:160:0.8196;7:992:366:287:133:0.8579,2,62:2:1105:451:174:160;63:7:992:366:287:133,-1,NONE,inf
1193,0,2,2:1128:468:151:143:0.8744;7:998:366:281:136:0.8753,2,62:2:1128:468:151:143;63:7:998:366:281:136,-1,NONE,inf
1194,0,2,2:1151:490:128:127:0.7893;7:1000:364:279:140:0.8376,2,62:2:1151:490:128:127;63:7:1000:364:279:140,-1,NONE,inf
1195,0,2,2:1180:495:99:127:0.7079;7:1007:362:272:142:0.8606,2,62:2:1180:495:99:127;63:7:1007:362:272:142,-1,NONE,inf
1196,0,2,2:1209:503:70:117:0.6795;7:1015:362:264:144:0.7198,2,62:2:1209:503:70:117;63:7:1015:362:264:144,-1,NONE,inf
1197,0,2,2:1245:510:34:88:0.7297;7:1021:358:258:149:0.8568,2,62:2:1245:510:34:88;63:7:1021:358:258:149,-1,NONE,inf
1198,0,1,7:1025:356:254:151:0.7896,1,63:7:1025:356:254:151,-1,NONE,inf
1199,0,1,7:1030:354:249:153:0.8637,1,63:7:1030:354:249:153,-1,NONE,inf
1200,0,1,7:1036:353:243:153:0.8542,1,63:7:1036:353:243:153,-1,NONE,inf
1201,0,2,2:522:440:12:10:0.2542;7:1041:352:238:154:0.6951,1,63:7:1041:352:238:154,-1,NONE,inf
1202,0,2,2:521:440:13:10:0.2712;7:1048:350:231:155:0.6583,1,63:7:1048:350:231:155,-1,NONE,inf
1203,0,2,2:519:439:14:10:0.2165;7:1058:346:221:160:0.7963,1,63:7:1058:346:221:160,-1,NONE,inf
1204,0,2,5:1064:346:215:161:0.6413;7:0:363:181:104:0.1168,1,63:5:1064:346:215:161,-1,NONE,inf
1205,0,2,7:0:364:151:101:0.1160;7:1072:345:207:160:0.6344,1,63:7:1072:345:207:160,-1,NONE,inf
1206,0,3,2:520:439:12:10:0.2934;7:1:373:81:84:0.1046;7:1079:341:200:168:0.6933,1,63:7:1079:341:200:168,-1,NONE,inf
1207,0,2,2:519:439:12:10:0.2658;5:1088:341:190:164:0.7023,1,63:5:1088:341:190:164,-1,NONE,inf
1208,0,3,2:519:439:13:10:0.2883;5:1095:337:184:174:0.7964;7:0:368:119:95:0.1040,1,63:5:1095:337:184:174,-1,NONE,inf
1209,0,1,5:1105:336:174:175:0.8111,1,63:5:1105:336:174:175,-1,NONE,inf
1210,0,2,2:518:439:13:10:0.2010;5:1114:335:165:179:0.8623,1,63:5:1114:335:165:179,-1,NONE,inf
1211,0,2,2:518:439:13:10:0.2112;5:1125:333:154:183:0.8113,1,63:5:1125:333:154:183,-1,NONE,inf
1212,0,2,2:518:439:13:10:0.3132;5:1134:332:145:186:0.8165,1,63:5:1134:332:145:186,-1,NONE,inf
1213,0,2,2:517:439:13:10:0.2772;5:1144:324:135:192:0.8084,1,63:5:1144:324:135:192,-1,NONE,inf
1214,0,2,2:517:439:13:10:0.2969;5:1154:326:125:188:0.7641,2,63:5:1154:326:125:188;66:2:517:439:13:10,-1,NONE,inf
1215,0,2,2:517:439:13:10:0.3471;5:1166:326:113:190:0.8094,2,63:5:1166:326:113:190;66:2:517:439:13:10,-1,NONE,inf
1216,0,2,2:517:439:12:10:0.2499;5:1179:320:100:196:0.8334,2,63:5:1179:320:100:196;66:2:517:439:12:10,-1,NONE,inf
1217,0,1,5:1188:327:91:189:0.5618,1,63:5:1188:327:91:189,-1,NONE,inf
1218,0,1,7:1203:330:76:186:0.6548,1,63:7:1203:330:76:186,-1,NONE,inf
1219,0,3,2:0:542:53:51:0.2837;2:516:439:12:10:0.2078;7:1215:341:64:175:0.3453,1,63:7:1215:341:64:175,-1,NONE,inf
1220,0,2,2:517:439:12:10:0.3520;7:1231:344:48:174:0.2493,2,63:7:1231:344:48:174;66:2:517:439:12:10,-1,NONE,inf
1221,0,0,,0,,-1,NONE,inf
1222,0,1,2:516:440:13:10:0.2802,1,66:2:516:440:13:10,-1,NONE,inf
1223,0,1,2:516:440:13:10:0.3548,1,66:2:516:440:13:10,-1,NONE,inf
1224,0,1,2:517:440:11:10:0.3064,1,66:2:517:440:11:10,-1,NONE,inf
1225,0,0,,0,,-1,NONE,inf
1226,0,0,,0,,-1,NONE,inf
1227,0,0,,0,,-1,NONE,inf
1228,0,0,,0,,-1,NONE,inf
1229,0,1,2:30:446:40:25:0.1033,0,,-1,NONE,inf
1230,0,1,2:1:444:60:27:0.1649,0,,-1,NONE,inf
1231,0,1,2:0:443:53:30:0.2392,0,,-1,NONE,inf
1232,0,0,,0,,-1,NONE,inf
1233,0,0,,0,,-1,NONE,inf
1234,0,0,,0,,-1,NONE,inf
1235,0,0,,0,,-1,NONE,inf
1236,0,0,,0,,-1,NONE,inf
1237,0,0,,0,,-1,NONE,inf
1238,0,1,2:521:443:14:11:0.3202,0,,-1,NONE,inf
1239,0,1,2:522:444:13:10:0.3253,0,,-1,NONE,inf
1240,0,1,2:522:445:14:10:0.2580,1,67:2:522:445:14:10,-1,NONE,inf
1241,0,1,2:523:445:13:10:0.4261,1,67:2:523:445:13:10,-1,NONE,inf
1242,0,0,,0,,-1,NONE,inf
1243,0,0,,0,,-1,NONE,inf
1244,0,0,,0,,-1,NONE,inf
1245,0,0,,0,,-1,NONE,inf
1246,0,0,,0,,-1,NONE,inf
1247,0,0,,0,,-1,NONE,inf
1248,0,0,,0,,-1,NONE,inf
1249,0,1,2:529:443:13:10:0.3822,1,67:2:529:443:13:10,-1,NONE,inf
1250,0,1,2:530:442:13:10:0.3929,1,67:2:530:442:13:10,-1,NONE,inf
1251,0,0,,0,,-1,NONE,inf
1252,0,0,,0,,-1,NONE,inf
