frame,sceneChanged,numDetections,detections,numTracks,tracks,activeLeadId,riskLevel,ttc
1,0,5,2:254:452:65:30:0.6227;2:380:452:35:21:0.6339;2:433:451:20:16:0.3686;2:563:447:40:31:0.7874;7:604:418:46:53:0.4920,0,,-1,NONE,inf
2,0,6,2:227:453:74:31:0.4697;2:370:452:37:22:0.6156;2:427:452:25:16:0.4821;2:536:448:10:11:0.2329;2:563:447:39:31:0.7788;7:602:418:49:54:0.6214,0,,-1,NONE,inf
3,0,6,2:202:453:79:33:0.5037;2:359:451:40:23:0.6879;2:421:452:25:17:0.4251;2:537:448:9:11:0.2414;2:563:447:39:31:0.7838;7:604:418:48:53:0.6131,5,1:2:563:447:39:31;2:7:604:418:48:53;3:2:359:451:40:23;4:2:202:453:79:33;5:2:421:452:25:17,-1,NONE,inf
4,0,6,2:163:466:49:23:0.1896;2:347:450:44:24:0.7617;2:415:452:24:17:0.4857;2:537:448:9:10:0.2272;2:563:447:39:31:0.7858;7:606:417:46:54:0.6027,5,1:2:563:447:39:31;2:7:606:417:46:54;3:2:347:450:44:24;4:2:163:466:49:23;5:2:415:452:24:17,-1,NONE,inf
5,0,5,2:128:452:101:41:0.8054;2:334:450:50:25:0.5097;2:409:451:24:19:0.4389;2:563:447:39:31:0.7794;7:607:417:45:54:0.5759,5,1:2:563:447:39:31;2:7:607:417:45:54;3:2:334:450:50:25;4:2:128:452:101:41;5:2:409:451:24:19,-1,NONE,inf
6,0,5,2:79:452:122:45:0.7980;2:322:450:53:25:0.5926;2:401:450:30:18:0.3543;2:563:447:39:31:0.7965;7:606:416:47:55:0.4947,5,1:2:563:447:39:31;2:7:606:416:47:55;3:2:322:450:53:25;4:2:79:452:122:45;5:2:401:450:30:18,-1,NONE,inf
7,0,6,2:18:449:143:51:0.8051;2:303:451:56:28:0.5753;2:356:449:41:23:0.1450;2:394:452:29:17:0.4808;2:563:447:39:31:0.8034;5:609:417:43:52:0.6103,5,1:2:563:447:39:31;2:5:609:417:43:52;3:2:303:451:56:28;4:2:18:449:143:51;5:2:394:452:29:17,-1,NONE,inf
8,0,6,2:0:449:119:57:0.8342;2:283:450:56:31:0.5753;2:385:451:32:19:0.5067;2:563:446:39:32:0.8018;5:609:416:43:53:0.6526;7:336:454:22:21:0.2208,5,1:2:563:446:39:32;2:5:609:416:43:53;3:2:283:450:56:31;4:2:0:449:119:57;5:2:385:451:32:19,-1,NONE,inf
9,0,6,2:0:450:62:54:0.4802;2:261:450:54:32:0.5439;2:318:451:32:27:0.2367;2:376:451:33:20:0.5239;2:563:446:39:32:0.7886;5:609:416:44:53:0.6489,5,1:2:563:446:39:32;2:5:609:416:44:53;3:2:261:450:54:32;4:2:0:450:62:54;5:2:376:451:33:20,-1,NONE,inf
10,0,7,2:235:451:66:31:0.5284;2:275:458:31:26:0.1408;2:303:453:33:24:0.2501;2:320:454:19:20:0.4080;2:365:451:36:21:0.4542;2:563:447:39:31:0.7716;5:609:415:44:54:0.5449,4,1:2:563:447:39:31;2:5:609:415:44:54;3:2:235:451:66:31;5:2:365:451:36:21,-1,NONE,inf
11,0,6,2:207:449:78:37:0.7127;2:284:451:45:28:0.5606;2:353:450:39:23:0.5512;2:563:446:39:32:0.7953;2:691:519:48:26:0.1006;5:609:415:44:54:0.6015,4,1:2:563:446:39:32;2:5:609:415:44:54;3:2:207:449:78:37;5:2:353:450:39:23,-1,NONE,inf
12,0,5,2:169:449:89:40:0.8095;2:268:452:50:28:0.6639;2:340:450:41:26:0.5561;2:563:447:39:31:0.7887;7:609:415:46:55:0.5792,5,1:2:563:447:39:31;2:7:609:415:46:55;3:2:169:449:89:40;5:2:340:450:41:26;6:2:268:452:50:28,-1,NONE,inf
13,0,6,2:127:448:101:47:0.8457;2:253:454:50:28:0.5252;2:295:450:38:28:0.1119;2:324:451:48:28:0.4936;2:563:447:39:31:0.7921;7:596:415:59:55:0.5617,5,1:2:563:447:39:31;2:7:596:415:59:55;3:2:127:448:101:47;5:2:324:451:48:28;6:2:253:454:50:28,-1,NONE,inf
14,0,5,2:72:448:122:52:0.8733;2:234:456:55:26:0.6251;2:308:449:51:32:0.5852;2:563:447:39:31:0.8069;7:610:414:45:55:0.5311,5,1:2:563:447:39:31;2:7:610:414:45:55;3:2:72:448:122:52;5:2:308:449:51:32;6:2:234:456:55:26,-1,NONE,inf
15,0,5,2:3:447:147:55:0.8839;2:211:454:61:30:0.6865;2:291:451:54:30:0.5520;2:563:447:39:31:0.7872;7:610:414:46:56:0.6919,5,1:2:563:447:39:31;2:7:610:414:46:56;3:2:3:447:147:55;5:2:291:451:54:30;6:2:211:454:61:30,-1,NONE,inf
16,0,5,2:0:446:97:65:0.7847;2:188:454:61:30:0.7548;2:269:449:61:34:0.7424;2:563:446:39:32:0.7867;7:610:414:47:56:0.6732,5,1:2:563:446:39:32;2:7:610:414:47:56;3:2:0:446:97:65;5:2:269:449:61:34;6:2:188:454:61:30,-1,NONE,inf
17,0,6,2:0:444:29:67:0.4062;2:159:454:73:32:0.6617;2:242:451:66:33:0.4664;2:522:448:10:10:0.2354;2:563:446:39:32:0.7804;7:611:414:47:56:0.7061,5,1:2:563:446:39:32;2:7:611:414:47:56;3:2:0:444:29:67;5:2:242:451:66:33;6:2:159:454:73:32,1,SAFE,26.752
18,0,5,2:127:455:81:33:0.8458;2:213:451:75:35:0.5369;2:521:447:11:11:0.2405;2:562:447:40:29:0.7869;7:611:413:47:57:0.5839,4,1:2:562:447:40:29;2:7:611:413:47:57;5:2:213:451:75:35;6:2:127:455:81:33,1,SAFE,inf
19,0,6,2:90:454:90:35:0.6797;2:175:448:89:43:0.6491;2:481:452:16:10:0.2347;2:521:447:10:11:0.2629;2:563:446:39:31:0.7727;7:611:411:49:60:0.5087,4,1:2:563:446:39:31;2:7:611:411:49:60;5:2:175:448:89:43;6:2:90:454:90:35,1,SAFE,inf
20,0,6,2:47:453:99:42:0.8709;2:139:448:96:45:0.8220;2:479:451:17:11:0.2136;2:520:447:11:11:0.3361;2:563:446:39:31:0.7955;7:611:411:49:60:0.4858,4,1:2:563:446:39:31;2:7:611:411:49:60;5:2:139:448:96:45;6:2:47:453:99:42,1,SAFE,inf
21,0,7,2:1:453:96:43:0.4540;2:91:447:108:48:0.4068;2:477:451:17:11:0.2282;2:520:446:11:13:0.2667;2:563:446:39:31:0.7745;2:1133:469:32:19:0.1404;7:612:411:48:59:0.5099,4,1:2:563:446:39:31;2:7:612:411:48:59;5:2:91:447:108:48;6:2:1:453:96:43,1,SAFE,inf
22,0,6,2:0:450:54:52:0.1835;2:475:451:16:10:0.3806;2:520:446:11:12:0.3762;2:563:446:39:31:0.7901;2:1187:471:38:20:0.1431;5:612:411:48:58:0.4732,4,1:2:563:446:39:31;2:5:612:411:48:58;6:2:0:450:54:52;7:2:520:446:11:12,1,SAFE,inf
23,0,4,2:0:445:99:64:0.7954;2:519:445:12:13:0.3057;2:563:446:39:30:0.7990;5:612:410:50:59:0.6256,4,1:2:563:446:39:30;2:5:612:410:50:59;6:2:0:445:99:64;7:2:519:445:12:13,1,SAFE,inf
24,0,4,2:469:451:18:10:0.3229;2:518:445:12:13:0.2861;2:562:446:40:30:0.8124;5:613:410:49:59:0.6126,3,1:2:562:446:40:30;2:5:613:410:49:59;7:2:518:445:12:13,1,SAFE,inf
25,0,4,2:467:450:17:11:0.3678;2:518:445:12:13:0.2361;2:563:446:39:30:0.8107;5:613:410:50:59:0.5371,3,1:2:563:446:39:30;2:5:613:410:50:59;7:2:518:445:12:13,1,SAFE,inf
26,0,3,2:463:449:19:12:0.4991;2:562:446:40:30:0.8004;5:610:409:54:60:0.5575,3,1:2:562:446:40:30;2:5:610:409:54:60;8:2:463:449:19:12,1,SAFE,inf
27,0,3,2:460:448:20:13:0.4579;2:562:445:40:31:0.7995;5:614:408:50:61:0.5786,3,1:2:562:445:40:31;2:5:614:408:50:61;8:2:460:448:20:13,1,SAFE,inf
28,0,3,2:457:449:21:12:0.4708;2:562:445:40:31:0.8095;5:614:408:51:61:0.5415,3,1:2:562:445:40:31;2:5:614:408:51:61;8:2:457:449:21:12,1,SAFE,inf
29,0,3,2:454:450:19:11:0.4001;2:562:445:40:31:0.8106;5:615:408:51:62:0.5554,3,1:2:562:445:40:31;2:5:615:408:51:62;8:2:454:450:19:11,1,SAFE,inf
30,0,3,2:449:450:21:12:0.3423;2:562:445:40:31:0.8171;5:614:407:53:63:0.6076,3,1:2:562:445:40:31;2:5:614:407:53:63;8:2:449:450:21:12,1,SAFE,inf
31,0,3,2:446:449:22:14:0.5114;2:562:445:40:31:0.8102;7:614:407:53:64:0.6133,3,1:2:562:445:40:31;2:7:614:407:53:64;8:2:446:449:22:14,1,SAFE,inf
32,0,4,2:442:450:23:13:0.4575;2:513:446:12:12:0.2042;2:562:446:40:30:0.8126;7:614:407:54:64:0.4808,3,1:2:562:446:40:30;2:7:614:407:54:64;8:2:442:450:23:13,1,SAFE,30.845
33,0,4,2:437:450:25:14:0.5129;2:513:445:11:14:0.2032;2:562:445:40:31:0.8216;7:615:407:54:64:0.4734,3,1:2:562:445:40:31;2:7:615:407:54:64;8:2:437:450:25:14,1,SAFE,inf
34,0,5,2:433:450:25:14:0.4668;2:512:445:12:14:0.2818;2:528:446:10:11:0.2482;2:562:445:40:31:0.8306;5:615:406:54:64:0.4095,4,1:2:562:445:40:31;2:5:615:406:54:64;7:2:512:445:12:14;8:2:433:450:25:14,1,SAFE,inf
35,0,4,2:428:450:24:15:0.4981;2:528:446:10:12:0.2243;2:562:445:40:31:0.8396;7:615:406:55:64:0.6623,4,1:2:562:445:40:31;2:7:615:406:55:64;7:2:528:446:10:12;8:2:428:450:24:15,1,SAFE,28.493
36,0,4,2:423:450:26:15:0.5962;2:528:446:10:12:0.2248;2:562:445:40:31:0.8346;7:616:405:55:66:0.7443,4,1:2:562:445:40:31;2:7:616:405:55:66;7:2:528:446:10:12;8:2:423:450:26:15,1,SAFE,18.995
37,0,3,2:415:450:31:15:0.4986;2:562:445:40:31:0.8333;7:616:405:56:66:0.7277,3,1:2:562:445:40:31;2:7:616:405:56:66;8:2:415:450:31:15,1,SAFE,14.246
38,0,3,2:409:450:32:15:0.5126;2:562:446:40:30:0.8355;7:616:405:57:66:0.5388,3,1:2:562:446:40:30;2:7:616:405:57:66;8:2:409:450:32:15,1,SAFE,28.493
39,0,3,2:403:450:31:16:0.5997;2:561:446:41:31:0.8089;5:617:405:57:67:0.5152,3,1:2:561:446:41:31;2:5:617:405:57:67;8:2:403:450:31:16,1,SAFE,40.704
40,0,3,2:396:451:32:16:0.5998;2:562:447:40:30:0.8231;7:617:405:58:67:0.5990,3,1:2:562:447:40:30;2:7:617:405:58:67;8:2:396:451:32:16,1,SAFE,inf
41,0,4,2:388:451:31:17:0.5489;2:410:454:13:13:0.2613;2:562:447:40:30:0.8174;7:617:405:60:68:0.7731,3,1:2:562:447:40:30;2:7:617:405:60:68;8:2:388:451:31:17,1,SAFE,inf
42,0,4,2:379:451:36:18:0.6391;2:506:446:14:13:0.2907;2:562:446:39:31:0.8192;7:618:404:59:70:0.7280,4,1:2:562:446:39:31;2:7:618:404:59:70;7:2:506:446:14:13;8:2:379:451:36:18,1,SAFE,inf
43,0,5,2:369:451:39:18:0.4658;2:505:448:11:11:0.2029;2:526:447:10:12:0.2323;2:562:447:39:30:0.8062;7:618:404:60:70:0.6985,4,1:2:562:447:39:30;2:7:618:404:60:70;7:2:505:448:11:11;8:2:369:451:39:18,1,SAFE,inf
44,0,4,2:359:451:41:19:0.5804;2:526:447:10:13:0.2717;2:562:447:39:30:0.7835;7:619:402:61:72:0.7606,4,1:2:562:447:39:30;2:7:619:402:61:72;7:2:526:447:10:13;8:2:359:451:41:19,1,SAFE,inf
45,0,4,2:348:450:43:21:0.5492;2:562:447:39:30:0.7925;2:598:450:10:14:0.2579;7:619:402:62:72:0.7683,3,1:2:562:447:39:30;2:7:619:402:62:72;8:2:348:450:43:21,1,SAFE,inf
46,0,4,2:335:449:48:24:0.5544;2:562:447:39:30:0.7714;2:598:450:11:14:0.2834;7:620:402:61:72:0.7070,3,1:2:562:447:39:30;2:7:620:402:61:72;8:2:335:449:48:24,1,SAFE,inf
47,0,4,2:323:451:48:23:0.6584;2:562:447:39:31:0.7439;2:598:450:11:13:0.4054;7:621:402:61:73:0.7611,3,1:2:562:447:39:31;2:7:621:402:61:73;8:2:323:451:48:23,1,SAFE,inf
48,0,5,2:320:451:37:23:0.5818;2:524:447:10:12:0.2129;2:562:447:39:31:0.7628;2:597:450:12:13:0.4282;7:621:402:63:73:0.7980,3,1:2:562:447:39:31;2:7:621:402:63:73;8:2:320:451:37:23,1,SAFE,inf
49,0,5,2:320:458:26:18:0.4265;2:524:447:10:12:0.3017;2:562:447:39:31:0.7566;2:597:450:12:13:0.4637;7:622:401:63:74:0.7751,5,1:2:562:447:39:31;2:7:622:401:63:74;7:2:524:447:10:12;8:2:320:458:26:18;9:2:597:450:12:13,1,SAFE,inf
50,0,6,2:320:460:12:16:0.2060;2:523:447:11:12:0.3539;2:562:447:39:31:0.7522;2:597:450:12:12:0.4756;7:498:442:18:18:0.2883;7:622:401:64:75:0.7185,5,1:2:562:447:39:31;2:7:622:401:64:75;7:2:523:447:11:12;8:2:320:460:12:16;9:2:597:450:12:12,1,SAFE,inf
51,0,6,2:240:448:74:34:0.6683;2:521:447:12:12:0.4109;2:561:447:41:30:0.7487;2:597:450:12:12:0.4310;7:498:442:18:18:0.3363;7:623:399:63:77:0.6924,4,1:2:561:447:41:30;2:7:623:399:63:77;7:2:521:447:12:12;9:2:597:450:12:12,1,SAFE,inf
52,0,6,2:211:449:84:35:0.6839;2:521:447:10:12:0.4517;2:561:447:41:30:0.7650;2:597:451:12:11:0.4328;7:497:442:19:19:0.3862;7:623:399:65:78:0.6143,4,1:2:561:447:41:30;2:7:623:399:65:78;7:2:521:447:10:12;9:2:597:451:12:11,1,SAFE,inf
53,0,6,2:177:448:95:39:0.7753;2:520:447:10:12:0.4877;2:561:447:42:30:0.7545;2:597:451:13:11:0.4481;7:497:442:17:18:0.3426;7:623:399:66:79:0.6947,6,1:2:561:447:42:30;2:7:623:399:66:79;7:2:520:447:10:12;9:2:597:451:13:11;10:7:497:442:17:18;11:2:177:448:95:39,1,SAFE,inf
54,0,6,2:136:449:112:41:0.7944;2:520:447:10:12:0.4302;2:561:447:42:30:0.7594;2:597:451:13:11:0.4551;7:496:442:17:18:0.2974;7:624:398:67:80:0.7829,6,1:2:561:447:42:30;2:7:624:398:67:80;7:2:520:447:10:12;9:2:597:451:13:11;10:7:496:442:17:18;11:2:136:449:112:41,1,SAFE,inf
55,0,6,2:87:449:129:44:0.7474;2:520:447:10:12:0.3835;2:561:446:41:31:0.7577;2:598:450:12:12:0.4168;7:495:442:15:18:0.2899;7:624:397:69:80:0.8048,6,1:2:561:446:41:31;2:7:624:397:69:80;7:2:520:447:10:12;9:2:598:450:12:12;10:7:495:442:15:18;11:2:87:449:129:44,1,SAFE,inf
56,0,6,2:23:448:160:50:0.7295;2:519:447:11:13:0.3355;2:561:446:41:31:0.7779;2:598:451:12:11:0.3993;7:494:442:16:18:0.2735;7:625:396:70:81:0.7652,6,1:2:561:446:41:31;2:7:625:396:70:81;7:2:519:447:11:13;9:2:598:451:12:11;10:7:494:442:16:18;11:2:23:448:160:50,1,SAFE,inf
57,0,5,2:0:447:135:52:0.8037;2:561:446:41:31:0.7748;2:598:450:12:12:0.4791;7:492:441:18:19:0.2424;7:625:395:71:83:0.6998,5,1:2:561:446:41:31;2:7:625:395:71:83;9:2:598:450:12:12;10:7:492:441:18:19;11:2:0:447:135:52,1,SAFE,23.744
58,0,6,2:0:446:77:55:0.7221;2:519:446:11:14:0.2125;2:561:445:41:32:0.7638;2:597:450:13:11:0.4845;7:491:441:16:19:0.2576;7:625:395:73:82:0.7869,5,1:2:561:445:41:32;2:7:625:395:73:82;9:2:597:450:13:11;10:7:491:441:16:19;11:2:0:446:77:55,1,SAFE,15.174
59,0,4,2:562:446:40:31:0.7855;2:597:450:14:11:0.5276;7:490:441:16:19:0.3927;7:626:394:73:83:0.7554,4,1:2:562:446:40:31;2:7:626:394:73:83;9:2:597:450:14:11;10:7:490:441:16:19,1,SAFE,16.950
60,0,4,2:562:445:40:31:0.7935;2:598:450:13:11:0.4340;7:489:440:19:20:0.3845;7:626:392:74:85:0.8364,4,1:2:562:445:40:31;2:7:626:392:74:85;9:2:598:450:13:11;10:7:489:440:19:20,1,SAFE,20.585
61,0,4,2:562:445:40:31:0.7982;2:597:449:14:12:0.4806;7:488:440:21:19:0.3185;7:627:391:74:86:0.8573,4,1:2:562:445:40:31;2:7:627:391:74:86;9:2:597:449:14:12;10:7:488:440:21:19,1,SAFE,28.859
62,0,4,2:562:445:40:31:0.7622;2:598:449:13:12:0.4787;7:486:440:21:20:0.3317;7:627:391:77:86:0.8151,4,1:2:562:445:40:31;2:7:627:391:77:86;9:2:598:449:13:12;10:7:486:440:21:20,1,SAFE,22.079
63,0,4,2:563:445:39:30:0.7358;2:597:449:15:13:0.5333;7:485:440:21:20:0.4056;7:628:391:77:87:0.7925,4,1:2:563:445:39:30;2:7:628:391:77:87;9:2:597:449:15:13;10:7:485:440:21:20,1,SAFE,31.883
64,0,4,2:564:445:38:31:0.7574;2:597:449:15:13:0.5079;7:483:440:17:21:0.4582;7:628:389:80:89:0.8407,4,1:2:564:445:38:31;2:7:628:389:80:89;9:2:597:449:15:13;10:7:483:440:17:21,1,SAFE,21.971
65,0,5,0:515:441:12:19:0.1207;2:564:445:39:31:0.7559;2:597:449:15:13:0.4368;7:482:440:20:20:0.5223;7:628:388:82:91:0.8442,4,1:2:564:445:39:31;2:7:628:388:82:91;9:2:597:449:15:13;10:7:482:440:20:20,1,SAFE,16.760
66,0,5,0:515:442:11:18:0.1142;2:564:445:39:31:0.7703;2:598:450:14:11:0.4408;7:482:439:23:22:0.5482;7:628:387:84:92:0.8680,4,1:2:564:445:39:31;2:7:628:387:84:92;9:2:598:450:14:11;10:7:482:439:23:22,1,SAFE,21.864
67,0,4,2:565:445:38:30:0.7629;2:598:450:14:11:0.4531;7:480:439:18:22:0.5443;7:629:387:85:93:0.8681,4,1:2:565:445:38:30;2:7:629:387:85:93;9:2:598:450:14:11;10:7:480:439:18:22,1,SAFE,inf
68,0,5,2:512:445:13:14:0.2472;2:565:445:38:31:0.7614;2:598:450:14:11:0.4378;7:478:439:26:22:0.5057;7:630:386:85:94:0.7913,4,1:2:565:445:38:31;2:7:630:386:85:94;9:2:598:450:14:11;10:7:478:439:26:22,1,SAFE,inf
69,0,4,2:565:446:38:30:0.7645;2:599:450:13:12:0.3091;7:476:439:26:22:0.5784;7:631:385:86:95:0.8242,4,1:2:565:446:38:30;2:7:631:385:86:95;9:2:599:450:13:12;10:7:476:439:26:22,1,SAFE,inf
70,0,4,2:565:445:38:31:0.7735;2:599:450:13:11:0.2694;7:475:439:19:23:0.4689;7:631:385:88:95:0.8268,4,1:2:565:445:38:31;2:7:631:385:88:95;9:2:599:450:13:11;10:7:475:439:19:23,1,SAFE,inf
71,0,4,2:565:445:38:31:0.7790;2:599:450:14:12:0.2685;7:474:439:17:22:0.4494;7:631:384:91:97:0.8455,4,1:2:565:445:38:31;2:7:631:384:91:97;9:2:599:450:14:12;10:7:474:439:17:22,1,SAFE,inf
72,0,4,2:565:445:38:30:0.7709;2:600:450:13:12:0.2447;7:472:439:22:23:0.5522;7:632:383:91:98:0.8630,4,1:2:565:445:38:30;2:7:632:383:91:98;9:2:600:450:13:12;10:7:472:439:22:23,1,SAFE,inf
73,0,5,2:511:443:14:18:0.1181;2:565:446:39:32:0.7817;7:470:439:18:22:0.5425;7:596:425:42:43:0.1076;7:632:381:94:100:0.8408,4,1:2:565:446:39:32;2:7:632:381:94:100;9:7:596:425:42:43;10:7:470:439:18:22,1,SAFE,inf
74,0,5,2:508:446:14:14:0.2991;2:566:446:38:32:0.7846;7:467:438:29:25:0.4830;7:597:425:42:50:0.1580;7:632:380:97:102:0.8391,4,1:2:566:446:38:32;2:7:632:380:97:102;9:7:597:425:42:50;10:7:467:438:29:25,1,SAFE,29.719
75,0,5,2:566:446:38:32:0.7970;7:466:438:28:25:0.4439;7:507:442:16:18:0.2728;7:597:425:43:49:0.2137;7:633:379:98:103:0.8489,4,1:2:566:446:38:32;2:7:633:379:98:103;9:7:597:425:43:49;10:7:466:438:28:25,1,SAFE,15.461
76,0,5,2:566:446:39:32:0.7908;7:465:437:27:26:0.4778;7:506:442:17:17:0.3166;7:598:425:42:37:0.2083;7:635:378:98:104:0.8537,4,1:2:566:446:39:32;2:7:635:378:98:104;9:7:598:425:42:37;10:7:465:437:27:26,1,SAFE,10.833
77,0,5,2:567:445:38:30:0.7897;2:602:451:12:11:0.2006;7:462:438:22:24:0.3996;7:506:442:16:18:0.2543;7:637:377:99:105:0.8599,4,1:2:567:445:38:30;2:7:637:377:99:105;9:2:602:451:12:11;10:7:462:438:22:24,1,SAFE,14.665
78,0,5,2:540:448:13:10:0.2516;2:566:446:40:32:0.8063;2:602:451:12:11:0.2085;7:460:438:19:24:0.4171;7:637:376:101:107:0.8434,4,1:2:566:446:40:32;2:7:637:376:101:107;10:7:460:438:19:24;12:2:540:448:13:10,1,SAFE,14.738
79,0,6,2:504:448:13:12:0.2063;2:541:448:12:10:0.2253;2:567:445:38:30:0.8177;2:603:451:11:12:0.2239;7:458:437:29:26:0.4882;7:638:375:103:109:0.8676,4,1:2:567:445:38:30;2:7:638:375:103:109;10:7:458:437:29:26;12:2:541:448:12:10,1,SAFE,24.793
80,0,5,2:540:448:13:10:0.2637;2:566:446:41:31:0.8157;2:603:450:11:12:0.2802;7:455:436:35:27:0.5197;7:639:374:105:109:0.8756,4,1:2:566:446:41:31;2:7:639:374:105:109;10:7:455:436:35:27;12:2:540:448:13:10,1,SAFE,24.456
81,0,7,2:541:448:12:10:0.2140;2:567:446:40:31:0.8052;2:603:450:11:12:0.2476;5:502:441:17:19:0.2392;7:452:436:34:27:0.5401;7:470:434:18:28:0.2149;7:640:373:107:110:0.8587,4,1:2:567:446:40:31;2:7:640:373:107:110;10:7:452:436:34:27;12:2:541:448:12:10,1,SAFE,24.127
82,0,6,2:541:448:13:10:0.2385;2:567:446:40:31:0.8103;2:603:451:11:11:0.2247;7:449:435:31:29:0.5592;7:468:434:18:29:0.2636;7:640:371:110:115:0.8529,4,1:2:567:446:40:31;2:7:640:371:110:115;10:7:449:435:31:29;12:2:541:448:13:10,1,SAFE,inf
83,0,6,2:567:446:40:31:0.7928;5:500:441:17:19:0.3499;7:448:436:22:28:0.5854;7:465:434:19:29:0.3782;7:600:424:45:38:0.1151;7:640:370:113:117:0.8611,3,1:2:567:446:40:31;2:7:640:370:113:117;10:7:448:436:22:28,1,SAFE,inf
84,0,4,2:568:446:39:31:0.7835;5:499:440:16:20:0.2760;7:445:433:38:31:0.6731;7:642:369:113:118:0.8725,2,1:2:568:446:39:31;2:7:642:369:113:118,1,SAFE,inf
85,0,4,2:568:446:39:31:0.7856;5:498:440:17:20:0.3471;7:442:433:39:32:0.6847;7:642:368:115:119:0.8836,4,1:2:568:446:39:31;2:7:642:368:115:119;13:5:498:440:17:20;14:7:442:433:39:32,1,SAFE,inf
86,0,4,2:568:446:40:31:0.7730;5:497:440:19:20:0.3239;7:439:433:40:32:0.7423;7:643:365:119:123:0.9031,4,1:2:568:446:40:31;2:7:643:365:119:123;13:5:497:440:19:20;14:7:439:433:40:32,1,SAFE,inf
87,0,4,2:569:446:39:31:0.7598;7:436:433:42:32:0.7689;7:495:440:20:20:0.3151;7:645:363:120:126:0.9090,4,1:2:569:446:39:31;2:7:645:363:120:126;13:7:495:440:20:20;14:7:436:433:42:32,1,SAFE,inf
88,0,4,2:569:446:39:31:0.7466;5:495:439:20:21:0.4290;7:432:431:44:34:0.7917;7:645:361:124:129:0.9127,4,1:2:569:446:39:31;2:7:645:361:124:129;13:5:495:439:20:21;14:7:432:431:44:34,1,SAFE,inf
89,0,4,2:569:446:39:31:0.7564;5:494:439:21:21:0.5118;7:429:431:45:35:0.6930;7:646:360:127:130:0.9142,4,1:2:569:446:39:31;2:7:646:360:127:130;13:5:494:439:21:21;14:7:429:431:45:35,1,SAFE,inf
90,0,4,2:569:446:39:31:0.7777;5:492:439:23:21:0.4460;7:425:430:47:36:0.8018;7:647:358:130:133:0.9068,4,1:2:569:446:39:31;2:7:647:358:130:133;13:5:492:439:23:21;14:7:425:430:47:36,1,SAFE,inf
91,0,5,2:569:446:40:31:0.7990;2:606:450:9:13:0.2591;5:491:439:23:21:0.3682;7:421:429:50:37:0.7147;7:647:356:135:134:0.9239,5,1:2:569:446:40:31;2:7:647:356:135:134;12:2:606:450:9:13;13:5:491:439:23:21;14:7:421:429:50:37,1,SAFE,46.026
92,0,5,2:570:447:39:30:0.7905;2:606:450:9:13:0.2768;5:490:439:22:21:0.5335;7:418:430:49:37:0.7699;7:647:354:137:137:0.9120,5,1:2:570:447:39:30;2:7:647:354:137:137;12:2:606:450:9:13;13:5:490:439:22:21;14:7:418:430:49:37,1,SAFE,inf
93,0,5,2:570:447:39:30:0.8120;2:607:450:9:13:0.2216;5:489:439:23:21:0.4775;7:414:429:51:39:0.8028;7:648:353:138:139:0.9107,5,1:2:570:447:39:30;2:7:648:353:138:139;12:2:607:450:9:13;13:5:489:439:23:21;14:7:414:429:51:39,1,SAFE,inf
94,0,6,2:542:448:10:10:0.2132;2:570:446:40:30:0.8299;2:607:450:9:13:0.2474;5:487:438:24:22:0.5418;7:409:429:53:38:0.8245;7:647:350:148:141:0.9414,5,1:2:570:446:40:30;2:7:647:350:148:141;12:2:607:450:9:13;13:5:487:438:24:22;14:7:409:429:53:38,1,SAFE,inf
95,0,5,2:570:446:40:31:0.8231;2:607:450:9:13:0.2846;5:486:438:24:22:0.4453;7:403:428:57:39:0.7532;7:649:347:151:146:0.9496,5,1:2:570:446:40:31;2:7:649:347:151:146;12:2:607:450:9:13;13:5:486:438:24:22;14:7:403:428:57:39,1,SAFE,inf
96,0,6,2:541:448:10:10:0.2120;2:570:446:40:31:0.8165;2:607:450:9:14:0.2257;5:484:438:25:22:0.5847;7:399:427:58:41:0.7148;7:650:346:155:147:0.9457,5,1:2:570:446:40:31;2:7:650:346:155:147;12:2:607:450:9:14;13:5:484:438:25:22;14:7:399:427:58:41,1,SAFE,inf
97,0,5,2:539:448:12:10:0.2463;2:570:446:40:31:0.8221;5:483:438:25:22:0.4890;7:394:426:59:43:0.7432;7:649:345:160:149:0.9452,4,1:2:570:446:40:31;2:7:649:345:160:149;13:5:483:438:25:22;14:7:394:426:59:43,1,SAFE,inf
98,0,5,2:540:448:10:11:0.2044;2:570:446:40:31:0.8118;5:480:437:27:24:0.4366;7:387:425:63:45:0.7966;7:651:342:164:153:0.9473,4,1:2:570:446:40:31;2:7:651:342:164:153;13:5:480:437:27:24;14:7:387:425:63:45,1,SAFE,inf
99,0,4,2:570:445:40:32:0.7903;7:382:424:65:46:0.7640;7:479:437:27:24:0.5362;7:650:339:171:156:0.9532,4,1:2:570:445:40:32;2:7:650:339:171:156;13:7:479:437:27:24;14:7:382:424:65:46,1,SAFE,inf
100,0,4,2:571:445:39:32:0.7681;7:376:424:68:47:0.7877;7:478:437:27:24:0.6265;7:651:337:175:160:0.9487,4,1:2:571:445:39:32;2:7:651:337:175:160;13:7:478:437:27:24;14:7:376:424:68:47,1,SAFE,22.636
101,0,4,2:571:445:39:32:0.7508;7:369:423:71:48:0.8294;7:476:437:28:25:0.6293;7:652:335:180:163:0.9318,4,1:2:571:445:39:32;2:7:652:335:180:163;13:7:476:437:28:25;14:7:369:423:71:48,1,SAFE,13.947
102,0,4,2:571:445:39:32:0.7520;7:362:421:74:50:0.8161;7:474:437:28:25:0.4846;7:652:331:188:169:0.9323,4,1:2:571:445:39:32;2:7:652:331:188:169;13:7:474:437:28:25;14:7:362:421:74:50,1,SAFE,10.436
103,0,5,2:571:445:40:32:0.7641;5:472:436:30:25:0.4929;7:354:421:78:50:0.8262;7:515:443:14:16:0.2113;7:653:329:193:171:0.9370,4,1:2:571:445:40:32;2:7:653:329:193:171;13:5:472:436:30:25;14:7:354:421:78:50,1,SAFE,8.580
104,0,5,2:572:445:39:32:0.7526;5:470:436:30:26:0.4699;7:346:419:83:53:0.8425;7:514:443:15:16:0.3451;7:654:324:199:178:0.9426,4,1:2:572:445:39:32;2:7:654:324:199:178;13:5:470:436:30:26;14:7:346:419:83:53,1,SAFE,7.470
105,0,6,2:529:446:19:13:0.2640;2:573:446:38:32:0.8228;5:468:436:30:27:0.4036;7:338:419:86:54:0.8315;7:513:444:16:15:0.3327;7:656:322:203:182:0.9595,4,1:2:573:446:38:32;2:7:656:322:203:182;13:5:468:436:30:27;14:7:338:419:86:54,1,SAFE,6.766
106,0,6,2:530:447:17:12:0.2695;2:573:446:39:32:0.8022;7:328:418:91:57:0.8181;7:466:436:32:27:0.4021;7:512:444:16:16:0.3717;7:657:318:211:187:0.9440,5,1:2:573:446:39:32;2:7:657:318:211:187;13:7:466:436:32:27;14:7:328:418:91:57;15:7:512:444:16:16,1,SAFE,6.316
107,0,6,2:530:447:17:12:0.2276;2:573:446:39:33:0.8180;5:464:436:32:27:0.4363;7:321:417:93:59:0.8049;7:511:444:17:16:0.3972;7:659:314:216:192:0.9560,5,1:2:573:446:39:33;2:7:659:314:216:192;13:5:464:436:32:27;14:7:321:417:93:59;15:7:511:444:17:16,1,SAFE,6.233
108,0,7,2:528:446:18:13:0.3036;2:573:446:40:32:0.8142;7:320:416:89:59:0.8326;7:462:435:32:28:0.5520;7:511:443:17:16:0.3492;7:600:423:69:57:0.1698;7:659:310:225:196:0.9483,5,1:2:573:446:40:32;2:7:659:310:225:196;13:7:462:435:32:28;14:7:320:416:89:59;15:7:511:443:17:16,1,SAFE,7.735
109,0,7,2:510:443:17:17:0.4228;2:534:449:12:10:0.2859;2:573:446:40:33:0.8240;5:459:435:34:29:0.4888;7:320:414:84:61:0.7272;7:599:424:70:53:0.2085;7:660:307:232:202:0.9448,5,1:2:573:446:40:33;2:7:660:307:232:202;13:5:459:435:34:29;14:7:320:414:84:61;15:2:510:443:17:17,1,SAFE,8.750
110,0,7,2:527:448:15:11:0.2906;2:535:449:11:10:0.3201;2:573:446:40:33:0.8222;7:320:413:78:63:0.7805;7:457:435:34:29:0.4161;7:508:443:18:17:0.3836;7:662:303:242:207:0.9350,6,1:2:573:446:40:33;2:7:662:303:242:207;13:7:457:435:34:29;14:7:320:413:78:63;15:7:508:443:18:17;16:2:535:449:11:10,1,SAFE,8.535
111,0,7,2:532:447:14:11:0.3875;2:573:446:40:32:0.8037;5:454:434:36:30:0.3415;7:320:410:70:65:0.7240;7:508:442:18:18:0.4584;7:597:423:75:54:0.1185;7:662:299:252:211:0.9307,6,1:2:573:446:40:32;2:7:662:299:252:211;13:5:454:434:36:30;14:7:320:410:70:65;15:7:508:442:18:18;16:2:532:447:14:11,1,SAFE,11.076
112,0,7,2:506:442:19:18:0.4334;2:526:447:13:12:0.3615;2:534:448:11:10:0.3896;2:573:446:40:33:0.8198;5:451:434:37:30:0.4096;7:251:407:134:73:0.6676;7:665:295:258:217:0.9369,6,1:2:573:446:40:33;2:7:665:295:258:217;13:5:451:434:37:30;14:7:251:407:134:73;15:2:506:442:19:18;16:2:534:448:11:10,1,SAFE,12.037
113,0,6,2:525:448:12:10:0.2569;2:573:446:41:33:0.8363;7:235:406:143:77:0.7156;7:449:434:37:30:0.4355;7:505:442:20:18:0.4359;7:667:290:267:225:0.8732,5,1:2:573:446:41:33;2:7:667:290:267:225;13:7:449:434:37:30;14:7:235:406:143:77;15:7:505:442:20:18,1,SAFE,14.458
114,0,6,2:525:448:16:11:0.2220;2:574:446:40:33:0.8660;7:215:403:155:83:0.5402;7:447:434:37:30:0.4279;7:505:442:19:19:0.4332;7:667:283:280:235:0.9170,5,1:2:574:446:40:33;2:7:667:283:280:235;13:7:447:434:37:30;14:7:215:403:155:83;15:7:505:442:19:19,1,SAFE,13.201
115,0,6,2:574:446:39:32:0.8462;2:945:433:14:18:0.2243;7:193:400:168:86:0.5081;7:443:433:39:32:0.4241;7:504:441:19:19:0.4084;7:668:279:287:240:0.8752,5,1:2:574:446:39:32;2:7:668:279:287:240;13:7:443:433:39:32;14:7:193:400:168:86;15:7:504:441:19:19,1,SAFE,17.860
116,0,6,2:525:448:13:11:0.2679;2:574:446:39:32:0.8503;7:320:408:31:68:0.4441;7:441:432:40:33:0.5691;7:502:441:20:19:0.4613;7:668:275:286:247:0.8869,6,1:2:574:446:39:32;2:7:668:275:286:247;13:7:441:432:40:33;14:7:320:408:31:68;15:7:502:441:20:19;16:2:525:448:13:11,1,SAFE,27.601
117,0,5,2:575:446:38:32:0.8488;7:144:394:199:95:0.6357;7:437:431:41:34:0.4555;7:501:440:21:20:0.3103;7:671:264:319:259:0.8792,4,1:2:575:446:38:32;2:7:671:264:319:259;13:7:437:431:41:34;15:7:501:440:21:20,1,SAFE,inf
118,0,5,2:575:446:39:31:0.8397;7:113:391:218:100:0.7244;7:433:431:44:34:0.2387;7:500:440:21:20:0.2541;7:670:274:289:250:0.9192,4,1:2:575:446:39:31;2:7:670:274:289:250;13:7:433:431:44:34;15:7:500:440:21:20,1,SAFE,inf
119,0,5,2:575:445:39:31:0.8086;7:75:386:246:106:0.4964;7:431:431:43:33:0.2094;7:499:440:20:19:0.3366;7:673:246:352:283:0.8806,5,1:2:575:445:39:31;2:7:673:246:352:283;13:7:431:431:43:33;15:7:499:440:20:19;17:7:75:386:246:106,1,SAFE,inf
120,0,6,2:576:446:38:31:0.8490;7:34:382:273:115:0.6549;7:426:430:47:36:0.3906;7:497:440:22:19:0.2912;7:676:274:283:254:0.9253;7:743:435:256:93:0.1077,5,1:2:576:446:38:31;2:7:676:274:283:254;13:7:426:430:47:36;15:7:497:440:22:19;17:7:34:382:273:115,1,SAFE,inf
121,0,4,2:576:446:39:31:0.8421;7:422:430:47:36:0.3406;7:496:440:22:20:0.2526;7:674:274:285:256:0.9257,4,1:2:576:446:39:31;2:7:674:274:285:256;13:7:422:430:47:36;15:7:496:440:22:20,1,SAFE,inf
122,0,5,2:577:446:38:31:0.8180;7:0:369:278:132:0.5349;7:418:430:49:37:0.5389;7:495:440:22:20:0.2537;7:676:274:283:256:0.9388,5,1:2:577:446:38:31;2:7:676:274:283:256;13:7:418:430:49:37;15:7:495:440:22:20;17:7:0:369:278:132,1,SAFE,inf
123,0,4,2:577:446:39:32:0.8267;7:414:429:51:40:0.4405;7:493:440:23:20:0.2963;7:680:274:279:256:0.9356,4,1:2:577:446:39:32;2:7:680:274:279:256;13:7:414:429:51:40;15:7:493:440:23:20,1,SAFE,inf
124,0,3,2:577:446:39:32:0.7652;7:408:429:54:42:0.5074;7:682:274:277:255:0.9220,3,1:2:577:446:39:32;2:7:682:274:277:255;13:7:408:429:54:42,1,SAFE,inf
125,0,3,2:578:446:39:33:0.7953;7:405:429:55:40:0.5717;7:684:274:275:256:0.9306,3,1:2:578:446:39:33;2:7:684:274:275:256;13:7:405:429:55:40,1,SAFE,inf
126,0,3,2:578:446:39:33:0.7793;7:399:429:58:42:0.4568;7:682:275:277:256:0.9296,3,1:2:578:446:39:33;2:7:682:275:277:256;13:7:399:429:58:42,1,SAFE,inf
127,0,4,2:578:446:39:33:0.7244;7:393:427:60:43:0.4855;7:488:440:23:22:0.2497;7:684:275:275:255:0.9280,3,1:2:578:446:39:33;2:7:684:275:275:255;13:7:393:427:60:43,1,SAFE,inf
128,0,4,2:579:446:38:33:0.7762;7:387:427:64:41:0.3448;7:486:440:24:21:0.2776;7:686:275:273:255:0.9250,4,1:2:579:446:38:33;2:7:686:275:273:255;13:7:387:427:64:41;15:7:486:440:24:21,1,SAFE,15.061
129,0,5,2:579:446:39:33:0.7897;7:0:356:94:150:0.1864;7:384:425:62:45:0.3529;7:485:440:24:21:0.2058;7:687:275:272:255:0.9431,4,1:2:579:446:39:33;2:7:687:275:272:255;13:7:384:425:62:45;15:7:485:440:24:21,1,SAFE,8.597
130,0,5,2:579:446:38:32:0.7821;7:0:355:50:143:0.1560;7:375:424:67:47:0.4118;7:483:440:25:22:0.2298;7:688:274:271:257:0.9472,4,1:2:579:446:38:32;2:7:688:274:271:257;13:7:375:424:67:47;15:7:483:440:25:22,1,SAFE,8.558
131,0,4,2:579:446:39:32:0.7648;7:369:423:71:49:0.2440;7:481:439:25:23:0.3465;7:690:275:269:256:0.9401,4,1:2:579:446:39:32;2:7:690:275:269:256;13:7:369:423:71:49;15:7:481:439:25:23,1,SAFE,8.520
132,0,5,2:509:448:14:11:0.2023;2:579:446:40:31:0.7934;7:361:423:74:48:0.3100;7:480:439:25:22:0.2785;7:692:275:267:257:0.9456,4,1:2:579:446:40:31;2:7:692:275:267:257;13:7:361:423:74:48;15:7:480:439:25:22,1,SAFE,10.626
133,0,5,2:509:449:14:10:0.2334;2:580:446:39:31:0.7909;7:353:422:78:51:0.3923;7:478:438:27:24:0.2904;7:693:275:266:256:0.9536,4,1:2:580:446:39:31;2:7:693:275:266:256;13:7:353:422:78:51;15:7:478:438:27:24,1,SAFE,21.253
134,0,4,2:581:446:38:31:0.7963;7:345:421:83:53:0.5274;7:476:438:27:23:0.4747;7:695:275:264:256:0.9512,4,1:2:581:446:38:31;2:7:695:275:264:256;13:7:345:421:83:53;15:7:476:438:27:23,1,SAFE,inf
135,0,4,2:581:446:39:31:0.7558;7:337:420:86:55:0.4885;7:474:437:28:25:0.4381;7:698:275:261:256:0.9655,4,1:2:581:446:39:31;2:7:698:275:261:256;13:7:337:420:86:55;15:7:474:437:28:25,1,SAFE,inf
136,0,4,2:581:446:39:31:0.7456;7:326:417:92:58:0.4143;7:472:437:29:24:0.3257;7:700:274:259:257:0.9737,4,1:2:581:446:39:31;2:7:700:274:259:257;13:7:326:417:92:58;15:7:472:437:29:24,1,SAFE,inf
137,0,5,2:581:447:39:28:0.7192;7:320:416:93:61:0.7218;7:469:436:29:25:0.3475;7:703:274:256:258:0.9723;7:717:374:562:274:0.1409,4,1:2:581:447:39:28;2:7:703:274:256:258;13:7:320:416:93:61;15:7:469:436:29:25,1,SAFE,inf
138,0,4,2:581:446:39:29:0.7366;7:320:415:87:61:0.5606;7:467:436:30:25:0.3176;7:705:275:254:256:0.9587,4,1:2:581:446:39:29;2:7:705:275:254:256;13:7:320:415:87:61;15:7:467:436:30:25,1,SAFE,inf
139,0,4,2:581:445:40:32:0.7217;7:320:412:81:64:0.5121;7:465:435:32:26:0.3981;7:706:275:253:256:0.9411,4,1:2:581:445:40:32;2:7:706:275:253:256;13:7:320:412:81:64;15:7:465:435:32:26,1,SAFE,inf
140,0,4,2:582:445:39:32:0.7441;7:278:409:116:67:0.2558;7:462:434:34:27:0.5082;7:710:275:249:254:0.9352,4,1:2:582:445:39:32;2:7:710:275:249:254;13:7:278:409:116:67;15:7:462:434:34:27,1,SAFE,inf
141,0,3,2:582:444:39:33:0.7674;7:460:434:33:26:0.2405;7:714:274:245:252:0.8697,3,1:2:582:444:39:33;2:7:714:274:245:252;15:7:460:434:33:26,1,SAFE,inf
142,0,3,2:582:444:40:33:0.7829;7:457:434:35:27:0.4405;7:717:275:242:253:0.8723,3,1:2:582:444:40:33;2:7:717:275:242:253;15:7:457:434:35:27,1,SAFE,inf
143,0,2,2:582:444:41:33:0.8186;7:719:275:240:255:0.9243,2,1:2:582:444:41:33;2:7:719:275:240:255,1,SAFE,28.697
144,0,3,2:473:450:14:10:0.3906;2:582:444:41:33:0.7811;7:722:274:237:257:0.9235,3,1:2:582:444:41:33;2:7:722:274:237:257;15:2:473:450:14:10,1,SAFE,8.858
145,0,3,2:583:445:41:32:0.7373;7:450:433:35:29:0.4075;7:726:275:233:256:0.9122,2,1:2:583:445:41:32;2:7:726:275:233:256,1,SAFE,7.065
146,0,4,2:496:450:14:10:0.3907;2:584:446:40:31:0.7429;7:446:433:38:30:0.2319;7:729:275:230:256:0.9044,2,1:2:584:446:40:31;2:7:729:275:230:256,1,SAFE,6.831
147,0,5,2:496:450:12:10:0.2935;2:585:445:39:33:0.7436;7:443:433:38:31:0.3984;7:733:275:226:255:0.8942;7:745:376:534:240:0.2852,2,1:2:585:445:39:33;2:7:733:275:226:255,1,SAFE,5.737
148,0,3,2:585:445:39:33:0.7340;7:441:433:38:31:0.4475;7:737:275:222:255:0.9051,3,1:2:585:445:39:33;2:7:737:275:222:255;18:7:441:433:38:31,1,SAFE,5.114
149,0,3,2:586:445:38:33:0.6945;7:437:433:40:32:0.2911;7:742:275:217:255:0.9139,3,1:2:586:445:38:33;2:7:742:275:217:255;18:7:437:433:40:32,1,SAFE,4.760
150,0,3,2:585:446:40:32:0.7297;7:433:432:43:33:0.2415;7:746:275:213:254:0.9131,3,1:2:585:446:40:32;2:7:746:275:213:254;18:7:433:432:43:33,1,SAFE,5.132
151,0,4,2:586:446:39:33:0.8252;7:429:432:45:33:0.2271;7:751:275:208:255:0.9352;7:756:416:523:181:0.1211,3,1:2:586:446:39:33;2:7:751:275:208:255;18:7:429:432:45:33,1,SAFE,5.018
152,0,5,2:486:452:15:10:0.2129;2:587:447:39:32:0.7667;7:426:432:45:34:0.2597;7:756:276:203:254:0.9391;7:1035:413:244:192:0.1901,3,1:2:587:447:39:32;2:7:756:276:203:254;18:7:426:432:45:34,1,SAFE,11.517
153,0,5,2:484:452:15:11:0.2443;2:586:448:41:30:0.7756;7:422:432:46:33:0.4062;7:761:275:198:255:0.9320;7:1072:409:207:196:0.2614,3,1:2:586:448:41:30;2:7:761:275:198:255;18:7:422:432:46:33,1,SAFE,inf
154,0,6,2:479:451:19:11:0.2847;2:502:450:12:10:0.2913;2:512:449:11:10:0.2160;2:586:448:41:30:0.7756;7:418:430:48:36:0.4987;7:769:274:190:256:0.9389,3,1:2:586:448:41:30;2:7:769:274:190:256;18:7:418:430:48:36,1,SAFE,inf
155,0,4,2:477:452:16:11:0.2051;2:588:447:40:33:0.8029;7:413:431:51:36:0.3567;7:774:274:185:256:0.9469,3,1:2:588:447:40:33;2:7:774:274:185:256;18:7:413:431:51:36,1,SAFE,inf
156,0,4,2:474:443:24:20:0.2272;2:588:447:40:33:0.8274;7:409:430:52:38:0.4983;7:781:274:178:256:0.9418,3,1:2:588:447:40:33;2:7:781:274:178:256;18:7:409:430:52:38,1,SAFE,inf
157,0,4,2:472:453:15:10:0.2141;2:588:447:40:33:0.8376;7:405:429:53:39:0.2635;7:788:275:171:254:0.8905,3,1:2:588:447:40:33;2:7:788:275:171:254;18:7:405:429:53:39,1,SAFE,inf
158,0,4,2:469:452:22:12:0.3160;2:589:447:40:32:0.8585;7:399:428:57:41:0.4715;7:797:6:482:636:0.9268,3,1:2:589:447:40:32;2:7:797:6:482:636;18:7:399:428:57:41,1,SAFE,inf
159,0,5,2:466:452:19:11:0.2465;2:509:449:13:10:0.2293;2:589:446:40:33:0.8721;7:395:428:57:42:0.5614;7:804:4:475:658:0.9386,3,1:2:589:446:40:33;2:7:804:4:475:658;18:7:395:428:57:42,1,SAFE,inf
160,0,5,2:463:452:18:12:0.2424;2:508:449:15:10:0.2715;2:589:446:40:33:0.8476;7:389:427:61:43:0.5206;7:813:5:466:674:0.9259,3,1:2:589:446:40:33;2:7:813:5:466:674;18:7:389:427:61:43,1,SAFE,29.987
161,0,5,2:460:451:27:13:0.2094;2:489:451:14:10:0.2267;2:506:449:19:10:0.3395;2:590:447:41:32:0.8857;7:825:274:134:256:0.8619,3,1:2:590:447:41:32;2:7:825:274:134:256;19:2:506:449:19:10,1,SAFE,inf
162,0,5,2:456:451:29:13:0.2694;2:503:448:13:11:0.2075;2:590:446:41:33:0.8573;7:378:425:65:45:0.2769;7:837:274:122:256:0.8708,3,1:2:590:446:41:33;18:7:378:425:65:45;19:2:503:448:13:11,1,SAFE,36.615
163,0,4,2:452:451:25:13:0.2798;2:503:449:13:10:0.3078;2:590:446:41:33:0.8267;7:850:4:429:636:0.9415,2,1:2:590:446:41:33;19:2:503:449:13:10,1,SAFE,16.423
164,0,6,2:448:451:22:13:0.3280;2:483:450:17:10:0.4230;2:501:447:15:11:0.3763;2:591:445:40:34:0.8457;7:363:422:73:47:0.3051;7:863:6:416:628:0.9363,4,1:2:591:445:40:34;18:7:363:422:73:47;19:2:501:447:15:11;20:7:863:6:416:628,1,SAFE,8.559
165,0,7,2:444:452:19:12:0.4163;2:480:450:17:10:0.3591;2:500:448:14:11:0.3544;2:591:445:41:34:0.8119;7:352:421:79:50:0.5062;7:461:438:25:22:0.3025;7:880:6:399:639:0.9379,4,1:2:591:445:41:34;18:7:352:421:79:50;19:2:500:448:14:11;20:7:880:6:399:639,1,SAFE,6.982
166,0,6,2:439:451:20:14:0.3889;2:476:451:16:10:0.3790;2:499:448:15:11:0.2953;2:591:445:41:34:0.8582;7:341:420:87:51:0.5348;7:898:3:381:636:0.9362,6,1:2:591:445:41:34;18:7:341:420:87:51;19:2:499:448:15:11;20:7:898:3:381:636;21:2:439:451:20:14;22:2:476:451:16:10,1,SAFE,5.277
167,0,5,2:326:445:51:27:0.5626;2:436:452:21:13:0.3718;2:501:449:14:10:0.3781;2:592:445:40:35:0.8690;7:917:7:362:630:0.8768,5,1:2:592:445:40:35;18:2:326:445:51:27;19:2:501:449:14:10;20:7:917:7:362:630;21:2:436:452:21:13,1,SAFE,4.387
168,0,6,2:431:452:22:13:0.3879;2:494:449:12:10:0.2224;2:592:446:41:34:0.8329;7:321:418:98:55:0.5756;7:455:437:27:25:0.2168;7:939:4:340:651:0.8671,5,1:2:592:446:41:34;18:7:321:418:98:55;19:2:494:449:12:10;20:7:939:4:340:651;21:2:431:452:22:13,1,SAFE,5.562
169,0,8,2:295:450:35:25:0.1965;2:427:452:23:15:0.4119;2:471:452:16:10:0.2272;2:492:449:15:11:0.4026;2:593:446:41:34:0.7721;7:320:418:93:58:0.3890;7:452:438:32:26:0.2110;7:967:4:312:657:0.8823,5,1:2:593:446:41:34;18:7:320:418:93:58;19:2:492:449:15:11;20:7:967:4:312:657;21:2:427:452:23:15,1,SAFE,8.456
170,0,8,2:274:453:35:24:0.2153;2:305:448:37:28:0.2176;2:421:451:24:17:0.6336;2:490:449:14:12:0.4590;2:497:449:19:11:0.3032;2:594:446:40:33:0.7612;7:450:438:33:26:0.3977;7:996:4:283:666:0.8267,6,1:2:594:446:40:33;18:2:305:448:37:28;19:2:490:449:14:12;20:7:996:4:283:666;21:2:421:451:24:17;22:7:450:438:33:26,1,SAFE,9.750
171,0,8,2:252:445:76:35:0.3838;2:414:452:26:16:0.6605;2:488:449:16:11:0.5048;2:499:449:17:11:0.2452;2:594:446:40:33:0.7765;7:294:415:112:59:0.1270;7:448:438:33:26:0.3564;7:1032:3:247:669:0.8372,6,1:2:594:446:40:33;18:2:252:445:76:35;19:2:488:449:16:11;20:7:1032:3:247:669;21:2:414:452:26:16;22:7:448:438:33:26,1,SAFE,11.510
172,0,7,2:224:447:63:35:0.3101;2:409:452:28:16:0.6964;2:457:453:24:11:0.2520;2:487:449:15:12:0.4934;2:594:446:41:33:0.7541;2:1076:1:203:686:0.4312;7:446:437:30:27:0.2874,6,1:2:594:446:41:33;18:2:224:447:63:35;19:2:487:449:15:12;20:2:1076:1:203:686;21:2:409:452:28:16;22:7:446:437:30:27,1,SAFE,14.046
173,0,7,2:193:447:79:39:0.4285;2:403:452:27:17:0.6295;2:485:449:15:12:0.6065;2:503:451:13:10:0.2187;2:595:446:40:33:0.7317;7:443:438:34:27:0.4827;7:1128:3:151:653:0.3874,6,1:2:595:446:40:33;18:2:193:447:79:39;19:2:485:449:15:12;20:7:1128:3:151:653;21:2:403:452:27:17;22:7:443:438:34:27,1,SAFE,34.297
174,0,8,2:156:446:102:41:0.5056;2:395:452:31:18:0.6874;2:482:448:17:13:0.5176;2:487:449:22:12:0.2064;2:499:450:14:10:0.2561;2:595:446:40:34:0.7261;7:440:437:33:28:0.6662;7:1205:45:74:594:0.2119,6,1:2:595:446:40:34;18:2:156:446:102:41;19:2:482:448:17:13;20:7:1205:45:74:594;21:2:395:452:31:18;22:7:440:437:33:28,1,SAFE,30.728
175,0,7,2:111:446:116:44:0.7545;2:387:452:33:19:0.7961;2:479:449:17:12:0.4794;2:498:451:16:10:0.2711;2:595:447:41:33:0.7503;7:320:412:59:63:0.3417;7:437:437:35:28:0.5366,5,1:2:595:447:41:33;18:2:111:446:116:44;19:2:479:449:17:12;21:2:387:452:33:19;22:7:437:437:35:28,1,SAFE,inf
176,0,7,2:59:444:135:52:0.7197;2:379:452:35:20:0.6533;2:478:449:17:13:0.4840;2:492:452:19:10:0.3149;2:596:447:41:33:0.7638;7:223:407:150:75:0.3004;7:433:436:35:30:0.6191,5,1:2:596:447:41:33;18:2:59:444:135:52;19:2:478:449:17:13;21:2:379:452:35:20;22:7:433:436:35:30,1,SAFE,inf
177,0,5,2:8:440:144:62:0.6443;2:369:452:38:21:0.6814;2:476:448:16:14:0.2855;2:596:447:42:33:0.7597;7:431:437:35:29:0.5487,5,1:2:596:447:42:33;18:2:8:440:144:62;19:2:476:448:16:14;21:2:369:452:38:21;22:7:431:437:35:29,1,SAFE,inf
178,0,7,2:0:439:101:71:0.3886;2:359:451:39:22:0.7227;2:472:448:17:15:0.4705;2:488:451:18:11:0.2738;2:508:450:21:10:0.4812;2:596:447:42:34:0.8000;7:427:436:35:30:0.4951,5,1:2:596:447:42:34;18:2:0:439:101:71;19:2:472:448:17:15;21:2:359:451:39:22;22:7:427:436:35:30,1,SAFE,inf
179,0,6,2:0:436:33:71:0.1491;2:347:451:43:22:0.7395;2:470:449:18:13:0.4383;2:504:450:14:10:0.2924;2:597:447:41:33:0.8123;7:423:435:37:31:0.6263,5,1:2:597:447:41:33;18:2:0:436:33:71;19:2:470:449:18:13;21:2:347:451:43:22;22:7:423:435:37:31,1,SAFE,inf
180,0,6,2:335:451:44:22:0.6588;2:427:453:30:13:0.2659;2:468:449:18:14:0.3270;2:510:449:18:10:0.3317;2:597:447:40:32:0.8191;7:125:393:213:95:0.3290,5,1:2:597:447:40:32;19:2:468:449:18:14;21:2:335:451:44:22;22:2:427:453:30:13;23:2:510:449:18:10,1,SAFE,inf
181,0,7,2:322:450:46:24:0.7225;2:464:448:18:14:0.3139;2:501:450:15:10:0.3644;2:504:449:23:11:0.3653;2:597:447:41:32:0.8031;7:89:387:237:103:0.2981;7:415:432:38:34:0.5099,5,1:2:597:447:41:32;19:2:464:448:18:14;21:2:322:450:46:24;22:7:415:432:38:34;23:2:504:449:23:11,1,SAFE,inf
182,0,5,2:320:449:37:27:0.6928;2:462:449:18:13:0.2580;2:510:448:16:11:0.2400;2:598:447:39:32:0.8041;7:411:431:38:35:0.5415,5,1:2:598:447:39:32;19:2:462:449:18:13;21:2:320:449:37:27;22:7:411:431:38:35;23:2:510:448:16:11,1,SAFE,inf
183,0,4,2:320:449:23:27:0.5150;2:499:449:25:10:0.4420;2:598:446:40:33:0.7830;7:406:432:40:34:0.6556,4,1:2:598:446:40:33;21:2:320:449:23:27;22:7:406:432:40:34;23:2:499:449:25:10,1,SAFE,inf
184,0,6,2:266:449:64:29:0.5385;2:455:448:21:14:0.3714;2:499:449:18:10:0.3678;2:510:448:15:11:0.2222;2:598:446:40:34:0.7398;7:401:431:42:35:0.7040,5,1:2:598:446:40:34;19:2:455:448:21:14;21:2:266:449:64:29;22:7:401:431:42:35;23:2:499:449:18:10,1,SAFE,inf
185,0,5,2:245:447:68:33:0.6506;2:452:448:21:15:0.4065;2:599:447:40:33:0.8358;7:396:431:44:36:0.7092;7:475:442:20:19:0.2302,5,1:2:599:447:40:33;19:2:452:448:21:15;21:2:245:447:68:33;22:7:396:431:44:36;23:7:475:442:20:19,1,SAFE,inf
186,0,7,2:218:447:76:35:0.2557;2:448:447:21:16:0.4301;2:503:449:13:10:0.2501;2:592:450:8:11:0.2746;2:599:446:40:33:0.8190;7:392:430:40:37:0.6414;7:474:441:19:19:0.2160,5,1:2:599:446:40:33;19:2:448:447:21:16;21:2:218:447:76:35;22:7:392:430:40:37;23:2:503:449:13:10,1,SAFE,inf
187,0,8,2:185:449:87:35:0.3841;2:444:448:24:16:0.4757;2:474:451:17:11:0.2047;2:491:449:16:10:0.3738;2:497:448:24:11:0.3128;2:592:451:8:10:0.2312;2:599:447:41:33:0.8089;7:384:429:49:39:0.6567,5,1:2:599:447:41:33;19:2:444:448:24:16;21:2:185:449:87:35;22:7:384:429:49:39;23:2:497:448:24:11,1,SAFE,inf
188,0,7,2:154:449:91:37:0.3063;2:440:447:25:18:0.5637;2:492:449:18:11:0.2638;2:510:448:12:11:0.3173;2:590:452:10:10:0.2252;2:599:447:41:33:0.7998;7:380:429:50:40:0.5893,5,1:2:599:447:41:33;19:2:440:447:25:18;21:2:154:449:91:37;22:7:380:429:50:40;23:2:510:448:12:11,1,SAFE,inf
189,0,7,2:135:447:83:40:0.3938;2:436:446:25:18:0.5409;2:491:449:18:10:0.3089;2:509:448:12:11:0.3183;2:590:451:10:11:0.2456;2:599:446:41:34:0.7788;7:375:427:50:41:0.5716,6,1:2:599:446:41:34;19:2:436:446:25:18;21:2:135:447:83:40;22:7:375:427:50:41;23:2:509:448:12:11;24:2:491:449:18:10,1,SAFE,38.673
190,0,8,2:54:447:130:46:0.3187;2:431:446:26:19:0.5660;2:465:450:18:12:0.2331;2:485:450:14:10:0.2546;2:494:449:15:10:0.2064;2:507:448:14:10:0.3602;2:600:447:41:32:0.8032;7:367:427:54:43:0.7300,6,1:2:600:447:41:32;19:2:431:446:26:19;21:2:54:447:130:46;22:7:367:427:54:43;23:2:507:448:14:10;24:2:485:450:14:10,1,SAFE,inf
191,0,7,2:1:445:140:53:0.2807;2:427:446:26:19:0.6611;2:485:450:12:10:0.2225;2:507:448:12:10:0.2762;2:600:447:41:32:0.8115;7:357:426:60:44:0.7198;7:462:441:22:21:0.2190,6,1:2:600:447:41:32;19:2:427:446:26:19;21:2:1:445:140:53;22:7:357:426:60:44;23:2:507:448:12:10;24:2:485:450:12:10,1,SAFE,inf
192,0,8,2:1:445:85:54:0.1162;2:346:448:44:24:0.7941;2:422:445:26:20:0.6387;2:483:450:14:10:0.2620;2:502:448:16:11:0.3145;2:600:447:40:33:0.7979;7:350:425:62:43:0.5503;7:460:440:23:22:0.2990,6,1:2:600:447:40:33;19:2:422:445:26:20;21:2:1:445:85:54;22:7:350:425:62:43;23:2:502:448:16:11;24:2:483:450:14:10,1,SAFE,inf
193,0,5,2:416:446:28:20:0.5732;2:457:452:20:11:0.3229;2:503:448:14:11:0.2957;2:600:447:40:33:0.7616;7:335:425:72:48:0.7782,5,1:2:600:447:40:33;19:2:416:446:28:20;22:7:335:425:72:48;23:2:503:448:14:11;24:2:457:452:20:11,1,SAFE,43.559
194,0,6,2:410:446:30:21:0.4567;2:453:450:25:13:0.2565;2:478:451:14:11:0.2108;2:494:448:22:11:0.2212;2:599:447:42:33:0.7995;7:324:424:79:49:0.7719,5,1:2:599:447:42:33;19:2:410:446:30:21;22:7:324:424:79:49;23:2:494:448:22:11;24:2:453:450:25:13,1,SAFE,30.271
195,0,8,2:310:448:45:24:0.1061;2:404:445:32:22:0.7032;2:449:449:26:14:0.3060;2:476:450:12:10:0.2497;2:488:448:14:11:0.2429;2:502:448:12:10:0.3297;2:599:446:42:34:0.6943;7:322:422:75:50:0.7320,5,1:2:599:446:42:34;19:2:404:445:32:22;22:7:322:422:75:50;23:2:502:448:12:10;24:2:449:449:26:14,1,SAFE,25.555
196,0,7,2:293:446:60:26:0.1015;2:397:444:29:23:0.5785;2:445:452:20:12:0.5173;2:475:450:14:10:0.2835;2:501:448:12:11:0.2675;2:599:447:42:33:0.7454;7:321:421:69:51:0.8274,5,1:2:599:447:42:33;19:2:397:444:29:23;22:7:321:421:69:51;23:2:501:448:12:11;24:2:445:452:20:12,1,SAFE,inf
197,0,8,2:275:453:27:22:0.1595;2:390:444:33:23:0.5146;2:442:451:20:13:0.3328;2:474:450:15:10:0.3758;2:487:448:13:11:0.2049;2:500:448:12:10:0.2811;2:599:446:41:34:0.7445;7:320:420:64:53:0.7247,5,1:2:599:446:41:34;19:2:390:444:33:23;22:7:320:420:64:53;23:2:500:448:12:10;24:2:442:451:20:13,1,SAFE,inf
198,0,9,2:254:452:35:24:0.2487;2:382:444:37:24:0.6328;2:437:451:20:13:0.5164;2:469:450:14:10:0.2538;2:484:449:14:10:0.2823;2:587:452:10:10:0.3414;2:599:447:41:33:0.7363;7:320:419:57:52:0.7989;7:449:438:20:23:0.3017,5,1:2:599:447:41:33;19:2:382:444:37:24;22:7:320:419:57:52;23:2:484:449:14:10;24:2:437:451:20:13,1,SAFE,inf
199,0,8,2:232:452:45:27:0.1679;2:373:444:40:25:0.5957;2:433:451:21:14:0.4981;2:478:449:18:11:0.2423;2:497:447:13:11:0.2614;2:599:447:41:33:0.7542;7:320:418:50:53:0.7018;7:447:439:21:22:0.2208,6,1:2:599:447:41:33;19:2:373:444:40:25;22:7:320:418:50:53;23:2:478:449:18:11;24:2:433:451:21:14;25:2:497:447:13:11,1,SAFE,38.673
200,0,10,2:205:448:78:34:0.3912;2:364:443:45:27:0.6156;2:429:452:21:13:0.5365;2:465:450:15:12:0.2557;2:479:448:16:12:0.2456;2:495:448:13:11:0.3599;2:586:453:11:10:0.2015;2:598:447:43:33:0.7907;7:320:417:42:55:0.6639;7:444:439:21:22:0.4963,6,1:2:598:447:43:33;19:2:364:443:45:27;22:7:320:417:42:55;23:2:465:450:15:12;24:2:429:452:21:13;25:2:495:448:13:11,1,SAFE,43.746
201,0,10,2:171:454:34:29:0.1067;2:354:443:48:28:0.6294;2:425:451:21:14:0.5621;2:462:451:16:11:0.3487;2:477:449:15:11:0.3191;2:493:448:14:11:0.5028;2:598:446:42:34:0.7773;7:260:419:46:54:0.1997;7:320:417:34:55:0.6449;7:441:438:23:23:0.5785,7,1:2:598:446:42:34;19:2:354:443:48:28;22:7:320:417:34:55;23:2:462:451:16:11;24:2:425:451:21:14;25:2:493:448:14:11;26:7:441:438:23:23,1,SAFE,23.681
202,0,10,2:137:444:99:42:0.5041;2:343:441:50:30:0.6450;2:419:450:21:14:0.3789;2:460:450:16:11:0.3842;2:475:448:17:11:0.3474;2:492:447:14:11:0.5436;2:587:451:10:10:0.2001;2:598:446:42:34:0.7651;7:243:413:105:61:0.8464;7:438:438:23:24:0.4165,6,1:2:598:446:42:34;19:2:343:441:50:30;23:2:460:450:16:11;24:2:419:450:21:14;25:2:492:447:14:11;26:7:438:438:23:24,1,SAFE,17.123
203,0,9,2:92:443:117:45:0.6451;2:332:440:52:31:0.6370;2:413:450:24:15:0.4451;2:458:450:14:10:0.3453;2:474:448:15:11:0.2269;2:490:446:14:13:0.3207;2:598:446:42:34:0.7572;7:227:410:109:66:0.8343;7:434:438:24:24:0.4292,7,1:2:598:446:42:34;19:2:332:440:52:31;23:2:458:450:14:10;24:2:413:450:24:15;25:2:490:446:14:13;26:7:434:438:24:24;27:7:227:410:109:66,1,SAFE,14.010
204,0,8,2:37:443:139:49:0.6174;2:321:440:53:32:0.6391;2:408:450:24:15:0.5955;2:453:451:15:10:0.2672;2:489:447:14:12:0.4821;2:598:446:42:34:0.7820;7:208:408:119:69:0.7089;7:431:437:25:25:0.4914,8,1:2:598:446:42:34;19:2:321:440:53:32;23:2:453:451:15:10;24:2:408:450:24:15;25:2:489:447:14:12;26:7:431:437:25:25;27:7:208:408:119:69;28:2:37:443:139:49,1,SAFE,9.370
205,0,10,2:0:441:135:55:0.6400;2:401:449:25:17:0.3575;2:451:451:15:10:0.3290;2:468:448:16:11:0.2378;2:486:447:15:12:0.5437;2:586:451:10:10:0.2176;2:598:446:42:34:0.7896;7:187:407:130:71:0.5504;7:320:440:44:32:0.5701;7:427:436:24:26:0.5595,8,1:2:598:446:42:34;19:7:320:440:44:32;23:2:451:451:15:10;24:2:401:449:25:17;25:2:486:447:15:12;26:7:427:436:24:26;27:7:187:407:130:71;28:2:0:441:135:55,1,SAFE,11.092
206,0,9,2:0:417:85:83:0.2794;2:394:450:26:16:0.4502;2:450:450:14:11:0.2101;2:469:448:13:12:0.2825;2:485:447:15:11:0.5414;2:598:446:41:34:0.7643;7:163:402:139:78:0.6084;7:320:438:32:35:0.5820;7:424:436:26:26:0.5755,8,1:2:598:446:41:34;19:7:320:438:32:35;23:2:469:448:13:12;24:2:394:450:26:16;25:2:485:447:15:11;26:7:424:436:26:26;27:7:163:402:139:78;28:2:0:417:85:83,1,SAFE,14.903
207,0,7,2:385:449:29:19:0.5139;2:446:451:13:10:0.3247;2:484:447:14:12:0.5570;2:598:446:41:34:0.7206;7:138:401:151:80:0.6307;7:320:437:19:33:0.5717;7:420:434:27:28:0.3278,7,1:2:598:446:41:34;19:7:320:437:19:33;22:2:446:451:13:10;24:2:385:449:29:19;25:2:484:447:14:12;26:7:420:434:27:28;27:7:138:401:151:80,1,SAFE,15.648
208,0,8,2:380:447:34:20:0.3973;2:460:447:17:13:0.2671;2:482:447:14:11:0.3061;2:584:451:10:10:0.2299;2:598:446:41:34:0.7872;7:109:398:165:86:0.4505;7:245:436:80:40:0.1662;7:418:433:24:29:0.2535,7,1:2:598:446:41:34;19:7:245:436:80:40;23:2:460:447:17:13;24:2:380:447:34:20;25:2:482:447:14:11;26:7:418:433:24:29;27:7:109:398:165:86,1,SAFE,17.386
209,0,5,2:369:449:36:19:0.4004;2:480:446:15:13:0.3230;2:583:451:11:10:0.3043;2:597:446:41:34:0.7798;7:77:394:228:92:0.4641,4,1:2:597:446:41:34;24:2:369:449:36:19;25:2:480:446:15:13;27:7:77:394:228:92,1,SAFE,20.864
210,0,8,2:193:432:97:48:0.7423;2:361:448:38:21:0.4269;2:455:448:18:12:0.2992;2:477:446:16:12:0.3813;2:584:451:10:10:0.2123;2:596:446:42:33:0.7749;7:39:389:203:98:0.7762;7:409:433:39:30:0.4069,7,1:2:596:446:42:33;19:2:193:432:97:48;23:2:455:448:18:12;24:2:361:448:38:21;25:2:477:446:16:12;26:7:409:433:39:30;27:7:39:389:203:98,1,SAFE,26.080
211,0,7,2:159:431:111:52:0.6493;2:351:448:40:22:0.6165;2:451:447:18:13:0.2976;2:596:446:42:33:0.7914;7:0:385:221:104:0.7818;7:404:432:44:32:0.4812;7:476:445:16:14:0.4291,7,1:2:596:446:42:33;19:2:159:431:111:52;23:2:451:447:18:13;24:2:351:448:40:22;25:7:476:445:16:14;26:7:404:432:44:32;27:7:0:385:221:104,1,SAFE,inf
212,0,7,2:118:431:127:53:0.5609;2:341:448:42:22:0.6697;2:596:446:41:33:0.7711;7:1:380:196:112:0.6451;7:400:433:46:31:0.5984;7:447:446:20:15:0.2883;7:474:445:15:14:0.3295,7,1:2:596:446:41:33;19:2:118:431:127:53;23:7:447:446:20:15;24:2:341:448:42:22;25:7:474:445:15:14;26:7:400:433:46:31;27:7:1:380:196:112,1,SAFE,inf
213,0,7,2:69:428:148:59:0.6937;2:329:448:45:23:0.6482;2:595:446:41:33:0.7749;7:0:372:171:120:0.4243;7:395:432:48:32:0.4948;7:443:445:21:16:0.2748;7:471:444:16:15:0.3322,7,1:2:595:446:41:33;19:2:69:428:148:59;23:7:443:445:21:16;24:2:329:448:45:23;25:7:471:444:16:15;26:7:395:432:48:32;27:7:0:372:171:120,1,SAFE,inf
214,0,6,2:10:426:174:66:0.5319;2:321:448:43:23:0.7299;2:439:446:21:15:0.3730;2:594:446:41:33:0.7342;7:390:431:49:35:0.5856;7:469:445:16:14:0.3273,6,1:2:594:446:41:33;19:2:10:426:174:66;23:2:439:446:21:15;24:2:321:448:43:23;25:7:469:445:16:14;26:7:390:431:49:35,1,SAFE,inf
215,0,6,2:320:447:33:25:0.4871;2:435:446:23:15:0.2868;2:593:446:42:33:0.7435;7:0:424:144:71:0.2898;7:385:430:47:35:0.5473;7:467:443:16:16:0.2520,6,1:2:593:446:42:33;19:7:0:424:144:71;23:2:435:446:23:15;24:2:320:447:33:25;25:7:467:443:16:16;26:7:385:430:47:35,1,SAFE,inf
216,0,5,2:286:446:54:26:0.6936;2:431:446:22:16:0.3945;2:592:446:42:34:0.7538;7:379:430:51:36:0.6288;7:464:444:16:15:0.3976,5,1:2:592:446:42:34;23:2:431:446:22:16;24:2:286:446:54:26;25:7:464:444:16:15;26:7:379:430:51:36,1,SAFE,inf
217,0,5,2:268:446:59:27:0.7165;2:592:446:42:34:0.7614;7:373:429:54:37:0.6097;7:428:445:23:17:0.4194;7:462:445:16:14:0.3726,5,1:2:592:446:42:34;23:7:428:445:23:17;24:2:268:446:59:27;25:7:462:445:16:14;26:7:373:429:54:37,1,SAFE,inf
218,0,6,2:249:446:64:28:0.7037;2:389:448:31:17:0.3906;2:458:444:17:15:0.4106;2:591:446:43:34:0.8177;7:367:429:31:37:0.5891;7:422:445:25:16:0.3685,5,1:2:591:446:43:34;23:7:422:445:25:16;24:2:249:446:64:28;25:2:458:444:17:15;26:7:367:429:31:37,1,SAFE,inf
219,0,5,2:225:445:71:32:0.6348;2:591:445:42:35:0.8542;7:361:428:57:38:0.5994;7:418:444:26:18:0.3379;7:456:443:18:16:0.4280,5,1:2:591:445:42:35;23:7:418:444:26:18;24:2:225:445:71:32;25:7:456:443:18:16;26:7:361:428:57:38,1,SAFE,inf
220,0,5,2:201:448:75:31:0.4696;2:591:445:41:34:0.8058;7:354:428:61:39:0.5088;7:414:444:25:17:0.4584;7:453:443:18:16:0.3411,5,1:2:591:445:41:34;23:7:414:444:25:17;24:2:201:448:75:31;25:7:453:443:18:16;26:7:354:428:61:39,1,SAFE,35.458
221,0,5,2:172:447:83:35:0.6723;2:366:448:33:18:0.4268;2:591:445:40:34:0.8007;7:409:444:26:18:0.3661;7:450:443:19:16:0.3433,5,1:2:591:445:40:34;23:7:409:444:26:18;24:2:172:447:83:35;25:7:450:443:19:16;26:2:366:448:33:18,1,SAFE,22.588
222,0,5,2:136:446:96:39:0.6951;2:356:448:35:19:0.5331;2:590:446:41:33:0.7901;7:404:444:26:18:0.2882;7:447:443:20:16:0.3492,5,1:2:590:446:41:33;23:7:404:444:26:18;24:2:136:446:96:39;25:7:447:443:20:16;26:2:356:448:35:19,1,SAFE,26.334
223,0,5,2:92:445:113:44:0.6584;2:348:447:37:20:0.4334;2:588:446:42:33:0.7794;7:397:444:27:18:0.3492;7:443:443:21:17:0.4040,5,1:2:588:446:42:33;23:7:397:444:27:18;24:2:92:445:113:44;25:7:443:443:21:17;26:2:348:447:37:20,1,SAFE,28.677
224,0,5,2:43:446:134:46:0.4122;2:336:448:39:21:0.7629;2:587:446:43:33:0.7754;7:390:444:29:20:0.2430;7:440:444:21:18:0.4750,5,1:2:587:446:43:33;23:7:390:444:29:20;24:2:43:446:134:46;25:7:440:444:21:18;26:2:336:448:39:21,1,SAFE,28.601
225,0,6,2:1:446:136:50:0.6783;2:325:449:43:20:0.5037;2:585:446:44:34:0.7788;7:315:428:46:42:0.1714;7:384:445:31:19:0.2960;7:436:444:21:16:0.4436,5,1:2:585:446:44:34;23:7:384:445:31:19;24:2:1:446:136:50;25:7:436:444:21:16;26:2:325:449:43:20,1,SAFE,28.526
226,0,5,2:2:446:88:50:0.4613;2:320:449:37:22:0.3323;2:374:447:35:19:0.1156;2:585:446:42:34:0.7884;7:433:444:21:18:0.4977,5,1:2:585:446:42:34;23:2:374:447:35:19;24:2:2:446:88:50;25:7:433:444:21:18;26:2:320:449:37:22,1,SAFE,31.296
227,0,3,2:584:446:42:34:0.7811;7:294:423:83:47:0.1403;7:429:443:23:18:0.4397,3,1:2:584:446:42:34;25:7:429:443:23:18;26:7:294:423:83:47,1,SAFE,38.978
228,0,4,2:320:449:13:21:0.3984;2:359:446:39:21:0.1011;2:583:446:43:34:0.7589;7:425:443:24:19:0.5313,4,1:2:583:446:43:34;23:2:320:449:13:21;25:7:425:443:24:19;26:2:359:446:39:21,1,SAFE,inf
229,0,3,2:266:448:55:24:0.1733;2:583:446:42:34:0.7741;7:421:443:24:19:0.4724,3,1:2:583:446:42:34;23:2:266:448:55:24;25:7:421:443:24:19,1,SAFE,inf
230,0,3,2:582:446:42:33:0.8347;7:245:417:62:56:0.3109;7:416:442:25:20:0.5259,3,1:2:582:446:42:33;23:7:245:417:62:56;25:7:416:442:25:20,1,SAFE,inf
231,0,4,2:225:448:66:26:0.1334;2:582:445:41:34:0.8474;7:330:442:45:27:0.2497;7:411:442:26:20:0.5309,3,1:2:582:445:41:34;23:2:225:448:66:26;25:7:411:442:26:20,1,SAFE,inf
232,0,4,2:203:448:70:28:0.3856;2:580:445:42:34:0.8641;7:321:442:47:27:0.3765;7:406:441:25:21:0.5964,3,1:2:580:445:42:34;23:2:203:448:70:28;25:7:406:441:25:21,1,SAFE,inf
233,0,4,2:172:450:77:28:0.3191;2:579:446:42:34:0.8347;7:320:442:38:27:0.3773;7:401:441:24:22:0.6156,3,1:2:579:446:42:34;23:2:172:450:77:28;25:7:401:441:24:22,1,SAFE,inf
234,0,5,0:1024:484:11:31:0.2248;2:140:448:91:34:0.5875;2:578:446:41:33:0.8318;7:320:441:28:29:0.3872;7:395:441:27:21:0.7085,4,1:2:578:446:41:33;23:2:140:448:91:34;25:7:395:441:27:21;29:7:320:441:28:29,1,SAFE,inf
235,0,5,0:1064:487:12:29:0.1620;2:104:448:100:35:0.6177;2:577:446:41:33:0.8614;7:320:440:18:29:0.2793;7:390:440:25:22:0.6373,4,1:2:577:446:41:33;23:2:104:448:100:35;25:7:390:440:25:22;29:7:320:440:18:29,1,SAFE,inf
236,0,5,2:57:447:121:41:0.6795;2:288:443:39:27:0.2311;2:575:446:43:34:0.8505;7:155:408:150:71:0.2131;7:383:441:26:23:0.5529,4,1:2:575:446:43:34;23:2:57:447:121:41;25:7:383:441:26:23;29:2:288:443:39:27,1,SAFE,inf
237,0,5,0:1173:494:14:41:0.3330;2:11:448:128:41:0.5658;2:574:446:43:34:0.8644;7:130:408:166:75:0.3473;7:377:441:28:23:0.6272,3,1:2:574:446:43:34;23:2:11:448:128:41;25:7:377:441:28:23,1,SAFE,inf
238,0,5,0:1246:502:20:45:0.2402;2:0:449:97:43:0.5740;2:574:446:42:34:0.8339;7:100:406:180:78:0.5411;7:370:441:29:24:0.5810,3,1:2:574:446:42:34;23:2:0:449:97:43;25:7:370:441:29:24,1,SAFE,inf
239,0,4,2:0:449:50:48:0.5436;2:573:446:42:34:0.8561;7:204:441:80:37:0.1114;7:362:440:29:25:0.7080,3,1:2:573:446:42:34;23:2:0:449:50:48;25:7:362:440:29:25,1,SAFE,inf
240,0,3,2:572:446:43:34:0.8496;7:37:401:214:88:0.3074;7:355:440:33:26:0.5173,2,1:2:572:446:43:34;25:7:355:440:33:26,1,SAFE,inf
241,0,4,2:75:455:56:32:0.1577;2:571:446:42:34:0.8201;7:144:437:103:44:0.1419;7:346:440:30:26:0.5639,2,1:2:571:446:42:34;25:7:346:440:30:26,1,SAFE,inf
242,0,6,2:39:454:67:35:0.2113;2:108:434:74:49:0.1856;2:147:438:77:43:0.3867;2:570:445:42:34:0.7147;7:337:439:33:28:0.6109;7:364:436:20:31:0.2042,2,1:2:570:445:42:34;25:7:337:439:33:28,1,SAFE,inf
243,0,5,2:0:459:58:33:0.1041;2:26:458:43:33:0.2156;2:71:434:79:51:0.1730;2:569:446:41:33:0.7605;7:329:439:32:29:0.4722,2,1:2:569:446:41:33;25:7:329:439:32:29,1,SAFE,inf
244,0,6,2:0:460:22:30:0.2811;2:17:436:90:53:0.1766;2:343:447:29:24:0.1495;2:436:452:16:10:0.4708;2:567:446:43:34:0.8100;7:321:435:48:34:0.5453,3,1:2:567:446:43:34;25:7:321:435:48:34;30:2:0:460:22:30,1,SAFE,inf
245,0,5,2:432:451:18:10:0.4319;2:566:445:42:34:0.7921;7:0:400:146:96:0.2194;7:307:435:48:34:0.4330;7:320:450:41:20:0.1469,2,1:2:566:445:42:34;25:7:307:435:48:34,1,SAFE,inf
246,0,4,2:0:429:106:62:0.1041;2:428:451:17:10:0.4468;2:566:446:42:32:0.8336;7:320:433:31:36:0.5044,3,1:2:566:446:42:32;25:7:320:433:31:36;31:2:428:451:17:10,1,SAFE,inf
247,0,3,2:424:451:19:10:0.4957;2:565:445:41:33:0.8794;7:281:433:62:37:0.4780,3,1:2:565:445:41:33;25:7:281:433:62:37;31:2:424:451:19:10,1,SAFE,inf
248,0,4,2:420:451:19:11:0.4253;2:564:445:41:33:0.7875;7:268:433:42:37:0.3333;7:320:431:12:39:0.2010,3,1:2:564:445:41:33;25:7:268:433:42:37;31:2:420:451:19:11,1,SAFE,inf
249,0,3,2:416:450:19:11:0.4595;2:562:445:42:33:0.7879;7:252:431:65:40:0.2674,3,1:2:562:445:42:33;25:7:252:431:65:40;31:2:416:450:19:11,1,SAFE,inf
250,0,4,2:411:449:21:11:0.5397;2:561:444:42:34:0.8449;7:235:433:48:38:0.4403;7:257:429:53:43:0.3466,3,1:2:561:444:42:34;25:7:257:429:53:43;31:2:411:449:21:11,1,SAFE,inf
251,0,3,2:407:450:22:12:0.4566;2:559:444:43:35:0.8317;7:214:429:82:45:0.4018,2,1:2:559:444:43:35;31:2:407:450:22:12,1,SAFE,inf
252,0,3,2:401:450:23:12:0.2680;2:558:444:44:35:0.8564;7:194:427:87:50:0.4468,3,1:2:558:444:44:35;31:2:401:450:23:12;32:7:194:427:87:50,1,SAFE,inf
253,0,4,2:397:450:22:12:0.4013;2:558:445:42:34:0.8471;7:172:430:59:45:0.3975;7:196:426:69:52:0.3388,4,1:2:558:445:42:34;25:7:172:430:59:45;31:2:397:450:22:12;32:7:196:426:69:52,1,SAFE,40.744
254,0,3,2:391:451:23:12:0.3232;2:557:445:42:34:0.8577;7:143:425:107:58:0.5332,3,1:2:557:445:42:34;31:2:391:451:23:12;32:7:143:425:107:58,1,SAFE,26.590
255,0,3,2:384:451:25:12:0.2387;2:556:445:42:35:0.8312;7:111:425:118:59:0.4417,3,1:2:556:445:42:35;31:2:384:451:25:12;32:7:111:425:118:59,1,SAFE,13.814
256,0,3,2:379:450:24:13:0.2549;2:554:446:43:34:0.8239;7:76:422:132:66:0.3929,3,1:2:554:446:43:34;31:2:379:450:24:13;32:7:76:422:132:66,1,SAFE,12.143
257,0,3,2:374:451:26:14:0.3040;2:553:446:43:34:0.7794;7:33:419:149:69:0.3658,3,1:2:553:446:43:34;31:2:374:451:26:14;32:7:33:419:149:69,1,SAFE,10.832
258,0,3,2:365:451:30:17:0.3654;2:552:446:43:34:0.7928;7:1:417:152:75:0.3515,3,1:2:552:446:43:34;31:2:365:451:30:17;32:7:1:417:152:75,1,SAFE,13.035
259,0,3,2:357:451:31:16:0.3515;2:551:446:43:35:0.8281;7:0:414:120:81:0.2693,3,1:2:551:446:43:35;31:2:357:451:31:16;32:7:0:414:120:81,1,SAFE,9.505
260,0,2,2:350:451:31:17:0.3573;2:550:446:43:34:0.7678,2,1:2:550:446:43:34;31:2:350:451:31:17,1,SAFE,9.186
261,0,2,2:340:451:32:16:0.3866;2:549:445:42:35:0.7759,2,1:2:549:445:42:35;31:2:340:451:32:16,1,SAFE,12.145
262,0,2,2:351:453:18:14:0.2010;2:548:446:43:34:0.8855,2,1:2:548:446:43:34;31:2:351:453:18:14,1,SAFE,19.667
263,0,2,2:320:451:40:21:0.5467;2:546:446:44:34:0.8230,2,1:2:546:446:44:34;31:2:320:451:40:21,1,SAFE,inf
264,0,2,2:311:451:41:18:0.5718;2:545:446:44:34:0.8175,2,1:2:545:446:44:34;31:2:311:451:41:18,1,SAFE,inf
265,0,2,2:545:446:43:34:0.7856;7:320:450:24:18:0.2197,2,1:2:545:446:43:34;31:7:320:450:24:18,1,SAFE,inf
266,0,2,2:320:451:14:19:0.2240;2:543:446:44:34:0.8175,2,1:2:543:446:44:34;31:2:320:451:14:19,1,SAFE,inf
267,0,2,2:271:451:51:21:0.4979;2:542:446:44:34:0.8047,2,1:2:542:446:44:34;31:2:271:451:51:21,1,SAFE,inf
268,0,3,2:257:451:54:22:0.5189;2:508:493:14:10:0.2284;2:542:446:43:34:0.7948,2,1:2:542:446:43:34;31:2:257:451:54:22,1,SAFE,inf
269,0,2,2:240:450:57:24:0.5580;2:541:445:43:35:0.8563,2,1:2:541:445:43:35;31:2:240:450:57:24,1,SAFE,inf
270,0,2,2:221:451:63:25:0.4560;2:540:445:43:35:0.8726,2,1:2:540:445:43:35;31:2:221:451:63:25,1,SAFE,46.043
271,0,2,2:202:449:67:27:0.4324;2:538:445:44:35:0.8455,2,1:2:538:445:44:35;31:2:202:449:67:27,1,SAFE,32.230
272,0,2,2:176:447:74:31:0.5464;2:538:445:44:35:0.8947,2,1:2:538:445:44:35;31:2:176:447:74:31,1,SAFE,26.858
273,0,2,2:148:448:81:30:0.3368;2:537:445:44:34:0.8698,2,1:2:537:445:44:34;31:2:148:448:81:30,1,SAFE,inf
274,0,2,2:117:448:91:30:0.3086;2:536:444:44:35:0.8809,2,1:2:536:444:44:35;31:2:117:448:91:30,1,SAFE,21.487
275,0,4,2:80:452:83:27:0.1165;2:114:450:71:29:0.2146;2:410:450:18:10:0.2752;2:535:444:44:36:0.8625,2,1:2:535:444:44:36;31:2:114:450:71:29,1,SAFE,14.134
276,0,3,2:51:448:97:33:0.1555;2:407:450:17:10:0.4135;2:535:444:44:35:0.8455,2,1:2:535:444:44:35;31:2:51:448:97:33,1,SAFE,10.804
277,0,3,2:12:446:106:36:0.2078;2:402:450:18:11:0.2970;2:534:443:44:35:0.8495,2,1:2:534:443:44:35;31:2:12:446:106:36,1,SAFE,11.168
278,0,3,2:0:446:79:37:0.4472;2:398:450:20:11:0.5376;2:534:443:43:35:0.8335,3,1:2:534:443:43:35;31:2:0:446:79:37;33:2:398:450:20:11,1,SAFE,11.987
279,0,3,2:0:446:32:37:0.1460;2:393:450:22:12:0.4031;2:533:443:44:36:0.8101,3,1:2:533:443:44:36;31:2:0:446:32:37;33:2:393:450:22:12,1,SAFE,10.492
280,0,2,2:390:450:21:12:0.2890;2:532:444:44:34:0.8217,2,1:2:532:444:44:34;33:2:390:450:21:12,1,SAFE,17.167
281,0,2,2:531:443:44:35:0.7822;7:384:450:21:12:0.3291,2,1:2:531:443:44:35;33:7:384:450:21:12,1,SAFE,23.303
282,0,2,2:379:450:20:12:0.2332;2:530:443:44:35:0.7614,2,1:2:530:443:44:35;33:2:379:450:20:12,1,SAFE,40.863
283,0,2,2:373:449:25:13:0.2389;2:530:444:44:33:0.7722,2,1:2:530:444:44:33;33:2:373:449:25:13,1,SAFE,inf
284,0,2,2:365:449:26:13:0.3119;2:530:443:43:34:0.7859,2,1:2:530:443:43:34;33:2:365:449:26:13,1,SAFE,inf
285,0,2,2:358:449:27:14:0.4138;2:529:442:44:35:0.7781,2,1:2:529:442:44:35;33:2:358:449:27:14,1,SAFE,inf
286,0,1,2:528:442:44:35:0.8294,1,1:2:528:442:44:35,1,SAFE,inf
287,0,2,2:344:448:30:15:0.2894;2:528:442:44:34:0.8071,2,1:2:528:442:44:34;33:2:344:448:30:15,1,SAFE,inf
288,0,1,2:527:442:45:35:0.8377,1,1:2:527:442:45:35,1,SAFE,inf
289,0,2,2:327:448:31:17:0.2915;2:526:443:45:34:0.8499,2,1:2:526:443:45:34;33:2:327:448:31:17,1,SAFE,inf
290,0,2,2:320:449:31:18:0.3372;2:526:443:44:35:0.8452,2,1:2:526:443:44:35;33:2:320:449:31:18,1,SAFE,inf
291,0,2,2:525:443:45:35:0.8393;7:320:448:23:18:0.2554,2,1:2:525:443:45:35;33:7:320:448:23:18,1,SAFE,inf
292,0,2,2:525:443:44:35:0.8406;7:320:447:13:19:0.2854,2,1:2:525:443:44:35;33:7:320:447:13:19,1,SAFE,inf
293,0,2,2:282:448:41:20:0.3486;2:525:443:44:35:0.8366,2,1:2:525:443:44:35;33:2:282:448:41:20,1,SAFE,inf
294,0,4,2:268:448:42:21:0.3481;2:398:450:20:10:0.2401;2:407:449:27:10:0.2828;2:524:443:45:35:0.7966,2,1:2:524:443:45:35;33:2:268:448:42:21,1,SAFE,19.994
295,0,4,2:252:447:46:24:0.3450;2:396:450:18:10:0.3701;2:413:449:16:10:0.4103;2:524:443:45:36:0.7973,2,1:2:524:443:45:36;33:2:252:447:46:24,1,SAFE,15.383
296,0,3,2:235:446:51:25:0.3602;2:408:449:19:10:0.3187;2:524:443:44:35:0.7822,2,1:2:524:443:44:35;33:2:235:446:51:25,1,SAFE,12.887
297,0,3,2:217:445:54:26:0.3091;2:392:449:31:10:0.4213;2:524:443:44:36:0.8167,3,1:2:524:443:44:36;33:2:217:445:54:26;34:2:392:449:31:10,1,SAFE,8.985
298,0,3,2:194:447:63:25:0.4829;2:399:449:21:11:0.3597;2:523:443:44:36:0.8055,3,1:2:523:443:44:36;33:2:194:447:63:25;34:2:399:449:21:11,1,SAFE,10.918
299,0,4,2:172:448:64:24:0.3560;2:382:450:34:10:0.3995;2:439:448:16:10:0.3316;2:522:443:45:36:0.7598,3,1:2:522:443:45:36;33:2:172:448:64:24;34:2:382:450:34:10,1,SAFE,11.345
300,0,4,2:145:449:69:26:0.3179;2:376:449:37:13:0.4182;2:522:444:45:35:0.7762;7:436:448:16:11:0.2262,3,1:2:522:444:45:35;33:2:145:449:69:26;34:2:376:449:37:13,1,SAFE,12.153
301,0,4,2:114:448:78:32:0.2856;2:372:450:35:11:0.5359;2:432:448:19:11:0.4471;2:521:444:46:36:0.7660,3,1:2:521:444:46:36;33:2:114:448:78:32;34:2:372:450:35:11,1,SAFE,10.252
302,0,4,2:77:447:85:32:0.2435;2:366:450:37:12:0.4604;2:430:448:19:12:0.3836;2:521:445:45:35:0.7291,4,1:2:521:445:45:35;33:2:77:447:85:32;34:2:366:450:37:12;35:2:430:448:19:12,1,SAFE,15.663
303,0,4,2:31:446:101:37:0.3727;2:361:449:37:14:0.4416;2:428:448:17:11:0.3590;2:521:444:45:35:0.7002,4,1:2:521:444:45:35;33:2:31:446:101:37;34:2:361:449:37:14;35:2:428:448:17:11,1,SAFE,19.278
304,0,3,2:357:450:36:13:0.5425;2:425:448:18:11:0.3737;2:520:445:46:34:0.7493,3,1:2:520:445:46:34;34:2:357:450:36:13;35:2:425:448:18:11,1,SAFE,inf
305,0,4,2:0:444:51:40:0.5001;2:350:450:37:14:0.6257;2:422:448:20:11:0.4597;2:520:445:45:34:0.7532,4,1:2:520:445:45:34;33:2:0:444:51:40;34:2:350:450:37:14;35:2:422:448:20:11,1,SAFE,inf
306,0,3,2:344:450:38:14:0.6048;2:521:445:44:34:0.7531;7:419:448:20:12:0.3404,3,1:2:521:445:44:34;34:2:344:450:38:14;35:7:419:448:20:12,1,SAFE,inf
307,0,3,2:337:450:37:13:0.5272;2:415:448:21:12:0.4179;2:521:445:44:35:0.7796,3,1:2:521:445:44:35;34:2:337:450:37:13;35:2:415:448:21:12,1,SAFE,inf
308,0,3,2:328:449:39:15:0.5156;2:412:447:21:12:0.3788;2:521:445:44:35:0.7743,3,1:2:521:445:44:35;34:2:328:449:39:15;35:2:412:447:21:12,1,SAFE,inf
309,0,3,2:321:450:37:15:0.3249;2:521:445:45:35:0.7973;7:408:448:21:12:0.3525,3,1:2:521:445:45:35;34:2:321:450:37:15;35:7:408:448:21:12,1,SAFE,inf
310,0,3,2:309:448:40:19:0.3034;2:521:445:44:35:0.7831;7:404:448:23:12:0.3025,3,1:2:521:445:44:35;34:2:309:448:40:19;35:7:404:448:23:12,1,SAFE,inf
311,0,3,2:297:449:44:18:0.3210;2:520:445:45:35:0.8283;7:399:447:23:14:0.3178,3,1:2:520:445:45:35;34:2:297:449:44:18;35:7:399:447:23:14,1,SAFE,inf
312,0,3,2:320:451:13:14:0.2531;2:519:446:46:35:0.8008;7:395:447:24:15:0.2488,3,1:2:519:446:46:35;34:2:320:451:13:14;35:7:395:447:24:15,1,SAFE,inf
313,0,4,2:267:448:57:19:0.4081;2:391:447:22:14:0.2983;2:403:448:14:13:0.2361;2:519:445:46:35:0.7954,2,1:2:519:445:46:35;35:2:391:447:22:14,1,SAFE,inf
314,0,2,2:250:448:67:21:0.4712;2:519:446:47:34:0.7425,1,1:2:519:446:47:34,1,SAFE,inf
315,0,3,2:230:449:74:21:0.3623;2:381:447:28:15:0.3095;2:519:445:47:35:0.7346,3,1:2:519:445:47:35;35:2:381:447:28:15;36:2:230:449:74:21,1,SAFE,inf
316,0,3,2:211:446:86:25:0.3632;2:374:446:28:16:0.2908;2:519:445:47:35:0.7964,3,1:2:519:445:47:35;35:2:374:446:28:16;36:2:211:446:86:25,1,SAFE,46.043
317,0,3,2:187:447:99:24:0.2607;2:369:447:31:15:0.4039;2:519:445:47:35:0.8052,3,1:2:519:445:47:35;35:2:369:447:31:15;36:2:187:447:99:24,1,SAFE,29.300
318,0,4,2:161:448:78:25:0.2212;2:239:452:39:16:0.1648;2:362:445:31:18:0.5159;2:519:445:47:35:0.7970,3,1:2:519:445:47:35;35:2:362:445:31:18;36:2:161:448:78:25,1,SAFE,21.487
319,0,5,0:854:477:13:31:0.1119;2:140:448:76:24:0.2704;2:217:452:48:18:0.3396;2:354:445:34:18:0.3672;2:520:445:46:35:0.8034,3,1:2:520:445:46:35;35:2:354:445:34:18;36:2:140:448:76:24,1,SAFE,29.300
320,0,5,0:878:479:15:35:0.5643;2:104:449:89:25:0.2577;2:200:452:53:19:0.4125;2:345:445:33:18:0.2693;2:520:445:46:35:0.7726,3,1:2:520:445:46:35;35:2:345:445:33:18;36:2:104:449:89:25,1,SAFE,inf
321,0,4,2:46:447:115:32:0.3347;2:180:452:57:19:0.4102;2:521:445:45:35:0.7736;7:338:445:39:20:0.3220,4,1:2:521:445:45:35;35:7:338:445:39:20;36:2:46:447:115:32;37:2:180:452:57:19,1,SAFE,inf
322,0,5,0:947:484:14:44:0.1230;2:12:447:117:30:0.3150;2:163:452:59:19:0.4117;2:329:444:40:21:0.4691;2:521:445:46:35:0.8041,4,1:2:521:445:46:35;35:2:329:444:40:21;36:2:12:447:117:30;37:2:163:452:59:19,1,SAFE,inf
323,1,1,2:553:454:46:34:0.6601,0,,-1,NONE,inf
324,0,1,2:550:454:45:33:0.6070,0,,-1,NONE,inf
325,0,1,2:548:454:44:33:0.6970,1,38:2:548:454:44:33,-1,NONE,inf
326,0,1,2:545:453:45:34:0.6155,1,38:2:545:453:45:34,-1,NONE,inf
327,0,1,2:543:453:43:34:0.7239,1,38:2:543:453:43:34,-1,NONE,inf
328,0,1,2:542:454:44:33:0.8269,1,38:2:542:454:44:33,-1,NONE,inf
329,0,1,2:540:453:46:34:0.7450,1,38:2:540:453:46:34,-1,NONE,inf
330,0,1,2:539:453:45:34:0.8116,1,38:2:539:453:45:34,-1,NONE,inf
331,0,1,2:537:453:46:34:0.7785,1,38:2:537:453:46:34,-1,NONE,inf
332,0,1,2:537:453:44:33:0.7983,1,38:2:537:453:44:33,-1,NONE,inf
333,0,1,2:536:453:44:33:0.8186,1,38:2:536:453:44:33,-1,NONE,inf
334,0,1,2:536:453:43:33:0.7577,1,38:2:536:453:43:33,-1,NONE,inf
335,0,1,2:535:453:45:33:0.6949,1,38:2:535:453:45:33,-1,NONE,inf
336,0,1,2:534:453:44:33:0.6240,1,38:2:534:453:44:33,-1,NONE,inf
337,0,1,2:533:453:44:32:0.5958,1,38:2:533:453:44:32,-1,NONE,inf
338,0,1,2:532:453:44:32:0.6480,1,38:2:532:453:44:32,-1,NONE,inf
339,0,1,2:533:453:42:32:0.7156,1,38:2:533:453:42:32,38,SAFE,inf
340,0,1,2:533:453:42:32:0.7385,1,38:2:533:453:42:32,38,SAFE,inf
341,0,1,2:532:453:42:32:0.7179,1,38:2:532:453:42:32,38,SAFE,inf
342,0,1,2:532:453:42:32:0.6840,1,38:2:532:453:42:32,38,SAFE,inf
343,0,1,2:532:453:42:32:0.7350,1,38:2:532:453:42:32,38,SAFE,inf
344,0,1,2:532:453:41:32:0.7485,1,38:2:532:453:41:32,38,SAFE,inf
345,0,1,2:532:454:41:31:0.7108,1,38:2:532:454:41:31,38,SAFE,inf
346,0,1,2:532:454:42:32:0.6700,1,38:2:532:454:42:32,38,SAFE,inf
347,0,1,2:532:453:41:32:0.6647,1,38:2:532:453:41:32,38,SAFE,inf
348,0,1,2:532:454:41:31:0.6506,1,38:2:532:454:41:31,38,SAFE,inf
349,0,1,2:533:454:40:31:0.6896,1,38:2:533:454:40:31,38,SAFE,inf
350,0,1,2:533:453:40:31:0.7514,1,38:2:533:453:40:31,38,SAFE,inf
351,0,1,2:533:453:40:31:0.7771,1,38:2:533:453:40:31,38,SAFE,inf
352,0,2,2:533:453:40:31:0.7845;7:320:420:130:48:0.2628,1,38:2:533:453:40:31,38,SAFE,inf
353,0,1,2:533:453:41:31:0.8517,1,38:2:533:453:41:31,38,SAFE,inf
354,0,1,2:533:453:41:30:0.8805,1,38:2:533:453:41:30,38,SAFE,inf
355,0,2,2:533:453:42:30:0.8878;5:626:427:108:45:0.3731,1,38:2:533:453:42:30,38,SAFE,inf
356,0,1,2:534:453:41:30:0.8783,1,38:2:534:453:41:30,38,SAFE,inf
357,0,1,2:534:453:41:30:0.8894,1,38:2:534:453:41:30,38,SAFE,inf
358,0,1,2:535:453:41:30:0.8954,1,38:2:535:453:41:30,38,SAFE,inf
359,0,1,2:535:453:40:30:0.8829,1,38:2:535:453:40:30,38,SAFE,inf
360,0,1,2:537:453:39:30:0.8457,1,38:2:537:453:39:30,38,SAFE,inf
361,0,2,2:537:452:38:31:0.8225;7:628:427:112:44:0.2129,1,38:2:537:452:38:31,38,SAFE,inf
362,0,1,2:537:452:39:30:0.7880,1,38:2:537:452:39:30,38,SAFE,inf
363,0,1,2:538:451:39:30:0.7630,1,38:2:538:451:39:30,38,SAFE,inf
364,0,1,2:539:452:38:29:0.7661,1,38:2:539:452:38:29,38,SAFE,inf
365,0,1,2:539:452:38:29:0.7534,1,38:2:539:452:38:29,38,SAFE,inf
366,0,2,2:540:451:38:30:0.7732;7:629:425:118:46:0.2227,1,38:2:540:451:38:30,38,SAFE,inf
367,0,1,2:540:451:39:30:0.7978,1,38:2:540:451:39:30,38,SAFE,inf
368,0,1,2:541:451:38:30:0.8188,1,38:2:541:451:38:30,38,SAFE,inf
369,0,2,2:541:452:38:28:0.7863;7:622:423:128:45:0.1028,1,38:2:541:452:38:28,38,SAFE,inf
370,0,1,2:541:452:38:28:0.7875,1,38:2:541:452:38:28,38,SAFE,inf
371,0,1,2:542:452:37:28:0.7674,1,38:2:542:452:37:28,38,SAFE,inf
372,0,1,2:542:451:37:29:0.7794,1,38:2:542:451:37:29,38,SAFE,inf
373,0,1,2:542:451:38:29:0.7981,1,38:2:542:451:38:29,38,SAFE,inf
374,0,2,2:543:451:37:29:0.8381;7:1019:364:260:152:0.2657,1,38:2:543:451:37:29,38,SAFE,inf
375,0,3,2:544:451:36:29:0.8322;5:632:424:125:47:0.2279;7:1136:364:143:151:0.1598,1,38:2:544:451:36:29,38,SAFE,inf
376,0,2,2:544:450:37:30:0.8407;7:1036:365:243:148:0.1829,1,38:2:544:450:37:30,38,SAFE,inf
377,0,1,2:544:450:38:30:0.8276,1,38:2:544:450:38:30,38,SAFE,inf
378,0,2,2:544:450:38:29:0.8022;7:633:421:128:49:0.2227,1,38:2:544:450:38:29,38,SAFE,inf
379,0,2,2:545:450:37:29:0.7999;5:635:421:126:49:0.2291,1,38:2:545:450:37:29,38,SAFE,inf
380,0,1,2:545:449:36:29:0.8077,1,38:2:545:449:36:29,38,SAFE,inf
381,0,3,2:545:449:36:29:0.7782;5:625:420:138:49:0.2500;7:1056:311:223:206:0.1768,1,38:2:545:449:36:29,38,SAFE,inf
382,0,3,2:545:448:36:30:0.7931;7:964:416:74:68:0.1507;7:1063:316:216:202:0.2633,1,38:2:545:448:36:30,38,SAFE,14.875
383,0,4,2:543:447:11:12:0.3310;2:545:449:36:29:0.8038;7:933:414:111:71:0.2581;7:1062:313:217:205:0.2937,1,38:2:545:449:36:29,38,SAFE,10.752
384,0,4,2:542:447:12:12:0.3103;2:545:449:35:28:0.8261;7:958:413:87:72:0.1402;7:1067:310:212:209:0.2348,1,38:2:545:449:35:28,38,SAFE,26.990
385,0,5,2:540:447:13:12:0.3662;2:544:449:36:28:0.7985;5:620:417:149:50:0.1132;7:989:412:61:72:0.2716;7:1077:314:202:204:0.1298,2,38:2:544:449:36:28;39:2:540:447:13:12,38,SAFE,inf
386,0,4,2:540:447:12:12:0.3811;2:544:448:36:28:0.8233;7:628:415:143:52:0.1190;7:998:410:58:76:0.3466,2,38:2:544:448:36:28;39:2:540:447:12:12,38,SAFE,inf
387,0,3,2:540:448:12:11:0.3305;2:544:448:36:28:0.8325;7:1006:410:54:75:0.1534,2,38:2:544:448:36:28;39:2:540:448:12:11,38,SAFE,inf
388,0,3,2:539:447:11:13:0.3531;2:543:448:35:28:0.8364;7:627:414:145:53:0.1048,2,38:2:543:448:35:28;39:2:539:447:11:13,38,SAFE,inf
389,0,4,0:826:422:32:59:0.1353;0:923:425:22:66:0.1170;2:539:447:11:14:0.3476;2:544:448:34:28:0.8386,2,38:2:544:448:34:28;39:2:539:447:11:14,38,SAFE,inf
390,0,2,2:538:447:12:14:0.3141;2:543:448:35:28:0.8574,2,38:2:543:448:35:28;39:2:538:447:12:14,38,SAFE,inf
391,0,2,2:537:447:12:13:0.3114;2:543:448:34:29:0.8501,2,38:2:543:448:34:29;39:2:537:447:12:13,38,SAFE,inf
392,0,2,2:537:447:12:13:0.2825;2:543:448:34:29:0.8480,2,38:2:543:448:34:29;39:2:537:447:12:13,38,SAFE,inf
393,0,3,2:537:447:11:14:0.2139;2:543:448:34:28:0.8397;7:833:408:126:82:0.2686,2,38:2:543:448:34:28;39:2:537:447:11:14,38,SAFE,inf
394,0,2,2:536:448:10:13:0.2244;2:542:450:34:27:0.8226,2,38:2:542:450:34:27;39:2:536:448:10:13,38,SAFE,inf
395,0,3,2:535:447:11:14:0.2016;2:542:450:35:28:0.8177;7:630:414:149:55:0.1369,2,38:2:542:450:35:28;39:2:535:447:11:14,38,SAFE,inf
396,0,5,0:1024:452:24:51:0.1685;2:534:447:12:14:0.3233;2:542:450:35:28:0.8246;7:623:413:156:57:0.1047;7:1107:311:172:303:0.1568,2,38:2:542:450:35:28;39:2:534:447:12:14,38,SAFE,inf
397,0,2,2:534:448:12:14:0.2646;2:541:450:35:28:0.7542,2,38:2:541:450:35:28;39:2:534:448:12:14,38,SAFE,inf
398,0,1,2:541:450:35:29:0.7012,1,38:2:541:450:35:29,38,SAFE,inf
399,0,3,0:1022:455:22:51:0.2843;2:533:449:12:12:0.2779;2:540:451:36:28:0.7513,2,38:2:540:451:36:28;39:2:533:449:12:12,38,SAFE,inf
400,0,3,2:532:449:12:13:0.3209;2:541:451:35:28:0.7860;7:859:416:100:72:0.2916,2,38:2:541:451:35:28;39:2:532:449:12:13,38,SAFE,inf
401,0,2,2:532:449:12:13:0.3812;2:541:451:35:28:0.7497,2,38:2:541:451:35:28;39:2:532:449:12:13,38,SAFE,inf
402,0,2,2:532:450:13:12:0.3701;2:540:451:35:28:0.7022,2,38:2:540:451:35:28;39:2:532:450:13:12,38,SAFE,inf
403,0,2,2:532:449:12:14:0.3254;2:541:452:34:27:0.7175,2,38:2:541:452:34:27;39:2:532:449:12:14,38,SAFE,inf
404,0,4,2:531:450:12:13:0.3318;2:540:452:35:27:0.7490;7:618:413:175:64:0.3809;7:887:417:72:80:0.4237,2,38:2:540:452:35:27;39:2:531:450:12:13,38,SAFE,inf
405,0,4,2:530:450:13:13:0.3860;2:540:452:35:28:0.7196;7:618:413:176:64:0.3997;7:887:417:72:80:0.2006,2,38:2:540:452:35:28;39:2:530:450:13:13,38,SAFE,inf
406,0,4,2:529:449:13:14:0.3123;2:540:453:35:27:0.7570;7:617:413:179:64:0.3385;7:855:343:104:154:0.2061,3,38:2:540:453:35:27;39:2:529:449:13:14;40:7:617:413:179:64,38,SAFE,inf
407,0,4,2:529:449:14:14:0.2703;2:540:453:35:27:0.7572;7:617:413:182:64:0.3543;7:851:340:108:159:0.2759,3,38:2:540:453:35:27;39:2:529:449:14:14;40:7:617:413:182:64,38,SAFE,inf
408,0,3,2:529:450:13:13:0.2043;2:540:453:34:27:0.8061;7:616:412:184:65:0.4570,3,38:2:540:453:34:27;39:2:529:450:13:13;40:7:616:412:184:65,38,SAFE,inf
409,0,2,2:540:453:34:27:0.8181;7:616:411:185:65:0.2513,2,38:2:540:453:34:27;40:7:616:411:185:65,38,SAFE,inf
410,0,2,2:540:453:34:27:0.7949;7:616:411:187:66:0.2438,2,38:2:540:453:34:27;40:7:616:411:187:66,38,SAFE,inf
411,0,3,2:527:450:13:13:0.2053;2:540:453:34:27:0.8302;7:615:411:191:66:0.2445,2,38:2:540:453:34:27;40:7:615:411:191:66,38,SAFE,inf
412,0,3,2:527:450:12:13:0.2297;2:540:453:33:26:0.8095;7:612:411:195:66:0.2387,2,38:2:540:453:33:26;40:7:612:411:195:66,38,SAFE,inf
413,0,2,2:526:450:12:14:0.3577;2:540:453:33:26:0.8031,2,38:2:540:453:33:26;39:2:526:450:12:14,38,SAFE,inf
414,0,3,2:526:450:12:13:0.3985;2:540:453:33:26:0.7880;7:632:412:178:66:0.1393,2,38:2:540:453:33:26;39:2:526:450:12:13,38,SAFE,inf
415,0,4,0:304:457:12:28:0.1396;2:525:450:13:13:0.3041;2:540:453:33:26:0.7545;7:633:410:178:70:0.1228,2,38:2:540:453:33:26;39:2:525:450:13:13,38,SAFE,inf
416,0,3,2:525:449:11:14:0.2063;2:540:453:33:26:0.7536;7:630:410:185:68:0.1129,2,38:2:540:453:33:26;39:2:525:449:11:14,38,SAFE,inf
417,0,2,2:540:452:33:27:0.7566;7:634:409:180:71:0.1648,1,38:2:540:452:33:27,38,SAFE,inf
418,0,3,0:290:459:15:27:0.1169;2:540:453:32:26:0.7491;7:632:409:186:72:0.1674,1,38:2:540:453:32:26,38,SAFE,inf
419,0,4,0:287:460:13:26:0.1155;2:524:449:12:14:0.2351;2:540:452:32:26:0.7152;7:617:408:204:70:0.2436,1,38:2:540:452:32:26,38,SAFE,inf
420,0,5,2:523:449:13:14:0.3511;2:539:452:33:26:0.7202;7:323:406:80:60:0.2970;7:633:406:189:73:0.2144;7:876:419:48:54:0.3025,3,38:2:539:452:33:26;39:2:523:449:13:14;40:7:323:406:80:60,38,SAFE,inf
421,0,6,0:274:464:15:23:0.1466;2:523:449:12:14:0.3500;2:539:452:32:26:0.7125;7:322:405:79:61:0.2717;7:623:406:203:74:0.2123;7:879:419:46:54:0.2622,3,38:2:539:452:32:26;39:2:523:449:12:14;40:7:322:405:79:61,38,SAFE,inf
422,0,6,0:269:462:15:26:0.1069;2:523:449:12:13:0.3806;2:538:452:33:27:0.7208;7:320:405:81:61:0.2485;7:624:405:205:76:0.1914;7:880:418:43:55:0.2529,4,38:2:538:452:33:27;39:2:523:449:12:13;40:7:320:405:81:61;41:7:880:418:43:55,38,SAFE,inf
423,0,5,2:522:449:12:13:0.2758;2:538:451:33:27:0.7224;7:321:405:78:61:0.4105;7:629:404:203:76:0.1354;7:883:418:50:54:0.2066,4,38:2:538:451:33:27;39:2:522:449:12:13;40:7:321:405:78:61;41:7:883:418:50:54,38,SAFE,inf
424,0,5,0:257:464:17:23:0.1065;0:1206:466:26:69:0.1922;2:522:448:12:14:0.2041;2:538:451:33:27:0.8465;7:619:404:217:76:0.2076,2,38:2:538:451:33:27;39:2:522:448:12:14,38,SAFE,49.510
425,0,3,0:253:462:14:26:0.1451;2:538:451:32:27:0.8545;5:612:403:228:73:0.2173,1,38:2:538:451:32:27,38,SAFE,17.682
426,0,3,2:538:451:32:27:0.8520;5:614:402:227:74:0.4140;7:320:403:77:62:0.3026,2,38:2:538:451:32:27;40:7:320:403:77:62,38,SAFE,10.763
427,0,1,2:537:451:34:27:0.8169,1,38:2:537:451:34:27,38,SAFE,10.315
428,0,1,2:537:451:33:26:0.7977,1,38:2:537:451:33:26,38,SAFE,14.562
429,0,2,0:225:465:18:25:0.1163;2:537:451:33:26:0.7883,1,38:2:537:451:33:26,38,SAFE,24.755
430,0,4,2:519:447:12:14:0.2004;2:536:451:34:26:0.7795;7:320:430:20:36:0.2207;7:636:401:216:77:0.1673,1,38:2:536:451:34:26,38,SAFE,inf
431,0,4,2:518:447:13:14:0.2780;2:537:450:33:27:0.7869;7:320:430:31:37:0.2488;7:391:439:29:23:0.2538,2,38:2:537:450:33:27;39:2:518:447:13:14,38,SAFE,inf
432,0,4,2:518:448:13:14:0.2478;2:536:451:34:27:0.7729;5:613:396:249:83:0.2228;7:904:413:49:56:0.2490,2,38:2:536:451:34:27;39:2:518:448:13:14,38,SAFE,24.755
433,0,4,2:536:451:34:26:0.7952;7:390:439:35:24:0.2634;7:616:396:252:83:0.3311;7:907:412:51:58:0.3676,2,38:2:536:451:34:26;41:7:907:412:51:58,38,SAFE,inf
434,0,2,2:536:451:33:26:0.7970;7:320:401:72:65:0.3257,1,38:2:536:451:33:26,38,SAFE,inf
435,0,3,2:517:448:13:15:0.2246;2:536:452:33:25:0.7808;7:320:400:71:66:0.2664,2,38:2:536:452:33:25;40:7:320:400:71:66,38,SAFE,inf
436,0,2,2:517:448:13:15:0.3044;2:536:452:33:26:0.7997,2,38:2:536:452:33:26;39:2:517:448:13:15,38,SAFE,inf
437,0,2,2:516:449:14:14:0.2700;2:536:452:33:26:0.8026,2,38:2:536:452:33:26;39:2:516:449:14:14,38,SAFE,inf
438,0,3,2:516:449:13:14:0.2502;2:536:453:34:25:0.7847;7:622:393:334:89:0.2851,3,38:2:536:453:34:25;39:2:516:449:13:14;41:7:622:393:334:89,38,SAFE,inf
439,0,3,2:515:449:14:15:0.2408;2:536:453:33:24:0.7860;7:621:393:336:89:0.3489,3,38:2:536:453:33:24;39:2:515:449:14:15;41:7:621:393:336:89,38,SAFE,inf
440,0,3,2:514:449:16:15:0.3024;2:536:453:33:25:0.7884;7:622:392:309:91:0.3732,3,38:2:536:453:33:25;39:2:514:449:16:15;41:7:622:392:309:91,38,SAFE,inf
441,0,3,2:514:449:15:15:0.2922;2:536:453:33:25:0.7917;5:623:391:273:92:0.5570,3,38:2:536:453:33:25;39:2:514:449:15:15;41:5:623:391:273:92,38,SAFE,inf
442,0,3,2:514:449:15:15:0.2939;2:536:453:33:25:0.7828;5:622:389:285:95:0.4496,3,38:2:536:453:33:25;39:2:514:449:15:15;41:5:622:389:285:95,38,SAFE,inf
443,0,3,2:514:449:15:15:0.2916;2:536:453:33:25:0.7581;5:623:388:283:97:0.5511,3,38:2:536:453:33:25;39:2:514:449:15:15;41:5:623:388:283:97,38,SAFE,inf
444,0,4,2:514:449:15:15:0.3057;2:536:453:33:25:0.7553;5:624:388:287:97:0.5997;7:320:403:62:64:0.3220,4,38:2:536:453:33:25;39:2:514:449:15:15;40:7:320:403:62:64;41:5:624:388:287:97,38,SAFE,inf
445,0,3,2:513:449:16:15:0.2909;2:536:453:33:25:0.7643;7:625:388:303:98:0.4593,3,38:2:536:453:33:25;39:2:513:449:16:15;41:7:625:388:303:98,38,SAFE,inf
446,0,4,2:513:449:16:15:0.2470;2:537:453:32:25:0.7328;7:320:403:62:64:0.4414;7:625:387:321:99:0.5372,4,38:2:537:453:32:25;39:2:513:449:16:15;40:7:320:403:62:64;41:7:625:387:321:99,38,SAFE,inf
447,0,2,2:537:453:32:25:0.7272;5:626:386:309:101:0.4998,2,38:2:537:453:32:25;41:5:626:386:309:101,38,SAFE,inf
448,0,4,2:513:449:14:15:0.2017;2:537:453:32:25:0.7091;5:628:385:323:102:0.4956;7:320:403:61:63:0.2287,2,38:2:537:453:32:25;41:5:628:385:323:102,38,SAFE,inf
449,0,4,2:374:440:47:23:0.1102;2:512:449:15:15:0.2319;2:536:453:33:25:0.6850;5:628:383:318:104:0.5698,2,38:2:536:453:33:25;41:5:628:383:318:104,38,SAFE,inf
450,0,3,2:511:449:16:15:0.2989;2:537:453:32:25:0.7029;7:627:384:329:104:0.4645,3,38:2:537:453:32:25;39:2:511:449:16:15;41:7:627:384:329:104,38,SAFE,inf
451,0,3,2:512:449:15:15:0.2723;2:537:454:32:25:0.6136;5:631:381:324:108:0.2667,3,38:2:537:454:32:25;39:2:512:449:15:15;41:5:631:381:324:108,38,SAFE,inf
452,0,3,2:512:450:15:14:0.3009;2:537:454:33:24:0.6573;5:631:380:328:109:0.3010,3,38:2:537:454:33:24;39:2:512:450:15:14;41:5:631:380:328:109,38,SAFE,inf
453,0,3,2:511:449:16:15:0.2510;2:537:453:33:25:0.6540;5:632:379:327:110:0.4868,3,38:2:537:453:33:25;39:2:511:449:16:15;41:5:632:379:327:110,38,SAFE,inf
454,0,3,2:510:448:18:16:0.2861;2:538:453:32:25:0.6900;5:633:376:326:114:0.2533,3,38:2:538:453:32:25;39:2:510:448:18:16;41:5:633:376:326:114,38,SAFE,inf
455,0,3,2:510:448:18:16:0.3036;2:538:453:32:25:0.6980;5:634:376:325:114:0.3859,3,38:2:538:453:32:25;39:2:510:448:18:16;41:5:634:376:325:114,38,SAFE,inf
456,0,3,2:510:448:18:16:0.2714;2:538:452:32:26:0.7542;5:635:373:324:118:0.2653,3,38:2:538:452:32:26;39:2:510:448:18:16;41:5:635:373:324:118,38,SAFE,inf
457,0,3,2:510:448:18:16:0.2431;2:538:452:32:26:0.7175;5:636:371:323:121:0.2779,3,38:2:538:452:32:26;39:2:510:448:18:16;41:5:636:371:323:121,38,SAFE,21.817
458,0,3,2:510:447:18:17:0.2080;2:539:452:31:25:0.7355;7:637:370:322:122:0.2938,3,38:2:539:452:31:25;39:2:510:447:18:17;41:7:637:370:322:122,38,SAFE,23.918
459,0,3,2:511:448:16:16:0.2063;2:539:452:32:25:0.7475;7:639:369:320:123:0.3778,3,38:2:539:452:32:25;39:2:511:448:16:16;41:7:639:369:320:123,38,SAFE,26.467
460,0,4,2:511:448:16:16:0.2262;2:540:452:32:25:0.7582;5:641:370:318:123:0.3090;7:320:404:51:61:0.3178,3,38:2:540:452:32:25;39:2:511:448:16:16;41:5:641:370:318:123,38,SAFE,29.625
461,0,3,2:540:452:32:25:0.7374;5:642:373:317:119:0.3284;7:320:402:51:63:0.5460,2,38:2:540:452:32:25;41:5:642:373:317:119,38,SAFE,33.637
462,0,3,2:540:452:33:25:0.7250;7:321:407:51:57:0.2054;7:642:370:317:123:0.3677,2,38:2:540:452:33:25;41:7:642:370:317:123,38,SAFE,38.907
463,0,2,2:540:452:33:25:0.7240;5:643:371:371:133:0.1430,2,38:2:540:452:33:25;41:5:643:371:371:133,38,SAFE,46.135
464,0,2,2:540:452:34:25:0.7891;5:645:375:314:121:0.2330,2,38:2:540:452:34:25;41:5:645:375:314:121,38,SAFE,inf
465,0,4,2:540:452:34:25:0.7958;2:992:484:69:30:0.1663;7:320:401:48:64:0.2202;7:645:371:314:124:0.4714,2,38:2:540:452:34:25;41:7:645:371:314:124,38,SAFE,inf
466,0,3,2:540:452:34:25:0.7814;2:1003:485:70:28:0.1004;7:646:368:313:127:0.5499,2,38:2:540:452:34:25;41:7:646:368:313:127,38,SAFE,inf
467,0,3,2:541:452:33:25:0.7871;7:320:401:47:64:0.3102;7:647:366:312:130:0.4458,2,38:2:541:452:33:25;41:7:647:366:312:130,38,SAFE,inf
468,0,3,2:541:452:34:25:0.8013;7:320:401:47:64:0.3844;7:649:363:310:133:0.6529,2,38:2:541:452:34:25;41:7:649:363:310:133,38,SAFE,inf
469,0,3,2:542:452:33:26:0.8149;7:320:402:47:63:0.2789;7:651:361:308:136:0.6261,3,38:2:542:452:33:26;41:7:651:361:308:136;42:7:320:402:47:63,38,SAFE,inf
470,0,2,2:542:452:34:26:0.8016;7:653:361:306:136:0.7259,2,38:2:542:452:34:26;41:7:653:361:306:136,38,SAFE,inf
471,0,4,2:542:452:34:26:0.7967;5:655:339:516:164:0.6071;7:320:403:45:63:0.2285;7:1182:378:97:109:0.3379,2,38:2:542:452:34:26;41:5:655:339:516:164,38,SAFE,21.655
472,0,4,2:543:452:33:25:0.8050;7:320:404:44:62:0.2342;7:656:358:303:140:0.8293;7:1193:378:86:109:0.3252,2,38:2:543:452:33:25;41:7:656:358:303:140,38,SAFE,15.880
473,0,3,2:544:452:32:25:0.7922;7:659:354:300:147:0.8179;7:1206:376:73:112:0.2081,2,38:2:544:452:32:25;41:7:659:354:300:147,38,SAFE,19.851
474,0,5,2:511:447:18:17:0.2265;2:544:452:32:26:0.7632;7:320:403:43:64:0.2023;7:661:351:298:150:0.8269;7:1219:374:60:115:0.1767,2,38:2:544:452:32:26;41:7:661:351:298:150,38,SAFE,14.888
475,0,4,2:511:447:18:17:0.2361;2:545:452:32:26:0.7475;7:320:402:43:65:0.2923;7:662:350:297:152:0.7162,3,38:2:545:452:32:26;41:7:662:350:297:152;42:7:320:402:43:65,38,SAFE,12.537
476,0,4,2:511:448:18:16:0.2384;2:545:452:32:26:0.7819;7:320:402:42:64:0.3405;7:665:347:294:156:0.7677,3,38:2:545:452:32:26;41:7:665:347:294:156;42:7:320:402:42:64,38,SAFE,11.343
477,0,4,2:510:447:21:17:0.2228;2:546:452:31:25:0.7875;7:320:401:41:65:0.4967;7:668:348:291:156:0.7466,3,38:2:546:452:31:25;41:7:668:348:291:156;42:7:320:401:41:65,38,SAFE,15.880
478,0,5,2:511:447:19:17:0.2382;2:546:452:32:25:0.8030;7:320:401:41:65:0.4555;7:359:440:33:25:0.2401;7:669:347:290:156:0.6648,3,38:2:546:452:32:25;41:7:669:347:290:156;42:7:320:401:41:65,38,SAFE,26.467
479,0,5,2:510:446:21:18:0.2331;2:546:452:32:25:0.7683;7:320:402:39:64:0.2547;7:359:440:31:26:0.3984;7:671:347:288:157:0.5991,3,38:2:546:452:32:25;41:7:671:347:288:157;42:7:320:402:39:64,38,SAFE,inf
480,0,5,2:511:447:19:16:0.3164;2:547:452:31:25:0.7771;7:320:402:39:63:0.4087;7:358:440:30:24:0.2527;7:674:346:285:160:0.7019,3,38:2:547:452:31:25;41:7:674:346:285:160;42:7:320:402:39:63,38,SAFE,inf
481,0,4,2:511:447:19:16:0.3133;2:548:452:30:25:0.8002;7:320:402:38:63:0.3644;7:677:345:282:159:0.5577,3,38:2:548:452:30:25;41:7:677:345:282:159;42:7:320:402:38:63,38,SAFE,inf
482,0,5,2:512:447:18:16:0.2885;2:548:452:31:24:0.8147;7:320:401:37:65:0.5059;7:357:441:30:23:0.2350;7:679:343:280:161:0.6043,4,38:2:548:452:31:24;41:7:679:343:280:161;42:7:320:401:37:65;43:2:512:447:18:16,38,SAFE,inf
483,0,4,2:512:447:18:16:0.2822;2:548:452:31:25:0.8179;7:320:401:37:64:0.3610;7:681:343:278:163:0.5133,4,38:2:548:452:31:25;41:7:681:343:278:163;42:7:320:401:37:64;43:2:512:447:18:16,38,SAFE,inf
484,0,4,2:512:447:18:16:0.3046;2:548:452:32:25:0.8047;7:320:400:37:65:0.3820;7:683:335:276:175:0.7275,4,38:2:548:452:32:25;41:7:683:335:276:175;42:7:320:400:37:65;43:2:512:447:18:16,38,SAFE,inf
485,0,4,2:511:447:19:17:0.3015;2:549:452:32:25:0.8041;7:320:399:37:66:0.4958;7:686:333:273:175:0.6590,4,38:2:549:452:32:25;41:7:686:333:273:175;42:7:320:399:37:66;43:2:511:447:19:17,38,SAFE,inf
486,0,4,2:511:447:19:17:0.2662;2:549:452:32:25:0.8199;7:320:399:37:66:0.3750;7:687:330:272:180:0.7146,4,38:2:549:452:32:25;41:7:687:330:272:180;42:7:320:399:37:66;43:2:511:447:19:17,38,SAFE,inf
487,0,4,2:511:447:19:17:0.2880;2:549:451:32:26:0.8098;7:320:399:37:65:0.2532;7:690:334:269:179:0.6743,4,38:2:549:451:32:26;41:7:690:334:269:179;42:7:320:399:37:65;43:2:511:447:19:17,38,SAFE,inf
488,0,3,2:511:447:19:17:0.3533;2:550:451:33:26:0.7825;7:694:326:265:187:0.6914,3,38:2:550:451:33:26;41:7:694:326:265:187;43:2:511:447:19:17,38,SAFE,inf
489,0,4,2:512:446:18:18:0.2482;2:550:451:33:25:0.8197;7:320:401:33:63:0.4301;7:697:327:262:187:0.6668,4,38:2:550:451:33:25;41:7:697:327:262:187;42:7:320:401:33:63;43:2:512:446:18:18,38,SAFE,inf
490,0,4,2:511:446:19:17:0.2685;2:551:450:32:25:0.8136;7:320:401:33:62:0.4701;7:702:322:257:195:0.7587,4,38:2:551:450:32:25;41:7:702:322:257:195;42:7:320:401:33:62;43:2:511:446:19:17,38,SAFE,inf
491,0,4,2:512:445:19:18:0.3326;2:551:451:32:24:0.8029;7:320:401:33:61:0.4348;7:704:322:255:196:0.8193,4,38:2:551:451:32:24;41:7:704:322:255:196;42:7:320:401:33:61;43:2:512:445:19:18,38,SAFE,inf
492,0,5,2:512:445:19:17:0.3448;2:551:450:32:25:0.7740;2:899:448:106:62:0.1058;7:320:401:32:61:0.4191;7:708:318:251:205:0.8282,4,38:2:551:450:32:25;41:7:708:318:251:205;42:7:320:401:32:61;43:2:512:445:19:17,38,SAFE,inf
493,0,5,2:512:445:18:17:0.3085;2:551:450:33:25:0.7152;2:908:450:120:63:0.1012;7:320:401:30:61:0.2852;7:712:318:247:202:0.8366,4,38:2:551:450:33:25;41:7:712:318:247:202;42:7:320:401:30:61;43:2:512:445:18:17,38,SAFE,inf
494,0,4,0:219:418:21:51:0.1015;2:512:445:19:17:0.3977;2:551:450:33:25:0.6718;7:717:311:242:212:0.6786,3,38:2:551:450:33:25;41:7:717:311:242:212;43:2:512:445:19:17,38,SAFE,inf
495,0,3,2:512:445:19:18:0.3949;2:552:450:32:25:0.7292;7:721:310:238:215:0.8022,3,38:2:552:450:32:25;41:7:721:310:238:215;43:2:512:445:19:18,38,SAFE,inf
496,0,4,2:512:445:19:18:0.4279;2:552:450:33:25:0.7419;7:320:400:27:63:0.2072;7:725:305:234:221:0.7830,3,38:2:552:450:33:25;41:7:725:305:234:221;43:2:512:445:19:18,38,SAFE,inf
497,0,4,2:512:444:19:18:0.2666;2:553:450:32:25:0.7721;7:320:399:25:64:0.2853;7:728:304:231:223:0.8714,4,38:2:553:450:32:25;41:7:728:304:231:223;42:7:320:399:25:64;43:2:512:444:19:18,38,SAFE,inf
498,0,5,2:512:445:18:17:0.2729;2:554:450:32:25:0.7287;2:625:450:19:18:0.2677;7:320:399:24:64:0.4761;7:733:299:226:228:0.8814,4,38:2:554:450:32:25;41:7:733:299:226:228;42:7:320:399:24:64;43:2:512:445:18:17,38,SAFE,inf
499,0,4,2:555:449:31:26:0.7072;2:627:450:17:17:0.2409;7:320:399:23:63:0.3504;7:737:294:222:232:0.9022,3,38:2:555:449:31:26;41:7:737:294:222:232;42:7:320:399:23:63,38,SAFE,inf
500,0,4,2:555:449:31:25:0.6396;2:628:449:16:18:0.2687;7:320:399:22:62:0.5246;7:741:296:218:230:0.8811,3,38:2:555:449:31:25;41:7:741:296:218:230;42:7:320:399:22:62,38,SAFE,inf
501,0,4,2:555:449:32:24:0.6105;2:629:448:15:18:0.2230;7:320:397:22:64:0.3829;7:748:289:211:237:0.8358,3,38:2:555:449:32:24;41:7:748:289:211:237;42:7:320:397:22:64,38,SAFE,inf
502,0,3,2:555:448:33:25:0.6434;7:158:409:62:57:0.1243;7:754:286:205:242:0.7507,2,38:2:555:448:33:25;41:7:754:286:205:242,38,SAFE,inf
503,0,4,2:512:442:18:18:0.2427;2:556:448:32:25:0.7317;2:630:448:16:16:0.2194;7:760:287:199:242:0.7593,2,38:2:556:448:32:25;41:7:760:287:199:242,38,SAFE,inf
504,0,3,2:512:442:18:18:0.2091;2:556:448:32:24:0.6973;7:767:282:192:248:0.8310,2,38:2:556:448:32:24;41:7:767:282:192:248,38,SAFE,inf
505,0,4,2:557:448:32:25:0.7023;2:632:448:15:15:0.2030;7:716:434:66:36:0.2578;7:775:276:184:255:0.7640,2,38:2:557:448:32:25;41:7:775:276:184:255,38,SAFE,inf
506,0,3,2:557:448:33:25:0.7398;7:320:395:16:66:0.2450;7:785:207:494:425:0.8622,2,38:2:557:448:33:25;41:7:785:207:494:425,38,SAFE,inf
507,0,3,2:528:441:60:30:0.3210;2:558:448:33:25:0.7367;7:792:275:167:256:0.8522,2,38:2:558:448:33:25;41:7:792:275:167:256,38,SAFE,inf
508,0,3,2:558:448:33:24:0.7078;7:137:404:61:59:0.1004;7:801:188:478:402:0.9096,2,38:2:558:448:33:24;41:7:801:188:478:402,38,SAFE,inf
509,0,4,2:558:448:33:24:0.7260;2:631:448:19:16:0.2231;7:133:402:62:60:0.1190;7:812:185:467:413:0.9006,2,38:2:558:448:33:24;41:7:812:185:467:413,38,SAFE,inf
510,0,3,2:559:448:32:24:0.7183;2:631:447:20:18:0.2079;7:822:171:457:432:0.9004,2,38:2:559:448:32:24;41:7:822:171:457:432,38,SAFE,inf
511,0,3,2:559:447:32:25:0.6472;2:631:447:21:17:0.2901;7:834:152:445:417:0.8855,2,38:2:559:447:32:25;41:7:834:152:445:417,38,SAFE,inf
512,0,3,2:559:448:32:24:0.6467;2:632:446:21:18:0.2589;7:848:148:431:430:0.8623,2,38:2:559:448:32:24;41:7:848:148:431:430,38,SAFE,inf
513,0,4,2:510:441:20:19:0.2005;2:560:447:31:24:0.6096;2:632:446:22:17:0.2071;7:862:139:417:452:0.8910,2,38:2:560:447:31:24;41:7:862:139:417:452,38,SAFE,inf
514,0,4,2:295:442:37:22:0.1376;2:509:441:21:19:0.2877;2:560:446:31:25:0.5921;7:879:137:400:458:0.9051,2,38:2:560:446:31:25;41:7:879:137:400:458,38,SAFE,inf
515,0,3,2:508:441:22:19:0.3071;2:560:447:32:25:0.6476;7:895:127:384:484:0.8875,2,38:2:560:447:32:25;41:7:895:127:384:484,38,SAFE,inf
516,0,5,2:505:441:26:19:0.3661;2:560:447:32:25:0.7317;7:725:431:58:41:0.2201;7:779:427:105:54:0.1223;7:914:125:365:488:0.8817,2,38:2:560:447:32:25;41:7:914:125:365:488,38,SAFE,inf
517,0,5,2:503:441:29:19:0.3540;2:561:447:32:25:0.7296;2:635:445:21:19:0.2140;7:782:426:112:54:0.1561;7:936:95:343:516:0.7659,3,38:2:561:447:32:25;41:7:936:95:343:516;44:2:503:441:29:19,38,SAFE,inf
518,0,6,2:504:442:27:18:0.2805;2:561:447:32:25:0.6731;2:636:446:20:18:0.2197;2:727:434:59:39:0.2022;7:783:429:116:53:0.1339;7:959:66:320:563:0.7366,3,38:2:561:447:32:25;41:7:959:66:320:563;44:2:504:442:27:18,38,SAFE,22.886
519,0,3,2:562:447:31:25:0.6780;7:699:430:93:42:0.2244;7:986:26:293:615:0.6420,2,38:2:562:447:31:25;41:7:986:26:293:615,38,SAFE,28.608
520,0,4,2:503:441:28:19:0.2162;2:562:447:31:25:0.6316;2:735:434:55:38:0.1655;5:1016:35:263:621:0.6386,2,38:2:562:447:31:25;41:5:1016:35:263:621,38,SAFE,17.605
521,0,3,2:507:440:24:21:0.3164;2:562:448:32:23:0.3660;2:636:445:23:20:0.4122,2,38:2:562:448:32:23;44:2:507:440:24:21,38,SAFE,inf
522,0,3,2:508:441:22:19:0.2444;2:562:447:32:25:0.4314;2:636:445:24:20:0.4394,2,38:2:562:447:32:25;44:2:508:441:22:19,38,SAFE,21.300
523,0,2,2:562:447:32:25:0.4408;2:637:445:23:19:0.3973,2,38:2:562:447:32:25;45:2:637:445:23:19,38,SAFE,23.384
524,0,4,2:121:446:42:24:0.1190;2:507:441:23:20:0.3201;2:562:448:32:23:0.3889;2:637:445:24:18:0.3329,3,38:2:562:448:32:23;44:2:507:441:23:20;45:2:637:445:24:18,38,SAFE,inf
525,0,3,2:563:447:31:26:0.3783;2:637:445:25:19:0.4726;7:506:441:24:21:0.2110,3,38:2:563:447:31:26;44:7:506:441:24:21;45:2:637:445:25:19,38,SAFE,inf
526,0,3,2:563:448:32:25:0.5464;2:637:445:25:20:0.3997;7:506:441:23:21:0.2246,3,38:2:563:448:32:25;44:7:506:441:23:21;45:2:637:445:25:20,38,SAFE,inf
527,0,4,2:563:446:31:25:0.3949;2:637:445:26:19:0.4173;5:77:343:238:128:0.1045;7:505:442:22:19:0.2202,3,38:2:563:446:31:25;44:7:505:442:22:19;45:2:637:445:26:19,38,SAFE,inf
528,0,2,2:563:448:31:25:0.4987;2:637:445:27:20:0.3596,2,38:2:563:448:31:25;45:2:637:445:27:20,38,SAFE,inf
529,0,4,2:82:445:63:25:0.1044;2:563:448:32:25:0.4120;2:637:445:27:21:0.3305;7:505:442:21:19:0.2179,2,38:2:563:448:32:25;45:2:637:445:27:21,38,SAFE,inf
530,0,4,2:563:448:32:25:0.5677;2:637:445:28:20:0.3079;5:60:336:247:137:0.1404;7:504:442:19:19:0.2268,2,38:2:563:448:32:25;45:2:637:445:28:20,38,SAFE,inf
531,0,3,2:563:448:32:25:0.5101;2:639:445:26:21:0.3122;7:885:414:74:75:0.2871,2,38:2:563:448:32:25;45:2:639:445:26:21,38,SAFE,32.287
532,0,3,2:72:445:51:24:0.1024;2:563:448:33:25:0.5754;2:642:445:24:21:0.2942,2,38:2:563:448:33:25;45:2:642:445:24:21,38,SAFE,22.409
533,0,3,2:564:448:32:25:0.6364;2:643:445:24:21:0.3155;7:890:416:69:72:0.2353,2,38:2:564:448:32:25;45:2:643:445:24:21,38,SAFE,17.160
534,0,2,2:564:448:32:25:0.6808;2:645:445:22:22:0.4573,2,38:2:564:448:32:25;45:2:645:445:22:22,38,SAFE,13.903
535,0,2,2:564:448:32:25:0.7012;2:644:445:24:22:0.4244,2,38:2:564:448:32:25;45:2:644:445:24:22,38,SAFE,11.685
536,0,4,2:564:448:32:25:0.7210;2:645:445:24:20:0.3528;7:2:330:290:142:0.1501;7:500:441:21:21:0.2055,2,38:2:564:448:32:25;45:2:645:445:24:20,38,SAFE,35.930
537,0,3,2:564:448:33:25:0.6824;2:645:445:24:21:0.3008;7:0:327:288:146:0.1128,2,38:2:564:448:33:25;45:2:645:445:24:21,38,SAFE,30.714
538,0,3,2:29:445:74:28:0.1001;2:564:448:33:25:0.5835;2:646:445:24:22:0.3769,2,38:2:564:448:33:25;45:2:646:445:24:22,38,SAFE,26.820
539,0,2,2:565:448:33:25:0.5870;2:647:445:24:22:0.2364,2,38:2:565:448:33:25;45:2:647:445:24:22,38,SAFE,inf
540,0,2,2:565:448:33:25:0.6058;2:647:446:23:23:0.2087,2,38:2:565:448:33:25;45:2:647:446:23:23,38,SAFE,inf
541,0,2,2:565:448:33:25:0.3770;2:647:446:24:22:0.1206,2,38:2:565:448:33:25;45:2:647:446:24:22,38,SAFE,inf
542,0,2,2:565:448:34:25:0.3361;2:647:446:25:22:0.1219,2,38:2:565:448:34:25;45:2:647:446:25:22,38,SAFE,inf
543,0,3,2:565:448:33:25:0.4917;2:649:446:23:21:0.1128;7:495:441:22:21:0.3148,2,38:2:565:448:33:25;45:2:649:446:23:21,38,SAFE,inf
544,0,4,2:565:448:34:25:0.5868;2:648:445:26:22:0.1085;7:0:443:68:34:0.1146;7:494:442:21:20:0.2163,2,38:2:565:448:34:25;45:2:648:445:26:22,38,SAFE,inf
545,0,3,2:566:448:33:26:0.5955;2:648:446:27:22:0.1094;7:749:427:164:59:0.2452,2,38:2:566:448:33:26;45:2:648:446:27:22,38,SAFE,34.030
546,0,2,2:566:449:33:24:0.6733;7:721:425:190:61:0.2544,1,38:2:566:449:33:24,38,SAFE,inf
547,0,4,0:0:443:14:33:0.1728;2:566:448:34:26:0.6597;7:320:408:37:59:0.2015;7:718:425:195:61:0.3885,1,38:2:566:448:34:26,38,SAFE,41.391
548,0,3,2:566:448:33:26:0.5079;7:320:407:36:61:0.2022;7:720:425:204:62:0.4431,1,38:2:566:448:33:26,38,SAFE,20.194
549,0,2,2:566:449:34:24:0.6825;7:719:426:213:63:0.5277,2,38:2:566:449:34:24;46:7:719:426:213:63,38,SAFE,inf
550,0,2,2:567:449:33:25:0.6346;7:320:407:28:60:0.3942,1,38:2:567:449:33:25,38,SAFE,inf
551,0,2,2:567:449:34:25:0.4890;7:320:406:25:61:0.4452,1,38:2:567:449:34:25,38,SAFE,inf
552,0,4,2:482:439:34:24:0.1173;2:567:449:34:25:0.5839;7:320:406:33:60:0.2191;7:732:423:219:69:0.3284,2,38:2:567:449:34:25;46:7:732:423:219:69,38,SAFE,inf
553,0,2,2:568:449:33:26:0.6680;7:485:442:29:22:0.3022,2,38:2:568:449:33:26;47:7:485:442:29:22,38,SAFE,40.529
554,0,3,2:568:449:33:26:0.6705;2:655:446:27:25:0.1157;7:486:442:27:22:0.3022,1,38:2:568:449:33:26,38,SAFE,21.736
555,0,4,0:1213:455:19:64:0.1332;2:568:449:34:25:0.7003;2:656:446:27:26:0.1413;7:485:441:28:23:0.2496,1,38:2:568:449:34:25,38,SAFE,29.625
556,0,3,2:568:449:34:26:0.6597;2:656:446:29:26:0.2059;7:484:442:24:22:0.2358,1,38:2:568:449:34:26,38,SAFE,19.650
557,0,3,2:568:450:34:25:0.6350;2:656:447:28:29:0.1605;7:483:442:23:23:0.2039,1,38:2:568:450:34:25,38,SAFE,29.035
558,0,2,2:568:450:34:25:0.6412;7:482:442:25:23:0.3355,1,38:2:568:450:34:25,38,SAFE,inf
559,0,4,2:568:450:34:25:0.5775;2:658:445:29:30:0.1138;7:0:350:81:137:0.1406;7:481:442:23:23:0.2516,2,38:2:568:450:34:25;48:7:481:442:23:23,38,SAFE,inf
560,0,3,2:569:450:35:25:0.5851;2:658:444:31:31:0.3097;7:481:442:22:22:0.2999,2,38:2:569:450:35:25;48:7:481:442:22:22,38,SAFE,inf
561,0,2,2:570:450:34:25:0.6570;2:659:444:30:30:0.1637,1,38:2:570:450:34:25,38,SAFE,inf
562,0,2,2:570:450:33:25:0.4732;2:660:445:31:29:0.3493,1,38:2:570:450:33:25,38,SAFE,inf
563,0,2,2:571:451:33:24:0.5883;2:661:445:32:30:0.2907,2,38:2:571:451:33:24;49:2:661:445:32:30,38,SAFE,inf
564,0,3,2:571:451:34:24:0.6030;2:661:445:34:30:0.3359;7:226:399:76:73:0.1952,2,38:2:571:451:34:24;49:2:661:445:34:30,38,SAFE,inf
565,0,3,2:572:451:33:25:0.4474;2:661:446:34:29:0.4099;7:475:442:23:24:0.2181,2,38:2:572:451:33:25;49:2:661:446:34:29,38,SAFE,inf
566,0,3,2:572:451:33:24:0.5579;2:663:446:33:28:0.4660;7:474:442:24:25:0.2740,3,38:2:572:451:33:24;48:7:474:442:24:25;49:2:663:446:33:28,38,SAFE,inf
567,0,3,2:572:451:35:25:0.6604;2:664:446:34:29:0.6053;7:473:442:24:25:0.2791,3,38:2:572:451:35:25;48:7:473:442:24:25;49:2:664:446:34:29,38,SAFE,inf
568,0,4,2:572:452:36:23:0.7501;2:665:447:35:28:0.5981;7:0:325:203:148:0.1859;7:472:443:24:24:0.2651,3,38:2:572:452:36:23;48:7:472:443:24:24;49:2:665:447:35:28,38,SAFE,inf
569,0,4,2:572:452:36:24:0.6349;2:665:445:36:30:0.5034;7:0:326:201:142:0.2160;7:471:443:23:24:0.2569,3,38:2:572:452:36:24;48:7:471:443:23:24;49:2:665:445:36:30,38,SAFE,inf
570,0,4,2:573:452:36:25:0.5880;2:668:445:34:32:0.4080;7:1:326:197:147:0.2144;7:469:444:26:23:0.2839,3,38:2:573:452:36:25;48:7:469:444:26:23;49:2:668:445:34:32,38,SAFE,inf
571,0,5,2:573:452:36:25:0.5219;2:670:446:33:30:0.3830;7:0:328:192:146:0.2014;7:127:395:144:84:0.1315;7:469:443:27:25:0.3171,3,38:2:573:452:36:25;48:7:469:443:27:25;49:2:670:446:33:30,38,SAFE,inf
572,0,5,2:121:447:96:34:0.1252;2:574:452:36:25:0.7637;2:670:445:35:32:0.3433;7:180:396:87:82:0.1432;7:450:442:46:26:0.3728,3,38:2:574:452:36:25;48:7:450:442:46:26;49:2:670:445:35:32,38,SAFE,inf
573,0,5,2:576:452:34:25:0.6663;2:670:446:38:30:0.3807;7:0:327:186:150:0.2064;7:117:394:144:87:0.1434;7:466:443:31:25:0.3425,3,38:2:576:452:34:25;48:7:466:443:31:25;49:2:670:446:38:30,38,SAFE,inf
574,0,7,2:109:447:94:36:0.1263;2:576:452:35:26:0.6382;2:672:445:37:31:0.2329;7:1:328:181:149:0.4193;7:299:412:60:60:0.2119;7:358:414:62:60:0.1064;7:447:442:50:28:0.2852,3,38:2:576:452:35:26;48:7:447:442:50:28;49:2:672:445:37:31,38,SAFE,21.423
575,1,2,2:555:408:56:48:0.8364;5:638:355:101:98:0.4017,0,,-1,NONE,inf
576,0,2,2:555:407:56:49:0.8628;5:639:354:102:99:0.3890,0,,-1,NONE,inf
577,0,1,2:555:408:56:48:0.8312,1,50:2:555:408:56:48,-1,NONE,inf
578,0,2,2:554:408:57:48:0.8303;5:639:353:104:100:0.2829,1,50:2:554:408:57:48,-1,NONE,inf
579,0,2,2:554:408:57:48:0.8357;5:640:352:104:102:0.3273,1,50:2:554:408:57:48,-1,NONE,inf
580,0,1,2:555:408:57:48:0.8534,1,50:2:555:408:57:48,-1,NONE,inf
581,0,2,2:555:408:57:48:0.8624;5:640:352:107:103:0.2958,1,50:2:555:408:57:48,-1,NONE,inf
582,0,2,2:555:408:57:48:0.8745;5:640:351:108:104:0.3501,1,50:2:555:408:57:48,-1,NONE,inf
583,0,2,2:555:408:57:49:0.8677;5:640:351:110:104:0.4396,1,50:2:555:408:57:49,-1,NONE,inf
584,0,2,2:555:408:57:49:0.8657;5:641:351:110:104:0.5290,2,50:2:555:408:57:49;51:5:641:351:110:104,-1,NONE,inf
585,0,2,2:555:408:57:49:0.8508;5:641:350:112:105:0.4646,2,50:2:555:408:57:49;51:5:641:350:112:105,-1,NONE,inf
586,0,2,2:555:408:57:49:0.8424;5:641:349:113:107:0.3829,2,50:2:555:408:57:49;51:5:641:349:113:107,-1,NONE,inf
587,0,2,2:555:409:57:49:0.8472;5:642:349:114:108:0.5127,2,50:2:555:409:57:49;51:5:642:349:114:108,-1,NONE,inf
588,0,2,2:555:409:57:49:0.8541;5:642:348:116:109:0.5015,2,50:2:555:409:57:49;51:5:642:348:116:109,-1,NONE,inf
589,0,2,2:555:409:57:49:0.8641;5:643:347:116:110:0.4794,2,50:2:555:409:57:49;51:5:643:347:116:110,-1,NONE,inf
590,0,2,2:555:408:57:50:0.8639;5:641:346:120:111:0.3262,2,50:2:555:408:57:50;51:5:641:346:120:111,-1,NONE,inf
591,0,2,2:555:408:57:50:0.8662;5:641:346:121:111:0.2060,2,50:2:555:408:57:50;51:5:641:346:121:111,-1,NONE,inf
592,0,2,2:555:407:57:50:0.8746;5:642:345:122:112:0.4066,2,50:2:555:407:57:50;51:5:642:345:122:112,-1,NONE,inf
593,0,2,2:555:408:57:50:0.8631;5:642:345:124:113:0.3726,2,50:2:555:408:57:50;51:5:642:345:124:113,-1,NONE,inf
594,0,2,2:555:408:58:50:0.8725;5:642:344:126:114:0.4499,2,50:2:555:408:58:50;51:5:642:344:126:114,-1,NONE,inf
595,0,2,2:555:408:58:50:0.8930;5:642:344:128:115:0.4333,2,50:2:555:408:58:50;51:5:642:344:128:115,-1,NONE,inf
596,0,2,2:555:408:58:50:0.8852;2:643:342:129:117:0.3583,2,50:2:555:408:58:50;51:2:643:342:129:117,-1,NONE,inf
597,0,2,2:555:409:58:50:0.8851;2:644:342:130:119:0.3761,2,50:2:555:409:58:50;51:2:644:342:130:119,-1,NONE,inf
598,0,2,2:555:409:58:50:0.8878;2:644:341:132:120:0.4720,2,50:2:555:409:58:50;51:2:644:341:132:120,-1,NONE,inf
599,0,2,2:555:409:58:50:0.8893;2:645:340:132:121:0.4315,2,50:2:555:409:58:50;51:2:645:340:132:121,-1,NONE,inf
600,0,2,2:556:409:57:50:0.8777;2:645:340:134:122:0.4153,2,50:2:556:409:57:50;51:2:645:340:134:122,-1,NONE,inf
601,0,3,2:556:410:57:49:0.8775;2:620:419:14:12:0.2205;5:645:339:137:124:0.4067,2,50:2:556:410:57:49;51:5:645:339:137:124,-1,NONE,inf
602,0,3,2:556:410:58:49:0.8736;2:619:419:16:12:0.2421;5:645:338:139:126:0.4873,2,50:2:556:410:58:49;51:5:645:338:139:126,-1,NONE,inf
603,0,2,2:556:409:58:51:0.8781;5:645:337:141:127:0.3650,2,50:2:556:409:58:51;51:5:645:337:141:127,-1,NONE,inf
604,0,2,2:556:410:58:50:0.8397;5:645:336:144:129:0.3631,2,50:2:556:410:58:50;51:5:645:336:144:129,-1,NONE,inf
605,0,3,2:556:409:58:51:0.8429;2:620:419:15:12:0.3199;7:647:335:144:130:0.4193,2,50:2:556:409:58:51;51:7:647:335:144:130,-1,NONE,inf
606,0,2,2:556:410:58:50:0.8345;2:621:420:14:11:0.2835,1,50:2:556:410:58:50,-1,NONE,inf
607,0,3,2:556:410:58:50:0.7998;2:620:420:15:11:0.4414;7:650:334:147:132:0.2323,2,50:2:556:410:58:50;52:2:620:420:15:11,-1,NONE,inf
608,0,2,2:556:409:58:51:0.8642;2:620:419:15:12:0.4455,2,50:2:556:409:58:51;52:2:620:419:15:12,-1,NONE,inf
609,0,3,2:556:409:59:51:0.8809;2:620:419:16:12:0.4396;5:651:331:151:136:0.4738,3,50:2:556:409:59:51;51:5:651:331:151:136;52:2:620:419:16:12,-1,NONE,inf
610,0,3,2:556:408:59:52:0.8610;2:620:419:15:11:0.3336;5:651:330:154:137:0.4803,3,50:2:556:408:59:52;51:5:651:330:154:137;52:2:620:419:15:11,-1,NONE,inf
611,0,2,2:556:408:59:52:0.8352;5:652:329:155:139:0.4117,2,50:2:556:408:59:52;51:5:652:329:155:139,-1,NONE,inf
612,0,3,2:556:408:59:52:0.8331;2:621:419:14:11:0.2004;5:653:328:157:140:0.5722,2,50:2:556:408:59:52;51:5:653:328:157:140,-1,NONE,inf
613,0,2,2:557:408:59:51:0.8319;5:653:327:160:141:0.4723,2,50:2:557:408:59:51;51:5:653:327:160:141,-1,NONE,inf
614,0,3,2:557:408:59:51:0.8306;2:621:419:15:11:0.2144;5:653:326:163:141:0.6633,2,50:2:557:408:59:51;51:5:653:326:163:141,-1,NONE,inf
615,0,2,2:557:408:59:51:0.8433;5:654:324:165:144:0.5059,2,50:2:557:408:59:51;51:5:654:324:165:144,-1,NONE,inf
616,0,2,2:558:408:59:52:0.8791;5:655:323:167:145:0.4483,2,50:2:558:408:59:52;51:5:655:323:167:145,-1,NONE,inf
617,0,1,2:558:408:59:52:0.8816,1,50:2:558:408:59:52,-1,NONE,inf
618,0,1,2:558:409:59:51:0.8920,1,50:2:558:409:59:51,-1,NONE,inf
619,0,2,2:558:409:60:52:0.8878;5:658:320:176:152:0.3808,2,50:2:558:409:60:52;51:5:658:320:176:152,-1,NONE,inf
620,0,3,2:558:408:60:53:0.8878;2:622:419:16:12:0.2034;5:657:319:181:153:0.2964,2,50:2:558:408:60:53;51:5:657:319:181:153,-1,NONE,inf
621,0,3,2:558:408:60:53:0.8688;2:623:420:16:11:0.2096;7:658:317:183:156:0.2355,2,50:2:558:408:60:53;51:7:658:317:183:156,-1,NONE,inf
622,0,3,2:559:408:59:53:0.8673;2:622:420:17:11:0.2435;5:658:315:186:157:0.2917,2,50:2:559:408:59:53;51:5:658:315:186:157,-1,NONE,inf
623,0,3,2:559:408:59:53:0.8517;2:622:420:17:11:0.2984;5:659:313:189:161:0.3002,2,50:2:559:408:59:53;51:5:659:313:189:161,-1,NONE,inf
624,0,3,2:559:408:59:52:0.8751;2:622:420:17:11:0.3213;5:661:312:192:162:0.3929,2,50:2:559:408:59:52;51:5:661:312:192:162,-1,NONE,inf
625,0,3,2:560:407:59:53:0.8599;2:622:419:17:11:0.3168;5:661:310:196:165:0.3779,2,50:2:560:407:59:53;51:5:661:310:196:165,-1,NONE,inf
626,0,3,2:560:408:59:52:0.8685;2:622:420:18:11:0.3007;7:662:309:199:166:0.4688,3,50:2:560:408:59:52;51:7:662:309:199:166;53:2:622:420:18:11,-1,NONE,inf
627,0,3,2:560:407:61:53:0.8376;2:623:419:16:11:0.2579;5:664:308:204:168:0.6201,3,50:2:560:407:61:53;51:5:664:308:204:168;53:2:623:419:16:11,-1,NONE,inf
628,0,2,2:561:407:61:53:0.8233;5:664:305:208:170:0.7483,2,50:2:561:407:61:53;51:5:664:305:208:170,-1,NONE,inf
629,0,3,2:562:407:61:53:0.8486;2:623:419:17:11:0.2084;5:669:304:209:173:0.4750,2,50:2:562:407:61:53;51:5:669:304:209:173,-1,NONE,inf
630,0,3,2:563:407:60:53:0.8258;2:623:419:17:11:0.3003;7:667:301:216:177:0.3315,3,50:2:563:407:60:53;51:7:667:301:216:177;53:2:623:419:17:11,-1,NONE,inf
631,0,3,2:563:407:60:53:0.8527;2:624:419:16:11:0.2658;5:672:301:215:178:0.4152,3,50:2:563:407:60:53;51:5:672:301:215:178;53:2:624:419:16:11,-1,NONE,inf
632,0,3,2:563:407:60:53:0.8410;2:625:420:15:10:0.2216;5:669:297:225:182:0.5089,3,50:2:563:407:60:53;51:5:669:297:225:182;53:2:625:420:15:10,-1,NONE,inf
633,0,3,2:563:407:60:53:0.8504;2:625:420:15:10:0.2124;5:673:298:227:182:0.6467,3,50:2:563:407:60:53;51:5:673:298:227:182;53:2:625:420:15:10,-1,NONE,inf
634,0,2,2:564:407:60:53:0.8541;5:672:293:233:187:0.7239,2,50:2:564:407:60:53;51:5:672:293:233:187,-1,NONE,inf
635,0,3,2:564:407:60:53:0.8327;2:625:419:16:10:0.2799;5:673:289:238:192:0.6134,3,50:2:564:407:60:53;51:5:673:289:238:192;53:2:625:419:16:10,-1,NONE,inf
636,0,3,2:564:407:61:53:0.8468;2:625:419:16:10:0.2744;5:672:288:247:194:0.6728,3,50:2:564:407:61:53;51:5:672:288:247:194;53:2:625:419:16:10,-1,NONE,inf
637,0,2,2:564:407:62:53:0.8513;7:673:285:251:200:0.4081,2,50:2:564:407:62:53;51:7:673:285:251:200,-1,NONE,inf
638,0,2,2:564:407:62:54:0.8597;7:674:284:259:202:0.4568,2,50:2:564:407:62:54;51:7:674:284:259:202,-1,NONE,inf
639,0,2,2:565:407:61:54:0.8659;7:675:282:264:209:0.3317,2,50:2:565:407:61:54;51:7:675:282:264:209,-1,NONE,inf
640,0,2,2:565:407:62:54:0.8458;7:676:280:272:210:0.5094,2,50:2:565:407:62:54;51:7:676:280:272:210,-1,NONE,inf
641,0,2,2:565:407:62:54:0.8696;7:677:278:278:213:0.4738,2,50:2:565:407:62:54;51:7:677:278:278:213,-1,NONE,inf
642,0,2,2:565:408:63:54:0.8646;7:678:275:281:219:0.6282,2,50:2:565:408:63:54;51:7:678:275:281:219,-1,NONE,inf
643,0,2,2:565:408:63:54:0.8664;7:679:275:280:219:0.8541,2,50:2:565:408:63:54;51:7:679:275:280:219,-1,NONE,inf
644,0,2,2:566:408:62:54:0.8600;7:679:275:280:219:0.7297,2,50:2:566:408:62:54;51:7:679:275:280:219,-1,NONE,inf
645,0,2,2:566:409:62:53:0.8746;7:681:275:278:220:0.7839,2,50:2:566:409:62:53;51:7:681:275:278:220,-1,NONE,inf
646,0,2,2:566:409:63:54:0.8690;7:682:275:277:223:0.8628,2,50:2:566:409:63:54;51:7:682:275:277:223,-1,NONE,inf
647,0,2,2:566:409:63:54:0.8625;7:683:275:276:225:0.8598,2,50:2:566:409:63:54;51:7:683:275:276:225,-1,NONE,inf
648,0,2,2:566:409:63:54:0.8701;7:683:275:276:225:0.8351,2,50:2:566:409:63:54;51:7:683:275:276:225,-1,NONE,inf
649,0,2,2:566:408:63:55:0.8601;7:685:275:274:227:0.8465,2,50:2:566:408:63:55;51:7:685:275:274:227,-1,NONE,inf
650,0,2,2:566:409:63:55:0.8398;7:686:275:273:227:0.8385,2,50:2:566:409:63:55;51:7:686:275:273:227,-1,NONE,inf
651,0,2,2:566:409:63:54:0.8043;7:686:275:273:225:0.8501,2,50:2:566:409:63:54;51:7:686:275:273:225,-1,NONE,inf
652,0,3,0:778:419:35:76:0.1236;2:566:408:63:55:0.7962;7:688:275:271:226:0.6499,2,50:2:566:408:63:55;51:7:688:275:271:226,-1,NONE,inf
653,0,2,2:566:408:63:55:0.8251;7:688:275:271:228:0.7411,2,50:2:566:408:63:55;51:7:688:275:271:228,-1,NONE,inf
654,0,2,2:566:408:63:55:0.8065;7:688:274:271:233:0.8079,2,50:2:566:408:63:55;51:7:688:274:271:233,-1,NONE,inf
655,0,2,2:565:407:65:56:0.7985;7:691:274:268:232:0.6442,2,50:2:565:407:65:56;51:7:691:274:268:232,-1,NONE,inf
656,0,2,2:565:407:65:56:0.7883;7:691:275:268:233:0.6821,2,50:2:565:407:65:56;51:7:691:275:268:233,-1,NONE,inf
657,0,2,2:565:407:64:57:0.7991;7:692:275:267:233:0.5630,2,50:2:565:407:64:57;51:7:692:275:267:233,-1,NONE,inf
658,0,2,2:565:407:64:57:0.8017;7:694:275:265:238:0.6056,2,50:2:565:407:64:57;51:7:694:275:265:238,-1,NONE,inf
659,0,2,2:565:406:64:58:0.8152;7:695:274:264:243:0.8234,2,50:2:565:406:64:58;51:7:695:274:264:243,-1,NONE,inf
660,0,2,2:564:407:65:58:0.8483;7:696:275:263:242:0.8224,2,50:2:564:407:65:58;51:7:696:275:263:242,-1,NONE,inf
661,0,2,2:564:406:65:59:0.8456;7:697:275:262:243:0.8226,2,50:2:564:406:65:59;51:7:697:275:262:243,-1,NONE,inf
662,0,2,2:564:406:65:58:0.8521;7:698:274:261:247:0.8587,2,50:2:564:406:65:58;51:7:698:274:261:247,-1,NONE,inf
663,0,2,2:563:407:66:58:0.8578;7:698:274:261:247:0.8806,2,50:2:563:407:66:58;51:7:698:274:261:247,-1,NONE,inf
664,0,2,2:563:406:66:59:0.8524;7:699:274:260:249:0.5470,2,50:2:563:406:66:59;51:7:699:274:260:249,-1,NONE,inf
665,0,1,2:563:406:65:59:0.8518,1,50:2:563:406:65:59,-1,NONE,inf
666,0,2,2:563:406:65:59:0.8628;7:702:276:257:250:0.7800,2,50:2:563:406:65:59;51:7:702:276:257:250,-1,NONE,inf
667,0,2,2:562:406:66:59:0.8579;7:703:275:256:251:0.7199,2,50:2:562:406:66:59;51:7:703:275:256:251,-1,NONE,inf
668,0,2,2:562:406:66:59:0.8552;7:704:275:255:251:0.7535,2,50:2:562:406:66:59;51:7:704:275:255:251,-1,NONE,inf
669,0,2,2:561:405:67:60:0.8614;7:705:275:254:252:0.6551,2,50:2:561:405:67:60;51:7:705:275:254:252,-1,NONE,inf
670,0,2,2:560:406:68:60:0.8519;7:706:275:253:252:0.7692,2,50:2:560:406:68:60;51:7:706:275:253:252,-1,NONE,inf
671,0,2,2:560:406:68:60:0.8570;7:710:17:569:570:0.7465,2,50:2:560:406:68:60;51:7:710:17:569:570,-1,NONE,inf
672,0,2,2:559:405:69:61:0.8530;7:711:3:568:592:0.8033,2,50:2:559:405:69:61;51:7:711:3:568:592,-1,NONE,inf
673,0,2,2:559:405:69:61:0.8566;7:709:275:250:252:0.7316,2,50:2:559:405:69:61;51:7:709:275:250:252,-1,NONE,inf
674,0,2,2:559:405:68:61:0.8731;7:713:275:246:251:0.8504,2,50:2:559:405:68:61;51:7:713:275:246:251,-1,NONE,inf
675,0,2,2:559:405:68:61:0.8758;7:715:276:244:251:0.8945,2,50:2:559:405:68:61;51:7:715:276:244:251,-1,NONE,inf
676,0,2,2:558:404:69:61:0.8714;7:717:276:242:251:0.8794,2,50:2:558:404:69:61;51:7:717:276:242:251,-1,NONE,inf
677,0,2,2:558:404:69:61:0.8704;7:718:275:241:252:0.8416,2,50:2:558:404:69:61;51:7:718:275:241:252,-1,NONE,inf
678,0,2,2:557:404:70:62:0.8599;7:720:275:239:251:0.8692,2,50:2:557:404:70:62;51:7:720:275:239:251,-1,NONE,inf
679,0,2,2:557:404:70:62:0.8552;7:720:275:239:251:0.8380,2,50:2:557:404:70:62;51:7:720:275:239:251,-1,NONE,inf
680,0,2,2:557:404:70:63:0.8534;7:722:275:237:253:0.8606,2,50:2:557:404:70:63;51:7:722:275:237:253,-1,NONE,inf
681,0,2,2:556:405:71:62:0.8518;7:725:274:234:253:0.8532,2,50:2:556:405:71:62;51:7:725:274:234:253,-1,NONE,inf
682,0,2,2:556:405:71:62:0.8462;7:725:274:234:252:0.8897,2,50:2:556:405:71:62;51:7:725:274:234:252,-1,NONE,inf
683,0,2,2:556:405:70:62:0.8460;7:728:275:231:251:0.8703,2,50:2:556:405:70:62;51:7:728:275:231:251,-1,NONE,inf
684,0,2,2:556:405:70:63:0.8532;7:729:275:230:252:0.8791,2,50:2:556:405:70:63;51:7:729:275:230:252,-1,NONE,inf
685,0,2,2:555:405:72:63:0.8568;7:731:275:228:254:0.8724,2,50:2:555:405:72:63;51:7:731:275:228:254,-1,NONE,inf
686,0,2,2:555:405:72:63:0.8564;7:734:275:225:253:0.8769,2,50:2:555:405:72:63;51:7:734:275:225:253,-1,NONE,inf
687,0,2,2:555:404:72:64:0.8417;7:737:275:222:251:0.8822,2,50:2:555:404:72:64;51:7:737:275:222:251,-1,NONE,inf
688,0,2,2:554:404:73:64:0.8361;7:739:275:220:249:0.8866,2,50:2:554:404:73:64;51:7:739:275:220:249,-1,NONE,inf
689,0,2,2:554:404:73:64:0.8348;7:742:275:217:251:0.8629,2,50:2:554:404:73:64;51:7:742:275:217:251,-1,NONE,inf
690,0,2,2:554:404:73:64:0.8329;7:745:275:214:250:0.9014,2,50:2:554:404:73:64;51:7:745:275:214:250,-1,NONE,inf
691,0,2,2:554:404:73:64:0.8338;7:748:275:211:249:0.9057,2,50:2:554:404:73:64;51:7:748:275:211:249,-1,NONE,inf
692,0,2,2:554:404:73:64:0.8359;7:751:276:208:250:0.8980,2,50:2:554:404:73:64;51:7:751:276:208:250,-1,NONE,inf
693,0,2,2:554:404:73:65:0.8379;7:753:275:206:250:0.8948,2,50:2:554:404:73:65;51:7:753:275:206:250,-1,NONE,inf
694,0,2,2:553:403:74:65:0.8409;7:755:275:204:253:0.8954,2,50:2:553:403:74:65;51:7:755:275:204:253,50,SAFE,10.586
695,0,2,2:554:403:74:65:0.8409;7:759:275:200:254:0.9256,2,50:2:554:403:74:65;51:7:759:275:200:254,50,SAFE,9.415
696,0,2,2:554:403:74:65:0.8438;7:763:275:196:255:0.9094,2,50:2:554:403:74:65;51:7:763:275:196:255,50,SAFE,9.909
697,0,2,2:554:403:75:65:0.8441;7:767:276:192:254:0.8885,2,50:2:554:403:75:65;51:7:767:276:192:254,50,SAFE,11.042
698,0,2,2:554:403:75:65:0.8609;7:773:275:186:254:0.8827,2,50:2:554:403:75:65;51:7:773:275:186:254,50,SAFE,13.307
699,0,2,2:554:403:76:65:0.8418;7:776:275:183:253:0.9201,2,50:2:554:403:76:65;51:7:776:275:183:253,50,SAFE,14.624
700,0,2,2:554:403:76:65:0.8450;7:780:275:179:243:0.8968,2,50:2:554:403:76:65;51:7:780:275:179:243,50,SAFE,17.163
701,0,2,2:554:403:76:65:0.8488;7:788:275:171:249:0.9318,2,50:2:554:403:76:65;51:7:788:275:171:249,50,SAFE,22.318
702,0,2,2:554:404:77:65:0.8591;7:790:275:169:250:0.9233,2,50:2:554:404:77:65;51:7:790:275:169:250,50,SAFE,24.104
703,0,2,2:555:404:76:65:0.8691;7:794:274:165:252:0.9278,2,50:2:555:404:76:65;51:7:794:274:165:252,50,SAFE,27.390
704,0,2,2:556:404:76:67:0.8747;7:799:275:160:252:0.9081,2,50:2:556:404:76:67;51:7:799:275:160:252,50,SAFE,19.020
705,0,2,2:556:404:77:67:0.8701;7:807:274:152:254:0.8440,2,50:2:556:404:77:67;51:7:807:274:152:254,50,SAFE,15.688
706,0,2,2:556:405:78:66:0.8701;7:812:274:147:255:0.8914,2,50:2:556:405:78:66;51:7:812:274:147:255,50,SAFE,17.025
707,0,2,2:557:405:78:66:0.8724;7:822:274:137:256:0.8375,2,50:2:557:405:78:66;51:7:822:274:137:256,50,SAFE,19.826
708,0,2,2:557:405:79:68:0.8840;7:827:274:132:256:0.8440,2,50:2:557:405:79:68;51:7:827:274:132:256,50,SAFE,13.425
709,0,2,2:557:405:80:68:0.8791;7:834:0:445:641:0.8760,2,50:2:557:405:80:68;51:7:834:0:445:641,50,SAFE,10.671
710,0,2,2:557:405:81:69:0.8824;7:840:1:439:625:0.8797,2,50:2:557:405:81:69;51:7:840:1:439:625,50,SAFE,8.401
711,0,2,2:558:405:81:70:0.8782;7:849:2:430:611:0.8484,2,50:2:558:405:81:70;51:7:849:2:430:611,50,SAFE,6.722
712,0,2,2:560:405:80:69:0.8592;7:857:4:422:622:0.8491,2,50:2:560:405:80:69;51:7:857:4:422:622,50,SAFE,6.259
713,0,2,2:561:405:79:70:0.8732;7:868:4:411:625:0.9170,2,50:2:561:405:79:70;51:7:868:4:411:625,50,SAFE,5.709
714,0,2,2:562:405:79:69:0.8597;7:877:5:402:628:0.9260,2,50:2:562:405:79:69;51:7:877:5:402:628,50,SAFE,5.819
715,0,2,2:563:405:80:70:0.8608;7:889:4:390:626:0.9163,2,50:2:563:405:80:70;51:7:889:4:390:626,50,SAFE,5.783
716,0,2,2:563:404:81:70:0.8648;7:900:2:379:627:0.8782,2,50:2:563:404:81:70;51:7:900:2:379:627,50,SAFE,6.022
717,0,2,2:564:404:81:71:0.8659;7:915:3:364:633:0.8719,2,50:2:564:404:81:71;51:7:915:3:364:633,50,SAFE,6.177
718,0,2,2:565:404:81:70:0.8817;7:927:2:352:631:0.8760,2,50:2:565:404:81:70;51:7:927:2:352:631,50,SAFE,7.266
719,0,2,2:565:404:82:70:0.8873;7:942:4:337:626:0.8718,2,50:2:565:404:82:70;51:7:942:4:337:626,50,SAFE,7.610
720,0,2,2:567:404:81:70:0.8872;7:959:4:320:628:0.8355,2,50:2:567:404:81:70;51:7:959:4:320:628,50,SAFE,8.299
721,0,2,2:568:404:82:71:0.8908;7:979:4:300:624:0.8400,2,50:2:568:404:82:71;51:7:979:4:300:624,50,SAFE,9.743
722,0,2,2:569:405:82:70:0.8961;7:997:4:282:619:0.7948,2,50:2:569:405:82:70;51:7:997:4:282:619,50,SAFE,15.073
723,0,2,2:571:405:81:71:0.8977;7:1019:3:260:631:0.7051,2,50:2:571:405:81:71;51:7:1019:3:260:631,50,SAFE,16.684
724,0,2,2:572:404:82:72:0.8973;5:1045:4:234:631:0.5940,2,50:2:572:404:82:72;51:5:1045:4:234:631,50,SAFE,16.837
725,0,2,2:572:405:84:71:0.8887;7:1073:1:206:635:0.7810,2,50:2:572:405:84:71;51:7:1073:1:206:635,50,SAFE,18.265
726,0,2,2:574:405:83:72:0.8786;5:1105:3:174:637:0.6002,2,50:2:574:405:83:72;51:5:1105:3:174:637,50,SAFE,14.317
727,0,3,2:443:416:18:11:0.2608;2:575:405:83:71:0.8691;7:1146:8:133:593:0.3842,2,50:2:575:405:83:71;51:7:1146:8:133:593,50,SAFE,16.912
728,0,3,2:444:417:15:10:0.2289;2:576:404:83:73:0.8344;7:1185:57:94:548:0.3064,2,50:2:576:404:83:73;51:7:1185:57:94:548,50,SAFE,12.740
729,0,3,0:1227:35:52:566:0.1199;2:444:417:15:10:0.2968;2:578:404:83:74:0.8435,1,50:2:578:404:83:74,50,SAFE,10.961
730,0,1,2:580:404:83:74:0.8721,1,50:2:580:404:83:74,50,SAFE,9.191
731,0,1,2:580:404:85:73:0.8788,1,50:2:580:404:85:73,50,SAFE,9.071
732,0,1,2:582:404:85:74:0.8727,1,50:2:582:404:85:74,50,SAFE,7.721
733,0,1,2:583:405:85:73:0.9012,1,50:2:583:405:85:73,50,SAFE,8.195
734,0,1,2:585:405:86:74:0.8919,1,50:2:585:405:86:74,50,SAFE,8.316
735,0,1,2:586:405:86:75:0.8998,1,50:2:586:405:86:75,50,SAFE,8.159
736,0,1,2:588:405:87:75:0.8815,1,50:2:588:405:87:75,-1,NONE,inf
737,0,1,2:590:405:87:75:0.8468,1,50:2:590:405:87:75,-1,NONE,inf
738,0,1,2:592:405:87:76:0.8673,1,50:2:592:405:87:76,-1,NONE,inf
739,0,1,2:595:405:86:76:0.8671,1,50:2:595:405:86:76,-1,NONE,inf
740,0,1,2:596:404:88:77:0.8722,1,50:2:596:404:88:77,-1,NONE,inf
741,0,1,2:598:404:88:76:0.8656,1,50:2:598:404:88:76,-1,NONE,inf
742,0,1,2:600:404:89:77:0.8717,1,50:2:600:404:89:77,-1,NONE,inf
743,0,1,2:602:404:90:77:0.8807,1,50:2:602:404:90:77,-1,NONE,inf
744,0,1,2:603:404:91:77:0.8721,1,50:2:603:404:91:77,-1,NONE,inf
745,0,1,2:606:404:90:78:0.7829,1,50:2:606:404:90:78,-1,NONE,inf
746,0,1,2:608:404:91:79:0.7715,1,50:2:608:404:91:79,-1,NONE,inf
747,0,1,2:609:404:94:80:0.7426,1,50:2:609:404:94:80,-1,NONE,inf
748,0,1,2:610:403:95:81:0.7826,1,50:2:610:403:95:81,-1,NONE,inf
749,0,1,2:615:404:93:80:0.8167,1,50:2:615:404:93:80,-1,NONE,inf
750,0,1,2:615:404:96:80:0.8382,1,50:2:615:404:96:80,-1,NONE,inf
751,0,1,2:617:404:97:81:0.7855,1,50:2:617:404:97:81,-1,NONE,inf
752,0,1,2:619:405:98:82:0.6951,1,50:2:619:405:98:82,-1,NONE,inf
753,0,1,2:624:404:95:83:0.6625,1,50:2:624:404:95:83,-1,NONE,inf
754,0,1,2:625:404:98:82:0.7784,1,50:2:625:404:98:82,-1,NONE,inf
755,0,1,2:623:405:103:82:0.8310,1,50:2:623:405:103:82,-1,NONE,inf
756,0,1,2:624:404:104:84:0.7992,1,50:2:624:404:104:84,-1,NONE,inf
757,0,1,2:630:405:102:83:0.6903,1,50:2:630:405:102:83,-1,NONE,inf
758,0,1,2:636:403:98:86:0.7384,1,50:2:636:403:98:86,-1,NONE,inf
759,0,1,2:639:403:99:86:0.7915,1,50:2:639:403:99:86,-1,NONE,inf
760,0,1,2:641:403:99:87:0.7457,1,50:2:641:403:99:87,-1,NONE,inf
761,0,1,2:643:403:99:87:0.7447,1,50:2:643:403:99:87,-1,NONE,inf
762,0,1,2:639:402:108:87:0.7930,1,50:2:639:402:108:87,-1,NONE,inf
763,0,1,2:632:402:118:87:0.6645,1,50:2:632:402:118:87,-1,NONE,inf
764,0,1,2:642:401:111:89:0.7717,1,50:2:642:401:111:89,-1,NONE,inf
765,0,1,2:646:401:109:90:0.8064,1,50:2:646:401:109:90,-1,NONE,inf
766,0,1,2:648:402:110:90:0.8041,1,50:2:648:402:110:90,-1,NONE,inf
767,0,2,2:622:419:17:11:0.2640;2:650:401:111:92:0.7605,1,50:2:650:401:111:92,-1,NONE,inf
768,0,1,2:658:402:106:91:0.5618,1,50:2:658:402:106:91,-1,NONE,inf
769,0,1,2:656:402:111:91:0.5618,1,50:2:656:402:111:91,-1,NONE,inf
770,0,1,2:658:402:113:92:0.6186,1,50:2:658:402:113:92,-1,NONE,inf
771,0,1,2:661:402:113:92:0.6203,1,50:2:661:402:113:92,-1,NONE,inf
772,0,2,2:621:419:16:10:0.2825;2:662:402:115:92:0.7845,1,50:2:662:402:115:92,-1,NONE,inf
773,0,2,2:621:419:15:10:0.3210;2:664:402:117:93:0.8968,1,50:2:664:402:117:93,-1,NONE,inf
774,0,2,2:621:419:13:10:0.2476;2:666:401:118:94:0.8857,1,50:2:666:401:118:94,-1,NONE,inf
775,0,2,2:621:419:13:10:0.2720;2:668:401:119:94:0.8685,1,50:2:668:401:119:94,-1,NONE,inf
776,0,2,2:621:419:13:10:0.2227;2:669:401:121:94:0.8900,1,50:2:669:401:121:94,-1,NONE,inf
777,0,1,2:671:401:123:95:0.9206,1,50:2:671:401:123:95,-1,NONE,inf
778,0,1,2:672:400:125:97:0.9115,1,50:2:672:400:125:97,-1,NONE,inf
779,0,1,2:676:400:124:98:0.9052,1,50:2:676:400:124:98,-1,NONE,inf
780,0,1,2:678:400:126:98:0.9361,1,50:2:678:400:126:98,-1,NONE,inf
781,0,1,2:680:399:128:99:0.8796,1,50:2:680:399:128:99,-1,NONE,inf
782,0,1,2:681:401:131:98:0.8067,1,50:2:681:401:131:98,-1,NONE,inf
783,0,1,2:684:401:130:99:0.7900,1,50:2:684:401:130:99,-1,NONE,inf
784,0,1,2:685:399:134:102:0.7960,1,50:2:685:399:134:102,-1,NONE,inf
785,0,1,2:688:400:133:101:0.9017,1,50:2:688:400:133:101,-1,NONE,inf
786,0,1,2:689:400:135:101:0.9097,1,50:2:689:400:135:101,-1,NONE,inf
787,0,2,2:618:420:14:10:0.2340;2:692:400:136:102:0.9077,1,50:2:692:400:136:102,-1,NONE,inf
788,0,2,2:618:420:14:10:0.2775;2:693:399:139:104:0.9248,1,50:2:693:399:139:104,-1,NONE,inf
789,0,1,2:696:399:140:105:0.9211,1,50:2:696:399:140:105,-1,NONE,inf
790,0,1,2:697:398:142:106:0.9202,1,50:2:697:398:142:106,-1,NONE,inf
791,0,1,2:700:398:144:107:0.9298,1,50:2:700:398:144:107,-1,NONE,inf
792,0,1,2:702:398:147:108:0.9250,1,50:2:702:398:147:108,-1,NONE,inf
793,0,1,2:704:398:149:109:0.9310,1,50:2:704:398:149:109,-1,NONE,inf
794,0,1,2:705:398:152:111:0.9210,1,50:2:705:398:152:111,-1,NONE,inf
795,0,1,2:708:398:152:110:0.9259,1,50:2:708:398:152:110,-1,NONE,inf
796,0,1,2:709:398:156:111:0.9315,1,50:2:709:398:156:111,-1,NONE,inf
797,0,1,2:711:398:158:112:0.9350,1,50:2:711:398:158:112,-1,NONE,inf
798,0,1,2:714:398:161:113:0.9391,1,50:2:714:398:161:113,-1,NONE,inf
799,0,1,2:716:398:163:114:0.9434,1,50:2:716:398:163:114,-1,NONE,inf
800,0,1,2:717:398:167:115:0.9423,1,50:2:717:398:167:115,-1,NONE,inf
801,0,1,2:720:398:169:115:0.9398,1,50:2:720:398:169:115,-1,NONE,inf
802,0,1,2:722:397:171:117:0.9392,1,50:2:722:397:171:117,-1,NONE,inf
803,0,1,2:724:397:175:119:0.9377,1,50:2:724:397:175:119,-1,NONE,inf
804,0,1,2:727:397:176:119:0.9378,1,50:2:727:397:176:119,-1,NONE,inf
805,0,1,2:729:396:179:122:0.9366,1,50:2:729:396:179:122,-1,NONE,inf
806,0,1,2:731:396:184:122:0.9366,1,50:2:731:396:184:122,-1,NONE,inf
807,0,1,2:733:395:187:126:0.9420,1,50:2:733:395:187:126,-1,NONE,inf
808,0,1,2:736:396:189:125:0.9377,1,50:2:736:396:189:125,-1,NONE,inf
809,0,1,2:738:395:194:127:0.9389,1,50:2:738:395:194:127,-1,NONE,inf
810,0,1,2:741:395:196:128:0.9384,1,50:2:741:395:196:128,-1,NONE,inf
811,0,1,2:743:394:201:130:0.9374,1,50:2:743:394:201:130,-1,NONE,inf
812,0,1,2:747:394:203:131:0.9437,1,50:2:747:394:203:131,-1,NONE,inf
813,0,1,2:749:394:208:132:0.9455,1,50:2:749:394:208:132,-1,NONE,inf
814,0,1,2:751:394:208:133:0.9510,1,50:2:751:394:208:133,-1,NONE,inf
815,0,1,2:755:394:204:132:0.9378,1,50:2:755:394:204:132,-1,NONE,inf
816,0,1,2:757:393:202:133:0.9395,1,50:2:757:393:202:133,-1,NONE,inf
817,0,1,2:759:392:200:135:0.9388,1,50:2:759:392:200:135,-1,NONE,inf
818,0,1,2:762:391:197:137:0.9474,1,50:2:762:391:197:137,-1,NONE,inf
819,0,1,2:766:391:193:137:0.9403,1,50:2:766:391:193:137,-1,NONE,inf
820,0,1,2:768:391:191:138:0.9477,1,50:2:768:391:191:138,-1,NONE,inf
821,0,1,2:771:390:188:139:0.9438,1,50:2:771:390:188:139,-1,NONE,inf
822,0,1,2:775:389:184:141:0.9456,1,50:2:775:389:184:141,-1,NONE,inf
823,0,1,2:778:390:181:140:0.9497,1,50:2:778:390:181:140,-1,NONE,inf
824,0,1,2:782:389:177:141:0.9534,1,50:2:782:389:177:141,-1,NONE,inf
825,0,1,2:785:389:174:141:0.9486,1,50:2:785:389:174:141,-1,NONE,inf
826,0,1,2:789:388:170:142:0.9424,1,50:2:789:388:170:142,-1,NONE,inf
827,0,1,2:792:388:167:143:0.9378,1,50:2:792:388:167:143,-1,NONE,inf
828,0,1,2:796:387:163:143:0.9318,1,50:2:796:387:163:143,-1,NONE,inf
829,0,1,2:800:387:159:143:0.9357,1,50:2:800:387:159:143,-1,NONE,inf
830,0,1,2:803:386:156:145:0.9302,1,50:2:803:386:156:145,-1,NONE,inf
831,0,1,2:808:386:151:144:0.9382,1,50:2:808:386:151:144,-1,NONE,inf
832,0,1,2:813:386:146:144:0.9365,1,50:2:813:386:146:144,-1,NONE,inf
833,0,1,2:817:384:142:147:0.9275,1,50:2:817:384:142:147,-1,NONE,inf
834,0,1,2:821:384:138:147:0.9241,1,50:2:821:384:138:147,-1,NONE,inf
835,0,1,2:825:384:134:147:0.9129,1,50:2:825:384:134:147,-1,NONE,inf
836,0,1,2:830:384:129:147:0.9120,1,50:2:830:384:129:147,-1,NONE,inf
837,0,1,2:835:384:124:146:0.9015,1,50:2:835:384:124:146,-1,NONE,inf
838,0,1,2:840:382:119:148:0.8895,1,50:2:840:382:119:148,-1,NONE,inf
839,0,1,2:844:382:115:148:0.9074,1,50:2:844:382:115:148,-1,NONE,inf
840,0,1,2:850:383:109:147:0.8910,1,50:2:850:383:109:147,-1,NONE,inf
841,0,1,2:855:385:104:145:0.8847,1,50:2:855:385:104:145,-1,NONE,inf
842,0,1,2:860:385:99:145:0.8807,1,50:2:860:385:99:145,-1,NONE,inf
843,0,1,2:866:390:93:141:0.8749,1,50:2:866:390:93:141,-1,NONE,inf
844,0,1,2:872:393:87:137:0.8448,1,50:2:872:393:87:137,-1,NONE,inf
845,0,1,2:877:376:402:215:0.8779,1,50:2:877:376:402:215,-1,NONE,inf
846,0,1,2:882:401:77:129:0.8051,1,50:2:882:401:77:129,-1,NONE,inf
847,0,1,2:889:406:70:124:0.8490,1,50:2:889:406:70:124,-1,NONE,inf
848,0,1,2:895:372:384:224:0.8694,0,,-1,NONE,inf
849,0,1,2:901:370:378:227:0.8817,0,,-1,NONE,inf
850,0,1,2:907:369:372:232:0.8806,1,54:2:907:369:372:232,-1,NONE,inf
851,0,1,2:915:367:364:233:0.8520,1,54:2:915:367:364:233,-1,NONE,inf
852,0,1,2:922:367:357:237:0.8557,1,54:2:922:367:357:237,-1,NONE,inf
853,0,1,2:931:365:348:244:0.8733,1,54:2:931:365:348:244,-1,NONE,inf
854,0,1,2:938:365:341:234:0.8058,1,54:2:938:365:341:234,-1,NONE,inf
855,0,1,2:944:362:335:243:0.7471,1,54:2:944:362:335:243,-1,NONE,inf
856,0,1,2:953:361:326:251:0.7892,1,54:2:953:361:326:251,-1,NONE,inf
857,0,1,2:961:361:318:234:0.5894,1,54:2:961:361:318:234,-1,NONE,inf
858,0,1,2:970:361:309:240:0.6874,1,54:2:970:361:309:240,-1,NONE,inf
859,0,1,2:980:360:299:232:0.8269,1,54:2:980:360:299:232,-1,NONE,inf
860,0,1,2:990:358:289:236:0.7662,1,54:2:990:358:289:236,-1,NONE,inf
861,0,1,2:1000:356:279:239:0.8460,1,54:2:1000:356:279:239,-1,NONE,inf
862,0,1,2:1011:356:268:245:0.7457,1,54:2:1011:356:268:245,-1,NONE,inf
863,0,1,2:1021:360:258:239:0.7045,1,54:2:1021:360:258:239,-1,NONE,inf
864,0,1,2:1033:363:246:265:0.8441,1,54:2:1033:363:246:265,-1,NONE,inf
865,0,1,2:1046:367:233:259:0.8535,1,54:2:1046:367:233:259,-1,NONE,inf
866,0,1,2:1060:372:219:244:0.8475,1,54:2:1060:372:219:244,-1,NONE,inf
867,0,1,2:1076:384:203:213:0.7751,1,54:2:1076:384:203:213,-1,NONE,inf
868,0,1,2:1091:397:188:199:0.7930,1,54:2:1091:397:188:199,-1,NONE,inf
869,0,1,2:1107:410:172:188:0.7215,1,54:2:1107:410:172:188,-1,NONE,inf
870,0,1,2:1123:423:156:175:0.5936,1,54:2:1123:423:156:175,-1,NONE,inf
871,0,1,2:1142:440:137:189:0.4606,1,54:2:1142:440:137:189,-1,NONE,inf
872,0,1,2:1162:458:117:138:0.5564,1,54:2:1162:458:117:138,-1,NONE,inf
873,0,1,2:1185:473:94:127:0.6503,1,54:2:1185:473:94:127,-1,NONE,inf
874,0,0,,0,,-1,NONE,inf
875,0,1,0:1232:498:47:133:0.1493,0,,-1,NONE,inf
876,0,0,,0,,-1,NONE,inf
877,0,0,,0,,-1,NONE,inf
878,0,0,,0,,-1,NONE,inf
879,0,0,,0,,-1,NONE,inf
880,0,0,,0,,-1,NONE,inf
881,0,0,,0,,-1,NONE,inf
882,0,0,,0,,-1,NONE,inf
883,0,0,,0,,-1,NONE,inf
884,0,0,,0,,-1,NONE,inf
885,0,0,,0,,-1,NONE,inf
886,0,0,,0,,-1,NONE,inf
887,0,0,,0,,-1,NONE,inf
888,0,0,,0,,-1,NONE,inf
889,0,0,,0,,-1,NONE,inf
890,0,0,,0,,-1,NONE,inf
891,0,0,,0,,-1,NONE,inf
892,0,0,,0,,-1,NONE,inf
893,0,0,,0,,-1,NONE,inf
894,0,0,,0,,-1,NONE,inf
895,0,0,,0,,-1,NONE,inf
896,0,0,,0,,-1,NONE,inf
897,0,0,,0,,-1,NONE,inf
898,0,0,,0,,-1,NONE,inf
899,0,0,,0,,-1,NONE,inf
900,0,0,,0,,-1,NONE,inf
901,0,0,,0,,-1,NONE,inf
902,0,0,,0,,-1,NONE,inf
903,0,0,,0,,-1,NONE,inf
904,0,0,,0,,-1,NONE,inf
905,0,0,,0,,-1,NONE,inf
906,0,0,,0,,-1,NONE,inf
907,0,0,,0,,-1,NONE,inf
908,0,0,,0,,-1,NONE,inf
909,0,0,,0,,-1,NONE,inf
910,0,0,,0,,-1,NONE,inf
911,0,0,,0,,-1,NONE,inf
912,0,0,,0,,-1,NONE,inf
913,0,0,,0,,-1,NONE,inf
914,0,0,,0,,-1,NONE,inf
915,0,0,,0,,-1,NONE,inf
916,0,0,,0,,-1,NONE,inf
917,0,0,,0,,-1,NONE,inf
918,0,0,,0,,-1,NONE,inf
919,0,0,,0,,-1,NONE,inf
920,0,0,,0,,-1,NONE,inf
921,0,0,,0,,-1,NONE,inf
922,0,0,,0,,-1,NONE,inf
923,0,0,,0,,-1,NONE,inf
924,0,0,,0,,-1,NONE,inf
925,0,0,,0,,-1,NONE,inf
926,0,0,,0,,-1,NONE,inf
927,0,0,,0,,-1,NONE,inf
928,0,0,,0,,-1,NONE,inf
929,0,0,,0,,-1,NONE,inf
930,0,0,,0,,-1,NONE,inf
931,0,0,,0,,-1,NONE,inf
932,0,0,,0,,-1,NONE,inf
933,0,0,,0,,-1,NONE,inf
934,0,0,,0,,-1,NONE,inf
935,0,0,,0,,-1,NONE,inf
936,0,0,,0,,-1,NONE,inf
937,0,0,,0,,-1,NONE,inf
938,0,0,,0,,-1,NONE,inf
939,0,0,,0,,-1,NONE,inf
940,0,0,,0,,-1,NONE,inf
941,0,0,,0,,-1,NONE,inf
942,0,0,,0,,-1,NONE,inf
943,0,0,,0,,-1,NONE,inf
944,0,0,,0,,-1,NONE,inf
945,0,1,7:852:324:74:77:0.3334,0,,-1,NONE,inf
946,0,0,,0,,-1,NONE,inf
947,0,0,,0,,-1,NONE,inf
948,0,0,,0,,-1,NONE,inf
949,0,0,,0,,-1,NONE,inf
950,0,0,,0,,-1,NONE,inf
951,0,0,,0,,-1,NONE,inf
952,0,0,,0,,-1,NONE,inf
953,0,0,,0,,-1,NONE,inf
954,0,0,,0,,-1,NONE,inf
955,0,0,,0,,-1,NONE,inf
956,0,0,,0,,-1,NONE,inf
957,0,0,,0,,-1,NONE,inf
958,0,0,,0,,-1,NONE,inf
959,0,0,,0,,-1,NONE,inf
960,0,0,,0,,-1,NONE,inf
961,0,0,,0,,-1,NONE,inf
962,0,0,,0,,-1,NONE,inf
963,0,1,7:1034:248:147:146:0.1738,0,,-1,NONE,inf
964,0,0,,0,,-1,NONE,inf
965,0,1,7:1073:230:167:190:0.1972,0,,-1,NONE,inf
966,0,1,7:1094:224:179:196:0.2467,0,,-1,NONE,inf
967,0,0,,0,,-1,NONE,inf
968,0,1,7:1144:203:135:261:0.1030,0,,-1,NONE,inf
969,0,1,7:1172:195:107:276:0.3875,0,,-1,NONE,inf
970,0,1,7:1203:186:76:291:0.4372,0,,-1,NONE,inf
971,0,0,,0,,-1,NONE,inf
972,0,0,,0,,-1,NONE,inf
973,0,0,,0,,-1,NONE,inf
974,0,0,,0,,-1,NONE,inf
975,0,1,2:607:418:11:10:0.2389,0,,-1,NONE,inf
976,0,0,,0,,-1,NONE,inf
977,0,0,,0,,-1,NONE,inf
978,0,0,,0,,-1,NONE,inf
979,0,0,,0,,-1,NONE,inf
980,0,0,,0,,-1,NONE,inf
981,0,0,,0,,-1,NONE,inf
982,0,0,,0,,-1,NONE,inf
983,0,0,,0,,-1,NONE,inf
984,0,0,,0,,-1,NONE,inf
985,0,0,,0,,-1,NONE,inf
986,0,0,,0,,-1,NONE,inf
987,0,0,,0,,-1,NONE,inf
988,0,0,,0,,-1,NONE,inf
989,0,0,,0,,-1,NONE,inf
990,0,0,,0,,-1,NONE,inf
991,0,0,,0,,-1,NONE,inf
992,0,0,,0,,-1,NONE,inf
993,0,0,,0,,-1,NONE,inf
994,0,0,,0,,-1,NONE,inf
995,0,0,,0,,-1,NONE,inf
996,0,0,,0,,-1,NONE,inf
997,0,0,,0,,-1,NONE,inf
998,0,0,,0,,-1,NONE,inf
999,0,0,,0,,-1,NONE,inf
1000,0,0,,0,,-1,NONE,inf
1001,0,0,,0,,-1,NONE,inf
1002,0,0,,0,,-1,NONE,inf
1003,0,0,,0,,-1,NONE,inf
1004,0,0,,0,,-1,NONE,inf
1005,0,0,,0,,-1,NONE,inf
1006,0,0,,0,,-1,NONE,inf
1007,0,0,,0,,-1,NONE,inf
1008,0,0,,0,,-1,NONE,inf
1009,0,0,,0,,-1,NONE,inf
1010,0,0,,0,,-1,NONE,inf
1011,1,4,7:363:393:99:72:0.6133;7:527:383:99:81:0.5269;7:740:389:72:47:0.1265;7:793:428:223:62:0.3747,0,,-1,NONE,inf
1012,0,4,7:364:393:99:73:0.5538;7:527:382:102:83:0.8865;7:776:358:116:79:0.2217;7:786:427:241:62:0.2459,0,,-1,NONE,inf
1013,0,4,5:911:372:189:108:0.1177;7:365:392:100:74:0.6277;7:529:381:101:83:0.8441;7:804:426:235:63:0.3679,2,55:7:365:392:100:74;56:7:529:381:101:83,-1,NONE,inf
1014,0,4,5:913:371:196:112:0.1137;7:365:391:101:75:0.6040;7:530:380:104:85:0.8949;7:817:427:232:63:0.2144,2,55:7:365:391:101:75;56:7:530:380:104:85,-1,NONE,inf
1015,0,5,5:917:366:267:119:0.3783;7:365:391:102:74:0.4577;7:533:379:103:85:0.7201;7:708:383:117:55:0.3096;7:822:425:242:65:0.1235,3,55:7:365:391:102:74;56:7:533:379:103:85;57:5:917:366:267:119,-1,NONE,inf
1016,0,5,5:938:362:262:115:0.5546;7:365:391:103:74:0.5804;7:534:379:104:84:0.4184;7:717:382:102:54:0.1842;7:808:426:272:66:0.1229,3,55:7:365:391:103:74;56:7:534:379:104:84;57:5:938:362:262:115,-1,NONE,inf
1017,0,5,5:939:359:273:121:0.4365;7:366:390:102:75:0.4467;7:537:378:104:84:0.6133;7:757:381:70:51:0.1713;7:807:423:289:71:0.2288,3,55:7:366:390:102:75;56:7:537:378:104:84;57:5:939:359:273:121,-1,NONE,inf
1018,0,5,5:956:354:275:133:0.5129;7:367:390:104:75:0.5391;7:538:377:106:86:0.6869;7:763:380:69:52:0.2400;7:799:397:160:96:0.5029,3,55:7:367:390:104:75;56:7:538:377:106:86;57:5:956:354:275:133,-1,NONE,inf
1019,0,6,5:956:354:297:135:0.1442;7:368:389:104:77:0.5950;7:539:376:107:87:0.8120;7:719:379:117:81:0.2802;7:787:330:172:162:0.3363;7:813:421:311:73:0.1089,4,55:7:368:389:104:77;56:7:539:376:107:87;57:5:956:354:297:135;58:7:787:330:172:162,-1,NONE,inf
1020,0,5,5:369:389:105:77:0.5348;5:965:351:313:139:0.2361;7:541:375:108:89:0.8753;7:770:378:71:54:0.1772;7:798:395:161:98:0.4582,4,55:5:369:389:105:77;56:7:541:375:108:89;57:5:965:351:313:139;58:7:798:395:161:98,-1,NONE,inf
1021,0,5,5:976:350:303:144:0.2786;7:374:389:103:77:0.2914;7:545:373:108:90:0.3220;7:776:377:74:57:0.2205;7:865:420:305:77:0.1053,4,55:7:374:389:103:77;56:7:545:373:108:90;57:5:976:350:303:144;58:7:865:420:305:77,-1,NONE,inf
1022,0,4,7:376:390:103:77:0.3815;7:548:373:110:91:0.7162;7:779:376:79:58:0.2147;7:838:350:441:148:0.3434,3,55:7:376:390:103:77;56:7:548:373:110:91;57:7:838:350:441:148,-1,NONE,inf
1023,0,5,7:378:388:105:78:0.4330;7:552:372:109:90:0.7777;7:784:375:80:56:0.2582;7:805:334:154:159:0.3650;7:895:346:384:152:0.3550,4,55:7:378:388:105:78;56:7:552:372:109:90;57:7:895:346:384:152;58:7:805:334:154:159,-1,NONE,inf
1024,0,4,7:381:386:105:81:0.4781;7:555:371:111:92:0.6346;7:791:373:75:59:0.1388;7:854:392:105:103:0.3410,3,55:7:381:386:105:81;56:7:555:371:111:92;58:7:854:392:105:103,-1,NONE,inf
1025,0,4,7:382:385:107:82:0.4635;7:558:370:113:94:0.7023;7:664:374:210:88:0.3436;7:819:327:140:163:0.3797,4,55:7:382:385:107:82;56:7:558:370:113:94;57:7:664:374:210:88;58:7:819:327:140:163,-1,NONE,inf
1026,0,4,5:386:385:106:82:0.4800;7:562:368:114:95:0.8383;7:671:375:208:86:0.4575;7:915:356:364:149:0.1825,3,55:5:386:385:106:82;56:7:562:368:114:95;58:7:671:375:208:86,-1,NONE,inf
1027,0,4,5:389:384:107:83:0.4469;7:567:367:113:96:0.8031;7:809:372:76:60:0.1017;7:887:386:392:121:0.3720,3,55:5:389:384:107:83;56:7:567:367:113:96;58:7:887:386:392:121,-1,NONE,inf
1028,0,4,5:393:385:106:82:0.4554;7:570:366:115:97:0.7585;7:766:368:131:89:0.5337;7:900:331:379:178:0.3525,3,55:5:393:385:106:82;56:7:570:366:115:97;58:7:900:331:379:178,-1,NONE,inf
1029,0,4,5:396:384:107:84:0.4430;7:573:365:119:99:0.8697;7:814:369:89:72:0.1866;7:925:440:34:47:0.2701,2,55:5:396:384:107:84;56:7:573:365:119:99,-1,NONE,inf
1030,0,4,7:399:383:107:85:0.4681;7:577:364:119:100:0.8466;7:687:367:224:93:0.6422;7:915:328:364:187:0.1454,2,55:7:399:383:107:85;56:7:577:364:119:100,-1,NONE,inf
1031,0,4,7:403:382:107:87:0.5873;7:583:363:119:101:0.8514;7:833:365:84:80:0.1810;7:910:306:369:209:0.4476,3,55:7:403:382:107:87;56:7:583:363:119:101;59:7:910:306:369:209,-1,NONE,inf
1032,0,4,7:407:382:107:87:0.5116;7:587:362:121:102:0.8522;7:842:364:83:90:0.1083;7:919:309:360:208:0.3284,3,55:7:407:382:107:87;56:7:587:362:121:102;59:7:919:309:360:208,-1,NONE,inf
1033,0,4,7:410:382:107:88:0.4998;7:591:361:124:104:0.8712;7:849:364:83:85:0.1230;7:909:299:370:216:0.5121,3,55:7:410:382:107:88;56:7:591:361:124:104;59:7:909:299:370:216,-1,NONE,inf
1034,0,4,5:415:381:106:90:0.5876;7:598:361:123:103:0.7832;7:713:364:233:97:0.5378;7:941:312:338:207:0.2150,3,55:5:415:381:106:90;56:7:598:361:123:103;59:7:941:312:338:207,-1,NONE,inf
1035,0,4,7:417:381:110:90:0.5737;7:601:360:126:105:0.8236;7:861:363:95:90:0.2581;7:1012:439:99:64:0.1900,3,55:7:417:381:110:90;56:7:601:360:126:105;59:7:1012:439:99:64,-1,NONE,inf
1036,0,4,7:421:380:109:91:0.4550;7:607:359:128:106:0.8439;7:870:361:92:93:0.2709;7:960:294:319:224:0.1974,3,55:7:421:380:109:91;56:7:607:359:128:106;60:7:870:361:92:93,-1,NONE,inf
1037,0,3,7:425:379:111:91:0.5455;7:613:358:129:107:0.8426;7:878:361:97:92:0.2724,3,55:7:425:379:111:91;56:7:613:358:129:107;60:7:878:361:97:92,-1,NONE,inf
1038,0,4,7:430:378:109:92:0.3499;7:617:356:132:111:0.8654;7:737:377:116:86:0.1330;7:1089:440:91:46:0.1420,2,55:7:430:378:109:92;56:7:617:356:132:111,-1,NONE,inf
1039,0,4,7:433:378:112:92:0.6010;7:623:355:134:113:0.8473;7:749:358:239:105:0.3812;7:1113:440:98:49:0.1539,3,55:7:433:378:112:92;56:7:623:355:134:113;60:7:749:358:239:105,-1,NONE,inf
1040,0,3,7:440:378:111:93:0.3583;7:628:356:137:112:0.7108;7:901:359:104:92:0.1870,3,55:7:440:378:111:93;56:7:628:356:137:112;60:7:901:359:104:92,-1,NONE,inf
1041,0,3,7:443:377:113:94:0.4309;7:634:353:140:114:0.7242;7:768:359:247:105:0.4929,3,55:7:443:377:113:94;56:7:634:353:140:114;60:7:768:359:247:105,-1,NONE,inf
1042,0,3,7:448:378:115:93:0.6707;7:640:353:141:116:0.7273;7:775:358:255:107:0.2846,3,55:7:448:378:115:93;56:7:640:353:141:116;60:7:775:358:255:107,-1,NONE,inf
1043,0,3,7:454:375:115:96:0.4704;7:646:351:145:118:0.8588;7:928:356:113:99:0.2084,3,55:7:454:375:115:96;56:7:646:351:145:118;60:7:928:356:113:99,-1,NONE,inf
1044,0,3,5:457:373:115:98:0.2570;7:653:350:147:120:0.7171;7:773:356:280:110:0.4002,3,55:5:457:373:115:98;56:7:653:350:147:120;60:7:773:356:280:110,-1,NONE,inf
1045,0,5,0:1151:402:34:83:0.3725;2:351:441:17:11:0.3090;7:464:373:115:100:0.4401;7:660:348:149:122:0.7897;7:802:355:263:111:0.4781,3,55:7:464:373:115:100;56:7:660:348:149:122;60:7:802:355:263:111,55,SAFE,inf
1046,0,4,0:1165:369:42:118:0.2882;2:492:430:90:44:0.3697;7:665:347:154:125:0.7741;7:805:352:275:118:0.4739,3,55:2:492:430:90:44;56:7:665:347:154:125;60:7:805:352:275:118,55,SAFE,inf
1047,0,4,0:1201:394:32:94:0.1809;7:474:373:117:98:0.3944;7:674:345:154:127:0.8139;7:810:354:286:113:0.6111,3,55:7:474:373:117:98;56:7:674:345:154:127;60:7:810:354:286:113,55,SAFE,inf
1048,0,4,7:478:372:119:100:0.4248;7:678:343:163:129:0.8219;7:832:352:277:116:0.6150;7:1107:384:172:65:0.2086,3,55:7:478:372:119:100;56:7:678:343:163:129;60:7:832:352:277:116,55,SAFE,inf
1049,0,4,7:482:368:124:107:0.5753;7:686:343:162:128:0.8226;7:829:347:297:124:0.5598;7:1120:391:99:59:0.1776,3,55:7:482:368:124:107;56:7:686:343:162:128;60:7:829:347:297:124,55,SAFE,7.684
1050,0,5,0:1267:366:12:47:0.1340;7:489:370:120:103:0.5530;7:695:341:166:132:0.8137;7:840:345:300:125:0.5346;7:1137:391:97:59:0.2687,3,55:7:489:370:120:103;56:7:695:341:166:132;60:7:840:345:300:125,55,SAFE,2.655
1051,0,4,7:494:369:126:105:0.6235;7:700:340:172:132:0.8603;7:1069:350:89:111:0.1329;7:1151:374:126:77:0.1127,3,55:7:494:369:126:105;56:7:700:340:172:132;60:7:1069:350:89:111,55,SAFE,1.949
1052,0,6,7:499:369:125:106:0.5518;7:507:398:213:75:0.1652;7:708:338:175:136:0.8699;7:854:370:194:103:0.1295;7:1069:346:107:115:0.1182;7:1169:390:99:60:0.2078,3,55:7:499:369:125:106;56:7:708:338:175:136;60:7:1169:390:99:60,55,DANGER,1.733
1053,0,4,7:506:367:124:107:0.5610;7:716:336:179:138:0.8534;7:881:370:182:103:0.1913;7:1188:392:91:61:0.1516,3,55:7:506:367:124:107;56:7:716:336:179:138;60:7:1188:392:91:61,-1,NONE,inf
1054,0,5,2:401:439:13:12:0.2384;5:510:365:128:110:0.5068;7:515:397:216:78:0.1010;7:724:335:182:140:0.8913;7:883:370:197:103:0.1106,2,55:5:510:365:128:110;56:7:724:335:182:140,55,SAFE,1.599
1055,0,4,2:1226:399:53:57:0.1440;7:515:365:130:112:0.6653;7:730:333:229:146:0.9391;7:901:370:190:104:0.1839,2,55:7:515:365:130:112;56:7:730:333:229:146,-1,NONE,inf
1056,0,3,7:520:363:131:113:0.5996;7:738:331:214:147:0.9107;7:917:337:330:140:0.5983,2,55:7:520:363:131:113;56:7:738:331:214:147,55,SAFE,1.572
1057,0,4,7:526:364:131:114:0.4806;7:745:329:214:151:0.9550;7:929:372:195:106:0.1819;7:1116:339:157:127:0.3772,2,55:7:526:364:131:114;56:7:745:329:214:151,55,DANGER,1.405
1058,0,3,7:532:367:133:112:0.4928;7:755:328:204:154:0.9540;7:1128:337:151:129:0.1569,2,55:7:532:367:133:112;56:7:755:328:204:154,55,SAFE,inf
1059,0,5,2:428:439:12:11:0.2225;2:925:432:143:48:0.1515;7:538:363:132:116:0.6257;7:761:326:198:157:0.9575;7:1209:391:70:79:0.1691,2,55:7:538:363:132:116;56:7:761:326:198:157,55,SAFE,inf
1060,0,3,7:540:360:135:120:0.6994;7:767:324:192:161:0.9321;7:1073:366:206:112:0.1055,2,55:7:540:360:135:120;56:7:767:324:192:161,55,SAFE,inf
1061,0,3,2:437:439:14:10:0.2932;7:544:360:139:121:0.6128;7:775:322:184:165:0.9455,2,55:7:544:360:139:121;56:7:775:322:184:165,55,SAFE,inf
1062,0,5,0:1111:401:38:86:0.1208;2:441:438:15:12:0.2102;7:550:357:140:124:0.7187;7:783:321:176:165:0.9292;7:972:363:307:126:0.1998,2,55:7:550:357:140:124;56:7:783:321:176:165,55,SAFE,inf
1063,0,4,2:320:417:43:44:0.2037;7:553:355:143:129:0.7633;7:791:319:168:169:0.9501;7:986:370:293:119:0.2624,2,55:7:553:355:143:129;56:7:791:319:168:169,55,SAFE,inf
1064,0,4,2:449:438:16:11:0.2667;7:559:356:143:128:0.6867;7:800:319:159:169:0.9070;7:1021:306:258:184:0.1776,2,55:7:559:356:143:128;56:7:800:319:159:169,55,SAFE,inf
1065,0,3,7:563:352:146:132:0.5777;7:806:316:153:174:0.8761;7:1137:377:123:111:0.1317,2,55:7:563:352:146:132;56:7:806:316:153:174,-1,NONE,inf
1066,0,3,7:569:353:146:131:0.5603;7:819:313:259:177:0.8610;7:1061:375:217:116:0.1238,2,55:7:569:353:146:131;56:7:819:313:259:177,-1,NONE,inf
1067,0,5,0:636:353:86:87:0.1414;0:1207:411:29:76:0.1142;7:571:350:152:135:0.7335;7:822:310:137:183:0.8829;7:1171:377:108:114:0.1379,2,55:7:571:350:152:135;56:7:822:310:137:183,-1,NONE,inf
1068,0,4,2:465:437:14:10:0.2399;7:576:350:155:137:0.7898;7:830:311:129:184:0.7303;7:1182:376:97:131:0.1179,2,55:7:576:350:155:137;56:7:830:311:129:184,-1,NONE,inf
1069,0,5,2:320:406:61:63:0.2925;2:469:438:13:10:0.2808;7:581:348:157:139:0.8266;7:839:311:120:186:0.8434;7:1199:376:80:126:0.2113,2,55:7:581:348:157:139;56:7:839:311:120:186,-1,NONE,inf
1070,0,5,2:320:404:62:62:0.3957;2:474:437:14:12:0.3407;7:585:347:161:141:0.8377;7:848:315:111:185:0.7069;7:1215:374:64:130:0.1206,2,55:7:585:347:161:141;56:7:848:315:111:185,-1,NONE,inf
1071,0,3,2:320:402:65:62:0.5435;7:588:346:166:143:0.8841;7:855:318:104:174:0.7160,2,55:7:588:346:166:143;56:7:855:318:104:174,-1,NONE,inf
1072,0,4,2:320:402:65:62:0.4255;2:481:437:15:11:0.3563;7:594:345:168:146:0.8724;7:867:319:92:171:0.5372,3,55:7:594:345:168:146;56:7:867:319:92:171;61:2:320:402:65:62,-1,NONE,inf
1073,0,4,2:320:402:65:64:0.2333;2:485:436:13:11:0.2014;7:599:342:171:150:0.8554;7:880:294:397:216:0.7665,3,55:7:599:342:171:150;56:7:880:294:397:216;61:2:320:402:65:64,-1,NONE,inf
1074,0,3,2:489:436:15:12:0.3605;7:602:341:178:152:0.8472;7:889:291:389:221:0.8195,2,55:7:602:341:178:152;56:7:889:291:389:221,-1,NONE,inf
1075,0,3,2:493:436:14:11:0.2788;7:606:338:183:156:0.8960;7:896:287:383:227:0.8783,3,55:7:606:338:183:156;56:7:896:287:383:227;62:2:493:436:14:11,-1,NONE,inf
1076,0,4,2:496:435:17:12:0.3065;7:612:336:186:158:0.8679;7:809:401:52:48:0.2208;7:905:282:374:236:0.8975,3,55:7:612:336:186:158;56:7:905:282:374:236;62:2:496:435:17:12,-1,NONE,inf
1077,0,4,2:500:437:14:10:0.4602;7:615:335:193:160:0.9150;7:815:401:51:65:0.2067;7:912:279:367:240:0.8810,3,55:7:615:335:193:160;56:7:912:279:367:240;62:2:500:437:14:10,-1,NONE,inf
1078,0,4,7:617:333:199:163:0.9358;7:823:400:49:62:0.1755;7:874:336:85:149:0.4233;7:922:274:357:249:0.8443,2,55:7:617:333:199:163;56:7:922:274:357:249,-1,NONE,inf
1079,0,5,7:623:331:205:166:0.9319;7:823:401:61:66:0.3796;7:881:391:50:81:0.3866;7:929:337:30:151:0.3800;7:935:270:344:255:0.8671,2,55:7:623:331:205:166;56:7:935:270:344:255,-1,NONE,inf
1080,0,5,2:510:436:13:10:0.2426;7:628:329:208:170:0.9531;7:831:402:59:67:0.3546;7:888:389:71:91:0.2599;7:940:264:339:262:0.7717,2,55:7:628:329:208:170;56:7:940:264:339:262,-1,NONE,inf
1081,0,4,2:513:436:15:10:0.2777;7:630:327:212:174:0.9202;7:840:402:54:67:0.4006;7:958:260:321:272:0.8413,4,55:7:630:327:212:174;56:7:958:260:321:272;62:2:513:436:15:10;63:7:840:402:54:67,-1,NONE,inf
1082,0,5,2:516:436:14:10:0.4495;7:631:324:223:176:0.9298;7:848:401:50:67:0.1107;7:900:390:59:84:0.5071;7:959:256:320:279:0.8414,4,55:7:631:324:223:176;56:7:959:256:320:279;62:2:516:436:14:10;63:7:900:390:59:84,-1,NONE,inf
1083,0,6,0:44:312:22:26:0.1198;0:982:447:25:49:0.1379;7:636:322:228:182:0.9376;7:852:402:51:62:0.2265;7:907:391:52:85:0.3339;7:962:246:317:293:0.7013,3,55:7:636:322:228:182;56:7:962:246:317:293;63:7:907:391:52:85,-1,NONE,inf
1084,0,5,2:522:436:14:10:0.3854;7:639:318:239:187:0.9404;7:862:402:50:69:0.1218;7:913:392:46:85:0.4863;7:984:248:295:294:0.7959,4,55:7:639:318:239:187;56:7:984:248:295:294;62:2:522:436:14:10;63:7:913:392:46:85,-1,NONE,inf
1085,0,4,2:524:436:14:10:0.4730;7:642:316:244:191:0.9400;7:921:388:79:89:0.3791;7:990:250:289:298:0.7910,4,55:7:642:316:244:191;56:7:990:250:289:298;62:2:524:436:14:10;63:7:921:388:79:89,-1,NONE,inf
1086,0,2,7:646:314:249:197:0.9312;7:930:252:349:296:0.4675,2,55:7:646:314:249:197;56:7:930:252:349:296,-1,NONE,inf
1087,0,5,0:1028:452:29:46:0.1453;2:530:435:14:11:0.2318;7:651:311:257:201:0.9560;7:934:392:25:90:0.2601;7:1014:258:265:296:0.7344,3,55:7:651:311:257:201;56:7:1014:258:265:296;63:7:934:392:25:90,-1,NONE,inf
1088,0,6,0:64:306:17:22:0.1149;0:1041:451:29:51:0.1742;2:531:436:15:10:0.4969;7:655:307:262:206:0.9488;7:937:388:84:93:0.1220;7:1021:261:258:272:0.6659,4,55:7:655:307:262:206;56:7:1021:261:258:272;62:2:531:436:15:10;63:7:937:388:84:93,-1,NONE,inf
1089,0,5,0:1055:453:29:49:0.1921;2:534:436:14:10:0.3590;7:658:304:278:212:0.9240;7:944:387:98:99:0.1018;7:1043:262:236:269:0.6825,4,55:7:658:304:278:212;56:7:1043:262:236:269;62:2:534:436:14:10;63:7:944:387:98:99,-1,NONE,inf
1090,0,4,2:535:435:16:11:0.2810;7:659:299:294:218:0.9401;7:954:385:104:106:0.1915;7:1044:265:235:260:0.7261,4,55:7:659:299:294:218;56:7:1044:265:235:260;62:2:535:435:16:11;63:7:954:385:104:106,-1,NONE,inf
1091,0,3,2:537:435:14:11:0.2416;7:661:296:295:223:0.9159;7:1054:268:225:257:0.7736,3,55:7:661:296:295:223;56:7:1054:268:225:257;62:2:537:435:14:11,-1,NONE,inf
1092,0,5,2:511:452:21:12:0.2105;2:537:435:14:11:0.2775;7:663:291:296:226:0.9271;7:984:422:93:70:0.1300;7:1065:268:214:260:0.7709,3,55:7:663:291:296:226;56:7:1065:268:214:260;62:2:537:435:14:11,-1,NONE,inf
1093,0,5,2:538:435:13:11:0.3103;2:940:470:37:27:0.1379;7:666:285:293:230:0.8598;7:990:425:98:63:0.1054;7:1077:270:202:255:0.7573,3,55:7:666:285:293:230;56:7:1077:270:202:255;62:2:538:435:13:11,-1,NONE,inf
1094,0,4,2:538:435:13:10:0.2583;2:952:475:39:26:0.1505;7:668:280:291:233:0.8848;7:1086:271:193:251:0.8035,3,55:7:668:280:291:233;56:7:1086:271:193:251;62:2:538:435:13:10,-1,NONE,inf
1095,0,3,2:966:474:38:26:0.2159;7:669:275:290:243:0.8871;7:1091:272:188:253:0.7429,2,55:7:669:275:290:243;56:7:1091:272:188:253,-1,NONE,inf
1096,0,7,2:342:400:74:59:0.2021;2:511:452:19:11:0.3116;2:539:435:13:10:0.2658;2:981:478:41:24:0.1228;7:669:274:290:246:0.9530;7:1026:421:73:69:0.1109;7:1109:272:170:255:0.7617,3,55:7:669:274:290:246;56:7:1109:272:170:255;62:2:539:435:13:10,-1,NONE,inf
1097,0,2,7:669:275:290:243:0.8643;7:1123:271:156:257:0.7249,2,55:7:669:275:290:243;56:7:1123:271:156:257,-1,NONE,inf
1098,0,4,2:513:451:18:12:0.2319;7:668:275:291:245:0.9537;7:838:426:221:102:0.1440;7:1138:273:141:257:0.5777,2,55:7:668:275:291:245;56:7:1138:273:141:257,-1,NONE,inf
1099,0,4,2:540:435:11:10:0.3146;7:671:275:288:247:0.8753;7:847:428:233:111:0.1119;7:1131:275:148:248:0.5004,3,55:7:671:275:288:247;56:7:1131:275:148:248;62:2:540:435:11:10,-1,NONE,inf
1100,0,4,2:540:436:11:10:0.2482;2:1049:477:51:41:0.3634;7:672:275:287:251:0.8660;7:1117:277:162:253:0.4802,4,55:7:672:275:287:251;56:7:1117:277:162:253;62:2:540:436:11:10;63:2:1049:477:51:41,-1,NONE,inf
1101,0,4,2:500:439:31:30:0.1009;2:540:436:11:10:0.3062;7:672:275:287:251:0.8602;7:1160:277:119:264:0.2999,3,55:7:672:275:287:251;56:7:1160:277:119:264;62:2:540:436:11:10,-1,NONE,inf
1102,0,4,2:501:430:29:37:0.1258;2:592:435:17:14:0.2013;7:675:275:284:254:0.9058;7:1150:328:129:201:0.4135,2,55:7:675:275:284:254;56:7:1150:328:129:201,-1,NONE,inf
1103,0,3,2:504:453:25:14:0.2256;7:674:275:285:255:0.9402;7:1192:352:87:173:0.3217,2,55:7:674:275:285:255;56:7:1192:352:87:173,-1,NONE,inf
1104,0,3,2:538:437:14:10:0.4964;7:675:275:284:254:0.9011;7:1239:356:40:160:0.2486,3,55:7:675:275:284:254;56:7:1239:356:40:160;62:2:538:437:14:10,-1,NONE,inf
1105,0,2,2:538:437:14:10:0.4925;7:678:275:281:254:0.8830,2,55:7:678:275:281:254;62:2:538:437:14:10,-1,NONE,inf
1106,0,2,2:537:437:14:11:0.3940;7:678:275:281:254:0.9055,2,55:7:678:275:281:254;62:2:537:437:14:11,-1,NONE,inf
1107,0,2,2:537:437:14:11:0.4358;7:681:275:278:254:0.9225,2,55:7:681:275:278:254;62:2:537:437:14:11,-1,NONE,inf
1108,0,2,2:536:437:15:11:0.3916;7:682:275:277:255:0.9439,2,55:7:682:275:277:255;62:2:536:437:15:11,-1,NONE,inf
1109,0,2,2:536:437:15:11:0.3661;7:682:274:277:255:0.8973,2,55:7:682:274:277:255;62:2:536:437:15:11,-1,NONE,inf
1110,0,3,2:536:438:15:10:0.3310;2:1072:482:207:119:0.1294;7:682:275:277:255:0.9418,2,55:7:682:275:277:255;62:2:536:438:15:10,-1,NONE,inf
1111,0,2,2:535:437:16:12:0.3713;7:681:274:278:256:0.8982,2,55:7:681:274:278:256;62:2:535:437:16:12,-1,NONE,inf
1112,0,3,2:535:438:16:11:0.2452;2:1172:487:107:124:0.2753;7:684:274:275:255:0.9248,2,55:7:684:274:275:255;62:2:535:438:16:11,-1,NONE,inf
1113,0,1,7:684:274:275:255:0.9022,1,55:7:684:274:275:255,-1,NONE,inf
1114,0,2,2:534:438:13:11:0.2361;7:685:275:274:254:0.9294,1,55:7:685:275:274:254,-1,NONE,inf
1115,0,2,2:534:439:14:10:0.2928;7:688:275:271:255:0.9125,2,55:7:688:275:271:255;62:2:534:439:14:10,-1,NONE,inf
1116,0,3,2:477:435:42:36:0.2106;2:534:439:13:10:0.3005;7:694:6:584:643:0.9159,2,55:7:694:6:584:643;62:2:534:439:13:10,-1,NONE,inf
1117,0,4,0:29:298:21:53:0.1149;2:479:436:40:31:0.2239;2:534:439:13:10:0.2987;7:693:275:266:254:0.8739,2,55:7:693:275:266:254;62:2:534:439:13:10,-1,NONE,inf
1118,0,2,2:534:438:13:11:0.4514;7:693:275:266:254:0.8646,2,55:7:693:275:266:254;62:2:534:438:13:11,-1,NONE,inf
1119,0,2,2:534:439:13:10:0.3275;7:696:12:583:658:0.8528,2,55:7:696:12:583:658;62:2:534:439:13:10,-1,NONE,inf
1120,0,2,2:533:439:14:10:0.3495;7:697:8:582:658:0.8757,2,55:7:697:8:582:658;62:2:533:439:14:10,-1,NONE,inf
1121,0,2,2:533:439:13:10:0.2837;7:696:0:583:665:0.8618,2,55:7:696:0:583:665;62:2:533:439:13:10,-1,NONE,inf
1122,0,2,2:534:439:12:10:0.2482;7:701:2:578:667:0.8597,2,55:7:701:2:578:667;62:2:534:439:12:10,-1,NONE,inf
1123,0,2,2:533:439:13:10:0.3056;7:706:7:572:648:0.8942,2,55:7:706:7:572:648;62:2:533:439:13:10,-1,NONE,inf
1124,0,2,2:533:439:13:10:0.2518;7:706:16:573:638:0.8774,2,55:7:706:16:573:638;62:2:533:439:13:10,-1,NONE,inf
1125,0,2,2:534:439:13:10:0.2501;7:707:275:252:255:0.8358,2,55:7:707:275:252:255;62:2:534:439:13:10,-1,NONE,inf
1126,0,2,2:534:439:12:10:0.2673;7:709:275:250:255:0.8770,2,55:7:709:275:250:255;62:2:534:439:12:10,-1,NONE,inf
1127,0,2,2:534:439:11:10:0.2200;7:712:274:247:255:0.8418,2,55:7:712:274:247:255;62:2:534:439:11:10,-1,NONE,inf
1128,0,1,7:716:275:243:254:0.7413,1,55:7:716:275:243:254,-1,NONE,inf
1129,0,2,0:10:294:25:60:0.1143;7:719:275:240:254:0.8980,1,55:7:719:275:240:254,-1,NONE,inf
1130,0,2,2:534:439:12:10:0.2853;7:722:275:237:255:0.8970,2,55:7:722:275:237:255;62:2:534:439:12:10,-1,NONE,inf
1131,0,1,7:726:275:233:254:0.8520,1,55:7:726:275:233:254,-1,NONE,inf
1132,0,2,1:739:449:33:59:0.1239;7:729:275:230:254:0.8473,1,55:7:729:275:230:254,-1,NONE,inf
1133,0,2,0:7:293:23:57:0.1189;7:734:275:225:254:0.8318,1,55:7:734:275:225:254,-1,NONE,inf
1134,0,1,7:737:275:222:254:0.8912,1,55:7:737:275:222:254,-1,NONE,inf
1135,0,2,2:533:439:12:10:0.2089;7:738:276:221:253:0.8944,1,55:7:738:276:221:253,-1,NONE,inf
1136,0,2,2:405:467:26:10:0.2179;7:742:4:537:591:0.8032,1,55:7:742:4:537:591,-1,NONE,inf
1137,0,2,2:403:467:26:10:0.2427;7:744:11:534:591:0.8520,1,55:7:744:11:534:591,-1,NONE,inf
1138,0,1,7:747:11:532:617:0.8853,1,55:7:747:11:532:617,-1,NONE,inf
1139,0,1,7:735:274:224:256:0.7904,1,55:7:735:274:224:256,-1,NONE,inf
1140,0,2,2:487:439:28:19:0.2103;7:749:274:210:255:0.8781,1,55:7:749:274:210:255,-1,NONE,inf
1141,0,3,2:487:439:28:17:0.2337;2:535:438:10:10:0.2265;7:753:274:206:255:0.8259,1,55:7:753:274:206:255,-1,NONE,inf
1142,0,1,7:756:275:203:255:0.8271,1,55:7:756:275:203:255,-1,NONE,inf
1143,0,2,2:758:427:45:64:0.5773;7:770:274:189:256:0.8622,1,55:7:770:274:189:256,-1,NONE,inf
1144,0,2,2:374:467:27:14:0.2573;7:761:274:198:256:0.8794,1,55:7:761:274:198:256,-1,NONE,inf
1145,0,2,2:330:425:104:61:0.1517;7:752:11:527:653:0.9282,1,55:7:752:11:527:653,-1,NONE,inf
1146,0,2,2:765:423:57:72:0.6017;7:804:274:155:258:0.8428,1,55:7:804:274:155:258,-1,NONE,inf
1147,0,3,2:460:460:27:20:0.3234;2:767:421:62:75:0.6334;7:815:274:144:256:0.8433,1,55:7:815:274:144:256,-1,NONE,inf
1148,0,4,2:460:460:25:21:0.4959;2:536:438:11:10:0.2592;2:770:418:68:79:0.6573;7:825:274:134:256:0.8837,2,55:7:825:274:134:256;64:2:770:418:68:79,-1,NONE,inf
1149,0,3,2:460:459:25:22:0.2933;2:774:418:81:81:0.6363;7:837:275:122:255:0.7981,3,55:7:837:275:122:255;64:2:774:418:81:81;65:2:460:459:25:22,-1,NONE,inf
1150,0,2,2:777:418:91:81:0.6406;7:847:96:432:561:0.8651,2,55:7:847:96:432:561;64:2:777:418:91:81,-1,NONE,inf
1151,0,3,2:367:470:49:22:0.1124;2:780:419:101:82:0.7132;7:858:22:421:639:0.8512,2,55:7:858:22:421:639;64:2:780:419:101:82,-1,NONE,inf
1152,0,3,2:362:471:52:21:0.3513;2:784:415:112:85:0.7231;7:874:94:405:573:0.9016,3,55:7:874:94:405:573;64:2:784:415:112:85;65:2:362:471:52:21,-1,NONE,inf
1153,0,3,2:536:438:11:10:0.2052;2:786:419:125:83:0.6519;7:891:62:388:595:0.8858,2,55:7:891:62:388:595;64:2:786:419:125:83,-1,NONE,inf
1154,0,3,2:345:473:64:23:0.3837;2:789:418:136:87:0.6527;7:905:48:374:614:0.9037,3,55:7:905:48:374:614;64:2:789:418:136:87;65:2:345:473:64:23,-1,NONE,inf
1155,0,2,2:792:420:144:86:0.7795;7:924:14:355:643:0.8868,2,55:7:924:14:355:643;64:2:792:420:144:86,-1,NONE,inf
1156,0,3,2:796:418:149:91:0.8248;7:878:394:85:75:0.1464;7:949:0:330:655:0.8624,2,55:7:949:0:330:655;64:2:796:418:149:91,-1,NONE,inf
1157,0,6,2:321:476:89:55:0.2229;2:341:433:62:34:0.3036;2:535:439:11:10:0.2831;2:800:417:152:93:0.7454;7:868:391:91:93:0.4858;7:968:4:311:656:0.8960,3,55:7:968:4:311:656;64:2:800:417:152:93;65:2:341:433:62:34,-1,NONE,inf
1158,0,5,2:320:466:153:64:0.2484;2:535:439:11:11:0.3103;2:803:418:156:93:0.7914;7:870:390:146:112:0.1687;7:996:0:283:661:0.6765,2,55:7:996:0:283:661;64:2:803:418:156:93,-1,NONE,inf
1159,0,4,2:534:440:12:10:0.2591;2:807:419:152:95:0.7533;7:882:390:153:102:0.3644;7:1025:3:254:660:0.8524,2,55:7:1025:3:254:660;64:2:807:419:152:95,-1,NONE,inf
1160,0,5,2:534:440:12:10:0.2341;2:811:419:148:96:0.8585;7:0:328:289:181:0.1181;7:883:391:183:99:0.2875;7:1060:4:219:662:0.8074,3,55:7:1060:4:219:662;64:2:811:419:148:96;66:7:883:391:183:99,-1,NONE,inf
1161,0,4,2:815:418:144:100:0.7530;7:1:327:286:186:0.1591;7:884:390:238:100:0.2327;7:1101:7:178:655:0.6245,3,55:7:1101:7:178:655;64:2:815:418:144:100;66:7:884:390:238:100,-1,NONE,inf
1162,0,4,2:534:440:11:11:0.2044;2:820:414:139:104:0.6519;7:887:390:286:109:0.3068;7:1144:9:135:650:0.4895,3,55:7:1144:9:135:650;64:2:820:414:139:104;66:7:887:390:286:109,-1,NONE,inf
1163,0,3,2:825:415:186:108:0.7564;5:893:387:343:107:0.1259;5:1208:20:71:642:0.1269,3,55:5:1208:20:71:642;64:2:825:415:186:108;66:5:893:387:343:107,-1,NONE,inf
1164,0,2,2:487:439:21:14:0.2265;2:829:391:130:131:0.6532,1,64:2:829:391:130:131,-1,NONE,inf
1165,0,2,2:533:441:12:10:0.2131;2:833:414:200:115:0.7684,1,64:2:833:414:200:115,-1,NONE,inf
1166,0,3,2:406:474:50:27:0.1265;2:534:441:11:11:0.2065;2:839:413:203:118:0.7479,1,64:2:839:413:203:118,-1,NONE,inf
1167,0,2,2:843:413:210:118:0.6641;5:380:397:116:64:0.3460,2,64:2:843:413:210:118;65:5:380:397:116:64,-1,NONE,inf
1168,0,1,7:848:391:111:139:0.5558,1,64:7:848:391:111:139,-1,NONE,inf
1169,0,2,2:125:440:290:164:0.1287;7:854:395:105:136:0.5437,1,64:7:854:395:105:136,-1,NONE,inf
1170,0,1,2:860:411:239:128:0.6511,1,64:2:860:411:239:128,-1,NONE,inf
1171,0,1,2:865:411:246:129:0.7829,1,64:2:865:411:246:129,-1,NONE,inf
1172,0,1,2:872:409:258:136:0.8430,1,64:2:872:409:258:136,-1,NONE,inf
1173,0,2,2:878:407:270:142:0.8474;5:898:383:381:130:0.3958,2,64:2:878:407:270:142;66:5:898:383:381:130,-1,NONE,inf
1174,0,3,2:64:414:37:33:0.1464;2:886:406:281:148:0.8611;5:896:379:383:132:0.6322,2,64:2:886:406:281:148;66:5:896:379:383:132,-1,NONE,inf
1175,0,3,2:845:401:114:129:0.2388;2:893:405:293:151:0.8390;7:908:382:125:88:0.1041,2,64:2:893:405:293:151;66:7:908:382:125:88,-1,NONE,inf
1176,0,2,2:897:402:313:159:0.7972;5:913:381:366:114:0.3475,2,64:2:897:402:313:159;65:5:913:381:366:114,-1,NONE,inf
1177,0,1,2:905:397:328:166:0.8267,1,64:2:905:397:328:166,-1,NONE,inf
1178,0,3,2:912:396:351:171:0.8176;7:0:300:130:140:0.3901;7:924:376:272:105:0.1175,1,64:2:912:396:351:171,-1,NONE,inf
1179,0,1,2:924:390:355:188:0.8260,1,64:2:924:390:355:188,-1,NONE,inf
1180,0,1,2:933:385:346:195:0.8638,1,64:2:933:385:346:195,-1,NONE,inf
1181,0,1,2:947:388:332:190:0.8512,1,64:2:947:388:332:190,-1,NONE,inf
1182,0,2,2:955:390:324:198:0.8608;7:0:284:80:186:0.1327,1,64:2:955:390:324:198,-1,NONE,inf
1183,0,2,2:965:389:314:207:0.8099;7:952:375:283:114:0.1155,1,64:2:965:389:314:207,-1,NONE,inf
1184,0,3,0:0:275:56:172:0.1244;2:977:389:302:215:0.7691;7:957:374:306:116:0.2582,2,64:2:977:389:302:215;65:7:957:374:306:116,-1,NONE,inf
1185,0,3,0:0:274:40:175:0.4965;2:987:389:292:225:0.8482;7:957:372:318:120:0.3554,2,64:2:987:389:292:225;65:7:957:372:318:120,-1,NONE,inf
1186,0,3,0:0:277:25:144:0.1760;2:1004:389:275:226:0.8596;7:961:369:318:124:0.3899,2,64:2:1004:389:275:226;65:7:961:369:318:124,-1,NONE,inf
1187,0,2,2:1017:390:262:206:0.7972;7:968:372:310:120:0.5028,2,64:2:1017:390:262:206;65:7:968:372:310:120,-1,NONE,inf
1188,0,2,2:1033:396:246:189:0.7285;7:972:369:306:126:0.7414,2,64:2:1033:396:246:189;65:7:972:369:306:126,-1,NONE,inf
1189,0,2,2:1050:411:228:177:0.7735;7:977:366:302:133:0.8362,2,64:2:1050:411:228:177;65:7:977:366:302:133,-1,NONE,inf
1190,0,2,2:1067:423:212:171:0.8349;7:982:368:297:131:0.8264,2,64:2:1067:423:212:171;65:7:982:368:297:131,-1,NONE,inf
1191,0,2,2:1086:434:193:167:0.8234;7:984:367:295:133:0.8793,2,64:2:1086:434:193:167;65:7:984:367:295:133,-1,NONE,inf
1192,0,2,2:1105:452:174:157:0.8119;7:992:366:287:134:0.8666,2,64:2:1105:452:174:157;65:7:992:366:287:134,-1,NONE,inf
1193,0,2,2:1127:468:152:143:0.8744;7:998:366:281:136:0.8748,2,64:2:1127:468:152:143;65:7:998:366:281:136,-1,NONE,inf
1194,0,3,2:0:429:11:39:0.1036;2:1151:490:128:126:0.7974;7:1000:364:279:140:0.8529,2,64:2:1151:490:128:126;65:7:1000:364:279:140,-1,NONE,inf
1195,0,2,2:1180:495:99:125:0.7187;7:1007:362:272:141:0.8459,2,64:2:1180:495:99:125;65:7:1007:362:272:141,-1,NONE,inf
1196,0,2,2:1209:503:70:118:0.6816;7:1013:362:266:142:0.7358,2,64:2:1209:503:70:118;65:7:1013:362:266:142,-1,NONE,inf
1197,0,2,2:1245:509:34:89:0.7367;7:1018:357:261:147:0.8369,2,64:2:1245:509:34:89;65:7:1018:357:261:147,-1,NONE,inf
1198,0,1,7:1025:356:254:151:0.7916,1,65:7:1025:356:254:151,-1,NONE,inf
1199,0,1,7:1030:354:249:153:0.8661,1,65:7:1030:354:249:153,-1,NONE,inf
1200,0,1,7:1035:353:244:153:0.8527,1,65:7:1035:353:244:153,-1,NONE,inf
1201,0,2,2:522:440:12:10:0.2439;7:1042:352:237:153:0.6786,1,65:7:1042:352:237:153,-1,NONE,inf
1202,0,2,2:521:440:13:10:0.2561;7:1049:350:230:156:0.6256,1,65:7:1049:350:230:156,-1,NONE,inf
1203,0,2,2:519:439:14:10:0.2152;7:1058:347:221:159:0.7649,1,65:7:1058:347:221:159,-1,NONE,inf
1204,0,2,5:1064:346:215:162:0.6760;7:0:363:181:105:0.1259,1,65:5:1064:346:215:162,-1,NONE,inf
1205,0,2,7:0:365:150:101:0.1480;7:1072:345:207:161:0.6327,1,65:7:1072:345:207:161,-1,NONE,inf
1206,0,2,2:520:439:12:10:0.3006;7:1080:341:199:166:0.6317,1,65:7:1080:341:199:166,-1,NONE,inf
1207,0,2,2:519:439:13:10:0.2778;7:1087:340:192:167:0.6470,1,65:7:1087:340:192:167,-1,NONE,inf
1208,0,2,2:519:439:13:10:0.3055;5:1094:337:185:173:0.7716,2,65:5:1094:337:185:173;67:2:519:439:13:10,-1,NONE,inf
1209,0,1,5:1105:336:174:174:0.8184,1,65:5:1105:336:174:174,-1,NONE,inf
1210,0,1,5:1113:335:166:178:0.8621,1,65:5:1113:335:166:178,-1,NONE,inf
1211,0,2,2:518:439:13:10:0.2434;5:1125:333:154:184:0.8287,1,65:5:1125:333:154:184,-1,NONE,inf
1212,0,2,2:518:439:13:10:0.3229;5:1134:332:145:185:0.8289,2,65:5:1134:332:145:185;67:2:518:439:13:10,-1,NONE,inf
1213,0,2,2:517:439:13:10:0.3110;5:1144:325:135:190:0.7855,2,65:5:1144:325:135:190;67:2:517:439:13:10,-1,NONE,inf
1214,0,2,2:517:439:13:10:0.3183;5:1153:326:126:188:0.7374,2,65:5:1153:326:126:188;67:2:517:439:13:10,-1,NONE,inf
1215,0,2,2:517:439:13:10:0.3424;5:1166:326:113:189:0.7894,2,65:5:1166:326:113:189;67:2:517:439:13:10,-1,NONE,inf
1216,0,2,2:517:439:12:10:0.2374;5:1179:322:100:193:0.8390,2,65:5:1179:322:100:193;67:2:517:439:12:10,-1,NONE,inf
1217,0,1,5:1188:327:91:189:0.5723,1,65:5:1188:327:91:189,-1,NONE,inf
1218,0,1,7:1203:329:76:187:0.6319,1,65:7:1203:329:76:187,-1,NONE,inf
1219,0,2,2:0:542:53:51:0.2192;7:1215:341:64:175:0.3626,1,65:7:1215:341:64:175,-1,NONE,inf
1220,0,1,7:1231:344:48:173:0.2396,1,65:7:1231:344:48:173,-1,NONE,inf
1221,0,0,,0,,-1,NONE,inf
1222,0,1,2:516:440:13:10:0.2877,1,67:2:516:440:13:10,-1,NONE,inf
1223,0,1,2:516:440:13:10:0.3544,1,67:2:516:440:13:10,-1,NONE,inf
1224,0,1,2:517:440:11:10:0.3085,1,67:2:517:440:11:10,-1,NONE,inf
1225,0,0,,0,,-1,NONE,inf
1226,0,1,2:1:439:93:29:0.1012,0,,-1,NONE,inf
1227,0,0,,0,,-1,NONE,inf
1228,0,0,,0,,-1,NONE,inf
1229,0,1,2:29:446:41:24:0.1079,0,,-1,NONE,inf
1230,0,1,2:1:445:60:26:0.1637,0,,-1,NONE,inf
1231,0,1,2:0:443:53:30:0.2423,0,,-1,NONE,inf
1232,0,0,,0,,-1,NONE,inf
1233,0,0,,0,,-1,NONE,inf
1234,0,0,,0,,-1,NONE,inf
1235,0,0,,0,,-1,NONE,inf
1236,0,0,,0,,-1,NONE,inf
1237,0,0,,0,,-1,NONE,inf
1238,0,1,2:521:443:14:11:0.3242,0,,-1,NONE,inf
1239,0,0,,0,,-1,NONE,inf
1240,0,1,2:522:445:14:10:0.2942,0,,-1,NONE,inf
1241,0,0,,0,,-1,NONE,inf
1242,0,0,,0,,-1,NONE,inf
1243,0,0,,0,,-1,NONE,inf
1244,0,0,,0,,-1,NONE,inf
1245,0,0,,0,,-1,NONE,inf
1246,0,0,,0,,-1,NONE,inf
1247,0,0,,0,,-1,NONE,inf
1248,0,0,,0,,-1,NONE,inf
1249,0,1,2:529:442:13:11:0.4050,0,,-1,NONE,inf
1250,0,1,2:530:442:13:10:0.4040,0,,-1,NONE,inf
1251,0,0,,0,,-1,NONE,inf
1252,0,0,,0,,-1,NONE,inf
