frame,sceneChanged,numDetections,detections,numTracks,tracks,activeLeadId,riskLevel,ttc
1,0,5,2:254:452:65:31:0.6187;2:380:452:35:21:0.6387;2:433:451:19:16:0.3469;2:563:447:40:31:0.7788;7:604:418:47:53:0.5176,0,,-1,NONE,inf
2,0,6,2:227:453:74:31:0.4570;2:370:452:37:22:0.6206;2:427:452:24:16:0.4688;2:536:448:10:11:0.2366;2:564:447:38:31:0.7798;7:600:418:51:54:0.6387,0,,-1,NONE,inf
3,0,6,2:202:453:79:33:0.4902;2:359:451:40:23:0.6841;2:421:452:25:17:0.3850;2:537:448:9:11:0.2338;2:563:447:39:31:0.7812;7:604:418:48:53:0.6187,5,1:2:563:447:39:31;2:7:604:418:48:53;3:2:359:451:40:23;4:2:421:452:25:17;5:2:202:453:79:33,-1,NONE,inf
4,0,6,2:163:467:48:22:0.1666;2:347:450:44:24:0.7534;2:415:452:24:17:0.4766;2:537:448:9:11:0.2240;2:563:447:39:31:0.7827;7:606:417:46:54:0.5981,5,1:2:563:447:39:31;2:7:606:417:46:54;3:2:347:450:44:24;4:2:415:452:24:17;5:2:163:467:48:22,-1,NONE,inf
5,0,5,2:128:452:101:40:0.7983;2:334:450:50:25:0.4941;2:408:452:26:18:0.4167;2:564:447:38:31:0.7720;7:607:417:45:54:0.5737,5,1:2:564:447:38:31;2:7:607:417:45:54;3:2:334:450:50:25;4:2:408:452:26:18;5:2:128:452:101:40,-1,NONE,inf
6,0,5,2:80:452:121:45:0.7920;2:321:450:48:25:0.5737;2:401:450:29:18:0.3345;2:563:447:39:31:0.7881;7:606:416:47:55:0.4824,5,1:2:563:447:39:31;2:7:606:416:47:55;3:2:321:450:48:25;4:2:401:450:29:18;5:2:80:452:121:45,-1,NONE,inf
7,0,6,2:18:449:142:51:0.8032;2:303:451:56:28:0.5796;2:355:449:42:23:0.1192;2:394:451:29:19:0.4727;2:563:447:39:31:0.7959;5:609:418:43:51:0.6328,5,1:2:563:447:39:31;2:5:609:418:43:51;3:2:303:451:56:28;4:2:394:451:29:19;5:2:18:449:142:51,-1,NONE,inf
8,0,6,2:0:449:119:57:0.8311;2:283:450:56:31:0.5830;2:385:451:32:19:0.4941;2:563:446:39:32:0.7959;5:609:416:43:53:0.6582;7:336:454:22:21:0.2134,5,1:2:563:446:39:32;2:5:609:416:43:53;3:2:283:450:56:31;4:2:385:451:32:19;5:2:0:449:119:57,-1,NONE,inf
9,0,6,2:0:450:62:54:0.4961;2:261:450:55:32:0.5449;2:318:451:32:27:0.2401;2:376:451:33:20:0.5117;2:563:446:39:32:0.7891;5:609:416:44:53:0.6475,5,1:2:563:446:39:32;2:5:609:416:44:53;3:2:261:450:55:32;4:2:376:451:33:20;5:2:0:450:62:54,-1,NONE,inf
10,0,6,2:275:458:31:26:0.1339;2:303:453:33:24:0.2598;2:320:454:19:20:0.4167;2:365:451:36:21:0.4514;2:563:446:39:32:0.7690;5:609:415:44:54:0.5425,4,1:2:563:446:39:32;2:5:609:415:44:54;3:2:303:453:33:24;4:2:365:451:36:21,-1,NONE,inf
11,0,5,2:207:449:78:37:0.6978;2:284:451:45:28:0.5640;2:353:450:39:23:0.5449;2:563:446:39:32:0.7983;5:609:415:44:54:0.5894,4,1:2:563:446:39:32;2:5:609:415:44:54;3:2:284:451:45:28;4:2:353:450:39:23,-1,NONE,inf
12,0,5,2:170:448:89:42:0.8018;2:268:452:50:28:0.6636;2:340:450:41:26:0.5601;2:563:447:39:31:0.7852;7:609:415:46:55:0.5659,4,1:2:563:447:39:31;2:7:609:415:46:55;3:2:268:452:50:28;4:2:340:450:41:26,-1,NONE,inf
13,0,6,2:127:448:101:47:0.8481;2:253:454:50:28:0.5234;2:295:450:38:28:0.1144;2:324:451:48:28:0.4871;2:563:447:39:31:0.7866;7:610:415:45:54:0.5835,5,1:2:563:447:39:31;2:7:610:415:45:54;3:2:253:454:50:28;4:2:324:451:48:28;6:2:127:448:101:47,-1,NONE,inf
14,0,5,2:72:448:122:52:0.8760;2:233:456:56:26:0.6318;2:308:449:51:31:0.5776;2:563:447:39:31:0.8057;7:610:414:45:55:0.5728,5,1:2:563:447:39:31;2:7:610:414:45:55;3:2:233:456:56:26;4:2:308:449:51:31;6:2:72:448:122:52,-1,NONE,inf
15,0,5,2:3:447:147:55:0.8784;2:211:454:61:30:0.6909;2:290:450:53:32:0.5508;2:563:447:39:31:0.7812;7:611:414:45:56:0.7090,5,1:2:563:447:39:31;2:7:611:414:45:56;3:2:211:454:61:30;4:2:290:450:53:32;6:2:3:447:147:55,-1,NONE,inf
16,0,5,2:0:446:97:65:0.7822;2:188:454:61:30:0.7563;2:269:450:61:33:0.7339;2:563:446:39:32:0.7842;7:611:414:46:56:0.6851,5,1:2:563:446:39:32;2:7:611:414:46:56;3:2:188:454:61:30;4:2:269:450:61:33;6:2:0:446:97:65,-1,NONE,inf
17,0,6,2:0:444:29:67:0.3794;2:159:454:73:32:0.6704;2:242:452:66:32:0.4844;2:522:448:10:10:0.2437;2:562:447:41:29:0.7788;7:612:414:46:56:0.7051,5,1:2:562:447:41:29;2:7:612:414:46:56;3:2:159:454:73:32;4:2:242:452:66:32;6:2:0:444:29:67,1,SAFE,inf
18,0,5,2:127:455:81:33:0.8501;2:213:451:74:35:0.5298;2:521:447:11:11:0.2407;2:562:447:40:29:0.7891;7:611:413:47:57:0.5962,4,1:2:562:447:40:29;2:7:611:413:47:57;3:2:127:455:81:33;4:2:213:451:74:35,1,SAFE,inf
19,0,6,2:90:454:89:35:0.6875;2:175:448:89:43:0.6479;2:481:452:16:10:0.2310;2:521:447:10:11:0.2568;2:562:447:40:29:0.7788;7:611:413:48:57:0.5176,4,1:2:562:447:40:29;2:7:611:413:48:57;3:2:90:454:89:35;4:2:175:448:89:43,1,SAFE,inf
20,0,6,2:47:453:99:42:0.8716;2:139:448:96:45:0.8223;2:479:451:17:11:0.2104;2:520:447:11:11:0.3174;2:563:446:39:31:0.7905;5:611:412:48:58:0.4690,4,1:2:563:446:39:31;2:5:611:412:48:58;3:2:47:453:99:42;4:2:139:448:96:45,1,SAFE,inf
21,0,7,2:1:453:95:43:0.4495;2:91:447:108:48:0.3970;2:477:451:17:11:0.2269;2:521:446:10:12:0.2659;2:563:446:39:31:0.7759;2:1133:469:32:18:0.1268;7:612:411:48:59:0.5435,4,1:2:563:446:39:31;2:7:612:411:48:59;3:2:1:453:95:43;4:2:91:447:108:48,1,SAFE,inf
22,0,6,2:0:449:54:53:0.2081;2:475:451:16:10:0.3684;2:520:446:11:12:0.3701;2:563:446:39:31:0.7959;2:1187:471:37:20:0.1326;7:612:411:48:58:0.5103,4,1:2:563:446:39:31;2:7:612:411:48:58;3:2:0:449:54:53;7:2:520:446:11:12,1,SAFE,inf
23,0,4,2:0:445:99:64:0.7891;2:519:445:12:13:0.3157;2:563:446:39:30:0.8042;5:613:411:49:58:0.6143,4,1:2:563:446:39:30;2:5:613:411:49:58;3:2:0:445:99:64;7:2:519:445:12:13,1,SAFE,inf
24,0,4,2:469:451:18:10:0.3174;2:518:445:12:13:0.3025;2:562:446:40:30:0.8115;5:613:410:49:59:0.5884,3,1:2:562:446:40:30;2:5:613:410:49:59;7:2:518:445:12:13,1,SAFE,inf
25,0,4,2:466:450:18:11:0.3667;2:518:445:12:13:0.2524;2:562:446:40:30:0.8091;5:613:410:50:59:0.4993,3,1:2:562:446:40:30;2:5:613:410:50:59;7:2:518:445:12:13,1,SAFE,inf
26,0,3,2:463:449:19:12:0.5078;2:562:445:40:31:0.8008;5:613:409:51:60:0.5479,3,1:2:562:445:40:31;2:5:613:409:51:60;8:2:463:449:19:12,1,SAFE,inf
27,0,3,2:460:448:20:13:0.4495;2:562:445:40:31:0.7959;5:614:408:50:61:0.5664,3,1:2:562:445:40:31;2:5:614:408:50:61;8:2:460:448:20:13,1,SAFE,inf
28,0,3,2:457:449:21:12:0.4707;2:562:444:40:32:0.8057;5:614:408:51:61:0.5430,3,1:2:562:444:40:32;2:5:614:408:51:61;8:2:457:449:21:12,1,SAFE,25.346
29,0,3,2:454:450:19:11:0.3923;2:562:445:40:31:0.8115;5:614:408:52:62:0.5352,3,1:2:562:445:40:31;2:5:614:408:52:62;8:2:454:450:19:11,1,SAFE,15.479
30,0,3,2:448:450:23:12:0.3337;2:562:445:40:31:0.8154;5:614:407:53:63:0.5537,3,1:2:562:445:40:31;2:5:614:407:53:63;8:2:448:450:23:12,1,SAFE,11.142
31,0,3,2:446:449:22:14:0.5078;2:562:445:40:31:0.8115;7:614:407:53:64:0.6582,3,1:2:562:445:40:31;2:7:614:407:53:64;8:2:446:449:22:14,1,SAFE,7.038
32,0,4,2:442:450:23:13:0.4551;2:513:446:12:12:0.2056;2:562:446:40:30:0.8130;7:614:407:54:64:0.5205,3,1:2:562:446:40:30;2:7:614:407:54:64;8:2:442:450:23:13,1,SAFE,11.242
33,0,4,2:437:450:25:14:0.5137;2:513:445:11:14:0.2134;2:562:445:40:31:0.8223;7:615:407:54:64:0.5264,3,1:2:562:445:40:31;2:7:615:407:54:64;8:2:437:450:25:14,1,SAFE,17.616
34,0,5,2:433:450:25:14:0.4607;2:512:445:12:14:0.2847;2:528:446:10:11:0.2480;2:562:445:40:31:0.8311;7:615:406:54:64:0.4473,4,1:2:562:445:40:31;2:7:615:406:54:64;7:2:512:445:12:14;8:2:433:450:25:14,1,SAFE,inf
35,0,4,2:428:450:24:15:0.4968;2:528:446:10:12:0.2200;2:562:445:40:31:0.8374;7:615:406:55:64:0.6909,4,1:2:562:445:40:31;2:7:615:406:55:64;7:2:528:446:10:12;8:2:428:450:24:15,1,SAFE,35.616
36,0,4,2:423:450:26:15:0.5962;2:528:446:10:12:0.2240;2:562:445:40:31:0.8345;7:616:406:55:65:0.7588,4,1:2:562:445:40:31;2:7:616:406:55:65;7:2:528:446:10:12;8:2:423:450:26:15,1,SAFE,25.828
37,0,3,2:415:450:31:15:0.4875;2:562:445:40:31:0.8311;7:616:405:56:66:0.7617,3,1:2:562:445:40:31;2:7:616:405:56:66;8:2:415:450:31:15,1,SAFE,20.260
38,0,3,2:409:450:31:15:0.5098;2:562:445:40:31:0.8354;7:616:405:57:66:0.5708,3,1:2:562:445:40:31;2:7:616:405:57:66;8:2:409:450:31:15,1,SAFE,31.327
39,0,3,2:403:451:31:15:0.6021;2:562:446:40:31:0.8140;5:617:405:57:67:0.5137,3,1:2:562:446:40:31;2:5:617:405:57:67;8:2:403:451:31:15,1,SAFE,inf
40,0,3,2:396:451:32:16:0.5947;2:562:447:40:30:0.8223;7:617:405:58:68:0.6201,3,1:2:562:447:40:30;2:7:617:405:58:68;8:2:396:451:32:16,1,SAFE,inf
41,0,4,2:388:451:32:17:0.5488;2:410:454:13:13:0.2568;2:562:447:40:30:0.8174;7:617:405:60:68:0.7817,3,1:2:562:447:40:30;2:7:617:405:60:68;8:2:388:451:32:17,1,SAFE,inf
42,0,4,2:379:451:36:18:0.6318;2:506:446:14:13:0.2847;2:562:446:39:31:0.8140;7:618:404:59:70:0.7358,4,1:2:562:446:39:31;2:7:618:404:59:70;7:2:506:446:14:13;8:2:379:451:36:18,1,SAFE,inf
43,0,4,2:369:451:39:18:0.4688;2:525:447:11:12:0.2394;2:562:447:39:30:0.8032;7:618:403:60:71:0.7324,4,1:2:562:447:39:30;2:7:618:403:60:71;7:2:525:447:11:12;8:2:369:451:39:18,1,SAFE,inf
44,0,5,2:359:451:41:19:0.5947;2:504:447:12:13:0.2006;2:526:447:10:12:0.2815;2:562:447:39:30:0.7798;7:619:402:61:72:0.7705,4,1:2:562:447:39:30;2:7:619:402:61:72;7:2:526:447:10:12;8:2:359:451:41:19,1,SAFE,inf
45,0,4,2:348:450:42:21:0.5391;2:562:447:39:30:0.7944;2:598:450:10:14:0.2524;7:620:402:61:72:0.7808,3,1:2:562:447:39:30;2:7:620:402:61:72;8:2:348:450:42:21,1,SAFE,inf
46,0,4,2:335:449:48:23:0.5430;2:562:447:39:30:0.7705;2:598:450:11:14:0.2878;7:620:402:61:72:0.7124,3,1:2:562:447:39:30;2:7:620:402:61:72;8:2:335:449:48:23,1,SAFE,inf
47,0,4,2:323:451:48:23:0.6279;2:562:447:39:31:0.7461;2:598:450:11:13:0.3960;7:621:402:61:73:0.7773,3,1:2:562:447:39:31;2:7:621:402:61:73;8:2:323:451:48:23,1,SAFE,inf
48,0,5,2:320:451:36:23:0.5469;2:524:447:10:12:0.2213;2:562:447:39:31:0.7607;2:597:450:12:13:0.4226;7:621:402:63:73:0.8076,3,1:2:562:447:39:31;2:7:621:402:63:73;8:2:320:451:36:23,1,SAFE,inf
49,0,5,2:320:458:26:18:0.4282;2:524:447:10:12:0.3025;2:562:447:39:31:0.7520;2:597:450:12:13:0.4514;7:622:401:63:74:0.7832,5,1:2:562:447:39:31;2:7:622:401:63:74;7:2:524:447:10:12;8:2:320:458:26:18;9:2:597:450:12:13,1,SAFE,inf
50,0,6,2:320:460:11:16:0.2006;2:523:447:11:12:0.3611;2:562:447:39:31:0.7490;2:597:450:12:12:0.4570;7:498:442:17:18:0.2815;7:622:401:64:75:0.7500,5,1:2:562:447:39:31;2:7:622:401:64:75;7:2:523:447:11:12;8:2:320:460:11:16;9:2:597:450:12:12,1,SAFE,inf
51,0,6,2:240:448:74:34:0.6704;2:521:447:12:12:0.4282;2:561:447:41:30:0.7432;2:597:450:12:12:0.4207;7:498:442:18:18:0.3345;7:623:399:64:77:0.6953,4,1:2:561:447:41:30;2:7:623:399:64:77;7:2:521:447:12:12;9:2:597:450:12:12,1,SAFE,inf
52,0,6,2:211:450:84:34:0.6738;2:521:447:10:12:0.4514;2:561:447:41:30:0.7676;2:597:451:12:11:0.4321;7:497:442:19:19:0.3738;7:623:399:65:78:0.6040,4,1:2:561:447:41:30;2:7:623:399:65:78;7:2:521:447:10:12;9:2:597:451:12:11,1,SAFE,inf
53,0,6,2:177:448:95:39:0.7720;2:520:448:10:11:0.4902;2:561:447:42:30:0.7593;2:597:451:13:12:0.4534;7:497:442:17:18:0.3311;7:624:399:65:79:0.6982,6,1:2:561:447:42:30;2:7:624:399:65:79;7:2:520:448:10:11;9:2:597:451:13:12;10:7:497:442:17:18;11:2:177:448:95:39,1,SAFE,inf
54,0,6,2:136:449:112:41:0.7891;2:520:448:10:11:0.4377;2:561:447:42:30:0.7607;2:598:451:12:11:0.4534;7:496:442:17:18:0.3057;7:624:399:67:79:0.7930,6,1:2:561:447:42:30;2:7:624:399:67:79;7:2:520:448:10:11;9:2:598:451:12:11;10:7:496:442:17:18;11:2:136:449:112:41,1,SAFE,inf
55,0,6,2:87:449:129:44:0.7402;2:520:447:10:12:0.3867;2:561:446:41:31:0.7505;2:598:450:12:12:0.4207;7:495:442:14:18:0.2830;7:624:397:69:80:0.7827,6,1:2:561:446:41:31;2:7:624:397:69:80;7:2:520:447:10:12;9:2:598:450:12:12;10:7:495:442:14:18;11:2:87:449:129:44,1,SAFE,inf
56,0,6,2:24:449:155:50:0.7021;2:519:447:11:13:0.3398;2:561:446:41:31:0.7661;2:598:451:12:11:0.3831;7:494:442:16:18:0.2878;7:625:396:70:81:0.7798,6,1:2:561:446:41:31;2:7:625:396:70:81;7:2:519:447:11:13;9:2:598:451:12:11;10:7:494:442:16:18;11:2:24:449:155:50,1,SAFE,inf
57,0,5,2:0:447:135:52:0.8042;2:561:446:41:31:0.7661;2:598:450:12:11:0.4824;7:492:441:18:19:0.2407;7:625:395:71:83:0.7241,5,1:2:561:446:41:31;2:7:625:395:71:83;9:2:598:450:12:11;10:7:492:441:18:19;11:2:0:447:135:52,1,SAFE,23.744
58,0,5,2:0:446:77:55:0.7231;2:561:446:41:30:0.7520;2:597:450:13:11:0.4961;7:491:441:16:19:0.2568;7:625:395:73:82:0.7925,5,1:2:561:446:41:30;2:7:625:395:73:82;9:2:597:450:13:11;10:7:491:441:16:19;11:2:0:446:77:55,1,SAFE,inf
59,0,4,2:561:446:41:30:0.7798;2:597:450:14:11:0.5117;7:490:441:16:19:0.3831;7:626:394:73:83:0.7671,4,1:2:561:446:41:30;2:7:626:394:73:83;9:2:597:450:14:11;10:7:490:441:16:19,1,SAFE,inf
60,0,4,2:562:445:40:31:0.7881;2:598:450:13:11:0.4495;7:489:440:19:20:0.3811;7:626:392:74:85:0.8374,4,1:2:562:445:40:31;2:7:626:392:74:85;9:2:598:450:13:11;10:7:489:440:19:20,1,SAFE,inf
61,0,4,2:562:445:40:31:0.7969;2:597:449:14:12:0.4902;7:488:440:20:19:0.3208;7:627:391:74:86:0.8418,4,1:2:562:445:40:31;2:7:627:391:74:86;9:2:597:449:14:12;10:7:488:440:20:19,1,SAFE,inf
62,0,4,2:562:445:40:30:0.7593;2:598:449:13:12:0.4824;7:486:440:21:20:0.3088;7:627:391:77:86:0.8198,4,1:2:562:445:40:30;2:7:627:391:77:86;9:2:598:449:13:12;10:7:486:440:21:20,1,SAFE,inf
63,0,4,2:563:445:39:30:0.7280;2:597:449:15:12:0.5410;7:485:440:21:20:0.4033;7:628:391:77:87:0.7842,4,1:2:563:445:39:30;2:7:628:391:77:87;9:2:597:449:15:12;10:7:485:440:21:20,1,SAFE,inf
64,0,4,2:564:445:38:31:0.7563;2:597:449:15:13:0.5000;7:483:440:17:21:0.4524;7:628:390:80:88:0.8394,4,1:2:564:445:38:31;2:7:628:390:80:88;9:2:597:449:15:13;10:7:483:440:17:21,1,SAFE,inf
65,0,5,0:515:441:11:19:0.1285;2:564:445:39:31:0.7520;2:597:449:15:13:0.4321;7:482:440:20:20:0.5186;7:628:389:82:90:0.8496,4,1:2:564:445:39:31;2:7:628:389:82:90;9:2:597:449:15:13;10:7:482:440:20:20,1,SAFE,23.744
66,0,5,0:515:442:11:18:0.1101;2:564:445:39:30:0.7676;2:598:449:14:12:0.4263;7:481:439:24:22:0.5459;7:628:387:84:92:0.8691,4,1:2:564:445:39:30;2:7:628:387:84:92;9:2:598:449:14:12;10:7:481:439:24:22,1,SAFE,inf
67,0,4,2:565:445:38:30:0.7578;2:598:450:14:11:0.4475;7:480:439:17:22:0.5449;7:629:387:85:93:0.8740,4,1:2:565:445:38:30;2:7:629:387:85:93;9:2:598:450:14:11;10:7:480:439:17:22,1,SAFE,inf
68,0,5,2:512:445:13:14:0.2598;2:565:445:38:30:0.7622;2:598:450:14:11:0.4263;7:478:439:26:22:0.5137;7:630:386:85:94:0.7925,4,1:2:565:445:38:30;2:7:630:386:85:94;9:2:598:450:14:11;10:7:478:439:26:22,1,SAFE,inf
69,0,4,2:565:446:38:29:0.7607;2:599:450:13:12:0.3140;7:476:439:26:22:0.5698;7:631:385:86:95:0.8257,4,1:2:565:446:38:29;2:7:631:385:86:95;9:2:599:450:13:12;10:7:476:439:26:22,1,SAFE,inf
70,0,4,2:565:445:38:31:0.7690;2:599:450:13:11:0.2705;7:475:439:19:23:0.4668;7:631:384:88:96:0.8208,4,1:2:565:445:38:31;2:7:631:384:88:96;9:2:599:450:13:11;10:7:475:439:19:23,1,SAFE,inf
71,0,4,2:565:445:38:30:0.7744;2:599:450:14:12:0.2705;7:474:439:17:22:0.4590;7:631:384:91:97:0.8457,4,1:2:565:445:38:30;2:7:631:384:91:97;9:2:599:450:14:12;10:7:474:439:17:22,1,SAFE,inf
72,0,4,2:565:446:38:29:0.7705;2:600:450:13:12:0.2480;7:472:439:23:23:0.5566;7:632:383:91:98:0.8623,4,1:2:565:446:38:29;2:7:632:383:91:98;9:2:600:450:13:12;10:7:472:439:23:23,1,SAFE,inf
73,0,4,2:511:443:14:18:0.1147;2:565:446:39:31:0.7744;7:470:439:18:22:0.5371;7:632:382:94:99:0.8398,3,1:2:565:446:39:31;2:7:632:382:94:99;10:7:470:439:18:22,1,SAFE,inf
74,0,5,2:508:446:14:14:0.2959;2:566:446:38:32:0.7812;7:467:438:29:25:0.4763;7:597:425:42:50:0.1561;7:631:380:98:102:0.8398,3,1:2:566:446:38:32;2:7:631:380:98:102;10:7:467:438:29:25,1,SAFE,inf
75,0,5,2:566:446:38:32:0.7969;7:466:438:28:25:0.4392;7:507:443:16:17:0.2673;7:597:425:43:49:0.2095;7:633:379:98:104:0.8491,3,1:2:566:446:38:32;2:7:633:379:98:104;10:7:466:438:28:25,1,SAFE,21.235
76,0,5,2:567:445:37:30:0.7905;7:465:437:26:26:0.4717;7:506:442:17:18:0.3208;7:598:424:42:38:0.1848;7:635:378:98:104:0.8560,3,1:2:567:445:37:30;2:7:635:378:98:104;10:7:465:437:26:26,1,SAFE,19.584
77,0,5,2:567:445:38:30:0.7881;2:602:451:12:11:0.2134;7:462:438:22:24:0.4016;7:506:442:16:18:0.2629;7:637:376:99:106:0.8613,3,1:2:567:445:38:30;2:7:637:376:99:106;10:7:462:438:22:24,1,SAFE,32.824
78,0,5,2:540:448:13:10:0.2323;2:566:446:40:32:0.8042;2:602:451:12:11:0.2213;7:460:438:19:24:0.4131;7:637:376:102:107:0.8501,3,1:2:566:446:40:32;2:7:637:376:102:107;10:7:460:438:19:24,1,SAFE,17.175
79,0,6,2:504:448:13:12:0.2120;2:542:448:11:10:0.2043;2:567:445:38:30:0.8198;2:603:451:11:12:0.2281;7:458:437:29:26:0.4929;7:638:375:104:109:0.8730,3,1:2:567:445:38:30;2:7:638:375:104:109;10:7:458:437:29:26,1,SAFE,17.008
80,0,5,2:541:448:12:10:0.2480;2:566:446:41:31:0.8164;2:603:450:12:12:0.2629;7:455:437:35:26:0.5024;7:639:373:105:110:0.8740,4,1:2:566:446:41:31;2:7:639:373:105:110;10:7:455:437:35:26;12:2:603:450:12:12,1,SAFE,11.436
81,0,7,2:542:448:11:10:0.2069;2:567:446:40:31:0.8008;2:603:450:11:12:0.2394;5:502:441:17:19:0.2407;7:452:436:33:27:0.5190;7:469:434:19:28:0.2186;7:640:373:107:110:0.8550,3,1:2:567:446:40:31;2:7:640:373:107:110;10:7:452:436:33:27,1,SAFE,11.361
82,0,6,2:541:448:12:10:0.2255;2:567:446:40:31:0.8066;2:603:451:11:11:0.2351;7:449:435:30:29:0.5464;7:468:434:18:29:0.2554;7:640:371:110:115:0.8579,3,1:2:567:446:40:31;2:7:640:371:110:115;10:7:449:435:30:29,1,SAFE,11.754
83,0,6,2:567:446:40:31:0.7920;5:500:440:18:20:0.3721;7:447:436:24:28:0.5776;7:465:434:19:29:0.3667;7:600:424:45:38:0.1097;7:640:370:113:117:0.8569,3,1:2:567:446:40:31;2:7:640:370:113:117;10:7:447:436:24:28,1,SAFE,12.717
84,0,4,2:568:446:39:31:0.7773;5:499:440:16:20:0.2991;7:445:433:38:31:0.6636;7:642:369:113:118:0.8687,3,1:2:568:446:39:31;2:7:642:369:113:118;10:7:445:433:38:31,1,SAFE,25.222
85,0,4,2:568:446:39:31:0.7891;5:498:440:17:20:0.3630;7:442:433:39:32:0.6772;7:642:368:115:119:0.8809,4,1:2:568:446:39:31;2:7:642:368:115:119;10:7:442:433:39:32;13:5:498:440:17:20,1,SAFE,19.751
86,0,4,2:568:446:40:31:0.7744;5:497:440:19:20:0.3486;7:439:433:40:32:0.7422;7:643:366:119:122:0.9019,4,1:2:568:446:40:31;2:7:643:366:119:122;10:7:439:433:40:32;13:5:497:440:19:20,1,SAFE,29.820
87,0,4,2:569:446:39:31:0.7661;7:436:433:42:32:0.7725;7:495:440:20:20:0.3308;7:645:363:120:126:0.9097,4,1:2:569:446:39:31;2:7:645:363:120:126;10:7:436:433:42:32;13:7:495:440:20:20,1,SAFE,inf
88,0,4,2:569:446:39:31:0.7388;5:495:439:20:21:0.4570;7:432:431:44:34:0.7935;7:645:361:124:129:0.9141,4,1:2:569:446:39:31;2:7:645:361:124:129;10:7:432:431:44:34;13:5:495:439:20:21,1,SAFE,inf
89,0,4,2:569:446:39:31:0.7563;5:494:439:21:21:0.5176;7:429:431:45:35:0.6958;7:646:360:128:130:0.9155,4,1:2:569:446:39:31;2:7:646:360:128:130;10:7:429:431:45:35;13:5:494:439:21:21,1,SAFE,inf
90,0,4,2:569:446:39:31:0.7734;5:492:439:23:21:0.4534;7:425:430:47:36:0.8057;7:647:359:130:132:0.9072,4,1:2:569:446:39:31;2:7:647:359:130:132;10:7:425:430:47:36;13:5:492:439:23:21,1,SAFE,23.434
91,0,5,2:569:446:40:31:0.7866;2:606:450:9:12:0.2766;5:491:439:23:21:0.3774;7:421:429:50:37:0.7183;7:646:356:136:134:0.9238,4,1:2:569:446:40:31;2:7:646:356:136:134;10:7:421:429:50:37;13:5:491:439:23:21,1,SAFE,46.026
92,0,5,2:570:447:39:30:0.7788;2:606:450:9:13:0.2705;5:490:439:22:21:0.5391;7:418:430:49:37:0.7715;7:647:354:138:137:0.9087,4,1:2:570:447:39:30;2:7:647:354:138:137;10:7:418:430:49:37;13:5:490:439:22:21,1,SAFE,inf
93,0,5,2:570:447:39:30:0.7993;2:607:450:9:13:0.2281;5:489:439:23:21:0.4727;7:414:429:51:39:0.8086;7:648:353:138:139:0.9087,4,1:2:570:447:39:30;2:7:648:353:138:139;10:7:414:429:51:39;13:5:489:439:23:21,1,SAFE,inf
94,0,6,2:542:448:11:10:0.2268;2:570:446:40:30:0.8198;2:607:450:9:13:0.2598;5:487:438:24:22:0.5430;7:409:429:54:38:0.8164;7:647:350:148:141:0.9404,4,1:2:570:446:40:30;2:7:647:350:148:141;10:7:409:429:54:38;13:5:487:438:24:22,1,SAFE,inf
95,0,5,2:570:446:40:31:0.8164;2:607:450:9:13:0.2991;5:487:438:23:22:0.4590;7:403:428:56:39:0.7583;7:649:347:151:146:0.9497,4,1:2:570:446:40:31;2:7:649:347:151:146;10:7:403:428:56:39;13:5:487:438:23:22,1,SAFE,inf
96,0,5,2:570:446:40:31:0.8081;2:607:450:9:14:0.2268;5:484:438:25:22:0.5850;7:399:427:58:41:0.7109;7:651:346:154:147:0.9448,4,1:2:570:446:40:31;2:7:651:346:154:147;10:7:399:427:58:41;13:5:484:438:25:22,1,SAFE,inf
97,0,5,2:539:448:12:10:0.2407;2:570:446:40:31:0.8174;5:483:438:25:22:0.5000;7:394:426:59:43:0.7422;7:649:345:161:149:0.9448,4,1:2:570:446:40:31;2:7:649:345:161:149;10:7:394:426:59:43;13:5:483:438:25:22,1,SAFE,inf
98,0,5,2:539:448:11:11:0.2186;2:570:446:40:31:0.8130;5:480:437:27:24:0.4358;7:387:425:63:45:0.8013;7:650:342:165:153:0.9463,4,1:2:570:446:40:31;2:7:650:342:165:153;10:7:387:425:63:45;13:5:480:437:27:24,1,SAFE,inf
99,0,4,2:570:445:40:32:0.7920;7:382:424:65:46:0.7637;7:479:437:27:24:0.5215;7:650:339:171:156:0.9521,4,1:2:570:445:40:32;2:7:650:339:171:156;10:7:382:424:65:46;13:7:479:437:27:24,1,SAFE,inf
100,0,4,2:571:445:39:32:0.7622;7:376:424:68:47:0.7871;7:478:437:27:24:0.6187;7:651:337:175:160:0.9487,4,1:2:571:445:39:32;2:7:651:337:175:160;10:7:376:424:68:47;13:7:478:437:27:24,1,SAFE,22.636
101,0,4,2:571:445:39:32:0.7417;7:369:423:71:48:0.8311;7:476:437:27:25:0.6187;7:652:334:180:164:0.9365,4,1:2:571:445:39:32;2:7:652:334:180:164;10:7:369:423:71:48;13:7:476:437:27:25,1,SAFE,13.947
102,0,4,2:571:445:39:32:0.7402;7:362:421:74:50:0.8110;7:474:437:28:25:0.4844;7:652:331:188:169:0.9316,4,1:2:571:445:39:32;2:7:652:331:188:169;10:7:362:421:74:50;13:7:474:437:28:25,1,SAFE,10.436
103,0,5,2:571:445:40:32:0.7637;5:472:436:30:25:0.4980;7:354:421:78:50:0.8179;7:515:443:14:16:0.2255;7:653:329:193:171:0.9375,4,1:2:571:445:40:32;2:7:653:329:193:171;10:7:354:421:78:50;13:5:472:436:30:25,1,SAFE,8.580
104,0,5,2:572:446:39:31:0.7417;5:470:436:30:26:0.4707;7:346:419:83:53:0.8418;7:514:443:15:16:0.3577;7:654:325:199:177:0.9448,4,1:2:572:446:39:31;2:7:654:325:199:177;10:7:346:419:83:53;13:5:470:436:30:26,1,SAFE,9.084
105,0,6,2:529:446:19:13:0.2766;2:573:446:38:32:0.8154;5:468:436:30:27:0.3904;7:338:419:86:54:0.8301;7:513:444:16:15:0.3452;7:656:322:203:182:0.9585,4,1:2:573:446:38:32;2:7:656:322:203:182;10:7:338:419:86:54;13:5:468:436:30:27,1,SAFE,7.849
106,0,6,2:530:447:17:12:0.2766;2:573:446:39:32:0.7930;7:329:417:90:58:0.8257;7:466:436:32:27:0.3867;7:512:444:16:15:0.3904;7:657:318:211:187:0.9468,5,1:2:573:446:39:32;2:7:657:318:211:187;10:7:329:417:90:58;13:7:466:436:32:27;14:7:512:444:16:15,1,SAFE,7.075
107,0,6,2:528:446:19:13:0.2366;2:573:446:39:33:0.8081;7:321:417:93:59:0.8169;7:464:436:32:27:0.4321;7:511:444:17:15:0.4148;7:658:314:218:192:0.9556,5,1:2:573:446:39:33;2:7:658:314:218:192;10:7:321:417:93:59;13:7:464:436:32:27;14:7:511:444:17:15,1,SAFE,6.810
108,0,7,2:529:447:18:12:0.3225;2:573:446:40:32:0.8091;7:320:416:89:59:0.8276;7:462:435:32:28:0.5601;7:511:443:17:17:0.3577;7:600:423:69:57:0.1481;7:659:310:225:196:0.9478,5,1:2:573:446:40:32;2:7:659:310:225:196;10:7:320:416:89:59;13:7:462:435:32:28;14:7:511:443:17:17,1,SAFE,8.397
109,0,7,2:510:443:17:17:0.4302;2:534:449:13:10:0.2974;2:573:446:40:33:0.8188;5:459:435:34:29:0.4727;7:320:414:84:61:0.7339;7:599:424:70:53:0.1896;7:659:307:233:202:0.9434,5,1:2:573:446:40:33;2:7:659:307:233:202;10:7:320:414:84:61;13:5:459:435:34:29;14:2:510:443:17:17,1,SAFE,9.303
110,0,7,2:527:448:14:11:0.3040;2:535:448:11:10:0.3328;2:573:446:40:33:0.8208;7:320:412:78:64:0.7900;7:457:435:34:29:0.4111;7:508:443:18:17:0.3794;7:662:303:242:207:0.9351,6,1:2:573:446:40:33;2:7:662:303:242:207;10:7:320:412:78:64;13:7:457:435:34:29;14:7:508:443:18:17;15:2:535:448:11:10,1,SAFE,8.790
111,0,7,2:532:447:14:12:0.3960;2:573:446:40:33:0.8081;5:454:434:36:30:0.3486;7:320:410:70:65:0.7290;7:508:442:18:18:0.4629;7:597:423:75:54:0.1144;7:662:299:252:211:0.9316,5,1:2:573:446:40:33;2:7:662:299:252:211;10:7:320:410:70:65;13:5:454:434:36:30;14:7:508:442:18:18,1,SAFE,8.823
112,0,7,2:506:442:19:18:0.4629;2:526:447:14:12:0.3757;2:534:448:11:11:0.4055;2:573:446:40:33:0.8188;5:451:434:37:30:0.3943;7:251:407:134:73:0.6851;7:665:295:257:218:0.9365,7,1:2:573:446:40:33;2:7:665:295:257:218;10:7:251:407:134:73;13:5:451:434:37:30;14:2:506:442:19:18;15:2:526:447:14:12;16:2:534:448:11:11,1,SAFE,9.413
113,0,7,2:525:448:13:10:0.2659;2:536:448:8:10:0.2173;2:573:446:41:33:0.8398;7:235:406:143:77:0.7168;7:449:434:37:30:0.4436;7:506:442:19:18:0.4207;7:667:290:267:226:0.8730,7,1:2:573:446:41:33;2:7:667:290:267:226;10:7:235:406:143:77;13:7:449:434:37:30;14:7:506:442:19:18;15:2:525:448:13:10;16:2:536:448:8:10,1,SAFE,10.819
114,0,6,2:525:448:17:11:0.2407;2:574:446:40:33:0.8716;7:215:403:156:82:0.5249;7:447:434:37:31:0.4377;7:505:442:19:19:0.4226;7:667:283:280:235:0.9155,6,1:2:574:446:40:33;2:7:667:283:280:235;10:7:215:403:156:82;13:7:447:434:37:31;14:7:505:442:19:19;15:2:525:448:17:11,1,SAFE,10.088
115,0,8,2:524:447:16:12:0.2108;2:535:449:9:10:0.2310;2:574:446:39:33:0.8447;2:945:433:14:18:0.2510;7:193:400:168:86:0.5352;7:443:433:39:32:0.4436;7:504:441:19:19:0.4187;7:668:279:287:241:0.8784,6,1:2:574:446:39:33;2:7:668:279:287:241;10:7:193:400:168:86;13:7:443:433:39:32;14:7:504:441:19:19;15:2:524:447:16:12,1,SAFE,9.754
116,0,6,2:525:448:13:11:0.2815;2:574:446:40:33:0.8550;7:320:408:31:68:0.4585;7:441:432:40:33:0.5718;7:502:441:20:19:0.4629;7:668:275:286:247:0.8911,6,1:2:574:446:40:33;2:7:668:275:286:247;10:7:320:408:31:68;13:7:441:432:40:33;14:7:502:441:20:19;15:2:525:448:13:11,1,SAFE,9.744
117,0,5,2:575:446:38:32:0.8457;7:143:394:199:95:0.6001;7:437:431:41:34:0.4534;7:501:440:21:20:0.3040;7:671:264:319:259:0.8818,4,1:2:575:446:38:32;2:7:671:264:319:259;13:7:437:431:41:34;14:7:501:440:21:20,1,SAFE,13.092
118,0,5,2:575:446:39:31:0.8364;7:113:391:218:101:0.7090;7:433:431:44:34:0.2351;7:500:440:21:19:0.2644;7:670:275:289:249:0.9180,4,1:2:575:446:39:31;2:7:670:275:289:249;13:7:433:431:44:34;14:7:500:440:21:19,1,SAFE,37.952
119,0,5,2:575:445:39:31:0.8081;7:75:386:246:107:0.4885;7:431:431:43:33:0.2043;7:499:440:20:19:0.3611;7:673:246:352:282:0.8887,5,1:2:575:445:39:31;2:7:673:246:352:282;13:7:431:431:43:33;14:7:499:440:20:19;17:7:75:386:246:107,1,SAFE,inf
120,0,6,2:576:446:38:31:0.8447;7:35:382:272:115:0.6592;7:426:430:47:36:0.4167;7:497:440:22:19:0.3276;7:676:274:283:254:0.9243;7:743:436:256:92:0.1091,5,1:2:576:446:38:31;2:7:676:274:283:254;13:7:426:430:47:36;14:7:497:440:22:19;17:7:35:382:272:115,1,SAFE,inf
121,0,4,2:577:446:38:31:0.8398;7:422:430:47:36:0.3577;7:496:440:22:20:0.2861;7:674:274:285:256:0.9268,4,1:2:577:446:38:31;2:7:674:274:285:256;13:7:422:430:47:36;14:7:496:440:22:20,1,SAFE,inf
122,0,5,2:577:446:38:31:0.8198;7:0:369:278:132:0.5371;7:418:430:49:37:0.5581;7:495:440:22:20:0.2783;7:676:274:283:256:0.9390,5,1:2:577:446:38:31;2:7:676:274:283:256;13:7:418:430:49:37;14:7:495:440:22:20;17:7:0:369:278:132,1,SAFE,inf
123,0,4,2:577:446:39:32:0.8174;7:414:429:51:39:0.3552;7:493:440:23:20:0.2991;7:680:274:279:256:0.9375,4,1:2:577:446:39:32;2:7:680:274:279:256;13:7:414:429:51:39;14:7:493:440:23:20,1,SAFE,inf
124,0,3,2:577:446:39:32:0.7637;7:408:429:54:42:0.4922;7:682:274:277:255:0.9204,3,1:2:577:446:39:32;2:7:682:274:277:255;13:7:408:429:54:42,1,SAFE,inf
125,0,3,2:578:446:39:33:0.7881;7:405:429:55:40:0.6006;7:684:274:275:256:0.9341,3,1:2:578:446:39:33;2:7:684:274:275:256;13:7:405:429:55:40,1,SAFE,inf
126,0,3,2:578:446:39:33:0.7759;7:399:429:58:42:0.4932;7:682:275:277:255:0.9307,3,1:2:578:446:39:33;2:7:682:275:277:255;13:7:399:429:58:42,1,SAFE,inf
127,0,5,2:526:449:16:10:0.2451;2:578:446:39:33:0.7231;7:393:428:61:42:0.4609;7:488:440:23:22:0.2268;7:684:275:275:255:0.9268,3,1:2:578:446:39:33;2:7:684:275:275:255;13:7:393:428:61:42,1,SAFE,inf
128,0,4,2:579:446:38:33:0.7720;7:387:427:64:42:0.3486;7:486:440:24:21:0.2737;7:686:275:273:255:0.9238,4,1:2:579:446:38:33;2:7:686:275:273:255;13:7:387:427:64:42;14:7:486:440:24:21,1,SAFE,33.150
129,0,4,2:579:446:39:33:0.7881;7:0:356:94:150:0.1912;7:384:425:62:45:0.3611;7:687:275:272:255:0.9424,3,1:2:579:446:39:33;2:7:687:275:272:255;13:7:384:425:62:45,1,SAFE,13.604
130,0,5,2:579:446:38:33:0.7852;7:0:355:50:143:0.1505;7:376:424:66:46:0.4243;7:483:440:25:22:0.2366;7:688:275:271:256:0.9438,3,1:2:579:446:38:33;2:7:688:275:271:256;13:7:376:424:66:46,1,SAFE,8.558
131,0,4,2:579:446:39:32:0.7720;7:370:423:70:47:0.1666;7:481:439:25:23:0.3850;7:690:275:269:256:0.9385,4,1:2:579:446:39:32;2:7:690:275:269:256;13:7:370:423:70:47;14:7:481:439:25:23,1,SAFE,7.292
132,0,4,2:579:446:40:31:0.7891;7:361:423:75:50:0.3154;7:480:439:25:22:0.2861;7:692:275:267:257:0.9434,4,1:2:579:446:40:31;2:7:692:275:267:257;13:7:361:423:75:50;14:7:480:439:25:22,1,SAFE,9.044
133,0,4,2:580:446:39:31:0.7881;7:353:422:78:51:0.3821;7:478:438:27:24:0.2893;7:693:275:266:256:0.9517,4,1:2:580:446:39:31;2:7:693:275:266:256;13:7:353:422:78:51;14:7:478:438:27:24,1,SAFE,16.604
134,0,4,2:581:446:38:31:0.7920;7:345:421:83:53:0.5317;7:476:438:27:23:0.4475;7:695:275:264:256:0.9497,4,1:2:581:446:38:31;2:7:695:275:264:256;13:7:345:421:83:53;14:7:476:438:27:23,1,SAFE,inf
135,0,4,2:581:446:39:31:0.7578;7:337:419:86:56:0.4834;7:474:437:28:25:0.4358;7:698:275:261:256:0.9658,4,1:2:581:446:39:31;2:7:698:275:261:256;13:7:337:419:86:56;14:7:474:437:28:25,1,SAFE,inf
136,0,4,2:581:446:39:32:0.7461;7:326:417:92:58:0.4255;7:472:437:29:24:0.3276;7:700:274:259:257:0.9736,4,1:2:581:446:39:32;2:7:700:274:259:257;13:7:326:417:92:58;14:7:472:437:29:24,1,SAFE,inf
137,0,5,2:581:446:39:29:0.7090;7:320:416:93:61:0.7368;7:469:436:29:25:0.3452;7:703:274:256:258:0.9731;7:717:374:562:274:0.1357,4,1:2:581:446:39:29;2:7:703:274:256:258;13:7:320:416:93:61;14:7:469:436:29:25,1,SAFE,inf
138,0,4,2:581:446:39:29:0.7280;7:320:415:87:62:0.6045;7:467:436:30:25:0.3057;7:705:275:254:256:0.9604,4,1:2:581:446:39:29;2:7:705:275:254:256;13:7:320:415:87:62;14:7:467:436:30:25,1,SAFE,inf
139,0,4,2:581:445:40:32:0.7202;7:320:413:81:63:0.5410;7:464:435:33:26:0.4226;7:706:275:253:256:0.9463,4,1:2:581:445:40:32;2:7:706:275:253:256;13:7:320:413:81:63;14:7:464:435:33:26,1,SAFE,inf
140,0,4,2:582:445:39:32:0.7402;7:280:411:114:65:0.3040;7:462:434:34:27:0.4883;7:710:275:249:254:0.9370,4,1:2:582:445:39:32;2:7:710:275:249:254;13:7:280:411:114:65;14:7:462:434:34:27,1,SAFE,inf
141,0,3,2:582:444:39:33:0.7646;7:460:434:33:26:0.2213;7:714:274:245:252:0.8765,3,1:2:582:444:39:33;2:7:714:274:245:252;14:7:460:434:33:26,1,SAFE,inf
142,0,3,2:582:444:40:33:0.7744;7:457:434:34:27:0.3999;7:717:275:242:254:0.8823,3,1:2:582:444:40:33;2:7:717:275:242:254;14:7:457:434:34:27,1,SAFE,inf
143,0,2,2:582:444:41:33:0.8164;7:719:275:240:255:0.9258,2,1:2:582:444:41:33;2:7:719:275:240:255,1,SAFE,inf
144,0,3,2:474:450:13:10:0.3721;2:582:444:41:33:0.7690;7:722:274:237:257:0.9229,3,1:2:582:444:41:33;2:7:722:274:237:257;14:2:474:450:13:10,1,SAFE,11.568
145,0,3,2:583:445:41:32:0.7339;7:450:433:35:29:0.4092;7:726:275:233:256:0.9141,2,1:2:583:445:41:32;2:7:726:275:233:256,1,SAFE,7.634
146,0,4,2:496:450:14:10:0.3757;2:584:446:40:31:0.7358;7:446:433:38:30:0.2120;7:729:274:230:257:0.9048,2,1:2:584:446:40:31;2:7:729:274:230:257,1,SAFE,7.770
147,0,5,2:496:450:12:10:0.3091;2:585:445:39:33:0.7402;7:443:433:38:31:0.3701;7:733:275:226:255:0.8940;7:746:377:533:239:0.2903,2,1:2:585:445:39:33;2:7:733:275:226:255,1,SAFE,6.691
148,0,4,2:585:445:39:33:0.7188;7:441:433:38:31:0.4358;7:737:275:222:255:0.9033;7:748:388:531:191:0.1155,3,1:2:585:445:39:33;2:7:737:275:222:255;18:7:441:433:38:31,1,SAFE,6.115
149,0,3,2:586:445:38:33:0.6758;7:437:433:40:32:0.2878;7:742:275:217:255:0.9141,3,1:2:586:445:38:33;2:7:742:275:217:255;18:7:437:433:40:32,1,SAFE,5.851
150,0,3,2:585:446:40:32:0.7251;7:433:432:43:33:0.2437;7:746:275:213:254:0.9097,3,1:2:585:446:40:32;2:7:746:275:213:254;18:7:433:432:43:33,1,SAFE,6.733
151,0,4,2:586:446:39:33:0.8232;7:429:432:45:33:0.2310;7:751:275:208:255:0.9341;7:756:412:523:185:0.1255,3,1:2:586:446:39:33;2:7:751:275:208:255;18:7:429:432:45:33,1,SAFE,5.780
152,0,4,2:587:447:39:32:0.7734;7:426:432:45:34:0.2466;7:756:275:203:255:0.9380;7:1035:412:244:193:0.1968,3,1:2:587:447:39:32;2:7:756:275:203:255;18:7:426:432:45:34,1,SAFE,11.517
153,0,7,2:484:452:15:11:0.2494;2:503:450:12:10:0.3276;2:511:450:11:10:0.3025;2:586:448:41:30:0.7622;7:422:432:46:33:0.4131;7:761:275:198:255:0.9307;7:1072:412:207:192:0.2744,3,1:2:586:448:41:30;2:7:761:275:198:255;18:7:422:432:46:33,1,SAFE,inf
154,0,6,2:479:450:20:12:0.2798;2:502:450:12:10:0.2798;2:512:449:11:10:0.2200;2:587:446:40:33:0.7720;7:418:430:48:36:0.4746;7:769:274:190:256:0.9399,3,1:2:587:446:40:33;2:7:769:274:190:256;18:7:418:430:48:36,1,SAFE,inf
155,0,4,2:477:452:16:11:0.2018;2:588:447:40:33:0.8081;7:413:431:51:36:0.3469;7:774:274:185:256:0.9463,3,1:2:588:447:40:33;2:7:774:274:185:256;18:7:413:431:51:36,1,SAFE,inf
156,0,4,2:474:443:24:20:0.2286;2:588:447:40:33:0.8276;7:409:430:52:38:0.4883;7:781:274:178:256:0.9424,3,1:2:588:447:40:33;2:7:781:274:178:256;18:7:409:430:52:38,1,SAFE,inf
157,0,4,2:471:445:24:18:0.2111;2:588:447:40:33:0.8354;7:405:429:53:39:0.2605;7:788:275:171:254:0.8916,3,1:2:588:447:40:33;2:7:788:275:171:254;18:7:405:429:53:39,1,SAFE,inf
158,0,4,2:469:452:22:12:0.3091;2:589:447:40:32:0.8579;7:399:429:57:40:0.4746;7:797:6:482:636:0.9258,4,1:2:589:447:40:32;2:7:797:6:482:636;18:7:399:429:57:40;19:2:469:452:22:12,1,SAFE,inf
159,0,4,2:466:452:19:11:0.2295;2:589:446:40:33:0.8760;7:394:427:58:43:0.5737;7:804:4:475:659:0.9385,4,1:2:589:446:40:33;2:7:804:4:475:659;18:7:394:427:58:43;19:2:466:452:19:11,1,SAFE,25.106
160,0,5,2:463:452:19:12:0.2281;2:508:449:15:10:0.2539;2:589:446:40:33:0.8491;7:389:427:61:43:0.5469;7:813:5:466:674:0.9258,4,1:2:589:446:40:33;2:7:813:5:466:674;18:7:389:427:61:43;19:2:463:452:19:12,1,SAFE,22.962
161,0,5,2:460:451:27:13:0.2095;2:489:451:14:10:0.2310;2:507:449:18:10:0.3293;2:590:447:41:32:0.8843;7:825:274:134:256:0.8672,3,1:2:590:447:41:32;2:7:825:274:134:256;19:2:460:451:27:13,1,SAFE,inf
162,0,4,2:456:451:28:13:0.2737;2:590:446:41:33:0.8589;7:378:425:65:45:0.3035;7:837:274:122:256:0.8760,3,1:2:590:446:41:33;18:7:378:425:65:45;19:2:456:451:28:13,1,SAFE,inf
163,0,5,2:452:452:24:12:0.2847;2:503:449:13:10:0.3140;2:590:446:41:33:0.8291;7:370:424:69:45:0.3115;7:850:4:429:636:0.9424,3,1:2:590:446:41:33;18:7:370:424:69:45;19:2:452:452:24:12,1,SAFE,24.700
164,0,5,2:448:451:22:13:0.3242;2:483:450:17:10:0.4341;2:501:447:15:11:0.3794;2:591:445:40:34:0.8481;7:863:6:416:628:0.9355,3,1:2:591:445:40:34;19:2:448:451:22:13;20:7:863:6:416:628,1,SAFE,11.597
165,0,7,2:444:452:19:13:0.4302;2:480:450:17:10:0.3667;2:500:448:14:11:0.3831;2:591:445:41:34:0.8091;7:352:421:79:50:0.4785;7:461:437:25:23:0.3398;7:880:6:399:640:0.9390,5,1:2:591:445:41:34;18:7:352:421:79:50;19:2:444:452:19:13;20:7:880:6:399:640;21:2:500:448:14:11,1,SAFE,9.763
166,0,6,2:341:446:46:25:0.4417;2:439:451:20:14:0.3960;2:476:451:16:10:0.3904;2:499:448:16:11:0.2991;2:591:445:41:34:0.8530;7:898:4:381:639:0.9346,6,1:2:591:445:41:34;18:2:341:446:46:25;19:2:439:451:20:14;20:7:898:4:381:639;21:2:499:448:16:11;22:2:476:451:16:10,1,SAFE,7.221
167,0,6,2:326:445:51:27:0.5508;2:436:452:21:13:0.3630;2:501:449:14:10:0.3887;2:521:449:11:10:0.2031;2:592:445:40:35:0.8633;7:917:7:362:630:0.8682,5,1:2:592:445:40:35;18:2:326:445:51:27;19:2:436:452:21:13;20:7:917:7:362:630;21:2:501:449:14:10,1,SAFE,5.998
168,0,6,2:431:452:22:13:0.3667;2:494:449:12:10:0.2323;2:592:446:41:34:0.8345;7:321:418:98:55:0.5571;7:455:437:27:25:0.2240;7:938:4:341:653:0.8579,5,1:2:592:446:41:34;18:7:321:418:98:55;19:2:431:452:22:13;20:7:938:4:341:653;21:2:494:449:12:10,1,SAFE,9.227
169,0,7,2:295:450:35:25:0.1919;2:427:452:23:15:0.3979;2:492:449:15:11:0.3943;2:505:449:11:11:0.2018;2:593:446:41:34:0.7759;7:320:418:93:58:0.3994;7:967:5:312:659:0.8740,5,1:2:593:446:41:34;18:7:320:418:93:58;19:2:427:452:23:15;20:7:967:5:312:659;21:2:492:449:15:11,1,SAFE,8.456
170,0,8,2:274:454:35:23:0.2173;2:306:448:36:28:0.2018;2:421:451:25:17:0.6318;2:490:449:14:12:0.4590;2:496:449:20:11:0.2991;2:594:446:40:33:0.7549;7:450:438:33:26:0.3740;7:996:4:283:665:0.8257,6,1:2:594:446:40:33;18:2:306:448:36:28;19:2:421:451:25:17;20:7:996:4:283:665;21:2:490:449:14:12;22:7:450:438:33:26,1,SAFE,9.750
171,0,8,2:252:445:77:35:0.3811;2:414:452:26:16:0.6533;2:488:449:16:11:0.5020;2:499:449:17:11:0.2407;2:594:446:40:33:0.7720;7:294:415:112:59:0.1208;7:448:438:33:26:0.3423;7:1032:3:247:670:0.8301,6,1:2:594:446:40:33;18:2:252:445:77:35;19:2:414:452:26:16;20:7:1032:3:247:670;21:2:488:449:16:11;22:7:448:438:33:26,1,SAFE,11.510
172,0,7,2:224:448:59:34:0.3074;2:409:452:28:16:0.6929;2:456:452:25:12:0.2598;2:487:449:15:12:0.5000;2:594:446:41:33:0.7490;2:1076:2:203:678:0.4072;7:446:437:30:27:0.2690,6,1:2:594:446:41:33;18:2:224:448:59:34;19:2:409:452:28:16;20:2:1076:2:203:678;21:2:487:449:15:12;22:7:446:437:30:27,1,SAFE,14.046
173,0,7,2:193:448:80:38:0.4302;2:403:452:28:17:0.6353;2:485:449:15:12:0.6113;2:503:451:12:10:0.2095;2:595:446:40:33:0.7310;7:443:438:34:27:0.4646;7:1128:3:151:653:0.3811,6,1:2:595:446:40:33;18:2:193:448:80:38;19:2:403:452:28:17;20:7:1128:3:151:653;21:2:485:449:15:12;22:7:443:438:34:27,1,SAFE,34.297
174,0,7,2:156:446:102:41:0.4688;2:395:452:31:18:0.6826;2:482:448:17:13:0.5195;2:499:450:14:10:0.2539;2:595:446:40:34:0.7280;7:440:437:33:28:0.6626;7:1205:48:74:590:0.2227,6,1:2:595:446:40:34;18:2:156:446:102:41;19:2:395:452:31:18;20:7:1205:48:74:590;21:2:482:448:17:13;22:7:440:437:33:28,1,SAFE,30.728
175,0,7,2:111:446:116:45:0.7476;2:387:452:33:19:0.7969;2:479:449:17:12:0.4824;2:498:451:16:10:0.2673;2:595:446:41:34:0.7461;7:320:413:59:62:0.3374;7:437:437:35:28:0.5498,5,1:2:595:446:41:34;18:2:111:446:116:45;19:2:387:452:33:19;21:2:479:449:17:12;22:7:437:437:35:28,1,SAFE,30.549
176,0,7,2:58:444:136:53:0.7295;2:379:452:35:20:0.6548;2:478:449:17:13:0.4902;2:492:452:18:10:0.3123;2:596:447:41:33:0.7637;7:223:407:150:76:0.3198;7:433:436:35:30:0.6475,5,1:2:596:447:41:33;18:2:58:444:136:53;19:2:379:452:35:20;21:2:478:449:17:13;22:7:433:436:35:30,1,SAFE,inf
177,0,5,2:7:440:144:62:0.6372;2:369:452:38:21:0.6875;2:476:448:16:15:0.2878;2:596:447:42:33:0.7705;7:431:437:35:29:0.5537,5,1:2:596:447:42:33;18:2:7:440:144:62;19:2:369:452:38:21;21:2:476:448:16:15;22:7:431:437:35:29,1,SAFE,inf
178,0,7,2:0:431:101:81:0.3948;2:359:451:39:22:0.7251;2:472:448:17:15:0.4609;2:488:451:18:11:0.2480;2:508:450:22:10:0.4941;2:597:447:41:34:0.8081;7:427:436:35:30:0.4924,5,1:2:597:447:41:34;18:2:0:431:101:81;19:2:359:451:39:22;21:2:472:448:17:15;22:7:427:436:35:30,1,SAFE,inf
179,0,7,2:0:436:33:72:0.1624;2:347:451:43:22:0.7358;2:470:449:18:13:0.4263;2:504:450:14:10:0.3008;2:507:449:22:11:0.4863;2:597:447:41:33:0.8188;7:423:435:37:31:0.6221,5,1:2:597:447:41:33;18:2:0:436:33:72;19:2:347:451:43:22;21:2:470:449:18:13;22:7:423:435:37:31,1,SAFE,inf
180,0,6,2:335:451:44:22:0.6689;2:468:449:18:14:0.3242;2:510:449:18:10:0.3486;2:597:447:40:32:0.8164;7:125:393:213:96:0.3970;7:419:434:38:32:0.3396,5,1:2:597:447:40:32;19:2:335:451:44:22;21:2:468:449:18:14;22:7:419:434:38:32;23:2:510:449:18:10,1,SAFE,inf
181,0,7,2:322:450:46:24:0.7056;2:428:451:24:15:0.3811;2:464:448:18:14:0.3140;2:501:450:16:10:0.3433;2:505:449:22:11:0.3667;2:597:447:41:32:0.8008;7:90:387:235:104:0.3325,5,1:2:597:447:41:32;19:2:322:450:46:24;21:2:464:448:18:14;22:2:428:451:24:15;23:2:505:449:22:11,1,SAFE,inf
182,0,5,2:320:449:37:27:0.6909;2:462:449:18:13:0.2612;2:510:448:16:11:0.2437;2:598:447:39:32:0.7969;7:411:431:38:35:0.5400,5,1:2:598:447:39:32;19:2:320:449:37:27;21:2:462:449:18:13;22:7:411:431:38:35;23:2:510:448:16:11,1,SAFE,inf
183,0,4,2:320:449:23:27:0.5137;2:499:449:26:10:0.4358;2:598:446:40:33:0.7812;7:406:432:40:34:0.6558,4,1:2:598:446:40:33;19:2:320:449:23:27;22:7:406:432:40:34;23:2:499:449:26:10,1,SAFE,inf
184,0,6,2:266:449:64:29:0.5757;2:455:448:21:15:0.3831;2:499:449:19:10:0.3486;2:509:448:16:11:0.2227;2:598:446:40:34:0.7476;7:401:431:42:35:0.7129,5,1:2:598:446:40:34;19:2:266:449:64:29;21:2:455:448:21:15;22:7:401:431:42:35;23:2:499:449:19:10,1,SAFE,inf
185,0,5,2:246:447:67:33:0.6636;2:452:448:21:15:0.4111;2:599:447:40:33:0.8276;7:396:431:44:36:0.7148;7:475:442:19:19:0.2227,5,1:2:599:447:40:33;19:2:246:447:67:33;21:2:452:448:21:15;22:7:396:431:44:36;23:7:475:442:19:19,1,SAFE,inf
186,0,7,2:218:447:76:35:0.2991;2:448:447:21:16:0.4495;2:503:449:13:10:0.2437;2:592:450:9:11:0.2629;2:599:446:40:33:0.8154;7:392:430:40:37:0.6533;7:474:441:19:19:0.2134,5,1:2:599:446:40:33;19:2:218:447:76:35;21:2:448:447:21:16;22:7:392:430:40:37;23:7:474:441:19:19,1,SAFE,inf
187,0,7,2:185:449:87:35:0.4377;2:444:448:24:16:0.4863;2:492:449:15:10:0.3721;2:592:451:8:11:0.2255;2:599:447:41:33:0.8042;7:384:429:49:39:0.6489;7:472:442:20:19:0.2737,5,1:2:599:447:41:33;19:2:185:449:87:35;21:2:444:448:24:16;22:7:384:429:49:39;23:7:472:442:20:19,1,SAFE,inf
188,0,7,2:154:449:91:37:0.3293;2:440:447:25:18:0.5698;2:492:449:18:11:0.2466;2:510:448:12:11:0.3191;2:591:452:10:10:0.2095;2:599:447:41:33:0.8008;7:380:428:50:41:0.5933,5,1:2:599:447:41:33;19:2:154:449:91:37;21:2:440:447:25:18;22:7:380:428:50:41;23:2:492:449:18:11,1,SAFE,inf
189,0,7,2:127:447:91:40:0.3943;2:436:446:25:18:0.5566;2:491:449:18:10:0.2925;2:509:448:12:11:0.3293;2:590:451:10:11:0.2323;2:599:446:41:34:0.7827;7:375:427:51:41:0.5581,6,1:2:599:446:41:34;19:2:127:447:91:40;21:2:436:446:25:18;22:7:375:427:51:41;23:2:491:449:18:10;24:2:509:448:12:11,1,SAFE,inf
190,0,8,2:53:447:131:46:0.3311;2:431:446:27:19:0.5757;2:465:450:18:12:0.2379;2:486:450:13:10:0.2451;2:494:449:15:10:0.2108;2:507:448:14:10:0.3701;2:600:447:41:32:0.7983;7:367:427:54:43:0.7393,6,1:2:600:447:41:32;19:2:53:447:131:46;21:2:431:446:27:19;22:7:367:427:54:43;23:2:494:449:15:10;24:2:507:448:14:10,1,SAFE,inf
191,0,6,2:0:445:141:53:0.2991;2:427:446:26:19:0.6792;2:507:448:12:10:0.2925;2:600:447:41:32:0.8115;7:357:426:60:44:0.7031;7:462:441:22:21:0.2134,5,1:2:600:447:41:32;19:2:0:445:141:53;21:2:427:446:26:19;22:7:357:426:60:44;24:2:507:448:12:10,1,SAFE,inf
192,0,8,2:1:444:85:55:0.1561;2:346:448:44:24:0.7959;2:422:445:26:20:0.6318;2:483:450:13:10:0.2612;2:502:448:16:11:0.3174;2:600:447:40:33:0.8042;7:350:425:62:43:0.5503;7:460:441:23:21:0.3140,6,1:2:600:447:40:33;19:2:1:444:85:55;21:2:422:445:26:20;22:7:350:425:62:43;23:2:483:450:13:10;24:2:502:448:16:11,1,SAFE,inf
193,0,5,2:416:446:28:20:0.5850;2:457:450:25:13:0.3367;2:503:448:14:11:0.2974;2:600:447:40:33:0.7676;7:336:425:71:48:0.7759,4,1:2:600:447:40:33;21:2:416:446:28:20;22:7:336:425:71:48;24:2:503:448:14:11,1,SAFE,43.559
194,0,6,2:410:446:30:21:0.4534;2:453:450:25:13:0.2659;2:478:451:14:11:0.2186;2:494:448:22:11:0.2323;2:599:447:42:33:0.7959;7:324:424:79:49:0.7744,5,1:2:599:447:42:33;21:2:410:446:30:21;22:7:324:424:79:49;24:2:494:448:22:11;25:2:453:450:25:13,1,SAFE,30.271
195,0,7,2:404:445:32:22:0.7007;2:449:448:26:15:0.3101;2:476:450:12:10:0.2366;2:488:448:14:11:0.2422;2:502:448:12:10:0.3328;2:599:446:42:34:0.6929;7:322:422:75:50:0.7290,5,1:2:599:446:42:34;21:2:404:445:32:22;22:7:322:422:75:50;24:2:502:448:12:10;25:2:449:448:26:15,1,SAFE,25.555
196,0,6,2:397:444:29:23:0.5737;2:445:452:20:12:0.5039;2:475:450:14:10:0.2815;2:501:448:12:11:0.2705;2:599:447:42:33:0.7520;7:321:421:69:51:0.8325,6,1:2:599:447:42:33;21:2:397:444:29:23;22:7:321:421:69:51;23:2:475:450:14:10;24:2:501:448:12:11;25:2:445:452:20:12,1,SAFE,inf
197,0,8,2:275:454:26:21:0.1412;2:390:444:36:23:0.5137;2:442:451:20:13:0.3157;2:474:450:15:10:0.3540;2:487:448:13:11:0.2120;2:500:448:12:10:0.2751;2:599:446:42:34:0.7417;7:320:420:64:53:0.7129,6,1:2:599:446:42:34;21:2:390:444:36:23;22:7:320:420:64:53;23:2:474:450:15:10;24:2:500:448:12:10;25:2:442:451:20:13,1,SAFE,inf
198,0,9,2:254:453:35:23:0.2407;2:382:444:37:24:0.6318;2:438:451:19:13:0.5137;2:469:450:14:10:0.2366;2:484:449:14:10:0.2830;2:587:452:10:10:0.3259;2:599:447:41:33:0.7446;7:320:419:57:52:0.7954;7:449:438:20:23:0.2783,5,1:2:599:447:41:33;21:2:382:444:37:24;22:7:320:419:57:52;23:2:484:449:14:10;25:2:438:451:19:13,1,SAFE,inf
199,0,9,2:232:453:41:26:0.1603;2:241:449:62:30:0.1417;2:374:444:39:25:0.6021;2:433:451:21:14:0.5000;2:478:449:18:11:0.2437;2:497:448:13:10:0.2737;2:599:447:41:33:0.7661;7:320:418:50:53:0.7036;7:447:439:22:22:0.2227,5,1:2:599:447:41:33;21:2:374:444:39:25;22:7:320:418:50:53;23:2:497:448:13:10;25:2:433:451:21:14,1,SAFE,38.673
200,0,9,2:205:449:78:33:0.3684;2:364:443:45:27:0.6133;2:429:452:21:13:0.5352;2:465:450:15:12:0.2422;2:479:448:16:12:0.2568;2:495:448:13:11:0.3594;2:598:447:43:33:0.7969;7:320:417:42:55:0.6738;7:444:439:22:22:0.5039,6,1:2:598:447:43:33;21:2:364:443:45:27;22:7:320:417:42:55;23:2:495:448:13:11;24:2:479:448:16:12;25:2:429:452:21:13,1,SAFE,43.746
201,0,10,2:171:455:34:28:0.1036;2:354:443:48:28:0.6333;2:425:451:21:14:0.5547;2:462:451:16:11:0.3486;2:478:449:14:11:0.3191;2:493:448:14:11:0.5078;2:598:446:42:34:0.7827;7:260:421:46:52:0.1348;7:320:417:34:56:0.6450;7:441:438:23:23:0.5679,6,1:2:598:446:42:34;21:2:354:443:48:28;22:7:320:417:34:56;23:2:493:448:14:11;24:2:478:449:14:11;25:2:425:451:21:14,1,SAFE,23.681
202,0,10,2:137:444:99:42:0.4922;2:344:441:49:30:0.6533;2:419:450:21:14:0.3757;2:460:450:16:11:0.3757;2:475:448:17:11:0.3433;2:492:447:14:11:0.5527;2:587:451:10:10:0.2006;2:598:446:42:34:0.7661;7:243:413:105:62:0.8345;7:438:438:22:24:0.4092,6,1:2:598:446:42:34;21:2:344:441:49:30;23:2:492:447:14:11;24:2:475:448:17:11;25:2:419:450:21:14;26:7:438:438:22:24,1,SAFE,17.123
203,0,9,2:92:443:117:45:0.6494;2:332:440:52:31:0.6318;2:413:450:24:15:0.4456;2:458:450:14:10:0.3345;2:474:448:15:11:0.2351;2:490:447:14:12:0.3540;2:598:446:42:34:0.7646;7:227:410:109:66:0.8398;7:434:438:24:24:0.4417,8,1:2:598:446:42:34;21:2:332:440:52:31;23:2:490:447:14:12;24:2:474:448:15:11;25:2:413:450:24:15;26:7:434:438:24:24;27:2:458:450:14:10;28:7:227:410:109:66,1,SAFE,14.010
204,0,8,2:37:443:139:49:0.6206;2:321:440:53:32:0.6387;2:408:450:24:15:0.5869;2:454:451:14:10:0.2720;2:489:447:14:12:0.4844;2:598:446:42:34:0.7788;7:208:408:119:69:0.7124;7:431:437:24:25:0.4785,8,1:2:598:446:42:34;21:2:321:440:53:32;23:2:489:447:14:12;25:2:408:450:24:15;26:7:431:437:24:25;27:2:454:451:14:10;28:7:208:408:119:69;29:2:37:443:139:49,1,SAFE,9.370
205,0,10,2:1:441:134:55:0.6299;2:401:449:25:17:0.3540;2:451:451:15:10:0.3008;2:468:448:16:11:0.2240;2:486:447:15:12:0.5527;2:586:451:10:10:0.2186;2:598:446:42:34:0.7866;7:187:407:129:71:0.5664;7:320:439:44:33:0.5679;7:428:437:23:25:0.5659,8,1:2:598:446:42:34;21:7:320:439:44:33;23:2:486:447:15:12;25:2:401:449:25:17;26:7:428:437:23:25;27:2:451:451:15:10;28:7:187:407:129:71;29:2:1:441:134:55,1,SAFE,11.092
206,0,8,2:0:417:85:82:0.2737;2:394:450:26:17:0.4456;2:469:448:13:12:0.2629;2:485:447:15:11:0.5410;2:598:446:41:34:0.7661;7:163:403:139:77:0.6030;7:320:438:32:35:0.6152;7:424:436:26:26:0.6021,8,1:2:598:446:41:34;21:7:320:438:32:35;23:2:485:447:15:11;25:2:394:450:26:17;26:7:424:436:26:26;27:2:469:448:13:12;28:7:163:403:139:77;29:2:0:417:85:82,1,SAFE,14.903
207,0,7,2:386:450:28:17:0.5059;2:446:451:13:10:0.2959;2:484:447:14:12:0.5566;2:598:446:41:34:0.7202;7:138:401:151:80:0.6387;7:320:437:19:33:0.5850;7:420:434:27:28:0.3328,7,1:2:598:446:41:34;21:7:320:437:19:33;23:2:484:447:14:12;24:2:446:451:13:10;25:2:386:450:28:17;26:7:420:434:27:28;28:7:138:401:151:80,1,SAFE,15.648
208,0,7,2:380:447:34:20:0.3999;2:460:447:17:13:0.2598;2:482:447:14:11:0.3311;2:598:446:41:34:0.7881;7:109:398:165:86:0.4241;7:245:436:80:40:0.1592;7:417:433:28:29:0.2494,7,1:2:598:446:41:34;21:7:245:436:80:40;23:2:482:447:14:11;24:2:460:447:17:13;25:2:380:447:34:20;26:7:417:433:28:29;28:7:109:398:165:86,1,SAFE,17.386
209,0,4,2:369:449:36:19:0.4016;2:480:446:15:13:0.3225;2:597:446:41:34:0.7798;7:77:394:229:92:0.4448,4,1:2:597:446:41:34;23:2:480:446:15:13;25:2:369:449:36:19;28:7:77:394:229:92,1,SAFE,20.864
210,0,8,2:193:432:97:47:0.7251;2:361:448:38:21:0.4187;2:455:448:18:12:0.3040;2:477:446:16:12:0.4016;2:584:451:10:10:0.2134;2:596:446:42:33:0.7720;7:39:389:203:99:0.7632;7:409:433:39:30:0.4207,7,1:2:596:446:42:33;21:2:193:432:97:47;23:2:477:446:16:12;24:2:455:448:18:12;25:2:361:448:38:21;26:7:409:433:39:30;28:7:39:389:203:99,1,SAFE,26.080
211,0,7,2:159:432:110:52:0.6304;2:351:448:40:22:0.6152;2:451:447:18:14:0.2925;2:476:445:16:14:0.4397;2:596:446:42:33:0.7891;7:0:385:221:104:0.7666;7:404:433:44:31:0.5054,7,1:2:596:446:42:33;21:2:159:432:110:52;23:2:476:445:16:14;24:2:451:447:18:14;25:2:351:448:40:22;26:7:404:433:44:31;28:7:0:385:221:104,1,SAFE,inf
212,0,7,2:118:431:127:53:0.5542;2:341:448:42:22:0.6602;2:596:446:41:33:0.7773;7:1:380:196:112:0.6465;7:400:432:46:32:0.6138;7:447:446:20:15:0.2878;7:474:445:15:14:0.3381,7,1:2:596:446:41:33;21:2:118:431:127:53;23:7:474:445:15:14;24:7:447:446:20:15;25:2:341:448:42:22;26:7:400:432:46:32;28:7:1:380:196:112,1,SAFE,inf
213,0,7,2:69:428:148:59:0.6992;2:329:447:46:24:0.6387;2:595:446:41:33:0.7720;7:0:372:171:120:0.4150;7:395:432:47:33:0.5015;7:443:445:21:16:0.2690;7:471:444:16:15:0.3276,7,1:2:595:446:41:33;21:2:69:428:148:59;23:7:471:444:16:15;24:7:443:445:21:16;25:2:329:447:46:24;26:7:395:432:47:33;28:7:0:372:171:120,1,SAFE,inf
214,0,6,2:9:426:174:67:0.5186;2:321:448:43:23:0.7266;2:439:446:21:15:0.3721;2:469:445:15:14:0.3557;2:594:446:41:33:0.7280;7:390:431:49:35:0.5977,6,1:2:594:446:41:33;21:2:9:426:174:67;23:2:469:445:15:14;24:2:439:446:21:15;25:2:321:448:43:23;26:7:390:431:49:35,1,SAFE,inf
215,0,6,2:320:447:33:25:0.4883;2:435:446:23:15:0.2942;2:593:446:42:33:0.7432;7:0:424:144:71:0.3379;7:385:430:48:36:0.5771;7:466:444:17:15:0.2568,6,1:2:593:446:42:33;21:7:0:424:144:71;23:7:466:444:17:15;24:2:435:446:23:15;25:2:320:447:33:25;26:7:385:430:48:36,1,SAFE,inf
216,0,5,2:286:446:54:26:0.6738;2:431:446:22:16:0.3960;2:592:446:42:34:0.7505;7:379:430:51:36:0.6382;7:464:444:16:15:0.4016,5,1:2:592:446:42:34;23:7:464:444:16:15;24:2:431:446:22:16;25:2:286:446:54:26;26:7:379:430:51:36,1,SAFE,inf
217,0,5,2:268:446:59:27:0.6978;2:592:446:42:34:0.7534;7:373:429:54:37:0.6182;7:427:445:24:17:0.4207;7:462:445:16:14:0.3701,5,1:2:592:446:42:34;23:7:462:445:16:14;24:7:427:445:24:17;25:2:268:446:59:27;26:7:373:429:54:37,1,SAFE,inf
218,0,6,2:249:446:64:28:0.6792;2:389:448:31:17:0.3887;2:458:444:17:15:0.4226;2:591:446:43:34:0.8198;7:367:429:31:37:0.5776;7:422:445:25:16:0.3647,5,1:2:591:446:43:34;23:2:458:444:17:15;24:7:422:445:25:16;25:2:249:446:64:28;26:7:367:429:31:37,1,SAFE,inf
219,0,5,2:225:446:71:30:0.6133;2:591:445:42:35:0.8599;7:361:428:57:38:0.6035;7:418:444:26:18:0.3276;7:456:443:18:16:0.4131,5,1:2:591:445:42:35;23:7:456:443:18:16;24:7:418:444:26:18;25:2:225:446:71:30;26:7:361:428:57:38,1,SAFE,inf
220,0,5,2:201:448:75:31:0.4321;2:591:445:41:34:0.8091;7:354:428:61:39:0.5464;7:414:445:24:16:0.4570;7:453:443:18:16:0.3503,5,1:2:591:445:41:34;23:7:453:443:18:16;24:7:414:445:24:16;25:2:201:448:75:31;26:7:354:428:61:39,1,SAFE,35.458
221,0,5,2:172:447:83:35:0.6689;2:366:448:33:18:0.4207;2:591:445:40:33:0.7983;7:409:444:26:19:0.3611;7:450:443:19:16:0.3364,5,1:2:591:445:40:33;23:7:450:443:19:16;24:7:409:444:26:19;25:2:172:447:83:35;26:2:366:448:33:18,1,SAFE,45.653
222,0,5,2:136:446:96:39:0.6958;2:356:448:35:19:0.5391;2:590:446:41:33:0.7866;7:404:444:26:19:0.2798;7:447:443:20:16:0.3594,5,1:2:590:446:41:33;23:7:447:443:20:16;24:7:404:444:26:19;25:2:136:446:96:39;26:2:356:448:35:19,1,SAFE,inf
223,0,5,2:92:446:113:43:0.6582;2:348:447:37:20:0.4167;2:588:446:42:33:0.7773;7:397:444:27:19:0.3242;7:443:443:21:17:0.4092,5,1:2:588:446:42:33;23:7:443:443:21:17;24:7:397:444:27:19;25:2:92:446:113:43;26:2:348:447:37:20,1,SAFE,inf
224,0,5,2:42:446:134:45:0.4092;2:335:448:40:21:0.7563;2:587:446:43:33:0.7744;7:390:445:31:19:0.2407;7:440:444:21:18:0.4863,5,1:2:587:446:43:33;23:7:440:444:21:18;24:7:390:445:31:19;25:2:42:446:134:45;26:2:335:448:40:21,1,SAFE,45.081
225,0,5,2:2:446:135:50:0.6807;2:325:449:42:20:0.4668;2:585:446:44:34:0.7852;7:384:445:32:19:0.2893;7:437:444:20:16:0.4514,5,1:2:585:446:44:34;23:7:437:444:20:16;24:7:384:445:32:19;25:2:2:446:135:50;26:2:325:449:42:20,1,SAFE,39.262
226,0,5,2:2:446:88:50:0.4980;2:320:450:37:21:0.3242;2:374:447:35:19:0.1321;2:585:446:42:34:0.7881;7:433:444:21:18:0.5137,5,1:2:585:446:42:34;23:7:433:444:21:18;24:2:374:447:35:19;25:2:2:446:88:50;26:2:320:450:37:21,1,SAFE,39.120
227,0,3,2:584:446:42:34:0.7759;7:294:424:83:46:0.1432;7:429:443:23:18:0.4514,3,1:2:584:446:42:34;23:7:429:443:23:18;26:7:294:424:83:46,1,SAFE,44.524
228,0,4,2:320:449:13:21:0.3738;2:359:446:38:21:0.1019;2:583:446:43:34:0.7505;7:425:443:24:19:0.5332,4,1:2:583:446:43:34;23:7:425:443:24:19;24:2:320:449:13:21;26:2:359:446:38:21,1,SAFE,inf
229,0,3,2:266:448:55:24:0.1656;2:583:446:42:34:0.7705;7:421:443:24:19:0.4844,3,1:2:583:446:42:34;23:7:421:443:24:19;24:2:266:448:55:24,1,SAFE,inf
230,0,3,2:582:446:42:33:0.8291;7:245:417:62:56:0.2673;7:416:442:25:20:0.5156,3,1:2:582:446:42:33;23:7:416:442:25:20;24:7:245:417:62:56,1,SAFE,inf
231,0,4,2:225:448:66:26:0.1587;2:582:445:41:34:0.8457;7:331:442:44:27:0.2524;7:411:442:27:20:0.5234,3,1:2:582:445:41:34;23:7:411:442:27:20;24:2:225:448:66:26,1,SAFE,inf
232,0,4,2:203:448:70:28:0.3831;2:580:445:42:35:0.8687;7:321:442:47:27:0.3738;7:406:441:25:21:0.6001,3,1:2:580:445:42:35;23:7:406:441:25:21;24:2:203:448:70:28,1,SAFE,inf
233,0,4,2:172:451:77:27:0.3311;2:579:446:42:34:0.8311;7:320:442:38:27:0.3738;7:401:442:24:21:0.6187,3,1:2:579:446:42:34;23:7:401:442:24:21;24:2:172:451:77:27,1,SAFE,34.661
234,0,5,0:1024:484:11:31:0.2101;2:140:448:92:34:0.6040;2:578:446:41:33:0.8276;7:320:441:28:29:0.4187;7:395:441:27:21:0.7231,4,1:2:578:446:41:33;23:7:395:441:27:21;24:2:140:448:92:34;30:7:320:441:28:29,1,SAFE,24.345
235,0,6,0:1064:488:12:28:0.1473;2:104:448:100:35:0.6206;2:303:445:36:25:0.1907;2:577:446:41:33:0.8569;7:320:440:18:29:0.3057;7:390:440:25:22:0.6636,4,1:2:577:446:41:33;23:7:390:440:25:22;24:2:104:448:100:35;30:7:320:440:18:29,1,SAFE,28.754
236,0,5,2:57:447:120:41:0.6758;2:288:444:39:26:0.2200;2:576:446:42:34:0.8472;7:155:408:150:70:0.1987;7:383:441:26:23:0.5469,4,1:2:576:446:42:34;23:7:383:441:26:23;24:2:57:447:120:41;30:2:288:444:39:26,1,SAFE,35.112
237,0,5,0:1173:494:14:41:0.2917;2:10:448:130:42:0.5640;2:574:446:43:34:0.8633;7:130:408:166:75:0.3364;7:377:441:27:23:0.6406,3,1:2:574:446:43:34;23:7:377:441:27:23;24:2:10:448:130:42,1,SAFE,inf
238,0,5,0:1246:502:20:45:0.2437;2:0:449:97:44:0.5815;2:574:446:42:34:0.8301;7:100:406:180:78:0.5420;7:370:441:29:24:0.5718,3,1:2:574:446:42:34;23:7:370:441:29:24;24:2:0:449:97:44,1,SAFE,inf
239,0,4,2:0:449:50:48:0.5581;2:573:446:42:34:0.8511;7:205:441:79:37:0.1045;7:362:441:29:24:0.6875,3,1:2:573:446:42:34;23:7:362:441:29:24;24:2:0:449:50:48,1,SAFE,inf
240,0,3,2:572:446:43:34:0.8438;7:37:401:214:88:0.2742;7:355:440:33:26:0.5137,2,1:2:572:446:43:34;23:7:355:440:33:26,1,SAFE,inf
241,0,4,2:75:455:56:32:0.1561;2:143:450:64:32:0.1056;2:571:446:42:34:0.8174;7:346:440:30:26:0.5059,2,1:2:571:446:42:34;23:7:346:440:30:26,1,SAFE,inf
242,0,5,2:39:454:67:35:0.2173;2:108:434:73:49:0.1836;2:148:438:75:43:0.3701;2:570:445:42:34:0.7188;7:337:439:33:28:0.5581,3,1:2:570:445:42:34;23:7:337:439:33:28;30:2:148:438:75:43,1,SAFE,inf
243,0,4,2:27:458:42:33:0.2108;2:71:434:77:51:0.1576;2:569:446:41:33:0.7520;7:330:437:48:34:0.4688,3,1:2:569:446:41:33;23:7:330:437:48:34;30:2:71:434:77:51,1,SAFE,inf
244,0,6,2:0:460:22:30:0.2925;2:18:436:89:53:0.1931;2:343:447:29:24:0.1442;2:436:452:16:10:0.4688;2:567:446:43:34:0.8042;7:321:435:48:34:0.5210,3,1:2:567:446:43:34;23:7:321:435:48:34;30:2:18:436:89:53,1,SAFE,inf
245,0,5,2:322:451:39:19:0.1471;2:432:450:18:11:0.4475;2:566:445:42:34:0.7944;7:0:400:146:96:0.2218;7:307:435:48:34:0.4207,3,1:2:566:445:42:34;23:7:307:435:48:34;30:7:0:400:146:96,1,SAFE,inf
246,0,4,2:0:430:106:60:0.1019;2:428:451:17:10:0.4417;2:566:446:42:32:0.8354;7:320:433:31:36:0.5117,4,1:2:566:446:42:32;23:7:320:433:31:36;30:2:0:430:106:60;31:2:428:451:17:10,1,SAFE,inf
247,0,3,2:424:451:19:10:0.4961;2:565:445:41:32:0.8784;7:281:433:62:37:0.4590,3,1:2:565:445:41:32;23:7:281:433:62:37;31:2:424:451:19:10,1,SAFE,inf
248,0,4,2:420:451:19:11:0.4243;2:564:445:41:33:0.7798;7:268:433:43:37:0.3293;7:320:431:12:39:0.2018,3,1:2:564:445:41:33;23:7:268:433:43:37;31:2:420:451:19:11,1,SAFE,inf
249,0,3,2:416:450:19:11:0.4629;2:562:445:42:33:0.7827;7:252:431:62:40:0.2659,3,1:2:562:445:42:33;23:7:252:431:62:40;31:2:416:450:19:11,1,SAFE,inf
250,0,3,2:411:449:21:11:0.5410;2:561:444:42:34:0.8398;7:236:429:73:43:0.4397,3,1:2:561:444:42:34;23:7:236:429:73:43;31:2:411:449:21:11,1,SAFE,inf
251,0,3,2:407:450:22:12:0.4417;2:559:444:43:35:0.8267;7:214:428:82:46:0.3831,3,1:2:559:444:43:35;23:7:214:428:82:46;31:2:407:450:22:12,1,SAFE,inf
252,0,3,2:401:450:23:12:0.2690;2:558:444:44:35:0.8560;7:194:427:88:51:0.4438,3,1:2:558:444:44:35;23:7:194:427:88:51;31:2:401:450:23:12,1,SAFE,inf
253,0,4,2:397:450:22:12:0.3979;2:558:445:42:34:0.8472;7:172:430:59:45:0.3923;7:197:426:68:52:0.3276,4,1:2:558:445:42:34;23:7:197:426:68:52;30:7:172:430:59:45;31:2:397:450:22:12,1,SAFE,47.059
254,0,3,2:391:451:23:12:0.3123;2:557:445:42:34:0.8623;7:143:425:107:58:0.5176,3,1:2:557:445:42:34;23:7:143:425:107:58;31:2:391:451:23:12,1,SAFE,26.590
255,0,3,2:384:451:25:12:0.2466;2:555:445:43:35:0.8320;7:111:425:118:59:0.4233,3,1:2:555:445:43:35;23:7:111:425:118:59;31:2:384:451:25:12,1,SAFE,13.212
256,0,3,2:379:450:24:13:0.2673;2:554:446:43:34:0.8188;7:76:421:132:67:0.4031,3,1:2:554:446:43:34;23:7:76:421:132:67;31:2:379:450:24:13,1,SAFE,11.243
257,0,3,2:374:451:26:14:0.3157;2:553:446:43:34:0.7773;7:33:419:149:70:0.3755,3,1:2:553:446:43:34;23:7:33:419:149:70;31:2:374:451:26:14,1,SAFE,9.785
258,0,3,2:365:451:30:17:0.3452;2:553:446:42:34:0.7744;7:1:418:152:74:0.3469,3,1:2:553:446:42:34;23:7:1:418:152:74;31:2:365:451:30:17,1,SAFE,11.125
259,0,3,2:357:451:31:16:0.3364;2:551:446:43:35:0.8188;7:0:414:121:81:0.2793,3,1:2:551:446:43:35;23:7:0:414:121:81;31:2:357:451:31:16,1,SAFE,8.219
260,0,2,2:350:451:31:17:0.3345;2:550:446:43:34:0.7534,2,1:2:550:446:43:34;31:2:350:451:31:17,1,SAFE,7.774
261,0,2,2:340:451:32:16:0.3738;2:549:445:42:35:0.7690,2,1:2:549:445:42:35;31:2:340:451:32:16,1,SAFE,9.488
262,0,2,2:331:452:35:15:0.4397;2:548:446:43:34:0.8862,2,1:2:548:446:43:34;31:2:331:452:35:15,1,SAFE,19.667
263,0,2,2:320:452:40:20:0.5352;2:546:446:44:34:0.8257,2,1:2:546:446:44:34;31:2:320:452:40:20,1,SAFE,inf
264,0,2,2:311:451:41:18:0.5776;2:545:446:45:34:0.8198,2,1:2:545:446:45:34;31:2:311:451:41:18,1,SAFE,inf
265,0,3,2:301:452:39:18:0.3757;2:545:446:43:34:0.7798;7:320:450:23:18:0.2407,2,1:2:545:446:43:34;31:2:301:452:39:18,1,SAFE,inf
266,0,2,2:320:451:14:19:0.2394;2:543:446:44:34:0.8130,2,1:2:543:446:44:34;31:2:320:451:14:19,1,SAFE,inf
267,0,2,2:271:451:51:21:0.4941;2:542:446:44:34:0.8008,1,1:2:542:446:44:34,1,SAFE,inf
268,0,2,2:257:451:54:22:0.5039;2:542:446:43:34:0.7905,1,1:2:542:446:43:34,1,SAFE,inf
269,0,2,2:240:450:57:24:0.5566;2:541:445:43:35:0.8530,2,1:2:541:445:43:35;32:2:240:450:57:24,1,SAFE,inf
270,0,2,2:221:451:63:25:0.4534;2:540:445:43:35:0.8706,2,1:2:540:445:43:35;32:2:221:451:63:25,1,SAFE,46.043
271,0,2,2:202:450:67:26:0.4341;2:538:445:44:35:0.8374,2,1:2:538:445:44:35;32:2:202:450:67:26,1,SAFE,32.230
272,0,2,2:177:447:73:31:0.5488;2:538:445:44:35:0.8911,2,1:2:538:445:44:35;32:2:177:447:73:31,1,SAFE,26.858
273,0,3,2:148:448:81:30:0.3381;2:418:451:16:10:0.2108;2:537:445:44:34:0.8706,2,1:2:537:445:44:34;32:2:148:448:81:30,1,SAFE,inf
274,0,3,2:117:449:91:29:0.3108;2:414:450:17:10:0.4397;2:536:444:44:35:0.8716,2,1:2:536:444:44:35;32:2:117:449:91:29,1,SAFE,21.487
275,0,4,2:80:453:85:26:0.1225;2:116:450:70:30:0.2281;2:410:450:18:10:0.2861;2:535:444:44:36:0.8560,2,1:2:535:444:44:36;32:2:116:450:70:30,1,SAFE,14.134
276,0,3,2:62:447:91:34:0.1598;2:407:450:17:10:0.4282;2:535:444:44:35:0.8408,3,1:2:535:444:44:35;32:2:62:447:91:34;33:2:407:450:17:10,1,SAFE,10.804
277,0,3,2:13:446:105:36:0.2310;2:402:450:19:11:0.2910;2:534:443:44:35:0.8521,3,1:2:534:443:44:35;32:2:13:446:105:36;33:2:402:450:19:11,1,SAFE,11.168
278,0,3,2:0:446:79:37:0.4436;2:398:450:20:11:0.5410;2:534:444:43:34:0.8257,3,1:2:534:444:43:34;32:2:0:446:79:37;33:2:398:450:20:11,1,SAFE,16.206
279,0,3,2:0:446:32:37:0.1394;2:394:450:21:12:0.3960;2:533:443:44:36:0.8057,3,1:2:533:443:44:36;32:2:0:446:32:37;33:2:394:450:21:12,1,SAFE,13.039
280,0,2,2:390:450:21:12:0.2910;2:532:444:44:34:0.8140,2,1:2:532:444:44:34;33:2:390:450:21:12,1,SAFE,23.398
281,0,2,2:531:444:44:34:0.7734;7:384:450:21:12:0.3091,2,1:2:531:444:44:34;33:7:384:450:21:12,1,SAFE,inf
282,0,2,2:379:450:20:12:0.2351;2:530:443:45:35:0.7505,2,1:2:530:443:45:35;33:2:379:450:20:12,1,SAFE,inf
283,0,2,2:373:449:25:13:0.2437;2:530:444:44:33:0.7637,2,1:2:530:444:44:33;33:2:373:449:25:13,1,SAFE,inf
284,0,2,2:365:449:26:13:0.3259;2:530:443:43:34:0.7690,2,1:2:530:443:43:34;33:2:365:449:26:13,1,SAFE,inf
285,0,2,2:358:449:27:14:0.4243;2:529:442:44:35:0.7646,2,1:2:529:442:44:35;33:2:358:449:27:14,1,SAFE,inf
286,0,2,2:352:449:28:14:0.2095;2:528:442:44:35:0.8232,2,1:2:528:442:44:35;33:2:352:449:28:14,1,SAFE,inf
287,0,2,2:344:448:30:15:0.2925;2:528:442:44:34:0.7969,2,1:2:528:442:44:34;33:2:344:448:30:15,1,SAFE,inf
288,0,2,2:336:448:30:17:0.2161;2:527:443:45:34:0.8291,2,1:2:527:443:45:34;33:2:336:448:30:17,1,SAFE,inf
289,0,2,2:327:448:31:18:0.2893;2:526:443:45:34:0.8428,2,1:2:526:443:45:34;33:2:327:448:31:18,1,SAFE,inf
290,0,2,2:317:449:35:18:0.3433;2:526:443:44:35:0.8398,2,1:2:526:443:44:35;33:2:317:449:35:18,1,SAFE,inf
291,0,2,2:307:448:35:19:0.2598;2:525:443:45:35:0.8301,2,1:2:525:443:45:35;33:2:307:448:35:19,1,SAFE,inf
292,0,2,2:525:443:44:35:0.8311;7:320:447:13:19:0.2942,2,1:2:525:443:44:35;33:7:320:447:13:19,1,SAFE,inf
293,0,2,2:282:448:41:20:0.3523;2:525:443:44:35:0.8364,2,1:2:525:443:44:35;33:2:282:448:41:20,1,SAFE,inf
294,0,4,2:268:448:43:20:0.3345;2:398:450:20:10:0.2451;2:407:449:27:10:0.2798;2:524:443:45:35:0.7959,2,1:2:524:443:45:35;33:2:268:448:43:20,1,SAFE,15.261
295,0,4,2:252:447:46:24:0.3416;2:396:450:18:10:0.3721;2:413:449:16:10:0.4131;2:524:444:45:34:0.7930,2,1:2:524:444:45:34;33:2:252:447:46:24,1,SAFE,22.779
296,0,3,2:235:446:51:25:0.3259;2:409:449:18:10:0.3345;2:524:443:44:35:0.7842,2,1:2:524:443:44:35;33:2:235:446:51:25,1,SAFE,22.731
297,0,3,2:216:446:55:25:0.2720;2:392:449:31:10:0.4282;2:524:443:44:36:0.7983,3,1:2:524:443:44:36;33:2:216:446:55:25;34:2:392:449:31:10,1,SAFE,11.506
298,0,3,2:194:447:62:25:0.4590;2:399:449:21:11:0.3611;2:523:443:44:36:0.7930,3,1:2:523:443:44:36;33:2:194:447:62:25;34:2:399:449:21:11,1,SAFE,13.084
299,0,4,2:172:448:64:24:0.3433;2:381:450:35:10:0.3960;2:439:448:16:10:0.3398;2:523:443:44:36:0.7490,3,1:2:523:443:44:36;33:2:172:448:64:24;34:2:381:450:35:10,1,SAFE,12.166
300,0,4,2:144:450:70:25:0.3040;2:376:449:37:13:0.4243;2:522:444:45:35:0.7705;7:436:448:17:11:0.2268,3,1:2:522:444:45:35;33:2:144:450:70:25;34:2:376:449:37:13,1,SAFE,11.687
301,0,4,2:113:447:79:32:0.2783;2:372:450:35:11:0.5508;2:432:448:19:11:0.4475;2:521:444:46:35:0.7607,3,1:2:521:444:46:35;33:2:113:447:79:32;34:2:372:450:35:11,1,SAFE,11.245
302,0,4,2:77:448:85:32:0.2379;2:366:450:37:12:0.4707;2:430:448:19:12:0.3904;2:521:444:45:36:0.7075,4,1:2:521:444:45:36;33:2:77:448:85:32;34:2:366:450:37:12;35:2:430:448:19:12,1,SAFE,11.289
303,0,4,2:31:446:101:37:0.3738;2:361:449:37:14:0.4417;2:428:448:17:11:0.3667;2:521:444:45:36:0.6758,4,1:2:521:444:45:36;33:2:31:446:101:37;34:2:361:449:37:14;35:2:428:448:17:11,1,SAFE,12.178
304,0,3,2:357:450:36:13:0.5352;2:425:448:18:11:0.3811;2:521:445:45:34:0.7280,3,1:2:521:445:45:34;34:2:357:450:36:13;35:2:425:448:18:11,1,SAFE,37.452
305,0,4,2:0:444:51:41:0.5098;2:350:450:37:14:0.6245;2:422:448:20:11:0.4648;2:521:445:44:34:0.7461,4,1:2:521:445:44:34;33:2:0:444:51:41;34:2:350:450:37:14;35:2:422:448:20:11,1,SAFE,inf
306,0,3,2:344:450:38:14:0.6074;2:521:445:44:34:0.7417;7:419:448:20:12:0.3311,3,1:2:521:445:44:34;34:2:344:450:38:14;35:7:419:448:20:12,1,SAFE,inf
307,0,3,2:337:450:37:13:0.5254;2:415:448:21:12:0.4016;2:521:445:45:35:0.7734,3,1:2:521:445:45:35;34:2:337:450:37:13;35:2:415:448:21:12,1,SAFE,inf
308,0,3,2:328:449:39:15:0.5332;2:412:447:21:12:0.3721;2:521:445:44:35:0.7734,3,1:2:521:445:44:35;34:2:328:449:39:15;35:2:412:447:21:12,1,SAFE,inf
309,0,3,2:321:450:37:15:0.3242;2:521:445:45:35:0.7905;7:408:448:21:12:0.3433,3,1:2:521:445:45:35;34:2:321:450:37:15;35:7:408:448:21:12,1,SAFE,inf
310,0,3,2:309:448:40:19:0.3191;2:521:445:44:35:0.7842;7:404:448:24:12:0.3040,3,1:2:521:445:44:35;34:2:309:448:40:19;35:7:404:448:24:12,1,SAFE,inf
311,0,3,2:298:449:43:18:0.3140;2:520:445:45:35:0.8198;7:399:447:23:14:0.3208,3,1:2:520:445:45:35;34:2:298:449:43:18;35:7:399:447:23:14,1,SAFE,inf
312,0,4,2:320:451:13:15:0.2524;2:496:449:9:10:0.2069;2:520:446:45:35:0.8008;7:395:447:24:15:0.2379,3,1:2:520:446:45:35;34:2:320:451:13:15;35:7:395:447:24:15,1,SAFE,inf
313,0,4,2:267:449:57:18:0.4055;2:391:447:22:14:0.3091;2:403:448:14:13:0.2437;2:519:445:46:35:0.7866,2,1:2:519:445:46:35;35:2:391:447:22:14,1,SAFE,inf
314,0,3,2:250:448:67:22:0.4629;2:385:446:25:15:0.2056;2:519:445:47:35:0.7402,2,1:2:519:445:47:35;35:2:385:446:25:15,1,SAFE,inf
315,0,3,2:230:449:75:21:0.3684;2:381:447:28:15:0.3174;2:519:445:47:35:0.7388,3,1:2:519:445:47:35;35:2:381:447:28:15;36:2:230:449:75:21,1,SAFE,inf
316,0,3,2:211:447:86:24:0.3630;2:374:446:28:16:0.3108;2:519:445:47:35:0.7905,3,1:2:519:445:47:35;35:2:374:446:28:16;36:2:211:447:86:24,1,SAFE,inf
317,0,3,2:187:448:99:23:0.2612;2:369:447:31:15:0.3943;2:519:445:47:35:0.8008,3,1:2:519:445:47:35;35:2:369:447:31:15;36:2:187:448:99:23,1,SAFE,39.318
318,0,4,2:161:448:79:25:0.2200;2:240:452:38:16:0.1545;2:362:445:32:18:0.5293;2:519:445:47:35:0.7881,3,1:2:519:445:47:35;35:2:362:445:32:18;36:2:161:448:79:25,1,SAFE,17.906
319,0,5,0:854:477:13:31:0.1221;2:141:448:75:25:0.2766;2:217:452:48:18:0.3364;2:354:445:34:18:0.3867;2:520:445:46:35:0.8057,3,1:2:520:445:46:35;35:2:354:445:34:18;36:2:141:448:75:25,1,SAFE,24.792
320,0,5,0:878:478:15:36:0.5718;2:105:449:88:25:0.2568;2:200:452:53:19:0.4016;2:520:445:46:35:0.7646;7:345:445:33:18:0.2644,3,1:2:520:445:46:35;35:7:345:445:33:18;36:2:105:449:88:25,1,SAFE,46.043
321,0,4,2:46:447:115:32:0.3311;2:180:452:57:19:0.3999;2:521:445:45:35:0.7622;7:338:444:37:21:0.3157,4,1:2:521:445:45:35;35:7:338:444:37:21;36:2:46:447:115:32;37:2:180:452:57:19,1,SAFE,inf
322,0,5,0:947:484:14:44:0.1461;2:13:447:116:30:0.3174;2:162:452:60:19:0.3960;2:329:444:40:21:0.4844;2:521:445:46:35:0.7920,4,1:2:521:445:46:35;35:2:329:444:40:21;36:2:13:447:116:30;37:2:162:452:60:19,1,SAFE,inf
323,1,1,2:553:454:46:34:0.6372,0,,-1,NONE,inf
324,0,1,2:550:454:45:33:0.5908,0,,-1,NONE,inf
325,0,1,2:548:454:44:33:0.6929,1,38:2:548:454:44:33,-1,NONE,inf
326,0,1,2:545:453:45:34:0.6021,1,38:2:545:453:45:34,-1,NONE,inf
327,0,1,2:543:453:43:34:0.7168,1,38:2:543:453:43:34,-1,NONE,inf
328,0,1,2:542:454:44:33:0.8164,1,38:2:542:454:44:33,-1,NONE,inf
329,0,1,2:540:453:46:34:0.7231,1,38:2:540:453:46:34,-1,NONE,inf
330,0,1,2:539:453:45:34:0.8008,1,38:2:539:453:45:34,-1,NONE,inf
331,0,1,2:537:453:46:34:0.7891,1,38:2:537:453:46:34,-1,NONE,inf
332,0,1,2:537:453:44:34:0.8032,1,38:2:537:453:44:34,-1,NONE,inf
333,0,1,2:536:453:44:33:0.8154,1,38:2:536:453:44:33,-1,NONE,inf
334,0,1,2:536:453:43:33:0.7534,1,38:2:536:453:43:33,-1,NONE,inf
335,0,1,2:535:453:45:33:0.6929,1,38:2:535:453:45:33,-1,NONE,inf
336,0,1,2:534:453:44:33:0.6353,1,38:2:534:453:44:33,-1,NONE,inf
337,0,1,2:533:453:44:33:0.5991,1,38:2:533:453:44:33,-1,NONE,inf
338,0,1,2:532:453:44:32:0.6436,1,38:2:532:453:44:32,-1,NONE,inf
339,0,1,2:533:453:42:32:0.7153,1,38:2:533:453:42:32,38,SAFE,inf
340,0,1,2:533:453:42:32:0.7310,1,38:2:533:453:42:32,38,SAFE,inf
341,0,1,2:532:453:42:32:0.7139,1,38:2:532:453:42:32,38,SAFE,inf
342,0,1,2:532:453:42:32:0.6582,1,38:2:532:453:42:32,38,SAFE,inf
343,0,1,2:532:453:42:32:0.7139,1,38:2:532:453:42:32,38,SAFE,inf
344,0,1,2:532:453:41:32:0.7476,1,38:2:532:453:41:32,38,SAFE,inf
345,0,1,2:532:454:41:31:0.6978,1,38:2:532:454:41:31,38,SAFE,inf
346,0,1,2:532:454:42:32:0.6641,1,38:2:532:454:42:32,38,SAFE,inf
347,0,1,2:532:453:41:32:0.6758,1,38:2:532:453:41:32,38,SAFE,inf
348,0,1,2:532:454:41:31:0.6455,1,38:2:532:454:41:31,38,SAFE,inf
349,0,1,2:533:454:40:31:0.6992,1,38:2:533:454:40:31,38,SAFE,inf
350,0,1,2:533:453:40:31:0.7446,1,38:2:533:453:40:31,38,SAFE,inf
351,0,1,2:533:453:40:31:0.7773,1,38:2:533:453:40:31,38,SAFE,inf
352,0,2,2:533:453:40:31:0.7891;7:320:420:130:47:0.2344,1,38:2:533:453:40:31,38,SAFE,inf
353,0,1,2:533:453:40:31:0.8345,1,38:2:533:453:40:31,38,SAFE,inf
354,0,1,2:533:453:41:30:0.8740,1,38:2:533:453:41:30,38,SAFE,inf
355,0,2,2:534:453:40:30:0.8833;5:626:427:108:44:0.3140,1,38:2:534:453:40:30,38,SAFE,inf
356,0,1,2:534:453:40:30:0.8789,1,38:2:534:453:40:30,38,SAFE,inf
357,0,1,2:534:453:41:30:0.8887,1,38:2:534:453:41:30,38,SAFE,inf
358,0,1,2:535:453:41:30:0.8940,1,38:2:535:453:41:30,38,SAFE,inf
359,0,1,2:536:453:39:30:0.8882,1,38:2:536:453:39:30,38,SAFE,inf
360,0,1,2:537:453:39:30:0.8579,1,38:2:537:453:39:30,38,SAFE,inf
361,0,1,2:537:452:38:31:0.8242,1,38:2:537:452:38:31,38,SAFE,inf
362,0,1,2:537:452:39:30:0.8032,1,38:2:537:452:39:30,38,SAFE,inf
363,0,1,2:538:451:38:30:0.7534,1,38:2:538:451:38:30,38,SAFE,inf
364,0,1,2:539:452:38:29:0.7563,1,38:2:539:452:38:29,38,SAFE,inf
365,0,1,2:539:452:38:29:0.7563,1,38:2:539:452:38:29,38,SAFE,inf
366,0,2,2:540:451:38:30:0.7788;7:629:425:118:46:0.2280,1,38:2:540:451:38:30,38,SAFE,inf
367,0,1,2:540:451:39:30:0.8018,1,38:2:540:451:39:30,38,SAFE,inf
368,0,1,2:541:451:38:30:0.8188,1,38:2:541:451:38:30,38,SAFE,inf
369,0,1,2:541:452:38:28:0.7798,1,38:2:541:452:38:28,38,SAFE,inf
370,0,1,2:541:452:38:28:0.7881,1,38:2:541:452:38:28,38,SAFE,inf
371,0,1,2:542:452:37:28:0.7734,1,38:2:542:452:37:28,38,SAFE,inf
372,0,1,2:542:451:37:29:0.7788,1,38:2:542:451:37:29,38,SAFE,inf
373,0,1,2:543:451:37:29:0.7959,1,38:2:543:451:37:29,38,SAFE,inf
374,0,2,2:543:451:37:29:0.8408;7:1018:364:261:151:0.2524,1,38:2:543:451:37:29,38,SAFE,inf
375,0,3,2:544:451:36:29:0.8301;5:633:424:124:47:0.2463;7:1136:363:143:153:0.1699,1,38:2:544:451:36:29,38,SAFE,inf
376,0,2,2:544:450:37:30:0.8311;7:1037:365:242:149:0.2153,1,38:2:544:450:37:30,38,SAFE,inf
377,0,1,2:544:450:38:30:0.8057,1,38:2:544:450:38:30,38,SAFE,inf
378,0,2,2:544:450:38:29:0.7920;5:634:422:126:49:0.2142,1,38:2:544:450:38:29,38,SAFE,inf
379,0,2,2:545:450:37:29:0.7744;5:635:421:126:48:0.2130,1,38:2:545:450:37:29,38,SAFE,inf
380,0,1,2:545:449:36:29:0.7944,1,38:2:545:449:36:29,38,SAFE,inf
381,0,3,2:545:449:36:29:0.7622;5:624:420:139:49:0.2095;7:1056:311:223:206:0.2289,1,38:2:545:449:36:29,38,SAFE,inf
382,0,3,2:545:448:36:30:0.7759;7:964:416:75:68:0.1510;7:1062:318:217:199:0.2659,1,38:2:545:448:36:30,38,SAFE,14.875
383,0,4,2:543:447:11:12:0.3345;2:545:449:36:29:0.7905;7:933:414:111:72:0.2554;7:1063:313:216:205:0.3098,1,38:2:545:449:36:29,38,SAFE,10.752
384,0,5,2:542:448:12:11:0.3074;2:545:449:35:28:0.8140;7:629:416:137:50:0.1016;7:957:413:88:72:0.1733;7:1068:309:211:211:0.2644,1,38:2:545:449:35:28,38,SAFE,26.990
385,0,5,2:540:447:13:12:0.3577;2:544:449:36:28:0.7866;5:619:417:149:50:0.1074;7:989:412:61:72:0.2598;7:1077:313:202:205:0.1437,2,38:2:544:449:36:28;39:2:540:447:13:12,38,SAFE,inf
386,0,4,2:540:447:12:12:0.3831;2:544:448:36:28:0.8198;7:628:415:143:52:0.1136;7:997:410:59:76:0.3276,2,38:2:544:448:36:28;39:2:540:447:12:12,38,SAFE,inf
387,0,3,2:540:448:12:11:0.3091;2:544:448:36:28:0.8311;7:1006:410:54:75:0.1432,2,38:2:544:448:36:28;39:2:540:448:12:11,38,SAFE,inf
388,0,3,2:539:447:11:13:0.3594;2:543:448:35:28:0.8267;7:627:414:145:52:0.1023,2,38:2:543:448:35:28;39:2:539:447:11:13,38,SAFE,inf
389,0,4,0:825:422:33:59:0.1089;0:922:425:23:66:0.1263;2:539:447:11:14:0.3523;2:544:448:34:28:0.8257,2,38:2:544:448:34:28;39:2:539:447:11:14,38,SAFE,inf
390,0,2,2:538:447:12:14:0.3259;2:543:448:35:28:0.8521,2,38:2:543:448:35:28;39:2:538:447:12:14,38,SAFE,inf
391,0,2,2:537:447:12:13:0.3157;2:543:448:34:29:0.8501,2,38:2:543:448:34:29;39:2:537:447:12:13,38,SAFE,inf
392,0,2,2:537:447:12:13:0.2815;2:543:448:34:29:0.8491,2,38:2:543:448:34:29;39:2:537:447:12:13,38,SAFE,inf
393,0,3,2:537:447:11:14:0.2161;2:543:448:34:28:0.8345;7:833:408:126:81:0.2466,2,38:2:543:448:34:28;39:2:537:447:11:14,38,SAFE,inf
394,0,2,2:536:448:11:13:0.2338;2:542:450:35:27:0.8242,2,38:2:542:450:35:27;39:2:536:448:11:13,38,SAFE,inf
395,0,3,2:535:447:11:14:0.2056;2:542:450:35:28:0.8198;7:630:414:149:54:0.1285,2,38:2:542:450:35:28;39:2:535:447:11:14,38,SAFE,inf
396,0,5,0:1024:452:23:51:0.1716;2:534:447:12:14:0.3276;2:542:450:35:28:0.8267;7:623:413:156:57:0.1067;7:1106:312:173:303:0.1422,2,38:2:542:450:35:28;39:2:534:447:12:14,38,SAFE,inf
397,0,3,0:1032:460:22:45:0.1060;2:534:448:12:14:0.2705;2:541:450:35:28:0.7534,2,38:2:541:450:35:28;39:2:534:448:12:14,38,SAFE,inf
398,0,1,2:541:450:35:29:0.6807,1,38:2:541:450:35:29,38,SAFE,inf
399,0,4,0:1022:458:22:48:0.2759;2:533:449:12:12:0.2690;2:540:451:36:28:0.7373;2:1110:476:46:32:0.1144,2,38:2:540:451:36:28;39:2:533:449:12:12,38,SAFE,inf
400,0,3,2:532:449:12:13:0.3123;2:541:451:35:28:0.7881;7:861:416:98:72:0.2878,2,38:2:541:451:35:28;39:2:532:449:12:13,38,SAFE,inf
401,0,2,2:532:449:12:13:0.3850;2:541:451:35:28:0.7578,2,38:2:541:451:35:28;39:2:532:449:12:13,38,SAFE,inf
402,0,2,2:532:449:13:13:0.3701;2:540:451:35:28:0.7139,2,38:2:540:451:35:28;39:2:532:449:13:13,38,SAFE,inf
403,0,3,2:532:449:12:14:0.3345;2:541:452:34:28:0.7075;7:618:413:174:64:0.2524,2,38:2:541:452:34:28;39:2:532:449:12:14,38,SAFE,inf
404,0,4,2:531:450:12:13:0.3191;2:540:452:35:27:0.7622;7:618:413:175:64:0.4475;7:887:417:72:80:0.4102,2,38:2:540:452:35:27;39:2:531:450:12:13,38,SAFE,inf
405,0,3,2:530:450:13:13:0.3647;2:540:453:35:27:0.7417;7:618:413:176:65:0.3757,2,38:2:540:453:35:27;39:2:530:450:13:13,38,SAFE,inf
406,0,3,2:529:449:13:14:0.2959;2:540:453:34:27:0.7734;7:617:413:179:64:0.3225,3,38:2:540:453:34:27;39:2:529:449:13:14;40:7:617:413:179:64,38,SAFE,inf
407,0,4,2:530:449:12:14:0.2524;2:540:453:35:26:0.7646;7:618:413:181:65:0.3523;7:853:340:106:158:0.2372,3,38:2:540:453:35:26;39:2:530:449:12:14;40:7:618:413:181:65,38,SAFE,inf
408,0,2,2:540:453:34:27:0.8174;7:616:412:185:65:0.4727,2,38:2:540:453:34:27;40:7:616:412:185:65,38,SAFE,inf
409,0,2,2:540:453:34:27:0.8311;7:616:412:185:64:0.3242,2,38:2:540:453:34:27;40:7:616:412:185:64,38,SAFE,inf
410,0,2,2:540:453:34:27:0.8018;7:616:412:187:65:0.2568,2,38:2:540:453:34:27;40:7:616:412:187:65,38,SAFE,inf
411,0,2,2:540:453:34:26:0.8301;7:615:411:191:66:0.2847,2,38:2:540:453:34:26;40:7:615:411:191:66,38,SAFE,inf
412,0,3,2:527:450:12:13:0.2200;2:540:453:33:26:0.8140;7:614:411:194:66:0.2659,2,38:2:540:453:33:26;40:7:614:411:194:66,38,SAFE,inf
413,0,2,2:526:450:13:14:0.3523;2:540:453:33:26:0.7881,2,38:2:540:453:33:26;39:2:526:450:13:14,38,SAFE,inf
414,0,3,2:526:450:12:13:0.3979;2:540:453:32:26:0.7827;7:634:412:176:66:0.1412,2,38:2:540:453:32:26;39:2:526:450:12:13,38,SAFE,inf
415,0,4,0:305:458:11:27:0.1196;2:525:450:13:13:0.3057;2:540:453:33:26:0.7563;7:634:410:177:70:0.1224,2,38:2:540:453:33:26;39:2:525:450:13:13,38,SAFE,inf
416,0,3,2:525:450:12:13:0.2031;2:540:453:33:26:0.7622;7:630:410:185:68:0.1124,2,38:2:540:453:33:26;39:2:525:450:12:13,38,SAFE,inf
417,0,2,2:540:452:33:26:0.7603;7:634:409:180:70:0.1503,1,38:2:540:452:33:26,38,SAFE,inf
418,0,3,0:290:459:15:27:0.1086;2:540:453:32:25:0.7534;7:634:409:184:72:0.1730,1,38:2:540:453:32:25,38,SAFE,inf
419,0,4,0:287:459:13:27:0.1101;2:524:449:12:13:0.2379;2:540:452:32:26:0.7153;7:617:408:204:70:0.2744,2,38:2:540:452:32:26;40:7:617:408:204:70,38,SAFE,inf
420,0,5,2:523:449:13:14:0.3293;2:539:452:32:26:0.7124;7:325:405:78:61:0.3599;7:634:406:188:73:0.2142;7:876:419:47:54:0.2766,3,38:2:539:452:32:26;39:2:523:449:13:14;40:7:634:406:188:73,38,SAFE,inf
421,0,6,0:274:463:15:24:0.1348;2:523:449:12:14:0.3328;2:539:452:32:26:0.7056;7:322:405:79:61:0.2993;7:630:406:196:74:0.1967;7:879:418:48:55:0.2598,3,38:2:539:452:32:26;39:2:523:449:12:14;40:7:630:406:196:74,38,SAFE,inf
422,0,6,0:269:463:14:24:0.1045;2:523:449:12:13:0.3684;2:538:452:33:26:0.7139;7:322:404:79:62:0.2917;7:629:405:200:76:0.2114;7:881:418:42:55:0.2629,4,38:2:538:452:33:26;39:2:523:449:12:13;40:7:629:405:200:76;41:7:322:404:79:62,38,SAFE,inf
423,0,5,2:522:449:13:13:0.2407;2:538:451:33:27:0.7026;7:321:405:78:62:0.4602;7:608:405:227:72:0.2167;7:883:418:50:54:0.2031,4,38:2:538:451:33:27;39:2:522:449:13:13;40:7:608:405:227:72;41:7:321:405:78:62,38,SAFE,inf
424,0,4,0:258:464:16:23:0.1005;0:1206:467:25:68:0.1639;2:538:451:33:27:0.8447;7:622:404:214:76:0.2184,2,38:2:538:451:33:27;40:7:622:404:214:76,38,SAFE,49.902
425,0,3,0:253:462:14:26:0.1466;2:538:451:32:27:0.8530;7:1206:427:73:110:0.1207,1,38:2:538:451:32:27,38,SAFE,13.753
426,0,4,2:538:451:32:27:0.8472;5:612:403:229:73:0.3557;7:320:403:77:62:0.3120;7:941:410:18:69:0.2224,3,38:2:538:451:32:27;40:5:612:403:229:73;41:7:320:403:77:62,38,SAFE,10.745
427,0,1,2:537:451:33:27:0.8057,1,38:2:537:451:33:27,38,SAFE,9.142
428,0,1,2:537:451:33:26:0.7969,1,38:2:537:451:33:26,38,SAFE,10.708
429,0,2,0:225:464:18:26:0.1353;2:537:451:33:26:0.7891,1,38:2:537:451:33:26,38,SAFE,12.922
430,0,4,2:519:448:13:13:0.2069;2:536:451:34:26:0.7827;7:320:430:19:36:0.2255;7:634:401:218:77:0.1804,1,38:2:536:451:34:26,38,SAFE,16.290
431,0,5,2:518:447:14:14:0.2893;2:537:450:33:28:0.7812;7:320:430:32:37:0.2568;7:392:439:29:24:0.2554;7:601:399:257:80:0.1174,3,38:2:537:450:33:28;39:2:518:447:14:14;41:7:320:430:32:37,38,SAFE,9.910
432,0,5,2:518:448:13:14:0.2612;2:536:451:34:27:0.7759;7:320:430:18:37:0.2422;7:610:396:252:83:0.2487;7:904:413:49:56:0.2295,3,38:2:536:451:34:27;39:2:518:448:13:14;41:7:320:430:18:37,38,SAFE,9.501
433,0,4,2:536:451:34:27:0.7969;7:390:439:35:24:0.2751;7:614:397:254:82:0.3721;7:907:412:51:58:0.3381,2,38:2:536:451:34:27;40:7:614:397:254:82,38,SAFE,13.893
434,0,3,2:536:451:33:26:0.8018;7:320:401:71:65:0.3420;7:623:398:246:80:0.1009,2,38:2:536:451:33:26;40:7:623:398:246:80,38,SAFE,27.958
435,0,3,2:517:448:13:15:0.2268;2:536:452:33:25:0.7788;7:320:431:21:36:0.2029,1,38:2:536:452:33:25,38,SAFE,inf
436,0,3,2:517:448:13:15:0.2974;2:536:452:33:26:0.7930;7:614:396:260:83:0.1038,2,38:2:536:452:33:26;39:2:517:448:13:15,38,SAFE,inf
437,0,2,2:516:449:14:14:0.2644;2:536:452:33:26:0.8032,2,38:2:536:452:33:26;39:2:516:449:14:14,38,SAFE,inf
438,0,3,2:515:449:15:15:0.2422;2:536:453:33:25:0.7930;7:622:393:335:89:0.3081,3,38:2:536:453:33:25;39:2:515:449:15:15;40:7:622:393:335:89,38,SAFE,inf
439,0,3,2:515:449:14:15:0.2463;2:536:453:33:24:0.7930;5:622:392:267:90:0.3540,3,38:2:536:453:33:24;39:2:515:449:14:15;40:5:622:392:267:90,38,SAFE,inf
440,0,3,2:514:449:16:16:0.3096;2:536:453:33:25:0.7930;7:622:392:326:91:0.3999,3,38:2:536:453:33:25;39:2:514:449:16:16;40:7:622:392:326:91,38,SAFE,inf
441,0,3,2:514:449:15:16:0.2937;2:536:453:33:25:0.7969;5:623:391:273:92:0.5757,3,38:2:536:453:33:25;39:2:514:449:15:16;40:5:623:391:273:92,38,SAFE,inf
442,0,3,2:514:449:16:16:0.2952;2:536:453:33:25:0.7842;5:622:389:285:94:0.4922,3,38:2:536:453:33:25;39:2:514:449:16:16;40:5:622:389:285:94,38,SAFE,inf
443,0,3,2:514:449:15:15:0.3032;2:536:453:33:25:0.7607;5:623:388:284:97:0.6372,3,38:2:536:453:33:25;39:2:514:449:15:15;40:5:623:388:284:97,38,SAFE,inf
444,0,4,2:514:449:15:15:0.3049;2:536:453:33:26:0.7490;5:624:388:287:97:0.5869;7:320:403:62:64:0.3176,3,38:2:536:453:33:26;39:2:514:449:15:15;40:5:624:388:287:97,38,SAFE,inf
445,0,3,2:513:449:16:15:0.2869;2:536:453:33:25:0.7646;7:624:388:306:98:0.5391,3,38:2:536:453:33:25;39:2:513:449:16:15;40:7:624:388:306:98,38,SAFE,inf
446,0,4,2:513:449:16:15:0.2673;2:536:453:33:25:0.7334;7:320:403:62:64:0.4985;7:625:387:323:99:0.5962,3,38:2:536:453:33:25;39:2:513:449:16:15;40:7:625:387:323:99,38,SAFE,inf
447,0,3,2:513:449:15:15:0.2076;2:536:453:33:25:0.7251;7:626:386:324:101:0.5117,3,38:2:536:453:33:25;39:2:513:449:15:15;40:7:626:386:324:101,38,SAFE,inf
448,0,4,2:513:449:14:15:0.2494;2:536:453:33:25:0.7090;5:628:384:323:103:0.4980;7:320:403:61:64:0.3328,3,38:2:536:453:33:25;39:2:513:449:14:15;40:5:628:384:323:103,38,SAFE,inf
449,0,3,2:512:449:15:15:0.2612;2:536:453:33:25:0.6860;5:628:383:318:104:0.5889,3,38:2:536:453:33:25;39:2:512:449:15:15;40:5:628:383:318:104,38,SAFE,inf
450,0,3,2:511:449:17:15:0.3108;2:536:453:33:25:0.7012;5:630:383:320:105:0.4243,3,38:2:536:453:33:25;39:2:511:449:17:15;40:5:630:383:320:105,38,SAFE,inf
451,0,3,2:512:450:15:14:0.2568;2:537:454:32:25:0.6299;5:631:380:324:108:0.3008,3,38:2:537:454:32:25;39:2:512:450:15:14;40:5:631:380:324:108,38,SAFE,inf
452,0,4,2:512:450:15:14:0.2974;2:537:454:33:24:0.6548;5:631:379:328:109:0.3276;7:284:400:91:70:0.1009,3,38:2:537:454:33:24;39:2:512:450:15:14;40:5:631:379:328:109,38,SAFE,inf
453,0,3,2:511:449:16:15:0.2379;2:537:453:33:25:0.6592;5:632:379:327:110:0.4922,3,38:2:537:453:33:25;39:2:511:449:16:15;40:5:632:379:327:110,38,SAFE,inf
454,0,3,2:510:449:18:16:0.2815;2:538:453:32:25:0.7168;5:632:376:327:114:0.2705,3,38:2:538:453:32:25;39:2:510:449:18:16;40:5:632:376:327:114,38,SAFE,inf
455,0,3,2:510:448:18:16:0.2998;2:538:453:32:25:0.6895;5:633:376:326:114:0.3999,3,38:2:538:453:32:25;39:2:510:448:18:16;40:5:633:376:326:114,38,SAFE,inf
456,0,3,2:510:448:18:16:0.2751;2:538:452:32:25:0.7563;5:635:373:324:118:0.2366,3,38:2:538:452:32:25;39:2:510:448:18:16;40:5:635:373:324:118,38,SAFE,inf
457,0,3,2:510:448:18:16:0.2573;2:538:452:32:25:0.7090;7:635:370:324:121:0.3115,3,38:2:538:452:32:25;39:2:510:448:18:16;40:7:635:370:324:121,38,SAFE,inf
458,0,3,2:510:447:18:17:0.2257;2:539:452:31:25:0.7505;7:637:370:322:122:0.3738,3,38:2:539:452:31:25;39:2:510:447:18:17;40:7:637:370:322:122,38,SAFE,inf
459,0,3,2:510:447:18:17:0.2234;2:539:452:32:25:0.7563;7:638:369:321:123:0.4495,3,38:2:539:452:32:25;39:2:510:447:18:17;40:7:638:369:321:123,38,SAFE,inf
460,0,4,2:511:448:16:16:0.2310;2:540:452:32:25:0.7549;7:320:403:51:62:0.3225;7:640:368:319:124:0.3337,3,38:2:540:452:32:25;39:2:511:448:16:16;40:7:640:368:319:124,38,SAFE,inf
461,0,4,2:510:447:18:17:0.2045;2:540:452:32:25:0.7446;5:642:371:317:121:0.3108;7:320:402:51:63:0.5200,3,38:2:540:452:32:25;39:2:510:447:18:17;40:5:642:371:317:121,38,SAFE,inf
462,0,3,2:540:452:33:25:0.7075;7:321:407:51:57:0.2325;7:642:369:317:124:0.3540,2,38:2:540:452:33:25;40:7:642:369:317:124,38,SAFE,inf
463,0,2,2:540:452:33:25:0.7324;5:643:371:370:134:0.1192,2,38:2:540:452:33:25;40:5:643:371:370:134,38,SAFE,inf
464,0,2,2:540:452:34:26:0.7720;7:645:375:314:121:0.2338,2,38:2:540:452:34:26;40:7:645:375:314:121,38,SAFE,19.519
465,0,4,2:540:452:34:25:0.7969;2:992:484:70:30:0.1724;5:647:362:398:133:0.4785;7:320:401:48:64:0.2542,2,38:2:540:452:34:25;40:5:647:362:398:133,38,SAFE,19.454
466,0,2,2:540:452:34:25:0.7827;7:646:368:313:127:0.4377,2,38:2:540:452:34:25;40:7:646:368:313:127,38,SAFE,19.389
467,0,3,2:541:452:33:25:0.7827;7:320:401:47:64:0.2949;7:647:366:312:130:0.3684,2,38:2:541:452:33:25;40:7:647:366:312:130,38,SAFE,inf
468,0,3,2:541:452:34:25:0.8057;7:320:401:47:64:0.3997;7:649:363:310:133:0.5312,2,38:2:541:452:34:25;40:7:649:363:310:133,38,SAFE,inf
469,0,3,2:541:452:34:26:0.8057;7:320:402:47:63:0.2815;7:651:361:308:135:0.5908,2,38:2:541:452:34:26;40:7:651:361:308:135,38,SAFE,26.467
470,0,3,2:542:452:33:25:0.8018;7:320:402:47:64:0.2335;7:652:359:307:138:0.7578,2,38:2:542:452:33:25;40:7:652:359:307:138,38,SAFE,34.030
471,0,4,2:542:452:33:26:0.7944;5:654:338:525:166:0.5889;7:320:403:45:63:0.2629;7:1182:378:97:110:0.3328,3,38:2:542:452:33:26;40:5:654:338:525:166;42:7:320:403:45:63,38,SAFE,19.851
472,0,4,2:543:452:33:25:0.8066;7:320:404:44:62:0.2722;7:656:357:303:141:0.8345;7:1194:378:85:109:0.3345,3,38:2:543:452:33:25;40:7:656:357:303:141;42:7:320:404:44:62,38,SAFE,26.467
473,0,3,2:543:452:33:25:0.7944;7:659:353:300:148:0.8291;7:1206:376:73:112:0.1981,2,38:2:543:452:33:25;40:7:659:353:300:148,38,SAFE,39.701
474,0,5,2:511:447:18:17:0.2295;2:544:452:32:25:0.7676;7:320:402:43:65:0.2444;7:661:352:298:150:0.7983;7:1219:373:60:115:0.2108,2,38:2:544:452:32:25;40:7:661:352:298:150,38,SAFE,inf
475,0,4,2:511:447:18:17:0.2394;2:545:452:32:26:0.7534;7:320:402:43:65:0.3367;7:662:350:297:153:0.7461,3,38:2:545:452:32:26;40:7:662:350:297:153;42:7:320:402:43:65,38,SAFE,34.030
476,0,4,2:511:447:18:17:0.2323;2:545:452:32:26:0.7827;7:320:402:42:64:0.3762;7:665:348:294:156:0.7563,3,38:2:545:452:32:26;40:7:665:348:294:156;42:7:320:402:42:64,38,SAFE,23.821
477,0,4,2:510:447:21:17:0.2335;2:546:452:31:25:0.7905;7:320:401:41:65:0.5205;7:668:348:291:156:0.7373,3,38:2:546:452:31:25;40:7:668:348:291:156;42:7:320:401:41:65,38,SAFE,47.641
478,0,5,2:511:447:19:16:0.2539;2:546:452:32:25:0.8057;7:320:401:41:65:0.4570;7:360:440:32:25:0.2240;7:669:347:290:156:0.6992,3,38:2:546:452:32:25;40:7:669:347:290:156;42:7:320:401:41:65,38,SAFE,inf
479,0,5,2:510:446:21:18:0.2367;2:546:452:31:25:0.7661;7:320:402:39:64:0.2578;7:359:440:30:26:0.3667;7:670:348:289:157:0.5962,3,38:2:546:452:31:25;40:7:670:348:289:157;42:7:320:402:39:64,38,SAFE,inf
480,0,5,2:511:447:19:16:0.3208;2:547:452:31:25:0.7759;7:320:402:39:64:0.3923;7:358:440:30:24:0.2351;7:674:345:285:161:0.7090,3,38:2:547:452:31:25;40:7:674:345:285:161;42:7:320:402:39:64,38,SAFE,inf
481,0,4,2:511:447:19:16:0.3225;2:548:452:30:25:0.7944;7:320:402:38:63:0.3630;7:677:345:282:159:0.5947,3,38:2:548:452:30:25;40:7:677:345:282:159;42:7:320:402:38:63,38,SAFE,inf
482,0,5,2:512:447:18:16:0.3025;2:548:452:31:24:0.8115;7:320:401:37:65:0.5098;7:357:441:30:23:0.2379;7:679:342:280:162:0.5962,4,38:2:548:452:31:24;40:7:679:342:280:162;42:7:320:401:37:65;43:2:512:447:18:16,38,SAFE,inf
483,0,4,2:512:447:18:16:0.2861;2:548:452:31:24:0.8115;7:320:401:37:64:0.3584;7:681:343:278:163:0.5137,4,38:2:548:452:31:24;40:7:681:343:278:163;42:7:320:401:37:64;43:2:512:447:18:16,38,SAFE,inf
484,0,4,2:512:447:18:16:0.3057;2:548:452:32:25:0.8032;7:320:400:37:66:0.3828;7:683:335:276:174:0.7153,4,38:2:548:452:32:25;40:7:683:335:276:174;42:7:320:400:37:66;43:2:512:447:18:16,38,SAFE,inf
485,0,4,2:512:447:18:17:0.3091;2:549:452:32:25:0.8018;7:320:399:37:66:0.4912;7:686:333:273:174:0.6533,4,38:2:549:452:32:25;40:7:686:333:273:174;42:7:320:399:37:66;43:2:512:447:18:17,38,SAFE,inf
486,0,4,2:511:447:19:17:0.2798;2:549:452:32:25:0.8174;7:320:399:37:66:0.3696;7:687:330:272:179:0.7188,4,38:2:549:452:32:25;40:7:687:330:272:179;42:7:320:399:37:66;43:2:511:447:19:17,38,SAFE,inf
487,0,4,2:511:447:19:17:0.3040;2:549:451:32:26:0.8140;7:320:399:37:65:0.2496;7:690:334:269:178:0.7026,4,38:2:549:451:32:26;40:7:690:334:269:178;42:7:320:399:37:65;43:2:511:447:19:17,38,SAFE,inf
488,0,3,2:511:447:19:17:0.3647;2:550:451:33:26:0.7930;7:694:326:265:186:0.7188,3,38:2:550:451:33:26;40:7:694:326:265:186;43:2:511:447:19:17,38,SAFE,inf
489,0,4,2:512:446:18:18:0.2510;2:551:451:32:25:0.8267;7:320:401:33:63:0.4014;7:697:326:262:187:0.6929,4,38:2:551:451:32:25;40:7:697:326:262:187;42:7:320:401:33:63;43:2:512:446:18:18,38,SAFE,inf
490,0,4,2:511:446:19:17:0.2690;2:551:450:32:25:0.8154;7:320:401:33:62:0.4570;7:702:322:257:194:0.7534,4,38:2:551:450:32:25;40:7:702:322:257:194;42:7:320:401:33:62;43:2:511:446:19:17,38,SAFE,inf
491,0,4,2:512:445:19:18:0.3452;2:551:451:32:24:0.8091;7:320:401:33:61:0.4290;7:705:322:254:194:0.8164,4,38:2:551:451:32:24;40:7:705:322:254:194;42:7:320:401:33:61;43:2:512:445:19:18,38,SAFE,inf
492,0,4,2:512:445:19:17:0.3416;2:551:450:32:25:0.7637;7:320:401:32:61:0.4187;7:708:318:251:203:0.8232,4,38:2:551:450:32:25;40:7:708:318:251:203;42:7:320:401:32:61;43:2:512:445:19:17,38,SAFE,inf
493,0,5,2:512:445:19:17:0.3091;2:551:450:33:25:0.7124;2:909:451:89:65:0.1016;7:320:401:30:61:0.2708;7:712:318:247:200:0.8481,4,38:2:551:450:33:25;40:7:712:318:247:200;42:7:320:401:30:61;43:2:512:445:19:17,38,SAFE,46.876
494,0,3,2:512:445:19:17:0.3923;2:551:450:33:25:0.6655;7:717:311:242:212:0.7007,3,38:2:551:450:33:25;40:7:717:311:242:212;43:2:512:445:19:17,38,SAFE,38.395
495,0,3,2:512:445:19:17:0.3904;2:552:450:32:25:0.7202;7:721:310:238:215:0.8208,3,38:2:552:450:32:25;40:7:721:310:238:215;43:2:512:445:19:17,38,SAFE,32.513
496,0,3,2:512:445:19:18:0.4417;2:552:450:33:25:0.7388;7:725:306:234:220:0.7446,3,38:2:552:450:33:25;40:7:725:306:234:220;43:2:512:445:19:18,38,SAFE,28.193
497,0,4,2:512:444:19:18:0.2720;2:553:450:32:25:0.7676;7:320:399:25:64:0.2766;7:728:304:231:223:0.8589,4,38:2:553:450:32:25;40:7:728:304:231:223;42:7:320:399:25:64;43:2:512:444:19:18,38,SAFE,inf
498,0,5,2:512:445:19:17:0.2861;2:554:450:32:25:0.7310;2:625:450:19:18:0.2783;7:320:399:24:64:0.4753;7:733:299:226:228:0.8652,4,38:2:554:450:32:25;40:7:733:299:226:228;42:7:320:399:24:64;43:2:512:445:19:17,38,SAFE,inf
499,0,4,2:555:449:31:26:0.7026;2:628:450:16:17:0.2351;7:320:399:24:63:0.3452;7:737:294:222:232:0.8896,3,38:2:555:449:31:26;40:7:737:294:222:232;42:7:320:399:24:63,38,SAFE,inf
500,0,4,2:556:449:30:25:0.6440;2:628:449:16:18:0.2893;7:320:398:23:63:0.5420;7:741:295:218:231:0.8774,3,38:2:556:449:30:25;40:7:741:295:218:231;42:7:320:398:23:63,38,SAFE,inf
501,0,5,2:555:448:32:25:0.5830;2:629:448:15:17:0.2437;7:159:410:67:56:0.1136;7:320:397:22:64:0.3879;7:748:289:211:237:0.8257,3,38:2:555:448:32:25;40:7:748:289:211:237;42:7:320:397:22:64,38,SAFE,inf
502,0,5,2:555:448:33:25:0.6060;2:629:448:16:18:0.2108;7:158:409:63:57:0.1710;7:320:397:21:63:0.2153;7:754:286:205:242:0.7461,3,38:2:555:448:33:25;40:7:754:286:205:242;42:7:320:397:21:63,38,SAFE,inf
503,0,4,2:512:442:19:18:0.2323;2:556:448:32:25:0.7090;2:630:448:16:17:0.2240;7:760:287:199:242:0.7446,2,38:2:556:448:32:25;40:7:760:287:199:242,38,SAFE,29.035
504,0,3,2:512:442:19:18:0.2031;2:556:448:33:24:0.6895;7:767:282:192:248:0.8364,2,38:2:556:448:33:24;40:7:767:282:192:248,38,SAFE,inf
505,0,4,2:557:448:32:25:0.7026;2:631:448:16:16:0.2186;7:716:434:66:36:0.2170;7:775:276:184:254:0.7944,2,38:2:557:448:32:25;40:7:775:276:184:254,38,SAFE,inf
506,0,3,2:557:448:33:25:0.7432;7:320:395:16:66:0.2367;7:782:275:177:256:0.7905,2,38:2:557:448:33:25;40:7:782:275:177:256,38,SAFE,inf
507,0,2,2:558:448:33:24:0.7432;7:792:275:167:256:0.8623,2,38:2:558:448:33:24;40:7:792:275:167:256,38,SAFE,inf
508,0,2,2:558:448:33:24:0.7251;7:801:188:477:401:0.9087,2,38:2:558:448:33:24;40:7:801:188:477:401,38,SAFE,inf
509,0,4,2:558:448:33:24:0.7251;2:631:448:19:16:0.2451;7:132:402:63:60:0.1201;7:812:185:467:414:0.8970,2,38:2:558:448:33:24;40:7:812:185:467:414,38,SAFE,inf
510,0,3,2:559:448:32:25:0.7104;2:631:447:20:18:0.2338;7:823:171:456:431:0.8950,2,38:2:559:448:32:25;40:7:823:171:456:431,38,SAFE,inf
511,0,3,2:559:447:32:25:0.6406;2:631:447:21:17:0.2959;7:834:152:445:417:0.8926,2,38:2:559:447:32:25;40:7:834:152:445:417,38,SAFE,inf
512,0,3,2:559:448:32:24:0.6440;2:632:446:21:18:0.2783;7:848:148:431:428:0.8613,2,38:2:559:448:32:24;40:7:848:148:431:428,38,SAFE,inf
513,0,3,2:560:447:31:24:0.6152;2:632:446:22:17:0.2524;7:862:139:417:451:0.8926,2,38:2:560:447:31:24;40:7:862:139:417:451,38,SAFE,inf
514,0,4,2:295:442:37:22:0.1348;2:509:441:21:19:0.2893;2:561:446:30:25:0.5869;7:879:137:400:455:0.9004,2,38:2:561:446:30:25;40:7:879:137:400:455,38,SAFE,inf
515,0,3,2:504:441:28:18:0.2969;2:560:447:32:25:0.6426;7:895:127:384:482:0.8843,2,38:2:560:447:32:25;40:7:895:127:384:482,38,SAFE,inf
516,0,5,2:505:441:27:19:0.3621;2:560:447:32:25:0.7310;2:635:445:20:19:0.2268;7:778:427:106:54:0.1113;7:914:125:365:488:0.8833,2,38:2:560:447:32:25;40:7:914:125:365:488,38,SAFE,inf
517,0,5,2:502:441:30:19:0.3696;2:561:447:31:25:0.7388;2:635:445:21:20:0.2422;7:783:426:111:54:0.1357;7:936:96:343:514:0.7339,2,38:2:561:447:31:25;40:7:936:96:343:514,38,SAFE,32.695
518,0,6,2:504:442:28:18:0.2725;2:561:447:32:25:0.6860;2:636:446:20:18:0.2407;2:728:434:57:39:0.1907;7:783:429:116:53:0.1196;7:959:66:320:560:0.7153,3,38:2:561:447:32:25;40:7:959:66:320:560;44:2:504:442:28:18,38,SAFE,17.605
519,0,4,2:273:444:45:20:0.1041;2:562:447:31:25:0.6860;2:727:434:61:39:0.1260;7:986:26:293:613:0.6426,2,38:2:562:447:31:25;40:7:986:26:293:613,38,SAFE,20.806
520,0,3,2:562:447:31:25:0.6353;2:735:433:55:39:0.1721;5:1016:35:263:622:0.6060,2,38:2:562:447:31:25;40:5:1016:35:263:622,38,SAFE,14.304
521,0,3,2:507:440:24:21:0.3108;2:562:448:32:23:0.3887;2:636:446:23:19:0.3540,2,38:2:562:448:32:23;44:2:507:440:24:21,38,SAFE,34.148
522,0,3,2:508:441:22:19:0.2394;2:562:447:32:25:0.4397;2:636:445:24:21:0.3943,2,38:2:562:447:32:25;44:2:508:441:22:19,38,SAFE,39.840
523,0,2,2:562:448:31:23:0.4321;2:637:445:23:19:0.3523,2,38:2:562:448:31:23;45:2:637:445:23:19,38,SAFE,inf
524,0,4,2:121:446:42:24:0.1316;2:507:441:23:20:0.3523;2:562:448:32:23:0.4131;2:637:445:24:18:0.2974,3,38:2:562:448:32:23;44:2:507:441:23:20;45:2:637:445:24:18,38,SAFE,inf
525,0,3,2:563:447:32:25:0.3540;2:637:445:25:19:0.5098;7:506:441:24:21:0.2213,3,38:2:563:447:32:25;44:7:506:441:24:21;45:2:637:445:25:19,38,SAFE,inf
526,0,3,2:563:448:32:25:0.5137;2:637:445:25:20:0.4534;7:506:442:23:20:0.2255,3,38:2:563:448:32:25;44:7:506:442:23:20;45:2:637:445:25:20,38,SAFE,inf
527,0,4,2:563:446:31:25:0.4148;2:637:445:26:20:0.4922;5:76:342:238:130:0.1339;7:505:442:22:19:0.2338,3,38:2:563:446:31:25;44:7:505:442:22:19;45:2:637:445:26:20,38,SAFE,inf
528,0,3,2:502:439:28:24:0.1016;2:563:448:31:25:0.4766;2:636:445:28:20:0.3523,3,38:2:563:448:31:25;44:2:502:439:28:24;45:2:636:445:28:20,38,SAFE,inf
529,0,4,2:563:448:32:24:0.3738;2:636:445:28:21:0.3242;5:63:341:249:132:0.1248;7:505:442:21:19:0.2200,3,38:2:563:448:32:24;44:7:505:442:21:19;45:2:636:445:28:21,38,SAFE,inf
530,0,4,2:563:448:32:25:0.5176;2:636:445:29:21:0.3174;5:60:336:247:137:0.1213;7:504:442:20:19:0.2147,3,38:2:563:448:32:25;44:7:504:442:20:19;45:2:636:445:29:21,38,SAFE,inf
531,0,3,2:563:448:32:25:0.4263;2:639:445:26:21:0.2583;7:885:416:74:70:0.3145,2,38:2:563:448:32:25;45:2:639:445:26:21,38,SAFE,inf
532,0,3,2:73:443:50:26:0.1056;2:563:448:33:26:0.5039;2:642:445:24:21:0.2925,2,38:2:563:448:33:26;45:2:642:445:24:21,38,SAFE,13.444
533,0,3,2:564:448:32:25:0.5869;2:643:445:24:21:0.3008;7:890:416:69:72:0.2595,2,38:2:564:448:32:25;45:2:643:445:24:21,38,SAFE,9.869
534,0,2,2:564:448:33:25:0.6372;2:645:445:22:22:0.4226,2,38:2:564:448:33:25;45:2:645:445:22:22,38,SAFE,7.796
535,0,2,2:564:448:32:25:0.6548;2:644:445:24:22:0.3943,2,38:2:564:448:32:25;45:2:644:445:24:22,38,SAFE,6.442
536,0,4,2:564:448:33:25:0.6860;2:645:445:24:20:0.3364;7:2:330:290:142:0.1490;7:320:413:63:52:0.2374,2,38:2:564:448:33:25;45:2:645:445:24:20,38,SAFE,9.028
537,0,2,2:564:448:33:25:0.6440;2:645:445:24:21:0.2847,2,38:2:564:448:33:25;45:2:645:445:24:21,38,SAFE,7.765
538,0,2,2:565:448:32:25:0.5962;2:646:445:24:22:0.3381,2,38:2:565:448:32:25;45:2:646:445:24:22,38,SAFE,13.261
539,0,2,2:565:448:33:25:0.6387;2:646:447:24:22:0.1437,2,38:2:565:448:33:25;45:2:646:447:24:22,38,SAFE,inf
540,0,2,2:565:448:33:25:0.6133;2:647:446:23:23:0.1656,2,38:2:565:448:33:25;45:2:647:446:23:23,38,SAFE,inf
541,0,2,2:565:448:33:25:0.3577;2:647:446:24:22:0.1005,2,38:2:565:448:33:25;45:2:647:446:24:22,38,SAFE,inf
542,0,2,2:565:448:33:25:0.2737;2:648:446:24:22:0.1067,2,38:2:565:448:33:25;45:2:648:446:24:22,38,SAFE,inf
543,0,3,2:565:448:33:25:0.4629;2:649:446:23:21:0.1023;7:495:441:23:21:0.3057,2,38:2:565:448:33:25;45:2:649:446:23:21,38,SAFE,inf
544,0,4,2:565:448:34:25:0.5195;2:648:446:26:21:0.1074;7:0:443:68:34:0.1122;7:494:442:21:20:0.2056,2,38:2:565:448:34:25;45:2:648:446:26:21,38,SAFE,inf
545,0,3,2:566:448:33:25:0.5737;2:648:446:27:22:0.1013;7:749:427:163:59:0.2563,2,38:2:566:448:33:25;45:2:648:446:27:22,38,SAFE,inf
546,0,2,2:566:448:33:25:0.6299;7:722:425:189:61:0.2444,1,38:2:566:448:33:25,38,SAFE,inf
547,0,3,0:0:443:14:32:0.1783;2:566:448:33:26:0.6602;7:721:425:192:61:0.4111,1,38:2:566:448:33:26,38,SAFE,34.030
548,0,2,2:566:448:33:26:0.5508;7:723:425:205:62:0.4302,1,38:2:566:448:33:26,38,SAFE,18.324
549,0,2,2:567:449:32:24:0.6406;7:720:426:212:62:0.5581,2,38:2:567:449:32:24;46:7:720:426:212:62,38,SAFE,inf
550,0,2,2:567:449:33:25:0.5869;7:320:407:28:61:0.3057,1,38:2:567:449:33:25,38,SAFE,inf
551,0,2,2:567:449:34:25:0.4668;7:320:406:25:62:0.4321,1,38:2:567:449:34:25,38,SAFE,inf
552,0,3,2:482:439:33:24:0.1067;2:567:449:34:25:0.5527;7:734:423:218:69:0.3523,2,38:2:567:449:34:25;46:7:734:423:218:69,38,SAFE,inf
553,0,2,2:568:449:33:26:0.6533;7:484:441:29:23:0.3208,1,38:2:568:449:33:26,38,SAFE,34.636
554,0,3,2:568:449:33:25:0.6689;7:320:408:14:57:0.2451;7:486:442:27:22:0.2893,1,38:2:568:449:33:25,38,SAFE,48.432
555,0,4,0:1213:456:19:63:0.1246;2:568:449:34:25:0.7026;2:656:446:27:26:0.1246;7:485:442:28:22:0.2494,1,38:2:568:449:34:25,38,SAFE,inf
556,0,3,2:568:450:34:25:0.6670;2:656:446:29:26:0.1907;7:484:442:24:22:0.2394,1,38:2:568:450:34:25,38,SAFE,inf
557,0,2,2:568:450:34:25:0.5947;2:657:447:27:29:0.1582,1,38:2:568:450:34:25,38,SAFE,inf
558,0,3,2:568:450:34:25:0.6318;2:658:445:29:28:0.2213;7:482:442:24:23:0.3364,1,38:2:568:450:34:25,38,SAFE,inf
559,0,4,2:569:450:33:25:0.5698;2:658:445:29:30:0.1213;7:0:350:81:137:0.1278;7:481:442:23:23:0.2612,1,38:2:569:450:33:25,38,SAFE,inf
560,0,3,2:570:451:35:24:0.5889;2:658:444:32:30:0.2720;7:481:442:22:22:0.3008,2,38:2:570:451:35:24;47:7:481:442:22:22,38,SAFE,inf
561,0,2,2:570:450:34:25:0.6602;2:659:444:30:30:0.1353,1,38:2:570:450:34:25,38,SAFE,inf
562,0,2,2:571:450:32:25:0.4727;2:661:445:30:29:0.3074,1,38:2:571:450:32:25,38,SAFE,inf
563,0,2,2:571:451:33:24:0.5850;2:661:445:33:30:0.2783,1,38:2:571:451:33:24,38,SAFE,inf
564,0,3,2:571:451:34:24:0.6040;2:661:445:34:30:0.2766;7:226:400:76:71:0.1968,2,38:2:571:451:34:24;48:2:661:445:34:30,38,SAFE,inf
565,0,3,2:571:451:34:25:0.4167;2:662:446:33:29:0.4055;7:475:442:23:24:0.2161,2,38:2:571:451:34:25;48:2:662:446:33:29,38,SAFE,inf
566,0,3,2:572:451:33:24:0.5137;2:663:446:33:28:0.4824;7:474:442:24:25:0.2568,3,38:2:572:451:33:24;47:7:474:442:24:25;48:2:663:446:33:28,38,SAFE,inf
567,0,4,0:890:533:68:72:0.1013;2:572:451:35:25:0.6958;2:664:446:34:29:0.5928;7:473:442:24:25:0.2798,3,38:2:572:451:35:25;47:7:473:442:24:25;48:2:664:446:34:29,38,SAFE,inf
568,0,4,2:572:452:36:23:0.7661;2:665:447:35:28:0.5508;7:0:325:203:148:0.1860;7:472:443:24:24:0.2451,3,38:2:572:452:36:23;47:7:472:443:24:24;48:2:665:447:35:28,38,SAFE,inf
569,0,4,2:469:440:27:27:0.2480;2:572:452:36:24:0.6689;2:666:445:35:31:0.4805;7:0:326:201:144:0.2532,3,38:2:572:452:36:24;47:2:469:440:27:27;48:2:666:445:35:31,38,SAFE,inf
570,0,4,2:573:452:36:24:0.6206;2:668:446:34:31:0.3721;7:1:326:197:147:0.2238;7:469:444:26:23:0.2705,3,38:2:573:452:36:24;47:7:469:444:26:23;48:2:668:446:34:31,38,SAFE,inf
571,0,5,2:574:452:35:24:0.5449;2:670:446:33:30:0.3667;7:1:327:191:147:0.2445;7:127:395:144:84:0.1482;7:469:443:27:25:0.2991,3,38:2:574:452:35:24;47:7:469:443:27:25;48:2:670:446:33:30,38,SAFE,inf
572,0,5,2:121:447:96:34:0.1246;2:574:452:36:25:0.7646;2:671:445:34:31:0.3794;7:180:396:87:82:0.1790;7:450:442:46:27:0.3469,3,38:2:574:452:36:25;47:7:450:442:46:27;48:2:671:445:34:31,38,SAFE,inf
573,0,5,2:576:452:34:24:0.6670;2:671:446:37:30:0.3594;7:0:328:186:150:0.2588;7:117:394:145:87:0.1506;7:466:443:31:25:0.3208,3,38:2:576:452:34:24;47:7:466:443:31:25;48:2:671:446:37:30,38,SAFE,inf
574,0,6,2:109:447:94:36:0.1339;2:576:452:35:26:0.6299;2:672:445:37:31:0.1981;7:1:328:182:149:0.4446;7:299:412:60:60:0.1531;7:447:442:50:28:0.3030,3,38:2:576:452:35:26;47:7:447:442:50:28;48:2:672:445:37:31,38,SAFE,48.873
575,1,2,2:555:408:56:48:0.8447;5:639:355:100:97:0.3079,0,,-1,NONE,inf
576,0,2,2:555:407:56:49:0.8657;5:639:354:102:99:0.3008,0,,-1,NONE,inf
577,0,1,2:555:408:56:48:0.8291,1,49:2:555:408:56:48,-1,NONE,inf
578,0,1,2:554:408:57:48:0.8389,1,49:2:554:408:57:48,-1,NONE,inf
579,0,2,2:555:408:56:48:0.8408;5:640:352:104:102:0.2798,1,49:2:555:408:56:48,-1,NONE,inf
580,0,1,2:555:408:57:48:0.8569,1,49:2:555:408:57:48,-1,NONE,inf
581,0,2,2:555:408:57:49:0.8691;5:640:352:107:103:0.2749,1,49:2:555:408:57:49,-1,NONE,inf
582,0,2,2:555:408:57:48:0.8760;5:640:351:108:104:0.3669,1,49:2:555:408:57:48,-1,NONE,inf
583,0,2,2:555:408:57:49:0.8701;5:641:351:109:104:0.4741,1,49:2:555:408:57:49,-1,NONE,inf
584,0,2,2:555:408:57:49:0.8667;5:641:351:110:104:0.5566,2,49:2:555:408:57:49;50:5:641:351:110:104,-1,NONE,inf
585,0,2,2:555:408:57:49:0.8594;5:641:350:112:105:0.4500,2,49:2:555:408:57:49;50:5:641:350:112:105,-1,NONE,inf
586,0,2,2:555:408:57:49:0.8521;5:641:349:113:107:0.3425,2,49:2:555:408:57:49;50:5:641:349:113:107,-1,NONE,inf
587,0,2,2:555:409:57:49:0.8530;5:642:349:114:108:0.4263,2,49:2:555:409:57:49;50:5:642:349:114:108,-1,NONE,inf
588,0,2,2:555:409:57:49:0.8496;5:642:348:116:109:0.4282,2,49:2:555:409:57:49;50:5:642:348:116:109,-1,NONE,inf
589,0,2,2:555:409:57:49:0.8618;5:643:347:116:110:0.4233,2,49:2:555:409:57:49;50:5:643:347:116:110,-1,NONE,inf
590,0,2,2:555:408:57:50:0.8613;5:645:348:116:110:0.2739,2,49:2:555:408:57:50;50:5:645:348:116:110,-1,NONE,inf
591,0,2,2:555:408:58:50:0.8667;5:645:348:118:110:0.2612,2,49:2:555:408:58:50;50:5:645:348:118:110,-1,NONE,inf
592,0,2,2:555:407:57:50:0.8760;5:642:346:122:112:0.3794,2,49:2:555:407:57:50;50:5:642:346:122:112,-1,NONE,inf
593,0,2,2:555:408:57:50:0.8687;5:642:345:124:113:0.3523,2,49:2:555:408:57:50;50:5:642:345:124:113,-1,NONE,inf
594,0,2,2:555:408:58:50:0.8745;5:642:344:126:114:0.4534,2,49:2:555:408:58:50;50:5:642:344:126:114,-1,NONE,inf
595,0,2,2:555:408:58:50:0.8896;5:642:344:128:115:0.5254,2,49:2:555:408:58:50;50:5:642:344:128:115,-1,NONE,inf
596,0,2,2:555:408:58:50:0.8862;5:643:343:129:117:0.3738,2,49:2:555:408:58:50;50:5:643:343:129:117,-1,NONE,inf
597,0,2,2:555:409:58:50:0.8828;2:644:342:130:119:0.3523,2,49:2:555:409:58:50;50:2:644:342:130:119,-1,NONE,inf
598,0,2,2:555:409:59:50:0.8857;2:644:341:132:120:0.3850,2,49:2:555:409:59:50;50:2:644:341:132:120,-1,NONE,inf
599,0,2,2:555:409:58:50:0.8877;2:645:340:132:122:0.3923,2,49:2:555:409:58:50;50:2:645:340:132:122,-1,NONE,inf
600,0,2,2:556:409:58:50:0.8770;2:645:340:134:122:0.4148,2,49:2:556:409:58:50;50:2:645:340:134:122,-1,NONE,inf
601,0,3,2:556:410:57:50:0.8809;2:620:419:14:12:0.2310;5:645:339:137:124:0.4072,2,49:2:556:410:57:50;50:5:645:339:137:124,-1,NONE,inf
602,0,3,2:556:410:58:50:0.8774;2:619:419:16:12:0.2673;5:646:338:138:126:0.4514,2,49:2:556:410:58:50;50:5:646:338:138:126,-1,NONE,inf
603,0,3,2:556:409:58:51:0.8809;2:620:419:14:12:0.2134;5:645:337:141:128:0.3887,2,49:2:556:409:58:51;50:5:645:337:141:128,-1,NONE,inf
604,0,2,2:556:410:58:50:0.8525;5:645:336:144:129:0.3738,2,49:2:556:410:58:50;50:5:645:336:144:129,-1,NONE,inf
605,0,3,2:556:410:58:50:0.8530;2:620:419:15:12:0.3345;7:647:335:144:131:0.4397,2,49:2:556:410:58:50;50:7:647:335:144:131,-1,NONE,inf
606,0,3,2:556:410:58:50:0.8496;2:621:420:14:11:0.2925;7:648:334:146:133:0.3091,2,49:2:556:410:58:50;50:7:648:334:146:133,-1,NONE,inf
607,0,3,2:556:410:58:50:0.8130;2:620:420:15:11:0.4648;7:650:333:147:134:0.3943,3,49:2:556:410:58:50;50:7:650:333:147:134;51:2:620:420:15:11,-1,NONE,inf
608,0,2,2:556:409:58:51:0.8735;2:620:419:15:12:0.4590,2,49:2:556:409:58:51;51:2:620:419:15:12,-1,NONE,inf
609,0,3,2:556:409:59:51:0.8862;2:620:419:16:12:0.4514;5:651:331:151:137:0.4456,3,49:2:556:409:59:51;50:5:651:331:151:137;51:2:620:419:16:12,-1,NONE,inf
610,0,3,2:556:408:59:52:0.8711;2:620:419:15:11:0.3811;5:651:330:154:138:0.5215,3,49:2:556:408:59:52;50:5:651:330:154:138;51:2:620:419:15:11,-1,NONE,inf
611,0,3,2:556:409:59:51:0.8560;2:621:419:14:11:0.2422;5:652:329:155:139:0.4377,3,49:2:556:409:59:51;50:5:652:329:155:139;51:2:621:419:14:11,-1,NONE,inf
612,0,3,2:556:408:59:52:0.8408;2:621:419:14:11:0.2878;5:653:328:157:140:0.5947,3,49:2:556:408:59:52;50:5:653:328:157:140;51:2:621:419:14:11,-1,NONE,inf
613,0,2,2:557:408:59:51:0.8413;5:654:327:159:141:0.4727,2,49:2:557:408:59:51;50:5:654:327:159:141,-1,NONE,inf
614,0,3,2:557:408:59:51:0.8364;2:621:419:15:11:0.2351;5:653:326:163:142:0.6807,2,49:2:557:408:59:51;50:5:653:326:163:142,-1,NONE,inf
615,0,3,2:557:408:59:51:0.8525;2:621:419:15:11:0.2268;5:655:324:164:144:0.5508,2,49:2:557:408:59:51;50:5:655:324:164:144,-1,NONE,inf
616,0,2,2:558:408:59:52:0.8828;5:655:323:167:145:0.4475,2,49:2:558:408:59:52;50:5:655:323:167:145,-1,NONE,inf
617,0,1,2:558:408:59:52:0.8848,1,49:2:558:408:59:52,-1,NONE,inf
618,0,1,2:558:408:59:52:0.8940,1,49:2:558:408:59:52,-1,NONE,inf
619,0,2,2:558:408:60:53:0.8911;5:658:320:176:152:0.4167,2,49:2:558:408:60:53;50:5:658:320:176:152,-1,NONE,inf
620,0,3,2:558:408:60:53:0.8926;2:622:419:16:12:0.2069;5:657:319:181:153:0.3293,2,49:2:558:408:60:53;50:5:657:319:181:153,-1,NONE,inf
621,0,3,2:558:408:60:53:0.8730;2:623:420:16:11:0.2081;7:658:317:183:156:0.2147,2,49:2:558:408:60:53;50:7:658:317:183:156,-1,NONE,inf
622,0,3,2:559:408:59:53:0.8696;2:622:420:17:11:0.2644;5:658:315:186:158:0.3293,3,49:2:559:408:59:53;50:5:658:315:186:158;51:2:622:420:17:11,-1,NONE,inf
623,0,3,2:559:408:59:53:0.8457;2:622:420:17:11:0.3174;5:659:314:189:160:0.3242,3,49:2:559:408:59:53;50:5:659:314:189:160;51:2:622:420:17:11,-1,NONE,inf
624,0,3,2:559:408:59:53:0.8740;2:622:420:17:11:0.3486;5:661:312:192:162:0.3630,3,49:2:559:408:59:53;50:5:661:312:192:162;51:2:622:420:17:11,-1,NONE,inf
625,0,3,2:560:407:59:53:0.8687;2:622:420:17:10:0.3259;5:661:310:196:165:0.2974,3,49:2:560:407:59:53;50:5:661:310:196:165;51:2:622:420:17:10,-1,NONE,inf
626,0,3,2:560:408:60:52:0.8701;2:622:420:17:10:0.3091;7:662:309:199:166:0.5391,3,49:2:560:408:60:52;50:7:662:309:199:166;51:2:622:420:17:10,-1,NONE,inf
627,0,3,2:560:407:61:53:0.8452;2:623:420:16:10:0.2407;5:664:308:204:168:0.5371,3,49:2:560:407:61:53;50:5:664:308:204:168;51:2:623:420:16:10,-1,NONE,inf
628,0,2,2:561:407:61:53:0.8433;5:664:305:208:170:0.6792,2,49:2:561:407:61:53;50:5:664:305:208:170,-1,NONE,inf
629,0,3,2:562:407:60:53:0.8599;2:622:419:18:11:0.2056;5:670:304:208:173:0.4758,2,49:2:562:407:60:53;50:5:670:304:208:173,-1,NONE,inf
630,0,3,2:563:407:60:53:0.8472;2:623:419:17:11:0.2991;7:667:301:216:177:0.3225,3,49:2:563:407:60:53;50:7:667:301:216:177;51:2:623:419:17:11,-1,NONE,inf
631,0,3,2:563:407:60:53:0.8525;2:624:419:16:11:0.2629;5:672:301:215:178:0.3684,3,49:2:563:407:60:53;50:5:672:301:215:178;51:2:624:419:16:11,-1,NONE,inf
632,0,3,2:563:407:60:53:0.8472;2:625:420:15:10:0.2161;5:669:297:225:182:0.5156,3,49:2:563:407:60:53;50:5:669:297:225:182;51:2:625:420:15:10,-1,NONE,inf
633,0,2,2:563:407:60:53:0.8569;5:673:298:227:181:0.5688,2,49:2:563:407:60:53;50:5:673:298:227:181,-1,NONE,inf
634,0,2,2:564:407:60:53:0.8579;5:672:293:233:187:0.6670,2,49:2:564:407:60:53;50:5:672:293:233:187,-1,NONE,inf
635,0,3,2:564:407:60:53:0.8408;2:625:419:16:10:0.2510;5:673:289:238:192:0.4746,3,49:2:564:407:60:53;50:5:673:289:238:192;51:2:625:419:16:10,-1,NONE,inf
636,0,2,2:564:407:61:53:0.8550;5:672:288:247:194:0.7417,2,49:2:564:407:61:53;50:5:672:288:247:194,-1,NONE,inf
637,0,2,2:564:407:62:54:0.8662;5:673:285:252:200:0.3684,2,49:2:564:407:62:54;50:5:673:285:252:200,-1,NONE,inf
638,0,2,2:564:407:63:54:0.8701;7:674:284:259:202:0.5430,2,49:2:564:407:63:54;50:7:674:284:259:202,-1,NONE,inf
639,0,2,2:565:407:62:54:0.8760;7:675:282:263:208:0.4016,2,49:2:565:407:62:54;50:7:675:282:263:208,-1,NONE,inf
640,0,2,2:565:407:62:54:0.8618;7:676:280:272:210:0.5581,2,49:2:565:407:62:54;50:7:676:280:272:210,-1,NONE,inf
641,0,2,2:565:407:62:54:0.8716;7:677:276:277:215:0.5527,2,49:2:565:407:62:54;50:7:677:276:277:215,-1,NONE,inf
642,0,2,2:565:408:63:54:0.8696;7:678:275:281:219:0.6001,2,49:2:565:408:63:54;50:7:678:275:281:219,-1,NONE,inf
643,0,2,2:566:408:62:54:0.8682;7:679:275:280:219:0.8613,2,49:2:566:408:62:54;50:7:679:275:280:219,-1,NONE,inf
644,0,2,2:566:408:62:54:0.8633;7:679:275:280:219:0.7153,2,49:2:566:408:62:54;50:7:679:275:280:219,-1,NONE,inf
645,0,2,2:566:409:62:53:0.8774;7:681:275:278:220:0.7944,2,49:2:566:409:62:53;50:7:681:275:278:220,-1,NONE,inf
646,0,2,2:566:409:63:54:0.8706;7:682:275:277:223:0.8716,2,49:2:566:409:63:54;50:7:682:275:277:223,-1,NONE,inf
647,0,2,2:566:409:63:54:0.8608;7:683:275:276:225:0.8613,2,49:2:566:409:63:54;50:7:683:275:276:225,-1,NONE,inf
648,0,2,2:566:409:63:54:0.8691;7:684:275:275:226:0.8398,2,49:2:566:409:63:54;50:7:684:275:275:226,-1,NONE,inf
649,0,2,2:566:408:63:55:0.8564;7:685:275:274:227:0.8784,2,49:2:566:408:63:55;50:7:685:275:274:227,-1,NONE,inf
650,0,2,2:566:409:63:55:0.8447;7:686:275:273:228:0.8633,2,49:2:566:409:63:55;50:7:686:275:273:228,-1,NONE,inf
651,0,2,2:566:409:63:54:0.8022;7:686:275:273:224:0.8682,2,49:2:566:409:63:54;50:7:686:275:273:224,-1,NONE,inf
652,0,2,0:781:418:32:77:0.1412;2:566:408:63:55:0.7905,1,49:2:566:408:63:55,-1,NONE,inf
653,0,2,2:566:408:63:55:0.8228;7:688:275:271:228:0.6582,2,49:2:566:408:63:55;50:7:688:275:271:228,-1,NONE,inf
654,0,2,2:566:408:63:55:0.8027;7:688:274:271:233:0.8345,2,49:2:566:408:63:55;50:7:688:274:271:233,-1,NONE,inf
655,0,2,2:566:407:64:56:0.7881;7:691:274:268:232:0.6548,2,49:2:566:407:64:56;50:7:691:274:268:232,-1,NONE,inf
656,0,2,2:565:407:65:56:0.7808;7:692:274:267:234:0.6353,2,49:2:565:407:65:56;50:7:692:274:267:234,-1,NONE,inf
657,0,2,2:565:407:64:57:0.7974;7:692:275:267:232:0.5234,2,49:2:565:407:64:57;50:7:692:275:267:232,-1,NONE,inf
658,0,2,2:565:407:64:57:0.8018;7:694:275:265:236:0.6440,2,49:2:565:407:64:57;50:7:694:275:265:236,-1,NONE,inf
659,0,2,2:565:406:65:58:0.8057;7:695:274:264:240:0.7881,2,49:2:565:406:65:58;50:7:695:274:264:240,-1,NONE,inf
660,0,2,2:564:407:65:58:0.8501;7:696:275:263:242:0.8276,2,49:2:564:407:65:58;50:7:696:275:263:242,-1,NONE,inf
661,0,2,2:564:406:65:59:0.8408;7:697:275:262:243:0.7944,2,49:2:564:406:65:59;50:7:697:275:262:243,-1,NONE,inf
662,0,2,2:564:406:65:58:0.8496;7:698:274:261:247:0.8354,2,49:2:564:406:65:58;50:7:698:274:261:247,-1,NONE,inf
663,0,2,2:564:407:65:58:0.8613;7:698:274:261:246:0.8726,2,49:2:564:407:65:58;50:7:698:274:261:246,-1,NONE,inf
664,0,2,2:563:406:66:59:0.8545;7:699:274:260:248:0.5640,2,49:2:563:406:66:59;50:7:699:274:260:248,-1,NONE,inf
665,0,1,2:563:406:66:60:0.8530,1,49:2:563:406:66:60,-1,NONE,inf
666,0,2,2:563:406:65:59:0.8633;7:703:276:256:250:0.7676,2,49:2:563:406:65:59;50:7:703:276:256:250,-1,NONE,inf
667,0,2,2:562:406:66:59:0.8584;7:703:275:256:251:0.6978,2,49:2:562:406:66:59;50:7:703:275:256:251,-1,NONE,inf
668,0,2,2:562:406:66:59:0.8550;7:704:275:255:252:0.6602,2,49:2:562:406:66:59;50:7:704:275:255:252,-1,NONE,inf
669,0,2,2:562:405:66:60:0.8579;7:705:275:254:252:0.6318,2,49:2:562:405:66:60;50:7:705:275:254:252,-1,NONE,inf
670,0,2,2:560:406:68:60:0.8486;7:706:275:253:252:0.7310,2,49:2:560:406:68:60;50:7:706:275:253:252,-1,NONE,inf
671,0,2,2:560:406:68:60:0.8608;7:707:275:252:253:0.6372,2,49:2:560:406:68:60;50:7:707:275:252:253,-1,NONE,inf
672,0,2,2:559:405:69:61:0.8540;7:711:3:568:594:0.7827,2,49:2:559:405:69:61;50:7:711:3:568:594,-1,NONE,inf
673,0,2,2:559:405:69:61:0.8574;7:710:275:249:252:0.7188,2,49:2:559:405:69:61;50:7:710:275:249:252,-1,NONE,inf
674,0,2,2:559:405:68:61:0.8682;7:713:275:246:251:0.8208,2,49:2:559:405:68:61;50:7:713:275:246:251,-1,NONE,inf
675,0,2,2:559:405:68:61:0.8755;7:715:276:244:251:0.8823,2,49:2:559:405:68:61;50:7:715:276:244:251,-1,NONE,inf
676,0,2,2:558:404:69:61:0.8716;7:717:276:242:252:0.8652,2,49:2:558:404:69:61;50:7:717:276:242:252,-1,NONE,inf
677,0,2,2:558:404:69:61:0.8691;7:718:276:241:251:0.7969,2,49:2:558:404:69:61;50:7:718:276:241:251,-1,NONE,inf
678,0,2,2:557:404:70:62:0.8599;7:720:275:239:251:0.8599,2,49:2:557:404:70:62;50:7:720:275:239:251,-1,NONE,inf
679,0,2,2:557:404:70:62:0.8574;7:720:275:239:251:0.8267,2,49:2:557:404:70:62;50:7:720:275:239:251,-1,NONE,inf
680,0,2,2:557:404:70:63:0.8569;7:722:275:237:253:0.8447,2,49:2:557:404:70:63;50:7:722:275:237:253,-1,NONE,inf
681,0,2,2:556:405:71:62:0.8545;7:725:275:234:252:0.8438,2,49:2:556:405:71:62;50:7:725:275:234:252,-1,NONE,inf
682,0,2,2:556:405:71:62:0.8472;7:725:274:234:253:0.8833,2,49:2:556:405:71:62;50:7:725:274:234:253,-1,NONE,inf
683,0,2,2:556:405:70:62:0.8428;7:728:275:231:251:0.8652,2,49:2:556:405:70:62;50:7:728:275:231:251,-1,NONE,inf
684,0,2,2:556:405:71:63:0.8540;7:729:275:230:252:0.8765,2,49:2:556:405:71:63;50:7:729:275:230:252,-1,NONE,inf
685,0,2,2:555:405:72:63:0.8579;7:731:275:228:254:0.8706,2,49:2:555:405:72:63;50:7:731:275:228:254,-1,NONE,inf
686,0,2,2:555:405:72:63:0.8564;7:734:275:225:252:0.8848,2,49:2:555:405:72:63;50:7:734:275:225:252,-1,NONE,inf
687,0,2,2:555:404:72:64:0.8525;7:737:275:222:253:0.8784,2,49:2:555:404:72:64;50:7:737:275:222:253,-1,NONE,inf
688,0,2,2:554:404:73:64:0.8467;7:739:275:220:251:0.8862,2,49:2:554:404:73:64;50:7:739:275:220:251,-1,NONE,inf
689,0,2,2:554:404:73:64:0.8403;7:742:275:217:251:0.8730,2,49:2:554:404:73:64;50:7:742:275:217:251,-1,NONE,inf
690,0,2,2:554:404:73:64:0.8389;7:745:275:214:249:0.9048,2,49:2:554:404:73:64;50:7:745:275:214:249,-1,NONE,inf
691,0,2,2:554:404:73:64:0.8413;7:748:275:211:249:0.8989,2,49:2:554:404:73:64;50:7:748:275:211:249,-1,NONE,inf
692,0,2,2:554:404:73:64:0.8438;7:751:276:208:250:0.8950,2,49:2:554:404:73:64;50:7:751:276:208:250,-1,NONE,inf
693,0,2,2:554:404:73:65:0.8428;7:753:275:206:250:0.8940,2,49:2:554:404:73:65;50:7:753:275:206:250,-1,NONE,inf
694,0,2,2:554:403:73:65:0.8369;7:755:275:204:253:0.8970,2,49:2:554:403:73:65;50:7:755:275:204:253,49,SAFE,10.586
695,0,2,2:554:403:74:65:0.8398;7:759:275:200:254:0.9282,2,49:2:554:403:74:65;50:7:759:275:200:254,49,SAFE,9.415
696,0,2,2:554:403:74:65:0.8423;7:763:275:196:255:0.9175,2,49:2:554:403:74:65;50:7:763:275:196:255,49,SAFE,9.909
697,0,2,2:554:403:75:65:0.8418;7:767:276:192:254:0.8843,2,49:2:554:403:75:65;50:7:767:276:192:254,49,SAFE,11.042
698,0,2,2:554:403:75:65:0.8604;7:772:275:187:255:0.8784,2,49:2:554:403:75:65;50:7:772:275:187:255,49,SAFE,13.307
699,0,2,2:554:403:76:65:0.8472;7:776:275:183:253:0.9180,2,49:2:554:403:76:65;50:7:776:275:183:253,49,SAFE,14.624
700,0,2,2:554:403:76:65:0.8501;7:780:275:179:244:0.9082,2,49:2:554:403:76:65;50:7:780:275:179:244,49,SAFE,17.163
701,0,2,2:554:403:76:65:0.8589;7:788:275:171:249:0.9355,2,49:2:554:403:76:65;50:7:788:275:171:249,49,SAFE,22.318
702,0,2,2:554:404:77:65:0.8647;7:790:275:169:250:0.9214,2,49:2:554:404:77:65;50:7:790:275:169:250,49,SAFE,24.104
703,0,2,2:555:404:76:65:0.8667;7:794:274:165:252:0.9282,2,49:2:555:404:76:65;50:7:794:274:165:252,49,SAFE,27.390
704,0,2,2:556:404:76:67:0.8735;7:799:275:160:252:0.9111,2,49:2:556:404:76:67;50:7:799:275:160:252,49,SAFE,19.020
705,0,2,2:556:404:77:67:0.8721;7:807:274:152:254:0.8345,2,49:2:556:404:77:67;50:7:807:274:152:254,49,SAFE,15.688
706,0,2,2:556:405:78:66:0.8701;7:812:274:147:255:0.8862,2,49:2:556:405:78:66;50:7:812:274:147:255,49,SAFE,17.025
707,0,2,2:556:405:79:66:0.8794;7:824:274:135:256:0.8354,2,49:2:556:405:79:66;50:7:824:274:135:256,49,SAFE,19.826
708,0,2,2:557:405:79:68:0.8848;7:828:274:131:256:0.8364,2,49:2:557:405:79:68;50:7:828:274:131:256,49,SAFE,13.425
709,0,2,2:557:405:80:68:0.8804;7:834:0:445:641:0.8726,2,49:2:557:405:80:68;50:7:834:0:445:641,49,SAFE,10.671
710,0,2,2:557:405:81:69:0.8828;7:840:1:439:624:0.8784,2,49:2:557:405:81:69;50:7:840:1:439:624,49,SAFE,8.401
711,0,2,2:558:405:81:70:0.8799;7:849:0:430:615:0.8540,2,49:2:558:405:81:70;50:7:849:0:430:615,49,SAFE,6.722
712,0,2,2:560:405:80:69:0.8623;7:857:4:422:624:0.8472,2,49:2:560:405:80:69;50:7:857:4:422:624,49,SAFE,6.259
713,0,2,2:561:405:80:70:0.8779;7:868:5:411:626:0.9131,2,49:2:561:405:80:70;50:7:868:5:411:626,49,SAFE,5.709
714,0,2,2:562:405:79:69:0.8647;7:877:5:402:630:0.9224,2,49:2:562:405:79:69;50:7:877:5:402:630,49,SAFE,5.819
715,0,2,2:563:405:80:70:0.8638;7:889:4:390:630:0.9175,2,49:2:563:405:80:70;50:7:889:4:390:630,49,SAFE,5.783
716,0,2,2:563:404:81:70:0.8652;7:901:1:378:628:0.8750,2,49:2:563:404:81:70;50:7:901:1:378:628,49,SAFE,6.022
717,0,2,2:564:404:80:70:0.8677;7:915:3:364:634:0.8774,2,49:2:564:404:80:70;50:7:915:3:364:634,49,SAFE,6.611
718,0,2,2:565:404:81:70:0.8833;7:928:2:351:635:0.8784,2,49:2:565:404:81:70;50:7:928:2:351:635,49,SAFE,7.781
719,0,2,2:565:404:83:70:0.8877;7:942:4:337:627:0.8730,2,49:2:565:404:83:70;50:7:942:4:337:627,49,SAFE,8.076
720,0,2,2:567:404:81:70:0.8882;7:960:4:319:628:0.8198,2,49:2:567:404:81:70;50:7:960:4:319:628,49,SAFE,8.740
721,0,2,2:568:404:82:71:0.8945;7:979:4:300:625:0.8398,2,49:2:568:404:82:71;50:7:979:4:300:625,49,SAFE,10.195
722,0,2,2:569:405:82:70:0.8975;7:997:4:282:619:0.7842,2,49:2:569:405:82:70;50:7:997:4:282:619,49,SAFE,15.796
723,0,2,2:571:405:81:71:0.8979;7:1019:3:260:632:0.7339,2,49:2:571:405:81:71;50:7:1019:3:260:632,49,SAFE,17.118
724,0,2,2:572:405:82:71:0.9004;5:1045:4:234:632:0.6113,2,49:2:572:405:82:71;50:5:1045:4:234:632,49,SAFE,20.445
725,0,2,2:572:405:84:71:0.8872;7:1073:1:206:635:0.7734,2,49:2:572:405:84:71;50:7:1073:1:206:635,49,SAFE,21.149
726,0,2,2:574:405:83:72:0.8818;5:1106:3:173:637:0.5776,2,49:2:574:405:83:72;50:5:1106:3:173:637,49,SAFE,15.291
727,0,3,2:442:416:19:11:0.2422;2:575:405:83:71:0.8706;7:1146:9:133:592:0.3850,2,49:2:575:405:83:71;50:7:1146:9:133:592,49,SAFE,17.332
728,0,3,2:443:417:16:10:0.2081;2:577:404:83:73:0.8423;7:1184:57:95:547:0.3032,2,49:2:577:404:83:73;50:7:1184:57:95:547,49,SAFE,12.489
729,0,3,0:1227:35:52:571:0.1427;2:444:417:15:10:0.2437;2:578:404:83:74:0.8521,1,49:2:578:404:83:74,49,SAFE,10.435
730,0,1,2:580:404:83:74:0.8799,1,49:2:580:404:83:74,49,SAFE,8.590
731,0,1,2:580:404:85:73:0.8818,1,49:2:580:404:85:73,49,SAFE,8.274
732,0,1,2:582:404:85:74:0.8823,1,49:2:582:404:85:74,49,SAFE,7.633
733,0,1,2:584:405:84:73:0.9043,1,49:2:584:405:84:73,49,SAFE,7.998
734,0,1,2:585:405:86:74:0.8950,1,49:2:585:405:86:74,49,SAFE,8.017
735,0,1,2:586:405:86:75:0.9033,1,49:2:586:405:86:75,49,SAFE,7.779
736,0,1,2:589:405:86:75:0.8857,1,49:2:589:405:86:75,-1,NONE,inf
737,0,1,2:590:405:87:75:0.8608,1,49:2:590:405:87:75,-1,NONE,inf
738,0,1,2:592:405:87:76:0.8657,1,49:2:592:405:87:76,-1,NONE,inf
739,0,1,2:595:405:86:76:0.8730,1,49:2:595:405:86:76,-1,NONE,inf
740,0,1,2:596:405:88:76:0.8799,1,49:2:596:405:88:76,-1,NONE,inf
741,0,1,2:598:404:88:76:0.8696,1,49:2:598:404:88:76,-1,NONE,inf
742,0,1,2:600:404:89:77:0.8804,1,49:2:600:404:89:77,-1,NONE,inf
743,0,1,2:602:404:90:77:0.8833,1,49:2:602:404:90:77,-1,NONE,inf
744,0,1,2:603:404:91:78:0.8760,1,49:2:603:404:91:78,-1,NONE,inf
745,0,1,2:606:404:90:78:0.7954,1,49:2:606:404:90:78,-1,NONE,inf
746,0,1,2:608:404:92:79:0.7891,1,49:2:608:404:92:79,-1,NONE,inf
747,0,1,2:610:404:93:80:0.7593,1,49:2:610:404:93:80,-1,NONE,inf
748,0,1,2:610:403:95:81:0.7905,1,49:2:610:403:95:81,-1,NONE,inf
749,0,1,2:614:404:94:80:0.8354,1,49:2:614:404:94:80,-1,NONE,inf
750,0,1,2:615:404:96:80:0.8423,1,49:2:615:404:96:80,-1,NONE,inf
751,0,1,2:617:404:97:81:0.7998,1,49:2:617:404:97:81,-1,NONE,inf
752,0,1,2:619:405:98:82:0.6860,1,49:2:619:405:98:82,-1,NONE,inf
753,0,1,2:623:404:96:83:0.6938,1,49:2:623:404:96:83,-1,NONE,inf
754,0,1,2:624:404:99:82:0.8091,1,49:2:624:404:99:82,-1,NONE,inf
755,0,1,2:623:405:103:82:0.7930,1,49:2:623:405:103:82,-1,NONE,inf
756,0,1,2:624:404:104:84:0.7891,1,49:2:624:404:104:84,-1,NONE,inf
757,0,1,2:630:405:102:83:0.6709,1,49:2:630:405:102:83,-1,NONE,inf
758,0,1,2:637:403:97:86:0.7158,1,49:2:637:403:97:86,-1,NONE,inf
759,0,1,2:639:403:99:86:0.7798,1,49:2:639:403:99:86,-1,NONE,inf
760,0,1,2:641:403:99:87:0.7041,1,49:2:641:403:99:87,-1,NONE,inf
761,0,1,2:643:403:99:87:0.7075,1,49:2:643:403:99:87,-1,NONE,inf
762,0,1,2:640:402:108:87:0.7959,1,49:2:640:402:108:87,-1,NONE,inf
763,0,1,2:633:401:117:88:0.6021,1,49:2:633:401:117:88,-1,NONE,inf
764,0,1,2:642:401:111:89:0.7090,1,49:2:642:401:111:89,-1,NONE,inf
765,0,1,2:646:401:109:90:0.7959,1,49:2:646:401:109:90,-1,NONE,inf
766,0,1,2:648:402:110:90:0.7676,1,49:2:648:402:110:90,-1,NONE,inf
767,0,2,2:622:419:17:11:0.2338;2:650:401:111:91:0.7881,1,49:2:650:401:111:91,-1,NONE,inf
768,0,1,2:658:402:106:91:0.5254,1,49:2:658:402:106:91,-1,NONE,inf
769,0,1,2:656:402:111:91:0.5796,1,49:2:656:402:111:91,-1,NONE,inf
770,0,1,2:658:402:113:92:0.6060,1,49:2:658:402:113:92,-1,NONE,inf
771,0,1,2:660:402:114:92:0.6514,1,49:2:660:402:114:92,-1,NONE,inf
772,0,2,2:621:419:17:10:0.2524;2:663:401:115:93:0.8335,1,49:2:663:401:115:93,-1,NONE,inf
773,0,2,2:621:419:15:10:0.3242;2:664:402:117:93:0.9038,1,49:2:664:402:117:93,-1,NONE,inf
774,0,2,2:621:419:13:10:0.2737;2:666:401:118:94:0.8818,1,49:2:666:401:118:94,-1,NONE,inf
775,0,2,2:621:419:13:10:0.2451;2:668:401:119:95:0.8608,1,49:2:668:401:119:95,-1,NONE,inf
776,0,2,2:621:419:13:10:0.2120;2:670:401:120:95:0.8931,1,49:2:670:401:120:95,-1,NONE,inf
777,0,1,2:671:401:123:95:0.9238,1,49:2:671:401:123:95,-1,NONE,inf
778,0,1,2:672:401:125:96:0.9155,1,49:2:672:401:125:96,-1,NONE,inf
779,0,1,2:676:400:124:98:0.9331,1,49:2:676:400:124:98,-1,NONE,inf
780,0,1,2:678:400:126:98:0.9390,1,49:2:678:400:126:98,-1,NONE,inf
781,0,1,2:679:400:128:99:0.8882,1,49:2:679:400:128:99,-1,NONE,inf
782,0,1,2:681:401:131:98:0.8276,1,49:2:681:401:131:98,-1,NONE,inf
783,0,1,2:684:401:130:99:0.8291,1,49:2:684:401:130:99,-1,NONE,inf
784,0,1,2:685:399:134:103:0.7939,1,49:2:685:399:134:103,-1,NONE,inf
785,0,1,2:688:400:134:101:0.9053,1,49:2:688:400:134:101,-1,NONE,inf
786,0,1,2:689:400:135:101:0.9111,1,49:2:689:400:135:101,-1,NONE,inf
787,0,2,2:618:420:14:10:0.2407;2:692:400:137:102:0.9092,1,49:2:692:400:137:102,-1,NONE,inf
788,0,2,2:618:419:14:11:0.2612;2:693:400:139:103:0.9272,1,49:2:693:400:139:103,-1,NONE,inf
789,0,1,2:696:399:140:104:0.9238,1,49:2:696:399:140:104,-1,NONE,inf
790,0,1,2:697:399:143:105:0.9258,1,49:2:697:399:143:105,-1,NONE,inf
791,0,1,2:699:398:145:107:0.9272,1,49:2:699:398:145:107,-1,NONE,inf
792,0,1,2:702:398:147:108:0.9263,1,49:2:702:398:147:108,-1,NONE,inf
793,0,1,2:704:398:149:109:0.9321,1,49:2:704:398:149:109,-1,NONE,inf
794,0,1,2:705:398:152:111:0.9189,1,49:2:705:398:152:111,-1,NONE,inf
795,0,1,2:708:398:152:110:0.9243,1,49:2:708:398:152:110,-1,NONE,inf
796,0,1,2:709:398:156:111:0.9316,1,49:2:709:398:156:111,-1,NONE,inf
797,0,1,2:711:398:158:112:0.9360,1,49:2:711:398:158:112,-1,NONE,inf
798,0,1,2:714:398:161:113:0.9385,1,49:2:714:398:161:113,-1,NONE,inf
799,0,1,2:716:398:163:115:0.9434,1,49:2:716:398:163:115,-1,NONE,inf
800,0,1,2:717:398:167:114:0.9429,1,49:2:717:398:167:114,-1,NONE,inf
801,0,1,2:720:398:169:115:0.9404,1,49:2:720:398:169:115,-1,NONE,inf
802,0,1,2:722:397:171:117:0.9409,1,49:2:722:397:171:117,-1,NONE,inf
803,0,1,2:724:397:175:119:0.9370,1,49:2:724:397:175:119,-1,NONE,inf
804,0,1,2:727:396:176:120:0.9380,1,49:2:727:396:176:120,-1,NONE,inf
805,0,1,2:729:396:179:122:0.9355,1,49:2:729:396:179:122,-1,NONE,inf
806,0,1,2:731:396:184:122:0.9365,1,49:2:731:396:184:122,-1,NONE,inf
807,0,1,2:733:396:187:124:0.9424,1,49:2:733:396:187:124,-1,NONE,inf
808,0,1,2:736:396:189:125:0.9395,1,49:2:736:396:189:125,-1,NONE,inf
809,0,1,2:738:395:194:127:0.9414,1,49:2:738:395:194:127,-1,NONE,inf
810,0,1,2:741:394:196:129:0.9414,1,49:2:741:394:196:129,-1,NONE,inf
811,0,1,2:743:394:201:130:0.9390,1,49:2:743:394:201:130,-1,NONE,inf
812,0,1,2:747:394:203:131:0.9448,1,49:2:747:394:203:131,-1,NONE,inf
813,0,1,2:749:394:208:132:0.9448,1,49:2:749:394:208:132,-1,NONE,inf
814,0,1,2:751:394:208:133:0.9502,1,49:2:751:394:208:133,-1,NONE,inf
815,0,1,2:755:394:204:132:0.9380,1,49:2:755:394:204:132,-1,NONE,inf
816,0,1,2:757:393:202:133:0.9395,1,49:2:757:393:202:133,-1,NONE,inf
817,0,1,2:759:392:200:135:0.9375,1,49:2:759:392:200:135,-1,NONE,inf
818,0,1,2:762:392:197:137:0.9482,1,49:2:762:392:197:137,-1,NONE,inf
819,0,1,2:766:391:193:137:0.9409,1,49:2:766:391:193:137,-1,NONE,inf
820,0,1,2:768:391:191:138:0.9482,1,49:2:768:391:191:138,-1,NONE,inf
821,0,1,2:771:390:188:139:0.9438,1,49:2:771:390:188:139,-1,NONE,inf
822,0,1,2:775:390:184:140:0.9448,1,49:2:775:390:184:140,-1,NONE,inf
823,0,1,2:778:390:181:140:0.9487,1,49:2:778:390:181:140,-1,NONE,inf
824,0,1,2:782:389:177:141:0.9521,1,49:2:782:389:177:141,-1,NONE,inf
825,0,1,2:785:389:174:141:0.9492,1,49:2:785:389:174:141,-1,NONE,inf
826,0,1,2:789:388:170:142:0.9390,1,49:2:789:388:170:142,-1,NONE,inf
827,0,1,2:792:388:167:143:0.9365,1,49:2:792:388:167:143,-1,NONE,inf
828,0,1,2:796:388:163:142:0.9326,1,49:2:796:388:163:142,-1,NONE,inf
829,0,1,2:800:387:159:144:0.9355,1,49:2:800:387:159:144,-1,NONE,inf
830,0,1,2:804:386:155:145:0.9292,1,49:2:804:386:155:145,-1,NONE,inf
831,0,1,2:808:386:151:144:0.9375,1,49:2:808:386:151:144,-1,NONE,inf
832,0,1,2:813:386:146:145:0.9370,1,49:2:813:386:146:145,-1,NONE,inf
833,0,1,2:817:384:142:147:0.9282,1,49:2:817:384:142:147,-1,NONE,inf
834,0,1,2:821:384:138:147:0.9248,1,49:2:821:384:138:147,-1,NONE,inf
835,0,1,2:825:384:134:147:0.9126,1,49:2:825:384:134:147,-1,NONE,inf
836,0,1,2:830:384:129:147:0.9136,1,49:2:830:384:129:147,-1,NONE,inf
837,0,1,2:835:384:124:147:0.9014,1,49:2:835:384:124:147,-1,NONE,inf
838,0,1,2:840:382:119:148:0.8901,1,49:2:840:382:119:148,-1,NONE,inf
839,0,1,2:845:383:114:147:0.9048,1,49:2:845:383:114:147,-1,NONE,inf
840,0,1,2:850:383:109:147:0.8931,1,49:2:850:383:109:147,-1,NONE,inf
841,0,1,2:855:385:104:145:0.8857,1,49:2:855:385:104:145,-1,NONE,inf
842,0,1,2:860:386:99:144:0.8833,1,49:2:860:386:99:144,-1,NONE,inf
843,0,1,2:866:391:93:140:0.8730,1,49:2:866:391:93:140,-1,NONE,inf
844,0,1,2:872:393:87:137:0.8438,1,49:2:872:393:87:137,-1,NONE,inf
845,0,1,2:877:376:402:216:0.8740,1,49:2:877:376:402:216,-1,NONE,inf
846,0,1,2:882:401:77:130:0.8105,1,49:2:882:401:77:130,-1,NONE,inf
847,0,1,2:889:405:70:126:0.8521,1,49:2:889:405:70:126,-1,NONE,inf
848,0,1,2:895:372:384:225:0.8706,0,,-1,NONE,inf
849,0,1,2:901:370:378:228:0.8799,0,,-1,NONE,inf
850,0,1,2:907:369:372:233:0.8833,1,52:2:907:369:372:233,-1,NONE,inf
851,0,1,2:916:367:363:233:0.8457,1,52:2:916:367:363:233,-1,NONE,inf
852,0,1,2:923:367:356:236:0.8662,1,52:2:923:367:356:236,-1,NONE,inf
853,0,1,2:931:365:348:245:0.8740,1,52:2:931:365:348:245,-1,NONE,inf
854,0,1,2:938:365:341:234:0.8320,1,52:2:938:365:341:234,-1,NONE,inf
855,0,1,2:944:362:335:249:0.7534,1,52:2:944:362:335:249,-1,NONE,inf
856,0,1,2:953:361:326:251:0.7852,1,52:2:953:361:326:251,-1,NONE,inf
857,0,1,2:961:361:318:234:0.6060,1,52:2:961:361:318:234,-1,NONE,inf
858,0,1,2:970:361:309:241:0.7231,1,52:2:970:361:309:241,-1,NONE,inf
859,0,1,2:980:359:299:233:0.8398,1,52:2:980:359:299:233,-1,NONE,inf
860,0,1,2:991:358:288:236:0.7827,1,52:2:991:358:288:236,-1,NONE,inf
861,0,1,2:1001:356:278:240:0.8408,1,52:2:1001:356:278:240,-1,NONE,inf
862,0,1,2:1011:356:268:244:0.7578,1,52:2:1011:356:268:244,-1,NONE,inf
863,0,1,2:1021:360:258:237:0.7402,1,52:2:1021:360:258:237,-1,NONE,inf
864,0,1,2:1034:363:245:265:0.8491,1,52:2:1034:363:245:265,-1,NONE,inf
865,0,1,2:1046:367:233:257:0.8491,1,52:2:1046:367:233:257,-1,NONE,inf
866,0,1,2:1060:372:219:243:0.8447,1,52:2:1060:372:219:243,-1,NONE,inf
867,0,1,2:1077:384:202:212:0.7612,1,52:2:1077:384:202:212,-1,NONE,inf
868,0,1,2:1091:397:188:198:0.8022,1,52:2:1091:397:188:198,-1,NONE,inf
869,0,1,2:1107:410:172:190:0.7290,1,52:2:1107:410:172:190,-1,NONE,inf
870,0,1,2:1123:423:156:175:0.6084,1,52:2:1123:423:156:175,-1,NONE,inf
871,0,1,2:1143:443:136:186:0.4609,1,52:2:1143:443:136:186,-1,NONE,inf
872,0,1,2:1162:458:117:139:0.6152,1,52:2:1162:458:117:139,-1,NONE,inf
873,0,1,2:1185:472:94:133:0.5962,1,52:2:1185:472:94:133,-1,NONE,inf
874,0,0,,0,,-1,NONE,inf
875,0,1,0:1233:498:46:134:0.1382,0,,-1,NONE,inf
876,0,0,,0,,-1,NONE,inf
877,0,0,,0,,-1,NONE,inf
878,0,0,,0,,-1,NONE,inf
879,0,0,,0,,-1,NONE,inf
880,0,0,,0,,-1,NONE,inf
881,0,0,,0,,-1,NONE,inf
882,0,0,,0,,-1,NONE,inf
883,0,0,,0,,-1,NONE,inf
884,0,0,,0,,-1,NONE,inf
885,0,0,,0,,-1,NONE,inf
886,0,0,,0,,-1,NONE,inf
887,0,0,,0,,-1,NONE,inf
888,0,0,,0,,-1,NONE,inf
889,0,0,,0,,-1,NONE,inf
890,0,0,,0,,-1,NONE,inf
891,0,0,,0,,-1,NONE,inf
892,0,0,,0,,-1,NONE,inf
893,0,0,,0,,-1,NONE,inf
894,0,0,,0,,-1,NONE,inf
895,0,0,,0,,-1,NONE,inf
896,0,0,,0,,-1,NONE,inf
897,0,0,,0,,-1,NONE,inf
898,0,0,,0,,-1,NONE,inf
899,0,0,,0,,-1,NONE,inf
900,0,0,,0,,-1,NONE,inf
901,0,0,,0,,-1,NONE,inf
902,0,0,,0,,-1,NONE,inf
903,0,0,,0,,-1,NONE,inf
904,0,0,,0,,-1,NONE,inf
905,0,0,,0,,-1,NONE,inf
906,0,0,,0,,-1,NONE,inf
907,0,0,,0,,-1,NONE,inf
908,0,0,,0,,-1,NONE,inf
909,0,0,,0,,-1,NONE,inf
910,0,0,,0,,-1,NONE,inf
911,0,0,,0,,-1,NONE,inf
912,0,0,,0,,-1,NONE,inf
913,0,0,,0,,-1,NONE,inf
914,0,0,,0,,-1,NONE,inf
915,0,0,,0,,-1,NONE,inf
916,0,0,,0,,-1,NONE,inf
917,0,0,,0,,-1,NONE,inf
918,0,0,,0,,-1,NONE,inf
919,0,0,,0,,-1,NONE,inf
920,0,0,,0,,-1,NONE,inf
921,0,0,,0,,-1,NONE,inf
922,0,0,,0,,-1,NONE,inf
923,0,0,,0,,-1,NONE,inf
924,0,0,,0,,-1,NONE,inf
925,0,0,,0,,-1,NONE,inf
926,0,0,,0,,-1,NONE,inf
927,0,0,,0,,-1,NONE,inf
928,0,0,,0,,-1,NONE,inf
929,0,0,,0,,-1,NONE,inf
930,0,0,,0,,-1,NONE,inf
931,0,0,,0,,-1,NONE,inf
932,0,0,,0,,-1,NONE,inf
933,0,0,,0,,-1,NONE,inf
934,0,0,,0,,-1,NONE,inf
935,0,0,,0,,-1,NONE,inf
936,0,0,,0,,-1,NONE,inf
937,0,0,,0,,-1,NONE,inf
938,0,1,7:818:338:61:66:0.2449,0,,-1,NONE,inf
939,0,0,,0,,-1,NONE,inf
940,0,0,,0,,-1,NONE,inf
941,0,0,,0,,-1,NONE,inf
942,0,0,,0,,-1,NONE,inf
943,0,0,,0,,-1,NONE,inf
944,0,0,,0,,-1,NONE,inf
945,0,1,7:852:324:74:77:0.3030,0,,-1,NONE,inf
946,0,0,,0,,-1,NONE,inf
947,0,0,,0,,-1,NONE,inf
948,0,0,,0,,-1,NONE,inf
949,0,0,,0,,-1,NONE,inf
950,0,0,,0,,-1,NONE,inf
951,0,0,,0,,-1,NONE,inf
952,0,0,,0,,-1,NONE,inf
953,0,0,,0,,-1,NONE,inf
954,0,0,,0,,-1,NONE,inf
955,0,0,,0,,-1,NONE,inf
956,0,0,,0,,-1,NONE,inf
957,0,0,,0,,-1,NONE,inf
958,0,0,,0,,-1,NONE,inf
959,0,0,,0,,-1,NONE,inf
960,0,0,,0,,-1,NONE,inf
961,0,0,,0,,-1,NONE,inf
962,0,0,,0,,-1,NONE,inf
963,0,1,7:1034:248:147:146:0.1353,0,,-1,NONE,inf
964,0,0,,0,,-1,NONE,inf
965,0,1,7:1073:230:167:191:0.2294,0,,-1,NONE,inf
966,0,1,7:1094:224:179:196:0.2203,0,,-1,NONE,inf
967,0,0,,0,,-1,NONE,inf
968,0,0,,0,,-1,NONE,inf
969,0,1,7:1172:195:107:283:0.4824,0,,-1,NONE,inf
970,0,1,7:1202:186:77:290:0.4282,0,,-1,NONE,inf
971,0,0,,0,,-1,NONE,inf
972,0,0,,0,,-1,NONE,inf
973,0,0,,0,,-1,NONE,inf
974,0,0,,0,,-1,NONE,inf
975,0,0,,0,,-1,NONE,inf
976,0,0,,0,,-1,NONE,inf
977,0,0,,0,,-1,NONE,inf
978,0,0,,0,,-1,NONE,inf
979,0,0,,0,,-1,NONE,inf
980,0,0,,0,,-1,NONE,inf
981,0,0,,0,,-1,NONE,inf
982,0,0,,0,,-1,NONE,inf
983,0,0,,0,,-1,NONE,inf
984,0,0,,0,,-1,NONE,inf
985,0,0,,0,,-1,NONE,inf
986,0,0,,0,,-1,NONE,inf
987,0,0,,0,,-1,NONE,inf
988,0,0,,0,,-1,NONE,inf
989,0,0,,0,,-1,NONE,inf
990,0,0,,0,,-1,NONE,inf
991,0,0,,0,,-1,NONE,inf
992,0,0,,0,,-1,NONE,inf
993,0,0,,0,,-1,NONE,inf
994,0,0,,0,,-1,NONE,inf
995,0,0,,0,,-1,NONE,inf
996,0,0,,0,,-1,NONE,inf
997,0,0,,0,,-1,NONE,inf
998,0,0,,0,,-1,NONE,inf
999,0,0,,0,,-1,NONE,inf
1000,0,0,,0,,-1,NONE,inf
1001,0,0,,0,,-1,NONE,inf
1002,0,0,,0,,-1,NONE,inf
1003,0,0,,0,,-1,NONE,inf
1004,0,0,,0,,-1,NONE,inf
1005,0,0,,0,,-1,NONE,inf
1006,0,0,,0,,-1,NONE,inf
1007,0,0,,0,,-1,NONE,inf
1008,0,0,,0,,-1,NONE,inf
1009,0,0,,0,,-1,NONE,inf
1010,0,0,,0,,-1,NONE,inf
1011,1,4,7:363:393:99:72:0.5796;7:527:383:100:81:0.6050;7:740:389:71:47:0.1404;7:794:427:223:63:0.3748,0,,-1,NONE,inf
1012,0,3,7:364:393:99:73:0.5317;7:528:382:101:83:0.8887;7:785:427:242:62:0.2561,0,,-1,NONE,inf
1013,0,4,7:365:391:100:75:0.6333;7:529:381:101:83:0.8369;7:804:426:235:63:0.3721;7:913:374:189:104:0.1146,3,53:7:529:381:101:83;54:7:365:391:100:75;55:7:804:426:235:63,-1,NONE,inf
1014,0,4,5:913:371:198:112:0.1190;7:365:391:101:75:0.6699;7:531:380:103:84:0.8877;7:817:427:232:63:0.2428,3,53:7:531:380:103:84;54:7:365:391:101:75;55:7:817:427:232:63,-1,NONE,inf
1015,0,5,5:916:366:268:119:0.4277;7:365:390:102:75:0.5063;7:533:379:103:85:0.7114;7:709:383:116:55:0.3464;7:823:425:241:65:0.1232,3,53:7:533:379:103:85;54:7:365:390:102:75;55:5:916:366:268:119,-1,NONE,inf
1016,0,5,5:937:362:263:114:0.5249;7:365:390:103:75:0.5913;7:534:379:104:84:0.4634;7:717:382:101:54:0.1884;7:811:426:269:66:0.1409,3,53:7:534:379:104:84;54:7:365:390:103:75;55:5:937:362:263:114,-1,NONE,inf
1017,0,5,5:938:360:275:120:0.4592;7:366:390:102:75:0.4670;7:537:378:104:84:0.6011;7:756:381:70:51:0.1824;7:806:423:290:71:0.2542,3,53:7:537:378:104:84;54:7:366:390:102:75;55:5:938:360:275:120,-1,NONE,inf
1018,0,6,5:955:355:277:132:0.5205;7:367:389:104:77:0.5469;7:538:377:106:86:0.6226;7:763:380:68:52:0.2240;7:800:395:159:98:0.4534;7:815:424:294:71:0.1532,4,53:7:538:377:106:86;54:7:367:389:104:77;55:5:955:355:277:132;56:7:800:395:159:98,-1,NONE,inf
1019,0,6,5:956:355:300:133:0.1406;7:368:389:104:77:0.6455;7:539:376:107:87:0.8125;7:719:379:117:81:0.2671;7:785:331:174:161:0.3684;7:814:422:310:72:0.1373,4,53:7:539:376:107:87;54:7:368:389:104:77;55:5:956:355:300:133;56:7:785:331:174:161,-1,NONE,inf
1020,0,5,5:369:389:105:77:0.4897;5:965:352:313:139:0.2129;7:541:375:108:89:0.8911;7:770:378:70:54:0.2006;7:802:396:157:97:0.4263,4,53:7:541:375:108:89;54:5:369:389:105:77;55:5:965:352:313:139;56:7:802:396:157:97,-1,NONE,inf
1021,0,4,7:373:388:103:79:0.3701;7:545:373:107:89:0.2964;7:776:377:74:58:0.2323;7:862:419:308:78:0.1003,3,53:7:545:373:107:89;54:7:373:388:103:79;56:7:862:419:308:78,-1,NONE,inf
1022,0,4,7:376:389:104:78:0.4727;7:548:373:110:91:0.7837;7:779:376:78:59:0.2310;7:839:350:440:148:0.3630,3,53:7:548:373:110:91;54:7:376:389:104:78;56:7:839:350:440:148,-1,NONE,inf
1023,0,5,7:378:388:105:78:0.4673;7:552:372:110:91:0.8237;7:784:375:79:56:0.2583;7:805:332:154:161:0.3757;7:891:347:388:152:0.3577,4,53:7:552:372:110:91;54:7:378:388:105:78;55:7:805:332:154:161;56:7:891:347:388:152,-1,NONE,inf
1024,0,5,7:381:386:105:81:0.5034;7:555:371:111:92:0.6362;7:791:373:74:59:0.1592;7:814:333:145:161:0.3794;7:878:344:401:156:0.3630,4,53:7:555:371:111:92;54:7:381:386:105:81;55:7:814:333:145:161;56:7:878:344:401:156,-1,NONE,inf
1025,0,4,7:382:386:107:81:0.4805;7:558:370:113:94:0.7222;7:665:374:209:87:0.3660;7:820:327:139:163:0.4475,3,53:7:558:370:113:94;54:7:382:386:107:81;55:7:820:327:139:163,-1,NONE,inf
1026,0,4,5:385:385:107:82:0.4702;7:562:368:114:95:0.8296;7:763:371:115:64:0.1082;7:914:361:365:144:0.2247,3,53:7:562:368:114:95;54:5:385:385:107:82;55:7:914:361:365:144,-1,NONE,inf
1027,0,4,5:389:384:108:83:0.4902;7:567:368:113:95:0.8003;7:806:372:80:76:0.1582;7:886:378:393:130:0.3667,3,53:7:567:368:113:95;54:5:389:384:108:83;55:7:886:378:393:130,-1,NONE,inf
1028,0,4,5:392:386:105:82:0.5293;7:570:366:115:96:0.7588;7:767:369:130:88:0.5093;7:905:333:374:176:0.4551,3,53:7:570:366:115:96;54:5:392:386:105:82;55:7:905:333:374:176,-1,NONE,inf
1029,0,4,5:396:384:106:84:0.4697;7:573:365:118:99:0.8594;7:815:369:88:76:0.2281;7:925:440:34:47:0.2766,2,53:7:573:365:118:99;54:5:396:384:106:84,-1,NONE,inf
1030,0,4,7:399:383:107:85:0.4863;7:577:364:119:100:0.8530;7:687:367:223:93:0.6177;7:912:324:367:192:0.1603,3,53:7:577:364:119:100;54:7:399:383:107:85;57:7:687:367:223:93,-1,NONE,inf
1031,0,4,7:403:382:107:87:0.5640;7:582:363:120:101:0.8623;7:833:365:84:81:0.1968;7:904:304:375:211:0.5117,3,53:7:582:363:120:101;54:7:403:382:107:87;57:7:904:304:375:211,-1,NONE,inf
1032,0,4,7:407:382:107:87:0.5312;7:586:362:123:101:0.8511;7:842:364:83:90:0.1105;7:916:306:363:211:0.3345,3,53:7:586:362:123:101;54:7:407:382:107:87;57:7:916:306:363:211,-1,NONE,inf
1033,0,4,7:410:382:107:88:0.5176;7:591:361:124:103:0.8750;7:849:364:83:85:0.1412;7:909:299:370:216:0.5737,3,53:7:591:361:124:103;54:7:410:382:107:88;57:7:909:299:370:216,-1,NONE,inf
1034,0,4,5:415:381:106:90:0.5864;7:598:361:123:103:0.7983;7:713:364:233:97:0.5386;7:936:305:343:214:0.2935,3,53:7:598:361:123:103;54:5:415:381:106:90;57:7:936:305:343:214,-1,NONE,inf
1035,0,4,7:417:381:110:90:0.6567;7:601:360:126:105:0.8154;7:861:363:96:90:0.2847;7:1009:439:100:64:0.1815,3,53:7:601:360:126:105;54:7:417:381:110:90;57:7:1009:439:100:64,-1,NONE,inf
1036,0,4,7:421:380:109:91:0.4961;7:607:359:128:106:0.8428;7:871:361:91:93:0.2673;7:961:294:318:224:0.2302,3,53:7:607:359:128:106;54:7:421:380:109:91;58:7:871:361:91:93,-1,NONE,inf
1037,0,4,7:425:378:111:92:0.5469;7:613:358:129:107:0.8408;7:878:361:97:92:0.2407;7:1065:441:91:44:0.1023,3,53:7:613:358:129:107;54:7:425:378:111:92;58:7:878:361:97:92,-1,NONE,inf
1038,0,4,7:430:378:110:92:0.3887;7:618:356:131:111:0.8320;7:738:377:115:86:0.1442;7:1089:440:91:46:0.1217,2,53:7:618:356:131:111;54:7:430:378:110:92,-1,NONE,inf
1039,0,4,7:433:378:112:92:0.5908;7:623:356:133:112:0.8306;7:750:358:239:105:0.4031;7:1112:440:99:50:0.1348,3,53:7:623:356:133:112;54:7:433:378:112:92;58:7:750:358:239:105,-1,NONE,inf
1040,0,3,7:440:378:112:93:0.4072;7:629:354:136:113:0.7734;7:901:359:104:93:0.1624,3,53:7:629:354:136:113;54:7:440:378:112:93;58:7:901:359:104:93,-1,NONE,inf
1041,0,3,7:443:377:113:94:0.5293;7:634:353:140:114:0.7485;7:769:359:246:105:0.5049,3,53:7:634:353:140:114;54:7:443:377:113:94;58:7:769:359:246:105,-1,NONE,inf
1042,0,3,7:448:378:115:93:0.6958;7:640:353:141:117:0.7505;7:776:359:254:105:0.2854,3,53:7:640:353:141:117;54:7:448:378:115:93;58:7:776:359:254:105,-1,NONE,inf
1043,0,3,7:454:375:115:96:0.5527;7:646:351:145:118:0.8481;7:928:356:113:99:0.2056,3,53:7:646:351:145:118;54:7:454:375:115:96;58:7:928:356:113:99,-1,NONE,inf
1044,0,3,5:457:373:115:98:0.2673;7:653:350:147:120:0.6963;7:775:356:278:110:0.4495,3,53:7:653:350:147:120;54:5:457:373:115:98;58:7:775:356:278:110,-1,NONE,inf
1045,0,5,0:1151:406:33:79:0.3081;2:351:441:17:11:0.2942;7:464:373:115:99:0.4148;7:660:348:149:123:0.8125;7:803:355:263:111:0.5273,3,53:7:660:348:149:123;54:7:464:373:115:99;58:7:803:355:263:111,54,SAFE,inf
1046,0,4,0:1166:369:40:118:0.2727;2:492:431:91:42:0.3936;7:665:347:154:125:0.7881;7:806:353:274:117:0.5020,3,53:7:665:347:154:125;54:2:492:431:91:42;58:7:806:353:274:117,54,SAFE,inf
1047,0,4,0:1201:392:32:97:0.1412;7:473:373:118:98:0.3811;7:674:346:155:126:0.8223;7:811:354:286:113:0.6221,3,53:7:674:346:155:126;54:7:473:373:118:98;58:7:811:354:286:113,54,SAFE,inf
1048,0,4,7:478:372:119:100:0.3904;7:678:343:163:129:0.8291;7:833:353:277:118:0.6167;7:1108:384:171:66:0.2074,3,53:7:678:343:163:129;54:7:478:372:119:100;58:7:833:353:277:118,54,SAFE,inf
1049,0,4,7:482:368:124:107:0.5757;7:686:343:162:128:0.8374;7:831:347:295:124:0.5601;7:1120:392:99:58:0.1803,3,53:7:686:343:162:128;54:7:482:368:124:107;58:7:831:347:295:124,54,SAFE,8.538
1050,0,5,0:1267:367:12:46:0.1321;7:489:370:121:103:0.5776;7:695:341:166:132:0.8291;7:841:345:299:125:0.5410;7:1137:391:98:60:0.2585,3,53:7:695:341:166:132;54:7:489:370:121:103;58:7:841:345:299:125,54,SAFE,2.620
1051,0,4,7:494:369:125:106:0.6582;7:700:340:172:133:0.8618;7:1068:349:90:112:0.1412;7:1152:385:124:66:0.1267,3,53:7:700:340:172:133;54:7:494:369:125:106;58:7:1068:349:90:112,54,SAFE,1.843
1052,0,5,7:499:369:124:106:0.5601;7:506:398:214:75:0.1550;7:708:338:175:136:0.8706;7:1068:346:108:116:0.1045;7:1169:390:100:61:0.2220,3,53:7:708:338:175:136;54:7:499:369:124:106;58:7:1169:390:100:61,54,DANGER,1.651
1053,0,4,7:506:367:124:108:0.5815;7:715:336:180:138:0.8613;7:884:370:179:103:0.1884;7:1188:392:91:61:0.1571,3,53:7:715:336:180:138;54:7:506:367:124:108;58:7:1188:392:91:61,54,DANGER,1.562
1054,0,6,2:401:438:16:13:0.2351;5:510:365:128:110:0.4980;7:516:399:215:76:0.1097;7:724:335:182:140:0.8906;7:888:369:192:104:0.1076;7:1205:392:74:64:0.1072,3,53:7:724:335:182:140;54:5:510:365:128:110;58:7:1205:392:74:64,54,DANGER,1.519
1055,0,4,2:1226:396:53:60:0.1566;7:515:365:130:111:0.6841;7:731:333:228:145:0.9385;7:903:370:188:105:0.2111,3,53:7:731:333:228:145;54:7:515:365:130:111;58:2:1226:396:53:60,-1,NONE,inf
1056,0,3,7:520:363:131:113:0.6167;7:738:331:218:147:0.9272;7:917:338:331:139:0.5928,2,53:7:738:331:218:147;54:7:520:363:131:113,54,SAFE,1.526
1057,0,4,7:526:364:131:114:0.4785;7:745:329:214:151:0.9526;7:928:372:196:105:0.1897;7:1116:339:158:127:0.3918,2,53:7:745:329:214:151;54:7:526:364:131:114,54,DANGER,1.358
1058,0,3,7:532:367:133:112:0.5137;7:755:328:204:154:0.9502;7:1128:338:151:128:0.1471,2,53:7:755:328:204:154;54:7:532:367:133:112,54,SAFE,inf
1059,0,4,2:925:432:142:48:0.1459;7:538:363:132:116:0.6094;7:761:326:198:157:0.9536;7:1209:392:70:78:0.1848,2,53:7:761:326:198:157;54:7:538:363:132:116,54,SAFE,inf
1060,0,2,7:540:360:135:120:0.7075;7:767:324:192:161:0.9287,2,53:7:767:324:192:161;54:7:540:360:135:120,54,SAFE,inf
1061,0,3,2:437:439:14:10:0.2751;7:545:359:138:122:0.6113;7:775:323:184:163:0.9419,2,53:7:775:323:184:163;54:7:545:359:138:122,54,SAFE,inf
1062,0,4,2:441:438:16:12:0.2323;7:550:357:140:124:0.7295;7:783:321:176:165:0.9365;7:990:362:289:127:0.1813,2,53:7:783:321:176:165;54:7:550:357:140:124,54,SAFE,inf
1063,0,4,2:320:417:43:44:0.2069;7:553:355:143:129:0.7866;7:791:319:168:169:0.9517;7:989:371:290:118:0.2783,2,53:7:791:319:168:169;54:7:553:355:143:129,54,SAFE,inf
1064,0,4,2:449:438:16:11:0.2751;7:559:356:143:128:0.6655;7:800:318:159:169:0.8862;7:1028:370:215:118:0.1726,2,53:7:800:318:159:169;54:7:559:356:143:128,54,SAFE,inf
1065,0,3,7:563:352:146:133:0.6133;7:806:316:153:173:0.8521;7:1137:374:133:116:0.1147,2,53:7:806:316:153:173;54:7:563:352:146:133,-1,NONE,inf
1066,0,4,2:320:417:46:44:0.2255;7:569:353:146:132:0.6279;7:819:313:259:178:0.8647;7:1150:377:129:116:0.1229,2,53:7:819:313:259:178;54:7:569:353:146:132,-1,NONE,inf
1067,0,4,0:635:353:86:90:0.2140;7:571:350:152:136:0.7432;7:822:310:137:182:0.8784;7:1171:378:108:114:0.1388,2,53:7:822:310:137:182;54:7:571:350:152:136,-1,NONE,inf
1068,0,5,0:638:351:91:85:0.1052;2:466:437:13:10:0.2451;7:576:350:155:137:0.8208;7:830:311:129:184:0.7461;7:1182:376:97:132:0.1432,2,53:7:830:311:129:184;54:7:576:350:155:137,-1,NONE,inf
1069,0,5,2:320:407:61:63:0.2690;2:469:438:13:10:0.2407;7:581:349:157:138:0.8335;7:839:311:120:185:0.8257;7:1198:376:81:126:0.1729,2,53:7:839:311:120:185;54:7:581:349:157:138,-1,NONE,inf
1070,0,4,2:320:404:62:61:0.3459;2:474:438:14:11:0.3091;7:585:347:161:141:0.8398;7:848:315:111:185:0.7324,2,53:7:848:315:111:185;54:7:585:347:161:141,-1,NONE,inf
1071,0,3,2:320:402:65:62:0.5239;7:588:346:167:144:0.8643;7:855:318:104:172:0.7505,2,53:7:855:318:104:172;54:7:588:346:167:144,-1,NONE,inf
1072,0,4,2:320:402:64:62:0.3967;2:481:437:15:11:0.3577;7:594:345:168:146:0.8530;7:868:319:91:171:0.5410,3,53:7:868:319:91:171;54:7:594:345:168:146;59:2:320:402:64:62,-1,NONE,inf
1073,0,3,2:320:402:66:64:0.2119;7:599:342:171:150:0.8354;7:880:294:396:215:0.7310,3,53:7:880:294:396:215;54:7:599:342:171:150;59:2:320:402:66:64,-1,NONE,inf
1074,0,3,2:489:436:15:12:0.3721;7:602:341:178:152:0.8345;7:888:291:389:221:0.7969,2,53:7:888:291:389:221;54:7:602:341:178:152,-1,NONE,inf
1075,0,3,2:493:436:14:11:0.2659;7:606:338:183:156:0.8896;7:896:287:383:227:0.8799,2,53:7:896:287:383:227;54:7:606:338:183:156,-1,NONE,inf
1076,0,4,2:496:435:17:12:0.3074;7:611:336:187:158:0.8472;7:809:401:52:54:0.2622;7:905:282:374:236:0.8955,3,53:7:905:282:374:236;54:7:611:336:187:158;60:2:496:435:17:12,-1,NONE,inf
1077,0,4,2:499:437:15:10:0.4629;7:615:335:193:161:0.8989;7:816:401:49:66:0.2145;7:912:279:367:240:0.8911,3,53:7:912:279:367:240;54:7:615:335:193:161;60:2:499:437:15:10,-1,NONE,inf
1078,0,5,0:27:316:16:32:0.1120;7:617:333:199:163:0.9204;7:821:400:51:61:0.1699;7:874:336:85:149:0.4590;7:923:274:356:248:0.8408,2,53:7:923:274:356:248;54:7:617:333:199:163,-1,NONE,inf
1079,0,5,7:624:332:204:165:0.9194;7:823:401:61:66:0.3611;7:881:391:50:81:0.3687;7:929:337:30:151:0.3630;7:935:270:344:255:0.8589,2,53:7:935:270:344:255;54:7:624:332:204:165,-1,NONE,inf
1080,0,5,2:510:436:13:10:0.2351;7:628:329:208:170:0.9478;7:831:402:59:66:0.2952;7:888:389:71:90:0.2322;7:941:265:338:263:0.7969,2,53:7:941:265:338:263;54:7:628:329:208:170,-1,NONE,inf
1081,0,4,2:514:436:14:10:0.2173;7:630:327:212:174:0.9092;7:840:402:54:67:0.4009;7:958:260:321:272:0.8105,3,53:7:958:260:321:272;54:7:630:327:212:174;61:7:840:402:54:67,-1,NONE,inf
1082,0,5,2:516:436:14:10:0.4055;7:632:324:222:177:0.9277;7:849:401:50:60:0.2168;7:900:390:59:85:0.5068;7:958:256:321:279:0.8608,4,53:7:958:256:321:279;54:7:632:324:222:177;60:2:516:436:14:10;61:7:900:390:59:85,-1,NONE,inf
1083,0,6,0:44:312:22:26:0.1052;0:982:447:25:48:0.1144;7:636:322:228:183:0.9351;7:851:402:53:64:0.2644;7:907:391:52:85:0.3599;7:964:246:315:292:0.7373,3,53:7:964:246:315:292;54:7:636:322:228:183;61:7:907:391:52:85,-1,NONE,inf
1084,0,5,2:522:436:14:10:0.3293;7:639:319:239:186:0.9370;7:862:403:50:68:0.1184;7:913:392:46:85:0.5591;7:983:248:296:294:0.8105,4,53:7:983:248:296:294;54:7:639:319:239:186;60:2:522:436:14:10;61:7:913:392:46:85,-1,NONE,inf
1085,0,4,2:524:436:14:10:0.4377;7:643:316:242:192:0.9409;7:921:388:78:89:0.4231;7:990:250:289:298:0.8311,4,53:7:990:250:289:298;54:7:643:316:242:192;60:2:524:436:14:10;61:7:921:388:78:89,-1,NONE,inf
1086,0,3,0:1012:448:34:52:0.1023;7:645:314:250:197:0.9258;7:929:253:350:296:0.4495,2,53:7:929:253:350:296;54:7:645:314:250:197,-1,NONE,inf
1087,0,5,0:1029:452:29:46:0.1531;2:530:435:14:11:0.2338;5:934:391:25:93:0.2581;7:651:311:256:201:0.9517;7:1015:257:264:297:0.7056,3,53:7:1015:257:264:297;54:7:651:311:256:201;61:5:934:391:25:93,-1,NONE,inf
1088,0,5,0:1041:452:29:50:0.1603;2:531:436:15:10:0.4514;7:655:306:263:207:0.9448;7:937:388:85:93:0.1451;7:1021:261:258:273:0.6494,4,53:7:1021:261:258:273;54:7:655:306:263:207;60:2:531:436:15:10;61:7:937:388:85:93,-1,NONE,inf
1089,0,4,0:1055:453:29:49:0.2153;2:534:436:14:10:0.3452;7:657:304:279:212:0.9253;7:1047:262:232:270:0.6826,3,53:7:1047:262:232:270;54:7:657:304:279:212;60:2:534:436:14:10,-1,NONE,inf
1090,0,4,2:536:436:15:10:0.2766;7:659:299:293:218:0.9326;7:954:383:107:108:0.1921;7:1044:265:235:259:0.7153,3,53:7:1044:265:235:259;54:7:659:299:293:218;60:2:536:436:15:10,-1,NONE,inf
1091,0,3,2:537:435:14:11:0.2407;7:661:296:295:223:0.9019;7:1055:268:224:257:0.7690,3,53:7:1055:268:224:257;54:7:661:296:295:223;60:2:537:435:14:11,-1,NONE,inf
1092,0,4,2:538:436:13:10:0.2861;7:663:291:296:225:0.9028;7:974:421:104:70:0.1345;7:1065:268:214:260:0.7476,3,53:7:1065:268:214:260;54:7:663:291:296:225;60:2:538:436:13:10,-1,NONE,inf
1093,0,4,2:538:435:13:11:0.3040;2:940:470:37:27:0.1412;7:666:285:293:230:0.8398;7:1077:270:202:255:0.7563,3,53:7:1077:270:202:255;54:7:666:285:293:230;60:2:538:435:13:11,-1,NONE,inf
1094,0,5,2:538:435:13:10:0.2510;2:561:413:48:37:0.1045;2:952:474:39:26:0.1316;7:668:280:291:233:0.8706;7:1086:271:193:250:0.8081,3,53:7:1086:271:193:250;54:7:668:280:291:233;60:2:538:435:13:10,-1,NONE,inf
1095,0,3,2:967:474:37:26:0.1981;7:669:275:290:244:0.8862;7:1090:272:189:253:0.7505,2,53:7:1090:272:189:253;54:7:669:275:290:244,-1,NONE,inf
1096,0,8,2:343:400:71:60:0.2534;2:432:420:18:22:0.2006;2:512:451:19:12:0.3523;2:539:435:13:10:0.2925;2:980:478:42:24:0.1255;7:669:274:290:244:0.9526;7:1028:422:61:60:0.1023;7:1109:272:170:255:0.7539,3,53:7:1109:272:170:255;54:7:669:274:290:244;60:2:539:435:13:10,-1,NONE,inf
1097,0,3,2:540:434:12:10:0.2766;7:668:275:291:244:0.8809;7:1124:271:155:256:0.7207,3,53:7:1124:271:155:256;54:7:668:275:291:244;60:2:540:434:12:10,-1,NONE,inf
1098,0,4,2:513:451:18:12:0.2466;7:668:275:291:245:0.9541;7:838:426:221:103:0.1381;7:1127:273:152:259:0.5908,2,53:7:1127:273:152:259;54:7:668:275:291:245,-1,NONE,inf
1099,0,4,2:540:435:12:10:0.3398;2:631:430:28:16:0.2095;7:671:275:288:248:0.8730;7:1133:275:146:248:0.5015,3,53:7:1133:275:146:248;54:7:671:275:288:248;60:2:540:435:12:10,-1,NONE,inf
1100,0,3,2:1049:477:52:40:0.3345;7:672:275:287:250:0.8530;7:1119:277:160:252:0.4766,2,53:7:1119:277:160:252;54:7:672:275:287:250,-1,NONE,inf
1101,0,3,2:474:423:56:45:0.1120;7:672:275:287:251:0.8457;7:1160:276:119:265:0.2981,2,53:7:1160:276:119:265;54:7:672:275:287:251,-1,NONE,inf
1102,0,3,2:498:437:33:32:0.1229;7:675:275:284:254:0.9087;7:1149:328:130:201:0.3850,2,53:7:1149:328:130:201;54:7:675:275:284:254,-1,NONE,inf
1103,0,3,2:504:453:25:13:0.2147;7:674:275:285:255:0.9390;7:1192:352:87:173:0.3157,2,53:7:1192:352:87:173;54:7:674:275:285:255,-1,NONE,inf
1104,0,3,2:538:437:14:10:0.4668;7:675:275:284:254:0.8862;7:1239:355:40:162:0.2252,3,53:7:1239:355:40:162;54:7:675:275:284:254;60:2:538:437:14:10,-1,NONE,inf
1105,0,2,2:538:437:14:10:0.4844;7:678:275:281:254:0.8857,2,54:7:678:275:281:254;60:2:538:437:14:10,-1,NONE,inf
1106,0,2,2:537:437:14:11:0.3684;7:678:275:281:254:0.9048,2,54:7:678:275:281:254;60:2:537:437:14:11,-1,NONE,inf
1107,0,2,2:537:437:14:11:0.4226;7:681:275:278:254:0.9106,2,54:7:681:275:278:254;60:2:537:437:14:11,-1,NONE,inf
1108,0,2,2:536:437:15:11:0.3540;7:682:275:277:254:0.9409,2,54:7:682:275:277:254;60:2:536:437:15:11,-1,NONE,inf
1109,0,2,2:536:437:15:11:0.3540;7:682:274:277:255:0.8887,2,54:7:682:274:277:255;60:2:536:437:15:11,-1,NONE,inf
1110,0,3,2:536:438:15:10:0.3091;2:1071:482:208:121:0.1833;7:681:275:278:255:0.9404,2,54:7:681:275:278:255;60:2:536:438:15:10,-1,NONE,inf
1111,0,2,2:535:437:16:12:0.3757;7:681:274:278:256:0.9058,2,54:7:681:274:278:256;60:2:535:437:16:12,-1,NONE,inf
1112,0,3,2:535:438:16:11:0.2338;2:1171:487:108:125:0.2903;7:684:275:275:254:0.9248,2,54:7:684:275:275:254;60:2:535:438:16:11,-1,NONE,inf
1113,0,1,7:685:274:274:255:0.9082,1,54:7:685:274:274:255,-1,NONE,inf
1114,0,2,2:534:438:13:11:0.2394;7:685:275:274:255:0.9224,1,54:7:685:275:274:255,-1,NONE,inf
1115,0,2,2:534:439:14:10:0.3091;7:688:275:271:255:0.9067,2,54:7:688:275:271:255;60:2:534:439:14:10,-1,NONE,inf
1116,0,2,2:534:439:13:10:0.2925;7:694:6:584:644:0.9136,2,54:7:694:6:584:644;60:2:534:439:13:10,-1,NONE,inf
1117,0,4,0:29:298:21:54:0.1082;2:479:436:40:31:0.2690;2:534:439:12:10:0.3074;7:693:275:266:254:0.8682,2,54:7:693:275:266:254;60:2:534:439:12:10,-1,NONE,inf
1118,0,2,2:534:438:13:11:0.4436;7:693:275:266:254:0.8750,2,54:7:693:275:266:254;60:2:534:438:13:11,-1,NONE,inf
1119,0,2,2:534:439:13:10:0.3157;7:696:13:583:656:0.8408,2,54:7:696:13:583:656;60:2:534:439:13:10,-1,NONE,inf
1120,0,2,2:534:439:12:10:0.3276;7:700:2:579:665:0.8696,2,54:7:700:2:579:665;60:2:534:439:12:10,-1,NONE,inf
1121,0,2,2:533:439:13:10:0.2720;7:697:0:582:666:0.8511,2,54:7:697:0:582:666;60:2:533:439:13:10,-1,NONE,inf
1122,0,2,2:534:439:12:10:0.2268;7:701:2:578:667:0.8374,2,54:7:701:2:578:667;60:2:534:439:12:10,-1,NONE,inf
1123,0,2,2:533:439:12:10:0.2737;7:707:7:571:648:0.8560,2,54:7:707:7:571:648;60:2:533:439:12:10,-1,NONE,inf
1124,0,2,2:534:439:12:10:0.2031;7:706:17:573:637:0.8774,2,54:7:706:17:573:637;60:2:534:439:12:10,-1,NONE,inf
1125,0,2,2:534:439:12:10:0.2539;7:706:275:253:255:0.8242,2,54:7:706:275:253:255;60:2:534:439:12:10,-1,NONE,inf
1126,0,2,2:534:439:12:10:0.2830;7:709:275:250:255:0.8726,2,54:7:709:275:250:255;60:2:534:439:12:10,-1,NONE,inf
1127,0,2,2:533:439:11:10:0.2227;7:712:275:247:254:0.8301,2,54:7:712:275:247:254;60:2:533:439:11:10,-1,NONE,inf
1128,0,1,7:716:275:243:254:0.7417,1,54:7:716:275:243:254,-1,NONE,inf
1129,0,2,0:10:294:25:60:0.1204;7:719:275:240:255:0.9004,1,54:7:719:275:240:255,-1,NONE,inf
1130,0,2,2:534:439:11:10:0.2861;7:722:275:237:255:0.8965,2,54:7:722:275:237:255;60:2:534:439:11:10,-1,NONE,inf
1131,0,1,7:726:275:233:254:0.8389,1,54:7:726:275:233:254,-1,NONE,inf
1132,0,2,1:739:449:33:58:0.1217;7:730:275:229:254:0.8257,1,54:7:730:275:229:254,-1,NONE,inf
1133,0,2,0:7:293:23:58:0.1226;7:734:276:225:253:0.8311,1,54:7:734:276:225:253,-1,NONE,inf
1134,0,1,7:737:275:222:254:0.8999,1,54:7:737:275:222:254,-1,NONE,inf
1135,0,1,7:738:276:221:253:0.8999,1,54:7:738:276:221:253,-1,NONE,inf
1136,0,2,2:405:467:26:10:0.2186;7:742:3:537:591:0.7773,1,54:7:742:3:537:591,-1,NONE,inf
1137,0,2,2:403:467:26:10:0.2451;7:744:10:535:592:0.8335,1,54:7:744:10:535:592,-1,NONE,inf
1138,0,1,7:747:11:532:616:0.8799,1,54:7:747:11:532:616,-1,NONE,inf
1139,0,1,7:750:4:529:636:0.8481,1,54:7:750:4:529:636,-1,NONE,inf
1140,0,1,7:749:274:210:255:0.8682,1,54:7:749:274:210:255,-1,NONE,inf
1141,0,3,2:487:438:28:18:0.2173;2:535:438:10:10:0.2200;7:753:274:206:255:0.8115,1,54:7:753:274:206:255,-1,NONE,inf
1142,0,1,7:756:275:203:255:0.8198,1,54:7:756:275:203:255,-1,NONE,inf
1143,0,2,2:758:427:45:64:0.5879;7:771:274:188:256:0.8447,1,54:7:771:274:188:256,-1,NONE,inf
1144,0,2,2:374:467:27:14:0.2568;7:761:274:198:256:0.8706,1,54:7:761:274:198:256,-1,NONE,inf
1145,0,2,2:331:425:103:61:0.1268;7:752:11:527:653:0.9277,1,54:7:752:11:527:653,-1,NONE,inf
1146,0,2,2:765:423:57:72:0.6318;7:805:274:154:258:0.8472,1,54:7:805:274:154:258,-1,NONE,inf
1147,0,3,2:460:460:27:20:0.3074;2:767:421:61:75:0.6421;7:815:274:144:256:0.8354,1,54:7:815:274:144:256,-1,NONE,inf
1148,0,3,2:460:460:25:21:0.4805;2:770:418:68:79:0.6636;7:825:274:134:257:0.8862,2,54:7:825:274:134:257;62:2:770:418:68:79,-1,NONE,inf
1149,0,3,2:459:459:26:22:0.2644;2:774:418:81:81:0.6279;7:837:275:122:255:0.7734,3,54:7:837:275:122:255;62:2:774:418:81:81;63:2:459:459:26:22,-1,NONE,inf
1150,0,2,2:777:418:91:81:0.6309;7:847:95:432:562:0.8540,2,54:7:847:95:432:562;62:2:777:418:91:81,-1,NONE,inf
1151,0,2,2:780:419:101:81:0.6914;7:861:274:98:257:0.7646,2,54:7:861:274:98:257;62:2:780:419:101:81,-1,NONE,inf
1152,0,3,2:362:471:52:21:0.3276;2:784:415:112:85:0.6943;7:874:93:405:574:0.9004,2,62:2:784:415:112:85;63:2:362:471:52:21,-1,NONE,inf
1153,0,3,0:1228:3:51:188:0.1014;2:786:419:125:83:0.6724;7:891:63:388:593:0.8857,1,62:2:786:419:125:83,-1,NONE,inf
1154,0,3,2:345:473:64:23:0.3452;2:789:418:137:87:0.6631;7:905:49:374:613:0.9019,3,62:2:789:418:137:87;63:2:345:473:64:23;64:7:905:49:374:613,-1,NONE,inf
1155,0,2,2:792:420:143:86:0.7798;7:924:14:355:644:0.8848,2,62:2:792:420:143:86;64:7:924:14:355:644,-1,NONE,inf
1156,0,3,2:796:418:148:90:0.8232;7:878:394:85:75:0.1410;7:949:0:330:655:0.8633,2,62:2:796:418:148:90;64:7:949:0:330:655,-1,NONE,inf
1157,0,5,2:342:433:61:33:0.3086;2:535:439:11:10:0.2910;2:800:417:152:93:0.7456;7:868:391:91:92:0.5278;7:968:4:311:657:0.9014,3,62:2:800:417:152:93;63:2:342:433:61:33;64:7:968:4:311:657,-1,NONE,inf
1158,0,5,2:320:466:153:64:0.2069;2:535:439:11:11:0.2991;2:803:418:156:93:0.7905;7:880:390:136:107:0.1960;7:996:4:283:658:0.7202,2,62:2:803:418:156:93;64:7:996:4:283:658,-1,NONE,inf
1159,0,4,2:534:440:12:10:0.2510;2:807:419:152:95:0.7695;7:882:390:152:101:0.3376;7:1025:3:254:661:0.8579,2,62:2:807:419:152:95;64:7:1025:3:254:661,-1,NONE,inf
1160,0,5,2:534:440:12:10:0.2147;2:811:419:148:96:0.8687;7:0:328:292:183:0.1353;7:883:391:187:100:0.2861;7:1061:4:218:662:0.8320,3,62:2:811:419:148:96;64:7:1061:4:218:662;65:7:883:391:187:100,-1,NONE,inf
1161,0,3,2:815:418:144:100:0.7905;7:889:389:232:105:0.2185;7:1101:7:178:655:0.5757,3,62:2:815:418:144:100;64:7:1101:7:178:655;65:7:889:389:232:105,-1,NONE,inf
1162,0,3,2:820:414:139:104:0.6724;7:886:390:287:112:0.3469;7:1143:7:136:653:0.4844,3,62:2:820:414:139:104;64:7:1143:7:136:653;65:7:886:390:287:112,-1,NONE,inf
1163,0,3,2:825:416:186:106:0.7593;5:892:387:345:110:0.1329;5:1208:19:71:643:0.1299,3,62:2:825:416:186:106;64:5:1208:19:71:643;65:5:892:387:345:110,-1,NONE,inf
1164,0,2,2:487:439:21:14:0.2659;2:830:415:192:110:0.6758,1,62:2:830:415:192:110,-1,NONE,inf
1165,0,1,2:833:414:200:115:0.7666,1,62:2:833:414:200:115,-1,NONE,inf
1166,0,2,2:406:474:50:26:0.1447;2:839:414:202:116:0.7334,1,62:2:839:414:202:116,-1,NONE,inf
1167,0,2,2:844:413:209:118:0.6494;5:380:397:118:64:0.3176,2,62:2:844:413:209:118;63:5:380:397:118:64,-1,NONE,inf
1168,0,1,7:848:391:111:139:0.5430,1,62:7:848:391:111:139,-1,NONE,inf
1169,0,2,2:123:438:294:166:0.1120;7:854:395:105:137:0.5796,1,62:7:854:395:105:137,-1,NONE,inf
1170,0,1,2:860:411:239:128:0.6377,1,62:2:860:411:239:128,-1,NONE,inf
1171,0,1,2:865:410:246:130:0.7827,1,62:2:865:410:246:130,-1,NONE,inf
1172,0,1,2:872:409:258:136:0.8452,1,62:2:872:409:258:136,-1,NONE,inf
1173,0,2,2:878:407:269:142:0.8477;5:894:382:385:129:0.3540,2,62:2:878:407:269:142;65:5:894:382:385:129,-1,NONE,inf
1174,0,3,2:64:414:36:33:0.1541;2:886:406:281:148:0.8613;5:895:381:384:125:0.5796,2,62:2:886:406:281:148;65:5:895:381:384:125,-1,NONE,inf
1175,0,3,2:845:400:114:130:0.2886;2:893:405:293:151:0.8403;7:908:382:125:88:0.1124,2,62:2:893:405:293:151;65:2:845:400:114:130,-1,NONE,inf
1176,0,2,2:897:402:313:158:0.8022;5:912:381:367:114:0.3074,2,62:2:897:402:313:158;63:5:912:381:367:114,-1,NONE,inf
1177,0,1,2:905:397:329:166:0.8188,1,62:2:905:397:329:166,-1,NONE,inf
1178,0,3,2:912:396:351:171:0.8350;7:0:300:130:141:0.3879;7:924:376:264:105:0.1321,1,62:2:912:396:351:171,-1,NONE,inf
1179,0,1,2:924:390:355:187:0.8311,1,62:2:924:390:355:187,-1,NONE,inf
1180,0,1,2:933:385:346:195:0.8672,1,62:2:933:385:346:195,-1,NONE,inf
1181,0,1,2:946:387:333:191:0.8501,1,62:2:946:387:333:191,-1,NONE,inf
1182,0,2,2:955:389:324:200:0.8643;7:0:285:80:185:0.1550,1,62:2:955:389:324:200,-1,NONE,inf
1183,0,2,2:965:389:314:208:0.8208;7:952:375:282:115:0.1076,1,62:2:965:389:314:208,-1,NONE,inf
1184,0,3,0:0:276:56:171:0.1034;2:977:389:302:216:0.7798;7:957:374:307:117:0.2554,2,62:2:977:389:302:216;63:7:957:374:307:117,-1,NONE,inf
1185,0,3,0:0:274:40:176:0.5073;2:987:389:292:225:0.8521;7:957:372:318:121:0.3384,2,62:2:987:389:292:225;63:7:957:372:318:121,-1,NONE,inf
1186,0,3,0:0:277:25:144:0.1550;2:1004:389:275:225:0.8652;7:961:370:318:123:0.3762,2,62:2:1004:389:275:225;63:7:961:370:318:123,-1,NONE,inf
1187,0,2,2:1017:390:262:207:0.8013;7:968:369:310:125:0.4688,2,62:2:1017:390:262:207;63:7:968:369:310:125,-1,NONE,inf
1188,0,2,2:1034:395:245:191:0.7280;7:972:369:306:124:0.7310,2,62:2:1034:395:245:191;63:7:972:369:306:124,-1,NONE,inf
1189,0,2,2:1048:406:231:189:0.7661;7:977:369:302:129:0.8394,2,62:2:1048:406:231:189;63:7:977:369:302:129,-1,NONE,inf
1190,0,2,2:1066:423:213:172:0.8364;7:982:368:297:130:0.8130,2,62:2:1066:423:213:172;63:7:982:368:297:130,-1,NONE,inf
1191,0,2,2:1085:432:194:170:0.8208;7:985:367:294:131:0.8667,2,62:2:1085:432:194:170;63:7:985:367:294:131,-1,NONE,inf
1192,0,2,2:1105:451:174:160:0.8188;7:992:366:287:133:0.8574,2,62:2:1105:451:174:160;63:7:992:366:287:133,-1,NONE,inf
1193,0,2,2:1128:468:151:143:0.8740;7:998:366:281:136:0.8760,2,62:2:1128:468:151:143;63:7:998:366:281:136,-1,NONE,inf
1194,0,2,2:1151:490:128:127:0.7900;7:1000:364:279:140:0.8369,2,62:2:1151:490:128:127;63:7:1000:364:279:140,-1,NONE,inf
1195,0,2,2:1180:495:99:127:0.7070;7:1007:362:272:143:0.8613,2,62:2:1180:495:99:127;63:7:1007:362:272:143,-1,NONE,inf
1196,0,2,2:1209:503:70:117:0.6792;7:1015:362:264:144:0.7192,2,62:2:1209:503:70:117;63:7:1015:362:264:144,-1,NONE,inf
1197,0,2,2:1245:510:34:88:0.7295;7:1017:357:262:147:0.8560,2,62:2:1245:510:34:88;63:7:1017:357:262:147,-1,NONE,inf
1198,0,1,7:1025:356:254:151:0.7900,1,63:7:1025:356:254:151,-1,NONE,inf
1199,0,1,7:1031:354:248:153:0.8647,1,63:7:1031:354:248:153,-1,NONE,inf
1200,0,1,7:1036:353:243:153:0.8545,1,63:7:1036:353:243:153,-1,NONE,inf
1201,0,2,2:522:440:12:10:0.2539;7:1041:352:238:154:0.6958,1,63:7:1041:352:238:154,-1,NONE,inf
1202,0,2,2:521:440:13:10:0.2720;7:1049:350:230:155:0.6567,1,63:7:1049:350:230:155,-1,NONE,inf
1203,0,2,2:519:439:14:10:0.2161;7:1058:346:221:160:0.7969,1,63:7:1058:346:221:160,-1,NONE,inf
1204,0,2,5:1064:346:215:161:0.6465;7:0:363:181:104:0.1182,1,63:5:1064:346:215:161,-1,NONE,inf
1205,0,2,7:0:364:151:101:0.1146;7:1072:345:207:160:0.6377,1,63:7:1072:345:207:160,-1,NONE,inf
1206,0,3,2:520:439:12:10:0.2942;7:1:373:81:84:0.1045;7:1079:341:200:168:0.6929,1,63:7:1079:341:200:168,-1,NONE,inf
1207,0,2,2:519:439:12:10:0.2644;5:1088:341:190:164:0.7002,1,63:5:1088:341:190:164,-1,NONE,inf
1208,0,3,2:519:439:13:10:0.2861;5:1095:337:184:174:0.7944;7:0:369:119:94:0.1030,1,63:5:1095:337:184:174,-1,NONE,inf
1209,0,1,5:1105:336:174:175:0.8086,1,63:5:1105:336:174:175,-1,NONE,inf
1210,0,1,5:1114:335:165:179:0.8604,1,63:5:1114:335:165:179,-1,NONE,inf
1211,0,2,2:518:439:13:10:0.2120;5:1125:333:154:183:0.8076,1,63:5:1125:333:154:183,-1,NONE,inf
1212,0,2,2:518:439:13:10:0.3140;5:1134:332:145:186:0.8169,1,63:5:1134:332:145:186,-1,NONE,inf
1213,0,2,2:517:439:13:10:0.2751;5:1144:324:135:192:0.8066,1,63:5:1144:324:135:192,-1,NONE,inf
1214,0,2,2:517:439:13:10:0.2959;5:1154:326:125:188:0.7617,2,63:5:1154:326:125:188;66:2:517:439:13:10,-1,NONE,inf
1215,0,2,2:517:439:13:10:0.3469;5:1166:326:113:190:0.8071,2,63:5:1166:326:113:190;66:2:517:439:13:10,-1,NONE,inf
1216,0,2,2:517:439:12:10:0.2494;5:1179:320:100:196:0.8330,2,63:5:1179:320:100:196;66:2:517:439:12:10,-1,NONE,inf
1217,0,1,5:1188:327:91:189:0.5610,1,63:5:1188:327:91:189,-1,NONE,inf
1218,0,1,7:1203:330:76:186:0.6548,1,63:7:1203:330:76:186,-1,NONE,inf
1219,0,3,2:0:542:53:51:0.2783;2:516:439:12:10:0.2056;7:1215:341:64:175:0.3418,1,63:7:1215:341:64:175,-1,NONE,inf
1220,0,2,2:517:439:12:10:0.3557;7:1231:344:48:174:0.2480,2,63:7:1231:344:48:174;66:2:517:439:12:10,-1,NONE,inf
1221,0,0,,0,,-1,NONE,inf
1222,0,1,2:516:440:13:10:0.2798,1,66:2:516:440:13:10,-1,NONE,inf
1223,0,1,2:516:440:13:10:0.3540,1,66:2:516:440:13:10,-1,NONE,inf
1224,0,1,2:517:440:11:10:0.3091,1,66:2:517:440:11:10,-1,NONE,inf
1225,0,0,,0,,-1,NONE,inf
1226,0,0,,0,,-1,NONE,inf
1227,0,0,,0,,-1,NONE,inf
1228,0,0,,0,,-1,NONE,inf
1229,0,1,2:30:446:40:25:0.1034,0,,-1,NONE,inf
1230,0,1,2:1:444:60:27:0.1646,0,,-1,NONE,inf
1231,0,1,2:0:443:53:30:0.2351,0,,-1,NONE,inf
1232,0,0,,0,,-1,NONE,inf
1233,0,0,,0,,-1,NONE,inf
1234,0,0,,0,,-1,NONE,inf
1235,0,0,,0,,-1,NONE,inf
1236,0,0,,0,,-1,NONE,inf
1237,0,0,,0,,-1,NONE,inf
1238,0,1,2:521:443:14:11:0.3191,0,,-1,NONE,inf
1239,0,1,2:522:444:13:10:0.3259,0,,-1,NONE,inf
1240,0,1,2:522:445:14:10:0.2568,1,67:2:522:445:14:10,-1,NONE,inf
1241,0,1,2:523:445:13:10:0.4226,1,67:2:523:445:13:10,-1,NONE,inf
1242,0,0,,0,,-1,NONE,inf
1243,0,0,,0,,-1,NONE,inf
1244,0,0,,0,,-1,NONE,inf
1245,0,0,,0,,-1,NONE,inf
1246,0,0,,0,,-1,NONE,inf
1247,0,0,,0,,-1,NONE,inf
1248,0,0,,0,,-1,NONE,inf
1249,0,1,2:529:443:13:10:0.3831,1,67:2:529:443:13:10,-1,NONE,inf
1250,0,1,2:530:442:13:10:0.3923,1,67:2:530:442:13:10,-1,NONE,inf
1251,0,0,,0,,-1,NONE,inf
1252,0,0,,0,,-1,NONE,inf
