frame,sceneChanged,numDetections,detections,numTracks,tracks,activeLeadId,riskLevel,ttc
1,0,3,2:563:447:39:31:0.5610;7:380:453:35:20:0.3117;7:604:418:47:51:0.2840,0,,-1,NONE,inf
2,0,4,2:563:447:39:31:0.5702;7:370:452:37:21:0.4262;7:427:453:24:16:0.2338;7:608:419:43:50:0.2998,0,,-1,NONE,inf
3,0,3,2:359:452:40:22:0.3052;2:563:447:39:31:0.6169;7:608:418:43:51:0.3148,2,1:2:563:447:39:31;2:2:359:452:40:22,-1,NONE,inf
4,0,5,2:167:451:86:40:0.2214;2:349:451:42:23:0.4331;2:416:452:25:17:0.2249;2:563:447:39:31:0.6086;7:608:418:43:51:0.3741,2,1:2:563:447:39:31;2:2:349:451:42:23,-1,NONE,inf
5,0,5,2:127:450:100:44:0.3167;2:334:457:35:19:0.2056;2:409:453:29:17:0.2022;2:563:447:39:31:0.5718;7:608:417:44:53:0.4328,3,1:2:563:447:39:31;2:2:334:457:35:19;3:7:608:417:44:53,-1,NONE,inf
6,0,5,2:84:449:115:48:0.2959;2:323:451:43:23:0.3918;2:401:452:29:19:0.3049;2:563:446:39:32:0.6043;7:609:417:44:53:0.4746,3,1:2:563:446:39:32;2:2:323:451:43:23;3:7:609:417:44:53,-1,NONE,inf
7,0,5,2:21:449:138:52:0.3116;2:320:451:32:27:0.2259;2:393:452:31:19:0.3187;2:563:446:39:32:0.6296;7:609:417:44:53:0.4376,4,1:2:563:446:39:32;2:2:320:451:32:27;3:7:609:417:44:53;4:2:21:449:138:52,-1,NONE,inf
8,0,4,2:0:449:118:60:0.3939;2:563:446:39:32:0.6521;7:385:451:33:20:0.2832;7:609:417:43:53:0.4772,4,1:2:563:446:39:32;3:7:609:417:43:53;4:2:0:449:118:60;5:7:385:451:33:20,-1,NONE,inf
9,0,4,2:0:452:62:50:0.1672;2:562:446:39:32:0.5757;7:375:452:35:20:0.2251;7:609:417:44:52:0.5147,4,1:2:562:446:39:32;3:7:609:417:44:52;4:2:0:452:62:50;5:7:375:452:35:20,-1,NONE,inf
10,0,4,2:320:455:19:19:0.2918;2:365:451:36:22:0.2387;2:562:446:39:32:0.5788;7:609:416:45:54:0.5199,4,1:2:562:446:39:32;2:2:320:455:19:19;3:7:609:416:45:54;5:2:365:451:36:22,-1,NONE,inf
11,0,2,2:562:446:40:32:0.6295;7:609:416:45:53:0.4902,2,1:2:562:446:40:32;3:7:609:416:45:53,-1,NONE,inf
12,0,3,2:171:449:87:41:0.1694;2:563:446:39:32:0.6224;7:609:415:45:54:0.4560,2,1:2:563:446:39:32;3:7:609:415:45:54,-1,NONE,inf
13,0,4,2:126:448:101:46:0.2626;2:325:453:42:25:0.3703;2:563:446:39:32:0.6429;7:609:415:46:54:0.4406,3,1:2:563:446:39:32;3:7:609:415:46:54;5:2:325:453:42:25,-1,NONE,inf
14,0,3,2:74:448:119:52:0.3158;2:563:446:39:32:0.5946;7:609:415:47:55:0.3795,2,1:2:563:446:39:32;3:7:609:415:47:55,-1,NONE,inf
15,0,4,2:6:447:143:54:0.3923;2:320:460:23:20:0.2691;2:562:446:40:33:0.5668;7:610:415:46:55:0.4894,3,1:2:562:446:40:33;3:7:610:415:46:55;5:2:320:460:23:20,-1,NONE,inf
16,0,3,2:0:448:97:60:0.2129;2:563:447:38:31:0.5517;7:609:415:49:55:0.4642,2,1:2:563:447:38:31;3:7:609:415:49:55,-1,NONE,inf
17,0,3,2:1:446:28:65:0.1241;2:563:446:39:32:0.5503;7:610:414:49:56:0.4521,2,1:2:563:446:39:32;3:7:610:414:49:56,1,SAFE,17.468
18,0,3,2:129:456:77:32:0.1023;2:562:446:40:32:0.5854;7:610:413:49:57:0.4257,2,1:2:562:446:40:32;3:7:610:413:49:57,1,SAFE,24.777
19,0,3,2:91:456:88:33:0.1138;2:563:446:39:32:0.5615;7:610:413:49:57:0.4284,2,1:2:563:446:39:32;3:7:610:413:49:57,1,SAFE,49.811
20,0,4,2:49:456:96:36:0.2373;2:139:448:94:45:0.1531;2:563:446:39:32:0.5721;7:611:412:49:58:0.4403,2,1:2:563:446:39:32;3:7:611:412:49:58,1,SAFE,inf
21,0,4,2:3:459:91:36:0.1240;2:88:448:109:48:0.1069;2:562:445:40:32:0.5714;7:612:411:49:59:0.4957,2,1:2:562:445:40:32;3:7:612:411:49:59,1,SAFE,inf
22,0,3,2:34:447:118:53:0.1666;2:562:445:40:32:0.5774;7:612:410:50:60:0.4593,2,1:2:562:445:40:32;3:7:612:410:50:60,1,SAFE,inf
23,0,3,2:0:445:98:64:0.2772;2:562:445:40:31:0.5365;7:612:410:51:60:0.3210,2,1:2:562:445:40:31;3:7:612:410:51:60,1,SAFE,inf
24,0,2,2:561:445:41:31:0.5412;7:612:409:52:61:0.2598,2,1:2:561:445:41:31;3:7:612:409:52:61,1,SAFE,inf
25,0,2,2:562:445:40:31:0.5082;7:612:409:52:61:0.3539,2,1:2:562:445:40:31;3:7:612:409:52:61,1,SAFE,inf
26,0,2,2:561:445:41:31:0.5687;7:613:408:52:62:0.2769,2,1:2:561:445:41:31;3:7:613:408:52:62,1,SAFE,inf
27,0,2,2:561:444:41:32:0.5801;7:613:408:52:62:0.3154,2,1:2:561:444:41:32;3:7:613:408:52:62,1,SAFE,inf
28,0,2,2:561:444:41:32:0.5751;7:614:408:52:62:0.4158,2,1:2:561:444:41:32;3:7:614:408:52:62,1,SAFE,inf
29,0,3,2:454:450:20:12:0.2184;2:562:445:40:31:0.5407;7:614:407:54:64:0.4451,2,1:2:562:445:40:31;3:7:614:407:54:64,1,SAFE,inf
30,0,2,2:562:445:40:31:0.5239;7:614:407:53:64:0.5730,2,1:2:562:445:40:31;3:7:614:407:53:64,1,SAFE,inf
31,0,3,2:446:450:23:13:0.2602;2:561:445:41:31:0.5000;7:615:406:54:65:0.6220,2,1:2:561:445:41:31;3:7:615:406:54:65,1,SAFE,inf
32,0,3,2:442:450:23:13:0.2383;2:561:444:42:33:0.5347;7:614:406:55:65:0.5776,2,1:2:561:444:42:33;3:7:614:406:55:65,1,SAFE,inf
33,0,3,2:438:450:23:14:0.2450;2:561:445:41:31:0.5232;7:615:406:55:65:0.6044,2,1:2:561:445:41:31;3:7:615:406:55:65,1,SAFE,inf
34,0,3,2:433:450:24:14:0.2523;2:561:445:41:31:0.5400;7:615:406:56:65:0.5558,2,1:2:561:445:41:31;3:7:615:406:56:65,1,SAFE,inf
35,0,3,2:428:450:24:15:0.2049;2:561:444:41:32:0.4951;7:615:405:56:66:0.6119,2,1:2:561:444:41:32;3:7:615:405:56:66,1,SAFE,inf
36,0,3,2:423:449:25:16:0.2757;2:560:444:42:32:0.5161;7:616:404:57:68:0.6110,2,1:2:560:444:42:32;3:7:616:404:57:68,1,SAFE,33.035
37,0,3,2:416:450:29:15:0.2711;2:560:444:42:32:0.5282;7:616:405:58:67:0.6221,2,1:2:560:444:42:32;3:7:616:405:58:67,1,SAFE,17.373
38,0,3,2:408:451:32:15:0.2494;2:561:447:41:30:0.5627;7:616:404:59:68:0.5227,2,1:2:561:447:41:30;3:7:616:404:59:68,1,SAFE,inf
39,0,3,2:403:450:31:17:0.3114;2:561:446:41:31:0.5690;7:617:404:58:69:0.4950,2,1:2:561:446:41:31;3:7:617:404:58:69,1,SAFE,inf
40,0,3,2:397:451:30:17:0.2731;2:562:449:39:28:0.6169;7:617:404:61:68:0.5182,2,1:2:562:449:39:28;3:7:617:404:61:68,1,SAFE,inf
41,0,2,2:562:445:40:33:0.5885;7:618:404:60:69:0.5666,2,1:2:562:445:40:33;3:7:618:404:60:69,1,SAFE,inf
42,0,3,2:379:452:37:17:0.2612;2:562:446:39:32:0.5918;7:618:403:61:71:0.4465,2,1:2:562:446:39:32;3:7:618:403:61:71,1,SAFE,inf
43,0,2,2:561:448:40:29:0.5773;7:618:402:61:72:0.4375,2,1:2:561:448:40:29;3:7:618:402:61:72,1,SAFE,inf
44,0,2,2:561:446:40:32:0.5282;7:619:402:62:71:0.4048,2,1:2:561:446:40:32;3:7:619:402:62:71,1,SAFE,inf
45,0,2,2:562:446:39:32:0.4782;7:620:401:61:73:0.5527,2,1:2:562:446:39:32;3:7:620:401:61:73,1,SAFE,inf
46,0,2,2:561:446:39:32:0.5743;7:620:401:63:73:0.6316,2,1:2:561:446:39:32;3:7:620:401:63:73,1,SAFE,inf
47,0,4,2:324:451:38:22:0.2690;2:561:446:39:32:0.5867;2:598:451:11:11:0.2652;7:621:401:62:74:0.6021,2,1:2:561:446:39:32;3:7:621:401:62:74,1,SAFE,30.234
48,0,3,2:561:447:40:31:0.5992;2:597:450:12:13:0.3139;7:621:401:63:73:0.5826,2,1:2:561:447:40:31;3:7:621:401:63:73,1,SAFE,48.217
49,0,4,2:320:459:26:17:0.4067;2:561:447:40:31:0.6067;2:596:450:14:12:0.3468;7:622:401:64:74:0.4580,2,1:2:561:447:40:31;3:7:622:401:64:74,1,SAFE,inf
50,0,3,2:561:448:40:30:0.6203;2:597:450:13:12:0.3430;7:622:401:65:74:0.4952,3,1:2:561:448:40:30;3:7:622:401:65:74;6:2:597:450:13:12,1,SAFE,inf
51,0,4,2:240:450:74:32:0.1152;2:562:447:39:31:0.5928;2:597:451:12:11:0.2187;7:622:400:66:76:0.4792,3,1:2:562:447:39:31;3:7:622:400:66:76;6:2:597:451:12:11,1,SAFE,48.911
52,0,4,2:212:450:83:34:0.1210;2:561:446:40:32:0.6005;2:598:452:11:10:0.2072;7:623:399:67:77:0.4256,3,1:2:561:446:40:32;3:7:623:399:67:77;6:2:598:452:11:10,1,SAFE,14.411
53,0,3,2:561:446:40:32:0.5668;2:598:452:11:10:0.2058;7:623:399:68:78:0.4528,3,1:2:561:446:40:32;3:7:623:399:68:78;6:2:598:452:11:10,1,SAFE,15.855
54,0,4,2:136:449:112:42:0.1961;2:562:447:39:31:0.4864;2:598:452:12:10:0.2166;7:623:397:70:81:0.4978,3,1:2:562:447:39:31;3:7:623:397:70:81;6:2:598:452:12:10,1,SAFE,18.473
55,0,3,2:89:448:130:46:0.1164;2:561:447:41:31:0.4865;7:624:396:71:81:0.4820,2,1:2:561:447:41:31;3:7:624:396:71:81,1,SAFE,inf
56,0,3,2:32:450:146:45:0.1204;2:562:447:39:31:0.4673;7:624:395:72:83:0.5486,2,1:2:562:447:39:31;3:7:624:395:72:83,1,SAFE,inf
57,0,4,2:0:447:136:52:0.2498;2:562:445:39:33:0.4599;2:597:450:14:11:0.2030;7:624:394:73:84:0.5033,2,1:2:562:445:39:33;3:7:624:394:73:84,1,SAFE,18.999
58,0,4,2:0:446:77:56:0.1428;2:562:444:39:33:0.5043;2:598:450:12:11:0.2325;7:625:394:75:83:0.4865,2,1:2:562:444:39:33;3:7:625:394:75:83,1,SAFE,38.554
59,0,3,2:562:444:40:34:0.4954;2:598:450:12:11:0.2319;7:626:392:75:85:0.5368,2,1:2:562:444:40:34;3:7:626:392:75:85,1,SAFE,10.861
60,0,3,2:562:444:39:33:0.4431;2:598:450:13:11:0.2943;7:625:392:77:85:0.4923,3,1:2:562:444:39:33;3:7:625:392:77:85;6:2:598:450:13:11,1,SAFE,7.731
61,0,3,2:562:444:40:33:0.5269;2:597:449:14:11:0.2606;7:626:390:76:87:0.5664,3,1:2:562:444:40:33;3:7:626:390:76:87;6:2:597:449:14:11,1,SAFE,6.123
62,0,3,2:562:444:40:33:0.4955;2:598:449:14:13:0.2885;7:627:390:78:87:0.5004,3,1:2:562:444:40:33;3:7:627:390:78:87;6:2:598:449:14:13,1,SAFE,5.154
63,0,3,2:562:444:41:33:0.5175;2:597:449:15:13:0.3850;7:628:391:79:87:0.6082,3,1:2:562:444:41:33;3:7:628:391:79:87;6:2:597:449:15:13,1,SAFE,5.149
64,0,3,2:562:444:40:33:0.4591;2:598:449:14:13:0.3616;7:628:390:82:88:0.5938,3,1:2:562:444:40:33;3:7:628:390:82:88;6:2:598:449:14:13,1,SAFE,5.326
65,0,3,2:563:444:39:33:0.4403;2:598:449:14:13:0.3058;7:628:389:84:90:0.4937,3,1:2:563:444:39:33;3:7:628:389:84:90;6:2:598:449:14:13,1,SAFE,6.826
66,0,3,2:563:444:40:33:0.4787;2:598:449:14:12:0.2999;7:628:388:86:91:0.6465,3,1:2:563:444:40:33;3:7:628:388:86:91;6:2:598:449:14:12,1,SAFE,8.122
67,0,3,2:563:444:40:34:0.4425;2:597:450:16:11:0.3114;7:629:387:86:93:0.6468,3,1:2:563:444:40:34;3:7:629:387:86:93;6:2:597:450:16:11,1,SAFE,7.012
68,0,3,2:564:444:39:34:0.4536;2:597:450:15:11:0.3458;7:630:387:87:93:0.6806,3,1:2:564:444:39:34;3:7:630:387:87:93;6:2:597:450:15:11,1,SAFE,6.427
69,0,3,2:564:444:39:34:0.4513;2:597:450:15:12:0.3027;7:631:386:88:93:0.6817,3,1:2:564:444:39:34;3:7:631:386:88:93;6:2:597:450:15:12,1,SAFE,7.412
70,0,3,2:564:444:39:34:0.4894;2:598:450:14:12:0.2081;7:632:385:90:96:0.7506,3,1:2:564:444:39:34;3:7:632:385:90:96;6:2:598:450:14:12,1,SAFE,9.582
71,0,3,2:564:445:39:33:0.4695;2:599:450:14:12:0.2099;7:631:385:93:96:0.6933,3,1:2:564:445:39:33;3:7:631:385:93:96;6:2:599:450:14:12,1,SAFE,24.074
72,0,2,2:564:449:40:29:0.4786;7:633:384:93:98:0.6895,2,1:2:564:449:40:29;3:7:633:384:93:98,1,SAFE,inf
73,0,2,2:565:444:39:34:0.4908;7:634:381:95:100:0.6242,2,1:2:565:444:39:34;3:7:634:381:95:100,1,SAFE,inf
74,0,2,2:566:447:38:31:0.4728;7:634:380:95:103:0.7062,2,1:2:566:447:38:31;3:7:634:380:95:103,1,SAFE,inf
75,0,3,2:567:447:37:31:0.5338;7:465:438:31:25:0.2040;7:636:380:95:103:0.7037,2,1:2:567:447:37:31;3:7:636:380:95:103,1,SAFE,inf
76,0,2,2:566:445:39:33:0.5450;7:637:378:97:105:0.6709,2,1:2:566:445:39:33;3:7:637:378:97:105,1,SAFE,inf
77,0,2,2:566:445:39:32:0.5507;7:638:376:99:108:0.6922,2,1:2:566:445:39:32;3:7:638:376:99:108,1,SAFE,inf
78,0,2,2:566:445:40:33:0.5898;7:639:375:101:108:0.6505,2,1:2:566:445:40:33;3:7:639:375:101:108,1,SAFE,inf
79,0,2,2:566:446:40:32:0.5856;7:640:373:103:111:0.7283,2,1:2:566:446:40:32;3:7:640:373:103:111,1,SAFE,inf
80,0,2,2:567:445:39:32:0.6396;7:640:372:106:112:0.7480,2,1:2:567:445:39:32;3:7:640:372:106:112,1,SAFE,inf
81,0,2,2:567:444:39:33:0.6567;7:641:371:106:114:0.6895,2,1:2:567:444:39:33;3:7:641:371:106:114,1,SAFE,inf
82,0,3,2:567:445:39:32:0.7197;7:450:437:22:27:0.3473;7:641:370:110:116:0.7361,2,1:2:567:445:39:32;3:7:641:370:110:116,1,SAFE,inf
83,0,3,2:567:445:39:32:0.6923;7:447:435:24:29:0.2186;7:642:368:111:119:0.7753,2,1:2:567:445:39:32;3:7:642:368:111:119,1,SAFE,inf
84,0,2,2:567:445:39:32:0.6730;7:642:367:115:120:0.6927,2,1:2:567:445:39:32;3:7:642:367:115:120,1,SAFE,inf
85,0,3,2:568:446:39:31:0.5902;7:441:433:40:31:0.2476;7:642:366:117:121:0.7328,2,1:2:568:446:39:31;3:7:642:366:117:121,1,SAFE,inf
86,0,3,2:568:451:40:26:0.5155;7:439:432:41:33:0.4072;7:643:364:119:123:0.8095,2,1:2:568:451:40:26;3:7:643:364:119:123,1,SAFE,inf
87,0,4,2:568:452:39:25:0.4157;7:435:432:43:33:0.4662;7:496:440:17:21:0.2069;7:644:363:123:124:0.7939,2,1:2:568:452:39:25;3:7:644:363:123:124,1,SAFE,inf
88,0,4,2:568:451:39:26:0.5172;7:431:432:45:33:0.3769;7:495:440:19:20:0.2772;7:645:361:126:127:0.8132,3,1:2:568:451:39:26;3:7:645:361:126:127;7:7:431:432:45:33,1,SAFE,inf
89,0,3,2:568:455:40:22:0.3858;7:429:431:45:34:0.4319;7:647:360:128:128:0.8260,3,1:2:568:455:40:22;3:7:647:360:128:128;7:7:429:431:45:34,1,SAFE,inf
90,0,4,2:568:444:41:33:0.6127;7:424:430:48:35:0.5635;7:492:439:21:22:0.2497;7:647:358:131:130:0.7960,3,1:2:568:444:41:33;3:7:647:358:131:130;7:7:424:430:48:35,1,SAFE,inf
91,0,4,2:569:446:40:31:0.5956;7:422:430:48:36:0.3427;7:491:438:22:22:0.3041;7:647:355:136:133:0.8202,3,1:2:569:446:40:31;3:7:647:355:136:133;7:7:422:430:48:36,1,SAFE,inf
92,0,3,2:570:446:39:31:0.6345;7:417:430:51:37:0.5336;7:648:354:139:135:0.8092,3,1:2:570:446:39:31;3:7:648:354:139:135;7:7:417:430:51:37,1,SAFE,inf
93,0,4,2:570:447:40:30:0.5949;7:414:430:52:37:0.5368;7:489:439:24:22:0.2389;7:649:353:142:136:0.7850,3,1:2:570:447:40:30;3:7:649:353:142:136;7:7:414:430:52:37,1,SAFE,inf
94,0,4,2:570:445:40:31:0.5933;7:409:429:53:38:0.5918;7:487:438:25:22:0.2586;7:650:350:146:140:0.8139,3,1:2:570:445:40:31;3:7:650:350:146:140;7:7:409:429:53:38,1,SAFE,inf
95,0,4,2:571:445:40:32:0.5659;7:403:428:57:39:0.4817;7:486:438:24:22:0.2102;7:650:347:151:143:0.8336,3,1:2:571:445:40:32;3:7:650:347:151:143;7:7:403:428:57:39,1,SAFE,inf
96,0,4,2:570:445:41:32:0.6148;7:399:426:59:42:0.4605;7:483:438:25:24:0.2693;7:651:346:156:145:0.8653,3,1:2:570:445:41:32;3:7:651:346:156:145;7:7:399:426:59:42,1,SAFE,10.307
97,0,4,2:570:444:41:33:0.5945;7:394:426:60:42:0.5008;7:482:437:27:24:0.2879;7:651:344:160:148:0.8678,3,1:2:570:444:41:33;3:7:651:344:160:148;7:7:394:426:60:42,1,SAFE,4.028
98,0,4,2:571:445:39:33:0.5548;7:386:425:64:44:0.5663;7:481:437:26:24:0.2958;7:653:342:164:153:0.8708,3,1:2:571:445:39:33;3:7:653:342:164:153;7:7:386:425:64:44,1,SAFE,2.524
99,0,4,2:571:445:39:32:0.5450;7:382:425:65:44:0.5090;7:480:437:26:24:0.3166;7:653:339:169:154:0.8818,3,1:2:571:445:39:32;3:7:653:339:169:154;7:7:382:425:65:44,1,SAFE,1.931
100,0,4,2:571:445:39:33:0.5503;7:376:424:68:46:0.5527;7:478:437:27:24:0.4285;7:652:337:176:160:0.8693,3,1:2:571:445:39:33;3:7:652:337:176:160;7:7:376:424:68:46,1,SAFE,1.574
101,0,4,2:571:445:39:33:0.5558;7:368:423:73:47:0.5623;7:476:437:27:25:0.4119;7:654:334:179:164:0.8620,4,1:2:571:445:39:33;3:7:654:334:179:164;7:7:368:423:73:47;8:7:476:437:27:25,1,SAFE,1.679
102,0,4,2:571:444:40:33:0.5668;7:363:421:74:49:0.5459;7:474:436:29:26:0.3632;7:653:331:187:168:0.8818,4,1:2:571:444:40:33;3:7:653:331:187:168;7:7:363:421:74:49;8:7:474:436:29:26,1,SAFE,2.014
103,0,4,2:571:444:40:33:0.5803;7:354:421:78:49:0.4684;7:473:436:29:26:0.2768;7:654:327:193:173:0.9005,4,1:2:571:444:40:33;3:7:654:327:193:173;7:7:354:421:78:49;8:7:473:436:29:26,1,SAFE,2.491
104,0,4,2:572:445:39:33:0.6248;7:347:419:82:53:0.5041;7:471:436:29:26:0.3123;7:655:324:199:174:0.8439,4,1:2:572:445:39:33;3:7:655:324:199:174;7:7:347:419:82:53;8:7:471:436:29:26,1,SAFE,7.258
105,0,4,2:573:446:40:32:0.6228;7:338:418:87:55:0.4125;7:468:437:30:26:0.2867;7:658:321:202:182:0.9080,4,1:2:573:446:40:32;3:7:658:321:202:182;7:7:338:418:87:55;8:7:468:437:30:26,1,SAFE,6.456
106,0,4,2:572:446:41:32:0.6417;7:330:418:89:56:0.4731;7:466:436:32:27:0.2914;7:658:318:210:187:0.9073,4,1:2:572:446:41:32;3:7:658:318:210:187;7:7:330:418:89:56;8:7:466:436:32:27,1,SAFE,8.214
107,0,4,2:573:446:40:33:0.6142;7:321:417:94:58:0.4253;7:464:435:33:28:0.4074;7:659:314:216:192:0.9084,4,1:2:573:446:40:33;3:7:659:314:216:192;7:7:321:417:94:58;8:7:464:435:33:28,1,SAFE,9.236
108,0,4,2:573:446:40:32:0.6387;7:321:417:89:56:0.3559;7:462:435:33:28:0.3924;7:661:311:224:195:0.8618,4,1:2:573:446:40:32;3:7:661:311:224:195;7:7:321:417:89:56;8:7:462:435:33:28,1,SAFE,27.055
109,0,5,2:509:444:18:16:0.2358;2:572:446:40:33:0.6281;7:321:415:83:60:0.4412;7:459:435:34:29:0.4558;7:663:307:230:203:0.8888,4,1:2:572:446:40:33;3:7:663:307:230:203;7:7:321:415:83:60;8:7:459:435:34:29,1,SAFE,inf
110,0,5,2:508:444:18:17:0.2388;2:572:446:41:33:0.6179;7:320:413:78:62:0.5112;7:457:435:34:29:0.3440;7:664:302:241:209:0.8865,4,1:2:572:446:41:33;3:7:664:302:241:209;7:7:320:413:78:62;8:7:457:435:34:29,1,SAFE,inf
111,0,5,2:573:446:40:32:0.6523;7:320:410:71:65:0.4413;7:454:435:36:29:0.4222;7:508:443:17:17:0.2106;7:665:296:246:215:0.8832,4,1:2:573:446:40:32;3:7:665:296:246:215;7:7:320:410:71:65;8:7:454:435:36:29,1,SAFE,inf
112,0,5,2:506:443:19:17:0.3530;2:573:446:40:32:0.6472;7:320:409:64:66:0.3406;7:451:434:37:30:0.3534;7:667:295:255:219:0.8673,4,1:2:573:446:40:32;3:7:667:295:255:219;7:7:320:409:64:66;8:7:451:434:37:30,1,SAFE,inf
113,0,5,2:505:443:20:17:0.2369;2:573:446:40:33:0.6100;7:320:409:58:66:0.2127;7:449:434:37:31:0.4373;7:667:288:268:228:0.8579,4,1:2:573:446:40:33;3:7:667:288:268:228;7:7:320:409:58:66;8:7:449:434:37:31,1,SAFE,inf
114,0,4,2:573:446:40:32:0.6795;7:446:434:38:31:0.3837;7:505:443:19:17:0.2170;7:668:283:280:234:0.8587,3,1:2:573:446:40:32;3:7:668:283:280:234;8:7:446:434:38:31,1,SAFE,inf
115,0,3,2:573:445:40:33:0.6495;7:442:433:40:32:0.3256;7:670:279:284:240:0.7812,3,1:2:573:445:40:33;3:7:670:279:284:240;8:7:442:433:40:32,1,SAFE,inf
116,0,5,2:573:445:40:33:0.6377;7:320:408:31:68:0.3033;7:440:432:41:33:0.3484;7:502:441:20:19:0.2077;7:671:275:283:246:0.7621,4,1:2:573:445:40:33;3:7:671:275:283:246;7:7:320:408:31:68;8:7:440:432:41:33,1,SAFE,inf
117,0,4,2:574:446:40:32:0.5675;7:437:432:41:33:0.3507;7:501:440:21:20:0.2263;7:672:274:286:249:0.6401,3,1:2:574:446:40:32;3:7:672:274:286:249;8:7:437:432:41:33,1,SAFE,inf
118,0,4,2:574:445:42:33:0.4979;7:114:394:218:98:0.2598;7:432:431:45:34:0.2873;7:673:274:286:250:0.7928,4,1:2:574:445:42:33;3:7:673:274:286:250;7:7:114:394:218:98;8:7:432:431:45:34,1,SAFE,inf
119,0,4,2:574:443:42:34:0.4886;7:430:431:45:33:0.3527;7:498:440:20:20:0.2785;7:674:274:285:253:0.8615,3,1:2:574:443:42:34;3:7:674:274:285:253;8:7:430:431:45:33,1,SAFE,17.066
120,0,4,2:575:444:41:34:0.4813;7:35:385:275:111:0.2188;7:425:430:48:36:0.4388;7:675:274:284:255:0.8701,3,1:2:575:444:41:34;3:7:675:274:284:255;8:7:425:430:48:36,1,SAFE,13.427
121,0,3,2:576:445:40:33:0.5955;7:421:430:49:36:0.4496;7:677:274:282:257:0.7319,3,1:2:576:445:40:33;3:7:677:274:282:257;8:7:421:430:49:36,1,SAFE,16.261
122,0,4,2:575:446:41:32:0.6112;7:416:430:52:38:0.4813;7:681:274:278:258:0.8832;7:719:431:315:104:0.1010,3,1:2:575:446:41:32;3:7:681:274:278:258;8:7:416:430:52:38,1,SAFE,20.610
123,0,4,2:575:446:41:32:0.6517;7:413:430:52:37:0.3141;7:680:430:384:110:0.1188;7:683:274:276:257:0.9020,3,1:2:575:446:41:32;3:7:683:274:276:257;8:7:413:430:52:37,1,SAFE,inf
124,0,4,2:576:446:40:32:0.6460;7:407:429:55:40:0.3341;7:684:275:275:257:0.9263;7:755:432:315:110:0.1568,3,1:2:576:446:40:32;3:7:684:275:275:257;8:7:407:429:55:40,1,SAFE,inf
125,0,4,2:577:446:39:32:0.6346;7:403:429:58:41:0.3806;7:685:275:274:257:0.9187;7:767:431:330:114:0.2627,3,1:2:577:446:39:32;3:7:685:275:274:257;8:7:403:429:58:41,1,SAFE,inf
126,0,3,2:577:446:40:33:0.5947;7:399:429:58:42:0.2624;7:685:275:274:257:0.9233,3,1:2:577:446:40:33;3:7:685:275:274:257;8:7:399:429:58:42,1,SAFE,inf
127,0,3,2:578:447:38:32:0.5325;7:393:427:61:45:0.2031;7:690:275:269:257:0.8963,3,1:2:578:447:38:32;3:7:690:275:269:257;8:7:393:427:61:45,1,SAFE,inf
128,0,3,2:577:445:40:34:0.5382;7:387:425:64:47:0.2353;7:693:275:266:257:0.8979,3,1:2:577:445:40:34;3:7:693:275:266:257;8:7:387:425:64:47,1,SAFE,inf
129,0,3,2:578:446:39:33:0.5847;7:382:425:64:47:0.2305;7:690:275:269:257:0.9103,3,1:2:578:446:39:33;3:7:690:275:269:257;8:7:382:425:64:47,1,SAFE,inf
130,0,3,2:577:446:40:32:0.4244;7:374:424:70:49:0.2577;7:690:275:269:257:0.9149,3,1:2:577:446:40:32;3:7:690:275:269:257;8:7:374:424:70:49,1,SAFE,inf
131,0,3,2:578:446:40:32:0.5340;7:368:423:72:50:0.2797;7:691:275:268:257:0.9148,3,1:2:578:446:40:32;3:7:691:275:268:257;8:7:368:423:72:50,1,SAFE,inf
132,0,3,2:579:445:39:32:0.5977;7:362:423:74:49:0.2242;7:693:275:266:257:0.9156,3,1:2:579:445:39:32;3:7:693:275:266:257;8:7:362:423:74:49,1,SAFE,inf
133,0,3,2:580:445:39:32:0.6097;7:352:422:80:51:0.3060;7:695:275:264:257:0.9170,3,1:2:580:445:39:32;3:7:695:275:264:257;8:7:352:422:80:51,1,SAFE,inf
134,0,4,2:581:445:37:32:0.6288;7:346:420:82:54:0.3986;7:696:275:263:257:0.9162;7:702:398:577:218:0.1758,3,1:2:581:445:37:32;3:7:696:275:263:257;8:7:346:420:82:54,1,SAFE,inf
135,0,4,2:581:446:38:31:0.5282;7:336:418:87:56:0.4234;7:699:275:260:257:0.8847;7:708:397:571:226:0.2242,3,1:2:581:446:38:31;3:7:699:275:260:257;8:7:336:418:87:56,1,SAFE,inf
136,0,4,2:581:446:39:32:0.5012;7:325:418:94:58:0.4764;7:700:275:259:257:0.8834;7:713:374:566:258:0.1697,3,1:2:581:446:39:32;3:7:700:275:259:257;8:7:325:418:94:58,1,SAFE,inf
137,0,4,2:581:445:39:33:0.4413;7:320:417:93:60:0.4178;7:702:275:257:257:0.8881;7:717:375:562:268:0.4695,3,1:2:581:445:39:33;3:7:702:275:257:257;8:7:320:417:93:60,1,SAFE,inf
138,0,3,2:581:444:39:34:0.4500;7:320:416:87:61:0.4698;7:706:275:253:257:0.9098,3,1:2:581:444:39:34;3:7:706:275:253:257;8:7:320:416:87:61,1,SAFE,inf
139,0,4,2:581:445:40:33:0.5230;7:320:413:82:63:0.4747;7:465:435:32:27:0.3049;7:707:275:252:257:0.9049,3,1:2:581:445:40:33;3:7:707:275:252:257;8:7:320:413:82:63,1,SAFE,inf
140,0,4,2:581:444:40:33:0.4779;7:320:410:76:64:0.5527;7:710:275:249:257:0.8579;7:734:316:545:358:0.6577,3,1:2:581:444:40:33;3:7:710:275:249:257;8:7:320:410:76:64,1,SAFE,inf
141,0,4,2:581:444:40:33:0.5236;7:320:408:69:67:0.2903;7:714:275:245:247:0.7363;7:742:318:537:346:0.5789,3,1:2:581:444:40:33;3:7:714:275:245:247;8:7:320:408:69:67,1,SAFE,27.531
142,0,4,2:582:444:39:33:0.5853;7:249:407:130:73:0.1703;7:716:275:243:255:0.7237;7:780:313:498:370:0.3763,4,1:2:582:444:39:33;3:7:716:275:243:255;8:7:249:407:130:73;9:7:780:313:498:370,1,SAFE,30.003
143,0,4,2:581:444:41:33:0.5580;7:229:401:145:80:0.1249;7:720:275:239:256:0.8815;7:813:310:466:356:0.1185,4,1:2:581:444:41:33;3:7:720:275:239:256;8:7:229:401:145:80;9:7:813:310:466:356,1,SAFE,12.665
144,0,4,2:582:444:41:33:0.5795;7:320:407:47:68:0.2609;7:722:275:237:257:0.8717;7:741:313:538:347:0.4206,4,1:2:582:444:41:33;3:7:722:275:237:257;8:7:320:407:47:68;9:7:741:313:538:347,1,SAFE,9.783
145,0,5,2:583:444:40:33:0.5922;7:320:409:38:66:0.2782;7:449:433:29:29:0.2558;7:725:275:234:257:0.8595;7:739:399:540:278:0.1765,4,1:2:583:444:40:33;3:7:725:275:234:257;8:7:320:409:38:66;9:7:739:399:540:278,1,SAFE,10.088
146,0,4,2:583:445:40:32:0.5922;7:164:397:185:87:0.1393;7:729:275:230:257:0.8521;7:740:409:539:280:0.1170,4,1:2:583:445:40:32;3:7:729:275:230:257;8:7:164:397:185:87;9:7:740:409:539:280,1,SAFE,14.351
147,0,3,2:585:445:38:33:0.6045;7:134:393:206:94:0.4620;7:732:274:227:258:0.8472,3,1:2:585:445:38:33;3:7:732:274:227:258;8:7:134:393:206:94,1,SAFE,15.798
148,0,4,2:585:445:39:33:0.6387;7:105:389:227:100:0.4593;7:736:275:223:256:0.8797;7:755:439:183:110:0.1661,3,1:2:585:445:39:33;3:7:736:275:223:256;8:7:105:389:227:100,1,SAFE,18.649
149,0,3,2:585:445:39:33:0.5233;7:67:387:250:105:0.2319;7:741:274:218:258:0.9107,3,1:2:585:445:39:33;3:7:741:274:218:258;8:7:67:387:250:105,1,SAFE,24.601
150,0,4,2:584:446:41:32:0.6552;7:28:383:275:113:0.2814;7:433:433:43:32:0.2264;7:745:275:214:256:0.8848,3,1:2:584:446:41:32;3:7:745:275:214:256;8:7:28:383:275:113,1,SAFE,inf
151,0,3,2:586:446:39:33:0.6165;7:750:275:209:257:0.9070;7:760:413:519:190:0.1083,2,1:2:586:446:39:33;3:7:750:275:209:257,1,SAFE,inf
152,0,3,2:487:450:17:12:0.2107;2:587:447:39:32:0.5713;7:756:275:203:257:0.8793,2,1:2:587:447:39:32;3:7:756:275:203:257,1,SAFE,inf
153,0,3,2:587:446:39:33:0.5268;7:760:275:199:257:0.9013;7:767:408:512:201:0.1016,2,1:2:587:446:39:33;3:7:760:275:199:257,1,SAFE,inf
154,0,3,2:586:446:40:33:0.5674;7:766:275:193:257:0.8951;7:781:400:498:209:0.1458,2,1:2:586:446:40:33;3:7:766:275:193:257,1,SAFE,inf
155,0,4,2:587:447:40:33:0.5754;7:414:431:50:36:0.2916;7:772:275:187:257:0.8521;7:782:403:494:209:0.1863,2,1:2:587:447:40:33;3:7:772:275:187:257,1,SAFE,inf
156,0,4,2:588:447:40:33:0.6023;7:409:431:52:36:0.2448;7:780:275:179:256:0.8656;7:787:361:492:260:0.1093,2,1:2:588:447:40:33;3:7:780:275:179:256,1,SAFE,inf
157,0,3,2:588:447:40:33:0.5935;7:789:275:170:257:0.8518;7:796:368:483:260:0.1658,2,1:2:588:447:40:33;3:7:789:275:170:257,1,SAFE,inf
158,0,2,2:588:447:41:33:0.6365;7:796:274:163:258:0.8383,2,1:2:588:447:41:33;3:7:796:274:163:258,1,SAFE,inf
159,0,3,2:588:447:41:32:0.6826;7:394:427:59:43:0.3620;7:804:274:155:258:0.8304,2,1:2:588:447:41:32;3:7:804:274:155:258,1,SAFE,inf
160,0,3,2:589:446:40:34:0.6630;7:387:426:64:44:0.2847;7:814:274:145:258:0.7603,2,1:2:589:446:40:34;3:7:814:274:145:258,1,SAFE,25.750
161,0,3,2:589:446:41:34:0.5882;7:383:425:63:45:0.2086;7:825:274:134:258:0.7619,2,1:2:589:446:41:34;3:7:825:274:134:258,1,SAFE,22.305
162,0,4,2:462:451:24:12:0.2369;2:590:446:40:33:0.6455;7:377:425:66:45:0.3372;7:836:274:123:258:0.8365,3,1:2:590:446:40:33;3:7:836:274:123:258;10:7:377:425:66:45,1,SAFE,20.694
163,0,5,2:452:452:21:13:0.2880;2:485:451:16:10:0.3748;2:590:445:41:34:0.4400;7:369:425:71:44:0.3045;7:850:274:109:257:0.7741,3,1:2:590:445:41:34;3:7:850:274:109:257;10:7:369:425:71:44,1,SAFE,13.481
164,0,4,2:448:451:23:13:0.2753;2:591:445:40:34:0.6306;7:363:422:73:47:0.3961;7:862:274:97:257:0.7783,3,1:2:591:445:40:34;3:7:862:274:97:257;10:7:363:422:73:47,1,SAFE,10.326
165,0,5,2:352:445:43:25:0.2250;2:444:452:19:13:0.2452;2:481:451:16:10:0.2356;2:591:444:41:35:0.4347;7:888:54:391:590:0.5676,3,1:2:591:444:41:35;3:7:888:54:391:590;10:2:352:445:43:25,1,SAFE,8.954
166,0,5,2:439:451:21:14:0.3168;2:477:451:16:10:0.3093;7:343:420:85:50:0.3934;7:591:445:41:34:0.4036;7:900:51:379:586:0.7180,4,1:7:591:445:41:34;3:7:900:51:379:586;10:7:343:420:85:50;11:2:439:451:21:14,1,SAFE,8.227
167,0,6,2:326:445:51:27:0.3485;2:436:452:20:13:0.2224;2:476:451:17:10:0.2534;2:592:444:41:35:0.4760;7:331:419:94:51:0.2145;7:920:52:359:585:0.6660,4,1:2:592:444:41:35;3:7:920:52:359:585;10:2:326:445:51:27;11:2:436:452:20:13,1,SAFE,8.090
168,0,5,2:320:447:44:26:0.3603;2:432:452:22:14:0.2129;2:592:445:42:35:0.3731;7:329:418:92:53:0.3521;7:944:6:335:656:0.7271,4,1:2:592:445:42:35;3:7:944:6:335:656;10:2:320:447:44:26;11:2:432:452:22:14,1,SAFE,7.022
169,0,3,2:592:445:42:35:0.3572;7:320:418:94:57:0.2798;7:969:20:310:652:0.7194,2,1:2:592:445:42:35;3:7:969:20:310:652,1,SAFE,6.455
170,0,5,2:320:447:19:32:0.2239;2:421:453:24:15:0.4043;2:490:450:20:11:0.2962;7:592:446:42:33:0.3111;7:1002:52:277:618:0.6797,3,1:7:592:446:42:33;3:7:1002:52:277:618;11:2:421:453:24:15,1,SAFE,8.544
171,0,3,2:415:453:23:15:0.3466;2:593:446:41:33:0.3724;5:1037:48:242:624:0.5607,3,1:2:593:446:41:33;3:5:1037:48:242:624;11:2:415:453:23:15,1,SAFE,12.631
172,0,5,2:409:453:27:15:0.4130;2:487:450:16:12:0.2848;2:594:446:41:34:0.4748;5:1080:49:199:622:0.2818;7:320:414:78:62:0.2318,3,1:2:594:446:41:34;3:5:1080:49:199:622;11:2:409:453:27:15,1,SAFE,15.708
173,0,4,2:402:453:28:17:0.4111;2:485:450:15:12:0.3349;5:594:446:40:34:0.3008;7:320:413:73:63:0.3004,2,1:5:594:446:40:34;11:2:402:453:28:17,1,SAFE,22.242
174,0,4,2:396:452:29:18:0.4282;2:483:449:16:13:0.2936;2:593:446:43:34:0.3620;7:320:413:67:63:0.3215,2,1:2:593:446:43:34;11:2:396:452:29:18,1,SAFE,inf
175,0,4,2:388:452:31:19:0.4134;2:480:449:15:13:0.2127;2:594:446:43:34:0.4397;7:320:413:59:62:0.2407,2,1:2:594:446:43:34;11:2:388:452:31:19,1,SAFE,inf
176,0,3,2:381:452:33:20:0.4418;2:478:450:17:12:0.3013;2:595:446:42:34:0.4495,3,1:2:595:446:42:34;11:2:381:452:33:20;12:2:478:450:17:12,1,SAFE,inf
177,0,2,2:371:452:36:20:0.4214;2:595:446:42:34:0.4593,2,1:2:595:446:42:34;11:2:371:452:36:20,1,SAFE,inf
178,0,3,2:361:451:38:21:0.4648;2:472:448:16:15:0.2098;2:596:447:41:33:0.4973,2,1:2:596:447:41:33;11:2:361:451:38:21,1,SAFE,inf
179,0,3,2:351:451:39:21:0.4979;2:508:449:20:11:0.2535;2:596:446:42:34:0.5102,3,1:2:596:446:42:34;11:2:351:451:39:21;12:2:508:449:20:11,1,SAFE,inf
180,0,3,2:336:450:43:23:0.4073;2:468:449:18:14:0.2617;2:596:446:42:34:0.4816,2,1:2:596:446:42:34;11:2:336:450:43:23,1,SAFE,inf
181,0,3,2:323:450:45:23:0.4262;2:597:446:41:34:0.6066;7:415:433:38:34:0.2185,2,1:2:597:446:41:34;11:2:323:450:45:23,1,SAFE,inf
182,0,3,2:320:449:36:27:0.4396;2:598:446:40:33:0.6112;7:410:432:40:34:0.2869,2,1:2:598:446:40:33;11:2:320:449:36:27,1,SAFE,inf
183,0,3,2:320:449:23:27:0.4533;2:598:446:40:33:0.5895;7:405:433:42:33:0.2121,2,1:2:598:446:40:33;11:2:320:449:23:27,1,SAFE,inf
184,0,3,2:498:449:17:10:0.2142;2:599:446:40:33:0.4951;7:400:431:44:35:0.3082,1,1:2:599:446:40:33,1,SAFE,inf
185,0,2,2:452:448:21:15:0.2819;2:599:447:40:33:0.6675,1,1:2:599:447:40:33,1,SAFE,inf
186,0,3,2:448:447:21:17:0.2310;2:599:446:40:33:0.6442;7:392:430:40:37:0.2726,1,1:2:599:446:40:33,1,SAFE,inf
187,0,3,2:188:448:84:36:0.1026;2:445:448:23:17:0.3488;2:599:447:41:33:0.6188,1,1:2:599:447:41:33,1,SAFE,inf
188,0,3,2:384:447:36:21:0.2518;2:440:447:25:18:0.3349;2:600:447:40:33:0.6533,1,1:2:600:447:40:33,1,SAFE,inf
189,0,3,2:437:447:24:18:0.2772;2:493:449:17:10:0.2123;2:600:447:40:32:0.6054,2,1:2:600:447:40:32;13:2:437:447:24:18,1,SAFE,inf
190,0,4,2:431:446:28:20:0.3973;2:508:448:14:11:0.2038;2:599:447:42:32:0.6545;7:368:428:53:41:0.2345,2,1:2:599:447:42:32;13:2:431:446:28:20,1,SAFE,inf
191,0,5,2:14:446:126:50:0.1232;2:358:447:39:24:0.3223;2:427:446:26:20:0.4365;2:599:447:42:32:0.6597;7:388:427:29:40:0.2333,2,1:2:599:447:42:32;13:2:427:446:26:20,1,SAFE,inf
192,0,4,2:346:448:41:23:0.2228;2:422:446:25:20:0.2922;2:599:447:42:32:0.6535;7:349:426:64:42:0.3269,2,1:2:599:447:42:32;13:2:422:446:25:20,1,SAFE,inf
193,0,3,2:416:446:27:21:0.3522;2:600:447:41:33:0.6069;7:335:425:73:47:0.2439,2,1:2:600:447:41:33;13:2:416:446:27:21,1,SAFE,inf
194,0,3,2:410:447:29:20:0.4478;2:600:447:41:33:0.6313;7:330:424:73:46:0.4064,3,1:2:600:447:41:33;13:2:410:447:29:20;14:7:330:424:73:46,1,SAFE,inf
195,0,3,2:404:445:30:22:0.4417;2:599:446:42:34:0.6194;7:358:423:39:45:0.2340,3,1:2:599:446:42:34;13:2:404:445:30:22;14:7:358:423:39:45,1,SAFE,inf
196,0,4,2:397:445:28:22:0.4198;2:445:452:20:12:0.3998;2:599:446:42:34:0.6395;7:350:422:41:48:0.2861,3,1:2:599:446:42:34;13:2:397:445:28:22;14:7:350:422:41:48,1,SAFE,45.919
197,0,3,2:390:444:29:24:0.4086;2:598:446:43:34:0.6116;7:340:421:45:49:0.2470,3,1:2:598:446:43:34;13:2:390:444:29:24;14:7:340:421:45:49,1,SAFE,19.635
198,0,4,2:383:444:32:24:0.4550;2:438:451:19:13:0.3309;2:598:446:43:34:0.6209;7:320:418:58:53:0.3425,3,1:2:598:446:43:34;13:2:383:444:32:24;14:7:320:418:58:53,1,SAFE,13.006
199,0,4,2:374:444:32:26:0.4448;2:433:452:21:13:0.2905;2:599:446:41:34:0.6641;7:320:417:51:55:0.4743,3,1:2:599:446:41:34;13:2:374:444:32:26;14:7:320:417:51:55,1,SAFE,10.036
200,0,4,2:364:443:45:27:0.4949;2:429:452:20:13:0.2484;2:598:446:43:34:0.6694;7:320:417:42:57:0.3586,3,1:2:598:446:43:34;13:2:364:443:45:27;14:7:320:417:42:57,1,SAFE,8.389
201,0,4,2:353:443:48:28:0.4772;2:424:451:22:15:0.3550;2:598:446:42:33:0.5987;7:320:417:34:55:0.2728,4,1:2:598:446:42:33;13:2:353:443:48:28;14:7:320:417:34:55;15:2:424:451:22:15,1,SAFE,8.833
202,0,4,2:343:441:50:30:0.5818;2:419:450:21:15:0.2602;2:598:446:42:33:0.6617;7:320:416:26:57:0.3380,4,1:2:598:446:42:33;13:2:343:441:50:30;14:7:320:416:26:57;15:2:419:450:21:15,1,SAFE,9.327
203,0,3,2:332:440:52:31:0.4612;2:414:451:24:14:0.2555;2:598:446:42:34:0.6750,3,1:2:598:446:42:34;13:2:332:440:52:31;15:2:414:451:24:14,1,SAFE,8.092
204,0,3,2:321:440:54:32:0.3131;2:408:451:26:15:0.2891;2:598:446:41:34:0.6766,3,1:2:598:446:41:34;13:2:321:440:54:32;15:2:408:451:26:15,1,SAFE,9.057
205,0,2,2:598:446:41:34:0.5950;7:320:440:44:31:0.2762,2,1:2:598:446:41:34;13:7:320:440:44:31,1,SAFE,11.020
206,0,2,2:598:446:41:34:0.6450;7:320:438:32:36:0.4215,2,1:2:598:446:41:34;13:7:320:438:32:36,1,SAFE,15.481
207,0,2,2:386:451:29:16:0.2904;2:598:445:41:35:0.6509,2,1:2:598:445:41:35;15:2:386:451:29:16,1,SAFE,18.632
208,0,1,2:597:445:42:35:0.5873,1,1:2:597:445:42:35,1,SAFE,16.805
209,0,2,2:370:451:33:17:0.2327;2:597:446:41:33:0.5995,1,1:2:597:446:41:33,1,SAFE,inf
210,0,3,2:361:449:37:20:0.3062;2:596:445:41:34:0.6025;7:38:391:208:97:0.1303,2,1:2:596:445:41:34;15:2:361:449:37:20,1,SAFE,inf
211,0,3,2:352:449:36:21:0.4008;2:596:445:41:34:0.6012;7:160:432:110:48:0.1054,2,1:2:596:445:41:34;15:2:352:449:36:21,1,SAFE,46.043
212,0,4,2:120:432:125:50:0.1252;2:341:448:42:23:0.4438;2:595:445:43:34:0.6493;7:400:433:28:31:0.3350,2,1:2:595:445:43:34;15:2:341:448:42:23,1,SAFE,39.841
213,0,2,2:328:448:46:22:0.2550;2:595:445:41:34:0.6215,2,1:2:595:445:41:34;15:2:328:448:46:22,1,SAFE,35.112
214,0,5,2:320:448:43:23:0.3003;2:416:451:21:12:0.2487;2:594:446:41:33:0.5756;7:7:428:177:66:0.1450;7:390:431:29:34:0.2331,2,1:2:594:446:41:33;15:2:320:448:43:23,1,SAFE,inf
215,0,4,2:412:450:16:13:0.2648;2:593:446:42:34:0.5473;7:0:422:146:74:0.1210;7:385:431:28:34:0.2389,1,1:2:593:446:42:34,1,SAFE,inf
216,0,4,2:320:447:21:25:0.3660;2:403:449:23:15:0.3883;2:464:445:16:15:0.2097;2:591:446:43:33:0.5470,2,1:2:591:446:43:33;15:2:320:447:21:25,1,SAFE,inf
217,0,5,2:269:447:59:28:0.1049;2:399:450:22:14:0.3120;2:577:450:12:10:0.2016;2:591:445:43:35:0.6033;7:374:429:28:37:0.2357,2,1:2:591:445:43:35;15:2:269:447:59:28,1,SAFE,inf
218,0,3,2:250:445:63:32:0.1221;2:392:448:25:17:0.2578;2:590:445:44:35:0.6732,3,1:2:590:445:44:35;15:2:250:445:63:32;16:2:392:448:25:17,1,SAFE,inf
219,0,3,2:228:443:69:34:0.1238;2:384:448:28:17:0.2959;2:591:444:42:36:0.5128,3,1:2:591:444:42:36;15:2:228:443:69:34;16:2:384:448:28:17,1,SAFE,25.352
220,0,1,2:590:445:42:34:0.6204,1,1:2:590:445:42:34,1,SAFE,32.784
221,0,3,2:173:446:84:36:0.1279;2:368:448:33:17:0.3066;2:589:445:43:34:0.5450,2,1:2:589:445:43:34;16:2:368:448:33:17,1,SAFE,46.383
222,0,3,2:139:447:94:37:0.1311;2:358:448:34:18:0.3171;2:589:445:42:34:0.6156,2,1:2:589:445:42:34;16:2:358:448:34:18,1,SAFE,26.710
223,0,3,2:96:447:109:41:0.1411;2:348:448:37:19:0.3475;2:589:445:41:34:0.6055,2,1:2:589:445:41:34;16:2:348:448:37:19,1,SAFE,17.724
224,0,2,2:336:450:38:19:0.3906;2:588:446:41:33:0.6550,2,1:2:588:446:41:33;16:2:336:450:38:19,1,SAFE,inf
225,0,2,2:4:447:133:48:0.1619;2:587:445:41:35:0.5590,1,1:2:587:445:41:35,1,SAFE,40.430
226,0,3,2:320:452:21:19:0.2088;2:583:446:44:34:0.6969;7:433:444:22:18:0.3025,1,1:2:583:446:44:34,1,SAFE,inf
227,0,2,2:320:451:24:19:0.2114;2:584:445:42:35:0.5574,1,1:2:584:445:42:35,1,SAFE,28.758
228,0,3,2:320:450:13:20:0.4092;2:583:446:43:34:0.6110;7:425:443:25:20:0.3359,2,1:2:583:446:43:34;16:2:320:450:13:20,1,SAFE,38.714
229,0,1,2:582:445:43:35:0.6794,1,1:2:582:445:43:35,1,SAFE,inf
230,0,2,2:581:445:42:34:0.6582;7:415:442:26:21:0.2515,1,1:2:581:445:42:34,1,SAFE,inf
231,0,1,2:581:445:42:34:0.7178,1,1:2:581:445:42:34,1,SAFE,inf
232,0,1,2:581:445:41:35:0.7712,1,1:2:581:445:41:35,1,SAFE,inf
233,0,2,2:579:445:42:34:0.6927;7:400:441:30:22:0.3378,1,1:2:579:445:42:34,1,SAFE,inf
234,0,3,2:576:445:43:35:0.6720;7:320:441:29:29:0.3307;7:394:441:31:22:0.2733,1,1:2:576:445:43:35,1,SAFE,21.359
235,0,1,2:577:445:42:35:0.6902,1,1:2:577:445:42:35,1,SAFE,17.788
236,0,3,2:64:448:114:39:0.1059;2:575:446:43:34:0.7100;7:383:440:25:24:0.3283,1,1:2:575:446:43:34,1,SAFE,24.511
237,0,2,2:574:445:43:35:0.6343;7:377:440:26:25:0.3180,1,1:2:574:445:43:35,1,SAFE,21.233
238,0,3,2:0:449:97:45:0.1400;2:573:446:43:34:0.7101;7:369:440:29:26:0.4914,2,1:2:573:446:43:34;17:7:369:440:29:26,1,SAFE,34.998
239,0,4,2:0:449:49:48:0.1029;2:451:451:17:10:0.2407;2:573:445:42:35:0.6788;7:362:440:29:26:0.5114,2,1:2:573:445:42:35;17:7:362:440:29:26,1,SAFE,inf
240,0,2,2:572:445:43:35:0.6447;7:354:440:30:26:0.3586,2,1:2:572:445:43:35;17:7:354:440:30:26,1,SAFE,35.811
241,0,2,2:571:445:42:35:0.6544;7:346:439:30:28:0.3994,2,1:2:571:445:42:35;17:7:346:439:30:28,1,SAFE,40.287
242,0,2,2:568:446:44:34:0.6307;7:337:439:32:28:0.3799,2,1:2:568:446:44:34;17:7:337:439:32:28,1,SAFE,46.043
243,0,2,2:568:445:42:35:0.5891;7:328:439:33:29:0.3445,2,1:2:568:445:42:35;17:7:328:439:33:29,1,SAFE,inf
244,0,2,2:435:451:18:11:0.2806;2:567:445:42:35:0.6190,1,1:2:567:445:42:35,1,SAFE,26.858
245,0,3,2:432:451:18:10:0.2039;2:566:445:42:34:0.6453;7:0:400:147:96:0.1170,1,1:2:566:445:42:34,1,SAFE,inf
246,0,3,2:427:451:19:11:0.2348;2:566:446:42:32:0.6373;7:320:434:31:34:0.3580,2,1:2:566:446:42:32;17:7:320:434:31:34,1,SAFE,inf
247,0,2,2:423:451:22:10:0.2123;2:565:445:41:32:0.7067,1,1:2:565:445:41:32,1,SAFE,inf
248,0,1,2:563:446:42:32:0.5844,1,1:2:563:446:42:32,1,SAFE,inf
249,0,2,2:415:450:21:12:0.2493;2:562:445:42:33:0.5405,1,1:2:562:445:42:33,1,SAFE,inf
250,0,2,2:410:450:22:12:0.3052;2:559:444:44:34:0.6427,1,1:2:559:444:44:34,1,SAFE,inf
251,0,2,2:406:450:24:12:0.2676;2:559:444:43:35:0.6212,1,1:2:559:444:43:35,1,SAFE,inf
252,0,1,2:558:444:44:34:0.6728,1,1:2:558:444:44:34,1,SAFE,inf
253,0,1,7:557:445:43:35:0.4603,1,1:7:557:445:43:35,1,SAFE,inf
254,0,1,2:557:445:42:34:0.4746,1,1:2:557:445:42:34,1,SAFE,inf
255,0,1,2:555:445:43:35:0.3870,1,1:2:555:445:43:35,1,SAFE,inf
256,0,1,2:553:445:45:35:0.6640,1,1:2:553:445:45:35,1,SAFE,15.685
257,0,2,2:373:451:27:15:0.2628;2:552:445:44:35:0.7130,1,1:2:552:445:44:35,1,SAFE,11.171
258,0,2,2:365:452:29:15:0.2753;2:552:445:43:35:0.7048,1,1:2:552:445:43:35,1,SAFE,7.299
259,0,2,2:357:452:31:16:0.2730;2:550:446:44:34:0.7617,1,1:2:550:446:44:34,1,SAFE,6.144
260,0,2,2:349:451:35:16:0.2634;2:550:446:43:34:0.6206,1,1:2:550:446:43:34,1,SAFE,5.995
261,0,2,2:341:452:36:16:0.3435;2:549:446:43:34:0.5922,1,1:2:549:446:43:34,1,SAFE,8.407
262,0,1,2:548:445:43:36:0.7248,1,1:2:548:445:43:36,1,SAFE,9.309
263,0,2,2:325:452:37:16:0.2293;2:546:446:43:34:0.5975,1,1:2:546:446:43:34,1,SAFE,24.716
264,0,2,2:320:451:33:18:0.2858;2:544:446:46:34:0.6105,1,1:2:544:446:46:34,1,SAFE,inf
265,0,1,2:543:446:45:34:0.6734,1,1:2:543:446:45:34,1,SAFE,inf
266,0,1,2:543:446:44:34:0.5165,1,1:2:543:446:44:34,1,SAFE,inf
267,0,1,2:542:445:43:35:0.5115,1,1:2:542:445:43:35,1,SAFE,inf
268,0,2,2:507:492:15:11:0.2043;7:541:445:44:35:0.3510,1,1:7:541:445:44:35,1,SAFE,inf
269,0,2,2:501:495:18:11:0.2301;2:541:446:43:34:0.3924,1,1:2:541:446:43:34,1,SAFE,inf
270,0,1,2:540:445:43:34:0.4631,1,1:2:540:445:43:34,1,SAFE,inf
271,0,1,5:537:444:44:36:0.3018,1,1:5:537:444:44:36,1,SAFE,inf
272,0,2,2:184:444:67:36:0.1460;2:537:444:44:36:0.4831,1,1:2:537:444:44:36,1,SAFE,18.190
273,0,2,2:417:451:18:10:0.2095;2:536:444:43:35:0.4730,1,1:2:536:444:43:35,1,SAFE,13.540
274,0,2,2:413:451:18:10:0.2641;2:535:444:45:35:0.5484,1,1:2:535:444:45:35,1,SAFE,14.725
275,0,1,2:536:443:43:37:0.5304,1,1:2:536:443:43:37,1,SAFE,9.950
276,0,2,2:406:450:19:10:0.2291;2:534:442:45:37:0.6916,1,1:2:534:442:45:37,1,SAFE,8.062
277,0,2,2:402:450:20:11:0.2096;2:534:442:44:36:0.6492,1,1:2:534:442:44:36,1,SAFE,5.990
278,0,2,2:398:450:20:12:0.2063;2:533:443:44:36:0.5911,1,1:2:533:443:44:36,1,SAFE,6.215
279,0,1,2:532:442:45:37:0.6392,1,1:2:532:442:45:37,1,SAFE,5.908
280,0,1,2:533:443:43:35:0.6097,1,1:2:533:443:43:35,1,SAFE,7.877
281,0,1,2:531:443:44:35:0.5684,1,1:2:531:443:44:35,1,SAFE,12.264
282,0,1,2:530:444:44:33:0.4031,1,1:2:530:444:44:33,1,SAFE,inf
283,0,1,7:530:444:43:33:0.4484,1,1:7:530:444:43:33,1,SAFE,inf
284,0,2,2:365:449:26:13:0.2133;2:529:444:43:33:0.5819,1,1:2:529:444:43:33,1,SAFE,inf
285,0,2,2:358:449:27:14:0.3454;7:528:446:45:31:0.4308,1,1:7:528:446:45:31,1,SAFE,inf
286,0,3,2:352:449:28:14:0.2346;2:421:450:18:10:0.4131;7:528:443:45:34:0.4280,1,1:7:528:443:45:34,1,SAFE,inf
287,0,3,2:344:448:30:16:0.2469;2:418:450:20:10:0.2550;7:528:443:44:34:0.5221,2,1:7:528:443:44:34;18:2:418:450:20:10,1,SAFE,inf
288,0,1,7:527:444:43:34:0.4087,1,1:7:527:444:43:34,1,SAFE,inf
289,0,2,2:326:448:33:18:0.2396;7:526:443:45:34:0.3644,1,1:7:526:443:45:34,1,SAFE,inf
290,0,2,2:320:448:31:19:0.3672;2:525:443:46:35:0.3680,1,1:2:525:443:46:35,1,SAFE,inf
291,0,1,2:525:443:44:35:0.4733,1,1:2:525:443:44:35,1,SAFE,inf
292,0,1,7:524:442:45:36:0.3676,1,1:7:524:442:45:36,1,SAFE,inf
293,0,1,2:524:443:44:35:0.4010,1,1:2:524:443:44:35,1,SAFE,36.348
294,0,1,2:524:443:45:35:0.4938,1,1:2:524:443:45:35,1,SAFE,9.056
295,0,3,2:396:450:18:10:0.2096;2:412:449:19:10:0.2604;2:524:443:45:35:0.5203,2,1:2:524:443:45:35;18:2:412:449:19:10,1,SAFE,6.592
296,0,2,2:409:449:19:10:0.2504;2:524:443:44:35:0.4982,2,1:2:524:443:44:35;18:2:409:449:19:10,1,SAFE,5.182
297,0,2,2:402:450:22:10:0.2195;2:522:442:46:37:0.5509,2,1:2:522:442:46:37;18:2:402:450:22:10,1,SAFE,4.434
298,0,1,2:522:442:46:37:0.5861,1,1:2:522:442:46:37,1,SAFE,4.068
299,0,3,2:388:450:29:10:0.2653;2:439:448:18:10:0.2147;2:521:442:47:37:0.5126,2,1:2:521:442:47:37;18:2:388:450:29:10,1,SAFE,3.939
300,0,2,2:389:450:23:11:0.2457;2:521:443:46:37:0.3542,2,1:2:521:443:46:37;18:2:389:450:23:11,1,SAFE,5.099
301,0,3,2:377:450:30:11:0.2732;2:431:448:21:11:0.2904;2:521:443:45:36:0.4099,2,1:2:521:443:45:36;18:2:377:450:30:11,1,SAFE,5.618
302,0,3,2:367:450:37:12:0.3128;2:430:449:20:10:0.2796;2:521:444:44:35:0.4804,2,1:2:521:444:44:35;18:2:367:450:37:12,1,SAFE,7.538
303,0,3,2:363:450:36:12:0.3123;2:428:449:19:10:0.3627;2:521:444:44:35:0.4881,2,1:2:521:444:44:35;18:2:363:450:36:12,1,SAFE,11.875
304,0,3,2:358:450:35:13:0.3677;2:425:449:19:11:0.2691;2:521:444:44:35:0.6482,2,1:2:521:444:44:35;18:2:358:450:35:13,1,SAFE,30.607
305,0,4,2:0:446:51:40:0.1677;2:350:451:37:13:0.3982;2:422:449:20:11:0.4273;2:521:444:44:35:0.5604,3,1:2:521:444:44:35;18:2:350:451:37:13;19:2:422:449:20:11,1,SAFE,inf
306,0,3,2:344:450:38:14:0.4091;2:419:448:20:12:0.3055;2:521:444:44:36:0.5849,3,1:2:521:444:44:36;18:2:344:450:38:14;19:2:419:448:20:12,1,SAFE,inf
307,0,3,2:338:450:36:14:0.3299;2:415:448:21:12:0.2829;2:521:444:44:36:0.5709,3,1:2:521:444:44:36;18:2:338:450:36:14;19:2:415:448:21:12,1,SAFE,inf
308,0,3,2:330:450:36:14:0.2050;2:412:447:22:13:0.2648;2:520:444:45:36:0.5910,3,1:2:520:444:45:36;18:2:330:450:36:14;19:2:412:447:22:13,1,SAFE,inf
309,0,1,2:520:445:45:35:0.5479,1,1:2:520:445:45:35,1,SAFE,inf
310,0,2,2:404:448:24:12:0.2678;2:520:445:45:35:0.3991,2,1:2:520:445:45:35;19:2:404:448:24:12,1,SAFE,inf
311,0,1,2:520:444:45:36:0.5685,1,1:2:520:444:45:36,1,SAFE,inf
312,0,1,2:520:445:45:36:0.5315,1,1:2:520:445:45:36,1,SAFE,inf
313,0,1,2:519:444:46:36:0.6133,1,1:2:519:444:46:36,1,SAFE,inf
314,0,1,2:520:444:45:37:0.5773,1,1:2:520:444:45:37,1,SAFE,36.849
315,0,3,2:381:447:28:15:0.2065;2:448:451:17:10:0.2956;2:519:444:47:37:0.5324,2,1:2:519:444:47:37;19:2:448:451:17:10,1,SAFE,11.997
316,0,1,2:519:445:46:35:0.6328,1,1:2:519:445:46:35,1,SAFE,13.428
317,0,2,2:367:446:32:17:0.2250;2:519:445:46:35:0.5784,1,1:2:519:445:46:35,1,SAFE,22.479
318,0,2,2:362:445:32:18:0.3157;2:519:445:46:35:0.6353,2,1:2:519:445:46:35;18:2:362:445:32:18,1,SAFE,inf
319,0,1,2:519:445:47:35:0.4584,1,1:2:519:445:47:35,1,SAFE,inf
320,0,1,2:520:444:45:36:0.5324,1,1:2:520:444:45:36,1,SAFE,inf
321,0,1,2:521:444:44:36:0.5311,1,1:2:521:444:44:36,1,SAFE,inf
322,0,2,2:521:445:45:35:0.5490;7:328:445:41:20:0.2740,2,1:2:521:445:45:35;18:7:328:445:41:20,1,SAFE,inf
323,1,1,2:552:452:47:36:0.5123,0,,-1,NONE,inf
324,0,1,2:551:453:44:34:0.4090,0,,-1,NONE,inf
325,0,1,2:548:454:43:33:0.5489,1,20:2:548:454:43:33,-1,NONE,inf
326,0,1,2:545:453:47:34:0.6010,1,20:2:545:453:47:34,-1,NONE,inf
327,0,1,2:544:455:41:31:0.5933,1,20:2:544:455:41:31,-1,NONE,inf
328,0,1,2:542:454:43:33:0.6379,1,20:2:542:454:43:33,-1,NONE,inf
329,0,1,2:540:453:45:34:0.5502,1,20:2:540:453:45:34,-1,NONE,inf
330,0,1,2:539:453:45:33:0.5375,1,20:2:539:453:45:33,-1,NONE,inf
331,0,1,2:537:453:46:34:0.5617,1,20:2:537:453:46:34,-1,NONE,inf
332,0,1,2:537:453:45:34:0.6126,1,20:2:537:453:45:34,-1,NONE,inf
333,0,1,2:536:454:45:32:0.6915,1,20:2:536:454:45:32,-1,NONE,inf
334,0,1,2:536:453:44:33:0.6353,1,20:2:536:453:44:33,-1,NONE,inf
335,0,1,2:536:453:43:33:0.5335,1,20:2:536:453:43:33,-1,NONE,inf
336,0,1,2:534:453:44:33:0.5194,1,20:2:534:453:44:33,-1,NONE,inf
337,0,1,2:533:453:45:32:0.6245,1,20:2:533:453:45:32,-1,NONE,inf
338,0,1,2:532:453:45:33:0.5695,1,20:2:532:453:45:33,-1,NONE,inf
339,0,1,2:533:453:43:33:0.5109,1,20:2:533:453:43:33,20,SAFE,inf
340,0,1,2:532:453:44:33:0.5111,1,20:2:532:453:44:33,20,SAFE,inf
341,0,1,2:532:453:44:33:0.5912,1,20:2:532:453:44:33,20,SAFE,inf
342,0,1,2:532:454:43:32:0.5679,1,20:2:532:454:43:32,20,SAFE,inf
343,0,1,2:532:453:43:33:0.5661,1,20:2:532:453:43:33,20,SAFE,inf
344,0,1,2:532:453:42:33:0.6100,1,20:2:532:453:42:33,20,SAFE,inf
345,0,1,2:533:454:41:32:0.6034,1,20:2:533:454:41:32,20,SAFE,inf
346,0,1,2:532:454:42:32:0.6082,1,20:2:532:454:42:32,20,SAFE,inf
347,0,1,2:532:453:42:32:0.6505,1,20:2:532:453:42:32,20,SAFE,inf
348,0,1,2:533:454:41:31:0.5890,1,20:2:533:454:41:31,20,SAFE,inf
349,0,1,2:533:454:41:31:0.6706,1,20:2:533:454:41:31,20,SAFE,inf
350,0,1,2:533:453:41:31:0.7236,1,20:2:533:453:41:31,20,SAFE,inf
351,0,1,2:533:453:41:31:0.6848,1,20:2:533:453:41:31,20,SAFE,inf
352,0,1,2:533:454:41:30:0.6888,1,20:2:533:454:41:30,20,SAFE,inf
353,0,1,2:533:453:42:30:0.6677,1,20:2:533:453:42:30,20,SAFE,inf
354,0,1,2:533:452:42:32:0.6595,1,20:2:533:452:42:32,20,SAFE,inf
355,0,1,2:534:452:41:31:0.6670,1,20:2:534:452:41:31,20,SAFE,inf
356,0,1,2:534:453:42:31:0.6872,1,20:2:534:453:42:31,20,SAFE,inf
357,0,1,2:534:452:42:32:0.6679,1,20:2:534:452:42:32,20,SAFE,inf
358,0,1,2:535:452:41:31:0.7035,1,20:2:535:452:41:31,20,SAFE,inf
359,0,1,2:536:451:40:31:0.6682,1,20:2:536:451:40:31,20,SAFE,inf
360,0,1,2:536:451:40:32:0.6469,1,20:2:536:451:40:32,20,SAFE,inf
361,0,1,2:535:451:41:31:0.6212,1,20:2:535:451:41:31,20,SAFE,inf
362,0,1,2:536:451:40:31:0.5805,1,20:2:536:451:40:31,20,SAFE,26.359
363,0,1,2:537:451:40:30:0.6212,1,20:2:537:451:40:30,20,SAFE,inf
364,0,1,2:538:451:39:30:0.6604,1,20:2:538:451:39:30,20,SAFE,inf
365,0,1,2:538:452:40:29:0.5912,1,20:2:538:452:40:29,20,SAFE,inf
366,0,1,2:540:451:38:30:0.6036,1,20:2:540:451:38:30,20,SAFE,inf
367,0,1,2:540:451:39:30:0.6317,1,20:2:540:451:39:30,20,SAFE,inf
368,0,1,2:541:450:38:31:0.6120,1,20:2:541:450:38:31,20,SAFE,inf
369,0,1,2:541:451:38:30:0.5942,1,20:2:541:451:38:30,20,SAFE,inf
370,0,1,2:541:451:38:29:0.6482,1,20:2:541:451:38:29,20,SAFE,inf
371,0,1,2:542:451:37:29:0.7143,1,20:2:542:451:37:29,20,SAFE,inf
372,0,1,2:542:451:38:29:0.6674,1,20:2:542:451:38:29,20,SAFE,inf
373,0,1,2:542:451:38:29:0.6375,1,20:2:542:451:38:29,20,SAFE,inf
374,0,1,2:543:450:38:30:0.6521,1,20:2:543:450:38:30,20,SAFE,inf
375,0,1,2:543:450:37:30:0.5984,1,20:2:543:450:37:30,20,SAFE,inf
376,0,1,2:543:450:38:30:0.7139,1,20:2:543:450:38:30,20,SAFE,inf
377,0,1,2:543:450:38:29:0.7279,1,20:2:543:450:38:29,20,SAFE,inf
378,0,1,2:543:450:39:29:0.6713,1,20:2:543:450:39:29,20,SAFE,inf
379,0,1,2:544:449:37:29:0.6860,1,20:2:544:449:37:29,20,SAFE,inf
380,0,1,2:544:449:37:29:0.7115,1,20:2:544:449:37:29,20,SAFE,inf
381,0,1,2:544:448:37:30:0.7083,1,20:2:544:448:37:30,20,SAFE,inf
382,0,1,2:544:448:37:30:0.7033,1,20:2:544:448:37:30,20,SAFE,inf
383,0,1,2:544:448:37:30:0.7235,1,20:2:544:448:37:30,20,SAFE,34.448
384,0,1,2:543:448:37:30:0.7308,1,20:2:543:448:37:30,20,SAFE,17.224
385,0,1,2:543:448:37:29:0.7052,1,20:2:543:448:37:29,20,SAFE,30.620
386,0,1,2:543:447:37:30:0.7162,1,20:2:543:447:37:30,20,SAFE,30.620
387,0,1,2:544:447:36:30:0.7380,1,20:2:544:447:36:30,20,SAFE,34.448
388,0,1,2:543:448:35:29:0.7735,1,20:2:543:448:35:29,20,SAFE,inf
389,0,1,2:543:448:35:29:0.7388,1,20:2:543:448:35:29,20,SAFE,inf
390,0,2,2:543:448:35:29:0.7868;7:1127:346:152:176:0.1116,1,20:2:543:448:35:29,20,SAFE,inf
391,0,2,2:542:447:36:31:0.7312;7:1129:351:150:166:0.1239,1,20:2:542:447:36:31,20,SAFE,21.580
392,0,1,2:542:448:36:30:0.6890,1,20:2:542:448:36:30,20,SAFE,23.348
393,0,2,2:543:448:34:29:0.6784;7:1133:349:146:147:0.1033,1,20:2:543:448:34:29,20,SAFE,inf
394,0,1,2:543:449:34:29:0.6395,1,20:2:543:449:34:29,20,SAFE,inf
395,0,1,2:542:450:35:28:0.6029,1,20:2:542:450:35:28,20,SAFE,inf
396,0,1,2:542:450:35:28:0.6369,1,20:2:542:450:35:28,20,SAFE,inf
397,0,1,2:542:450:34:28:0.5499,1,20:2:542:450:34:28,20,SAFE,inf
398,0,1,2:541:450:35:29:0.5676,1,20:2:541:450:35:29,20,SAFE,inf
399,0,1,2:540:451:36:28:0.5914,1,20:2:540:451:36:28,20,SAFE,inf
400,0,1,2:541:451:35:29:0.5470,1,20:2:541:451:35:29,20,SAFE,inf
401,0,1,2:541:450:35:30:0.5217,1,20:2:541:450:35:30,20,SAFE,inf
402,0,1,2:541:450:35:30:0.5621,1,20:2:541:450:35:30,20,SAFE,inf
403,0,1,2:541:452:35:28:0.5472,1,20:2:541:452:35:28,20,SAFE,inf
404,0,1,2:541:452:34:27:0.5766,1,20:2:541:452:34:27,20,SAFE,inf
405,0,2,2:541:452:34:28:0.5908;7:849:416:110:82:0.2132,1,20:2:541:452:34:28,20,SAFE,inf
406,0,1,2:540:452:35:28:0.6100,1,20:2:540:452:35:28,20,SAFE,inf
407,0,2,2:540:452:35:28:0.6025;7:618:415:182:63:0.2257,1,20:2:540:452:35:28,20,SAFE,inf
408,0,1,2:540:453:34:27:0.6548,1,20:2:540:453:34:27,20,SAFE,inf
409,0,1,2:540:452:34:28:0.6532,1,20:2:540:452:34:28,20,SAFE,inf
410,0,1,2:540:452:34:28:0.6629,1,20:2:540:452:34:28,20,SAFE,inf
411,0,1,2:540:452:34:28:0.6665,1,20:2:540:452:34:28,20,SAFE,inf
412,0,2,2:540:453:33:26:0.6965;7:613:413:196:65:0.2284,1,20:2:540:453:33:26,20,SAFE,inf
413,0,1,2:540:453:33:27:0.7029,1,20:2:540:453:33:27,20,SAFE,inf
414,0,2,2:540:453:33:26:0.7190;7:864:422:43:51:0.2014,1,20:2:540:453:33:26,20,SAFE,inf
415,0,2,2:540:453:33:26:0.6613;7:617:412:197:66:0.2078,1,20:2:540:453:33:26,20,SAFE,inf
416,0,3,2:540:452:33:27:0.6725;7:617:411:198:67:0.2422;7:869:421:48:50:0.2118,1,20:2:540:452:33:27,20,SAFE,inf
417,0,2,2:540:452:33:27:0.7005;7:618:412:200:66:0.2390,1,20:2:540:452:33:27,20,SAFE,inf
418,0,3,2:540:452:32:27:0.6499;7:617:411:203:69:0.2692;7:872:420:49:53:0.2516,1,20:2:540:452:32:27,20,SAFE,inf
419,0,3,2:540:452:32:27:0.6518;7:874:420:48:53:0.3675;7:924:414:35:61:0.2290,1,20:2:540:452:32:27,20,SAFE,inf
420,0,2,2:539:452:32:27:0.6481;7:876:419:46:53:0.3924,1,20:2:539:452:32:27,20,SAFE,inf
421,0,2,2:539:452:32:27:0.6330;7:879:419:46:54:0.3487,2,20:2:539:452:32:27;21:7:879:419:46:54,20,SAFE,inf
422,0,2,2:538:451:33:28:0.6494;7:881:418:44:55:0.3836,2,20:2:538:451:33:28;21:7:881:418:44:55,20,SAFE,inf
423,0,4,2:522:449:14:14:0.2892;2:538:451:33:27:0.6374;7:321:404:81:62:0.2058;7:883:417:48:55:0.3285,2,20:2:538:451:33:27;21:7:883:417:48:55,20,SAFE,inf
424,0,2,2:538:451:33:27:0.7279;7:320:404:81:62:0.2101,1,20:2:538:451:33:27,20,SAFE,inf
425,0,1,2:538:451:32:27:0.7293,1,20:2:538:451:32:27,20,SAFE,24.488
426,0,4,2:538:451:32:27:0.7446;7:320:403:79:62:0.2049;7:888:415:48:56:0.3023;7:942:410:17:65:0.2964,2,20:2:538:451:32:27;21:7:888:415:48:56,20,SAFE,13.104
427,0,3,2:536:450:35:28:0.6863;7:320:403:78:62:0.2889;7:892:415:48:54:0.2856,2,20:2:536:450:35:28;21:7:892:415:48:54,20,SAFE,12.584
428,0,1,2:537:451:33:27:0.6833,1,20:2:537:451:33:27,20,SAFE,12.537
429,0,1,2:536:450:34:28:0.6393,1,20:2:536:450:34:28,20,SAFE,13.335
430,0,1,2:536:450:34:28:0.6564,1,20:2:536:450:34:28,20,SAFE,16.056
431,0,1,2:536:450:34:28:0.6767,1,20:2:536:450:34:28,20,SAFE,13.521
432,0,2,2:535:450:35:28:0.6896;7:904:413:51:55:0.2463,1,20:2:535:450:35:28,20,SAFE,12.233
433,0,2,2:536:451:34:27:0.6793;7:906:413:52:56:0.2278,1,20:2:536:451:34:27,20,SAFE,17.126
434,0,2,2:536:450:34:28:0.6725;7:320:402:73:65:0.3292,1,20:2:536:450:34:28,20,SAFE,16.056
435,0,3,2:516:448:15:15:0.2248;2:535:451:35:27:0.7010;7:320:401:72:64:0.2096,1,20:2:535:451:35:27,20,SAFE,28.544
436,0,2,2:515:448:16:15:0.2803;2:535:451:35:27:0.7311,1,20:2:535:451:35:27,20,SAFE,inf
437,0,2,2:515:448:16:16:0.2835;2:535:451:35:27:0.7153,1,20:2:535:451:35:27,20,SAFE,inf
438,0,2,2:535:452:35:26:0.6901;7:621:394:329:89:0.2089,1,20:2:535:452:35:26,20,SAFE,inf
439,0,4,2:515:448:15:16:0.2216;2:536:452:34:26:0.6935;7:320:403:67:64:0.2485;7:621:393:323:91:0.3744,1,20:2:536:452:34:26,20,SAFE,inf
440,0,4,2:514:449:17:16:0.2132;2:536:452:34:27:0.7133;7:320:403:68:64:0.2741;7:621:393:328:91:0.2833,1,20:2:536:452:34:27,20,SAFE,inf
441,0,3,2:514:449:17:16:0.2070;2:536:452:34:27:0.7014;7:622:391:276:93:0.2530,2,20:2:536:452:34:27;22:7:622:391:276:93,20,SAFE,inf
442,0,4,2:514:449:17:16:0.2382;2:536:453:34:26:0.6866;7:320:403:64:64:0.2133;7:621:390:334:96:0.3267,2,20:2:536:453:34:26;22:7:621:390:334:96,20,SAFE,inf
443,0,3,2:536:452:33:27:0.6847;7:320:403:64:64:0.3317;7:622:389:285:96:0.4801,2,20:2:536:452:33:27;22:7:622:389:285:96,20,SAFE,inf
444,0,3,2:536:453:34:26:0.6584;7:320:403:64:64:0.2036;7:624:388:290:99:0.5212,2,20:2:536:453:34:26;22:7:624:388:290:99,20,SAFE,inf
445,0,2,2:536:452:33:27:0.6523;7:623:388:297:99:0.5440,2,20:2:536:452:33:27;22:7:623:388:297:99,20,SAFE,inf
446,0,3,2:536:453:34:27:0.6620;7:320:404:61:63:0.3620;7:624:387:328:101:0.5852,2,20:2:536:453:34:27;22:7:624:387:328:101,20,SAFE,inf
447,0,3,2:536:453:34:27:0.6346;7:320:404:60:63:0.2257;7:626:386:306:102:0.4813,2,20:2:536:453:34:27;22:7:626:386:306:102,20,SAFE,inf
448,0,3,2:536:453:34:27:0.6387;5:628:389:320:98:0.5438;7:320:403:61:65:0.3295,2,20:2:536:453:34:27;22:5:628:389:320:98,20,SAFE,inf
449,0,2,2:536:453:34:27:0.6094;7:627:385:324:103:0.4264,2,20:2:536:453:34:27;22:7:627:385:324:103,20,SAFE,49.510
450,0,4,2:510:448:21:17:0.3070;2:536:453:34:26:0.6273;7:320:404:60:65:0.2905;7:628:385:324:104:0.4317,2,20:2:536:453:34:26;22:7:628:385:324:104,20,SAFE,inf
451,0,2,2:537:454:33:26:0.6553;5:631:386:327:102:0.2943,2,20:2:537:454:33:26;22:5:631:386:327:102,20,SAFE,inf
452,0,2,2:537:453:33:27:0.6533;5:631:384:328:106:0.3218,2,20:2:537:453:33:27;22:5:631:384:328:106,20,SAFE,41.259
453,0,2,2:537:453:33:27:0.6328;5:632:380:327:110:0.4698,2,20:2:537:453:33:27;22:5:632:380:327:110,20,SAFE,inf
454,0,2,2:537:452:33:27:0.6566;5:633:380:326:110:0.3954,2,20:2:537:452:33:27;22:5:633:380:326:110,20,SAFE,inf
455,0,2,2:538:452:32:26:0.6522;5:635:381:324:110:0.4762,2,20:2:538:452:32:26;22:5:635:381:324:110,20,SAFE,inf
456,0,2,2:538:452:32:26:0.7060;5:636:377:323:114:0.5094,2,20:2:538:452:32:26;22:5:636:377:323:114,20,SAFE,inf
457,0,2,2:538:452:32:26:0.6476;5:636:376:323:116:0.4424,2,20:2:538:452:32:26;22:5:636:376:323:116,20,SAFE,inf
458,0,2,2:539:452:32:26:0.7022;5:639:374:320:118:0.4283,2,20:2:539:452:32:26;22:5:639:374:320:118,20,SAFE,inf
459,0,2,2:539:452:32:26:0.7361;5:640:371:319:123:0.3711,2,20:2:539:452:32:26;22:5:640:371:319:123,20,SAFE,inf
460,0,2,2:540:452:31:26:0.7146;5:641:375:318:119:0.3484,2,20:2:540:452:31:26;22:5:641:375:318:119,20,SAFE,inf
461,0,2,2:540:451:32:27:0.7241;5:641:373:318:120:0.4909,2,20:2:540:451:32:27;22:5:641:373:318:120,20,SAFE,inf
462,0,2,2:540:451:32:27:0.6741;7:641:370:318:123:0.3187,2,20:2:540:451:32:27;22:7:641:370:318:123,20,SAFE,inf
463,0,2,2:540:451:33:27:0.6462;5:644:367:315:130:0.2624,2,20:2:540:451:33:27;22:5:644:367:315:130,20,SAFE,inf
464,0,2,2:540:451:33:27:0.6818;7:640:369:330:126:0.1014,2,20:2:540:451:33:27;22:7:640:369:330:126,20,SAFE,24.755
465,0,2,2:540:451:34:26:0.7128;7:320:402:48:63:0.2841,1,20:2:540:451:34:26,20,SAFE,inf
466,0,1,2:541:451:33:26:0.6831,1,20:2:541:451:33:26,20,SAFE,inf
467,0,3,2:541:452:34:25:0.6822;7:320:401:48:65:0.2040;7:645:357:462:142:0.1071,1,20:2:541:452:34:25,20,SAFE,inf
468,0,3,2:542:451:33:27:0.6554;7:320:402:48:65:0.2094;7:648:355:490:146:0.1272,1,20:2:542:451:33:27,20,SAFE,inf
469,0,3,2:542:452:33:26:0.6608;7:320:401:48:65:0.2107;7:1165:381:114:100:0.1012,1,20:2:542:452:33:26,20,SAFE,inf
470,0,4,2:543:452:33:26:0.6811;7:320:402:47:66:0.2657;7:652:360:307:138:0.2969;7:1173:379:106:104:0.2256,2,20:2:543:452:33:26;22:7:652:360:307:138,20,SAFE,inf
471,0,3,2:543:452:33:26:0.6843;7:651:335:518:165:0.3318;7:1180:378:99:106:0.1846,2,20:2:543:452:33:26;22:7:651:335:518:165,20,SAFE,inf
472,0,2,2:543:452:33:26:0.6891;7:1183:376:96:108:0.1543,2,20:2:543:452:33:26;22:7:1183:376:96:108,20,SAFE,inf
473,0,2,2:544:452:32:26:0.6733;7:660:354:299:146:0.3407,1,20:2:544:452:32:26,20,SAFE,inf
474,0,3,2:510:447:20:18:0.2397;2:544:452:32:26:0.6631;7:662:351:297:150:0.2233,1,20:2:544:452:32:26,20,SAFE,inf
475,0,3,2:510:447:21:18:0.2212;2:545:452:32:26:0.6343;7:658:324:617:186:0.2872,1,20:2:545:452:32:26,20,SAFE,inf
476,0,3,2:510:447:21:18:0.2466;2:545:452:33:26:0.6782;7:655:321:624:188:0.3170,2,20:2:545:452:33:26;23:7:655:321:624:188,20,SAFE,inf
477,0,2,2:546:452:31:26:0.6861;7:659:318:620:192:0.1863,2,20:2:546:452:31:26;23:7:659:318:620:192,20,SAFE,inf
478,0,3,2:545:451:33:26:0.6832;7:320:401:41:65:0.2117;7:660:313:619:198:0.3771,2,20:2:545:451:33:26;23:7:660:313:619:198,20,SAFE,inf
479,0,2,2:546:452:32:26:0.6643;7:661:309:618:206:0.2132,2,20:2:546:452:32:26;23:7:661:309:618:206,20,SAFE,inf
480,0,3,2:511:447:20:17:0.2153;2:547:451:31:26:0.7415;7:674:348:285:156:0.2713,2,20:2:547:451:31:26;23:7:674:348:285:156,20,SAFE,inf
481,0,3,2:511:447:20:17:0.2506;2:548:452:30:25:0.7422;7:671:306:608:209:0.1206,2,20:2:548:452:30:25;23:7:671:306:608:209,20,SAFE,inf
482,0,2,2:548:452:30:25:0.7561;7:672:300:607:218:0.2786,2,20:2:548:452:30:25;23:7:672:300:607:218,20,SAFE,inf
483,0,2,2:548:451:31:26:0.7394;7:677:297:602:222:0.1213,2,20:2:548:451:31:26;23:7:677:297:602:222,20,SAFE,inf
484,0,3,2:511:447:20:17:0.2060;2:548:451:32:26:0.7229;7:681:296:598:228:0.2621,2,20:2:548:451:32:26;23:7:681:296:598:228,20,SAFE,inf
485,0,3,2:511:447:20:17:0.2564;2:549:451:32:26:0.6950;7:687:334:272:175:0.4555,2,20:2:549:451:32:26;23:7:687:334:272:175,20,SAFE,inf
486,0,3,2:511:447:21:17:0.2019;2:549:451:32:26:0.6942;7:687:331:272:181:0.5264,2,20:2:549:451:32:26;23:7:687:331:272:181,20,SAFE,inf
487,0,4,2:511:446:21:18:0.2208;2:550:451:31:26:0.6680;7:320:399:36:66:0.2000;7:691:335:268:177:0.4687,2,20:2:550:451:31:26;23:7:691:335:268:177,20,SAFE,inf
488,0,3,2:511:446:21:19:0.2007;2:550:451:32:26:0.6553;7:695:328:264:182:0.3577,2,20:2:550:451:32:26;23:7:695:328:264:182,20,SAFE,inf
489,0,4,2:511:445:21:19:0.2103;2:551:451:32:25:0.6890;2:1112:438:167:93:0.1028;7:698:329:261:182:0.3742,2,20:2:551:451:32:25;23:7:698:329:261:182,20,SAFE,inf
490,0,2,2:551:451:32:24:0.6668;7:701:325:258:190:0.4423,2,20:2:551:451:32:24;23:7:701:325:258:190,20,SAFE,inf
491,0,3,2:511:444:21:19:0.2332;2:551:451:32:24:0.6911;7:704:325:255:190:0.6433,2,20:2:551:451:32:24;23:7:704:325:255:190,20,SAFE,inf
492,0,3,2:511:444:21:19:0.2573;2:551:450:32:26:0.6716;7:708:322:251:200:0.6685,2,20:2:551:450:32:26;23:7:708:322:251:200,20,SAFE,inf
493,0,3,2:512:444:20:19:0.2227;2:552:451:32:24:0.6810;7:713:322:246:198:0.6627,2,20:2:552:451:32:24;23:7:713:322:246:198,20,SAFE,inf
494,0,3,2:512:444:21:19:0.2704;2:552:450:33:25:0.6474;7:717:314:242:212:0.5699,2,20:2:552:450:33:25;23:7:717:314:242:212,20,SAFE,inf
495,0,3,2:512:444:21:19:0.2566;2:552:450:33:26:0.6761;7:720:315:239:212:0.7227,2,20:2:552:450:33:26;23:7:720:315:239:212,20,SAFE,inf
496,0,4,2:512:444:21:19:0.3186;2:552:450:33:26:0.6936;2:623:448:18:20:0.2261;7:725:307:234:221:0.7289,2,20:2:552:450:33:26;23:7:725:307:234:221,20,SAFE,inf
497,0,3,2:512:444:21:19:0.2887;2:553:450:32:26:0.6887;7:728:303:231:225:0.7864,2,20:2:553:450:32:26;23:7:728:303:231:225,20,SAFE,inf
498,0,4,2:512:444:20:19:0.2839;2:554:449:32:27:0.6637;2:627:450:16:18:0.2295;7:734:297:225:230:0.8248,3,20:2:554:449:32:27;23:7:734:297:225:230;24:2:512:444:20:19,20,SAFE,inf
499,0,2,2:555:449:31:26:0.5685;7:739:292:220:236:0.8006,2,20:2:555:449:31:26;23:7:739:292:220:236,20,SAFE,21.944
500,0,3,2:555:449:32:26:0.5264;2:628:449:17:19:0.2601;7:744:298:215:231:0.6911,2,20:2:555:449:32:26;23:7:744:298:215:231,20,SAFE,13.222
501,0,2,2:555:448:31:26:0.5157;7:748:293:211:234:0.6809,2,20:2:555:448:31:26;23:7:748:293:211:234,20,SAFE,9.462
502,0,2,2:555:448:32:26:0.5561;7:756:286:203:243:0.6739,2,20:2:555:448:32:26;23:7:756:286:203:243,20,SAFE,7.367
503,0,3,2:556:448:32:25:0.5971;2:629:448:17:16:0.2698;7:761:288:198:243:0.7296,2,20:2:556:448:32:25;23:7:761:288:198:243,20,SAFE,7.330
504,0,3,2:556:448:32:24:0.5412;2:630:448:17:18:0.2100;7:768:284:191:248:0.7709,2,20:2:556:448:32:24;23:7:768:284:191:248,20,SAFE,12.967
505,0,3,2:557:447:32:26:0.5691;2:630:447:18:18:0.2072;7:776:278:183:254:0.6632,2,20:2:557:447:32:26;23:7:776:278:183:254,20,SAFE,21.183
506,0,2,2:557:448:33:25:0.5841;7:784:275:175:257:0.7037,2,20:2:557:448:33:25;23:7:784:275:175:257,20,SAFE,inf
507,0,2,2:558:448:33:24:0.6198;7:792:275:167:257:0.7766,2,20:2:558:448:33:24;23:7:792:275:167:257,20,SAFE,inf
508,0,3,2:558:447:33:25:0.6268;7:719:434:52:38:0.2182;7:801:206:478:380:0.8584,2,20:2:558:447:33:25;23:7:801:206:478:380,20,SAFE,inf
509,0,4,2:558:447:33:25:0.6302;2:631:448:19:16:0.2023;7:720:433:51:40:0.2076;7:808:196:471:396:0.8644,2,20:2:558:447:33:25;23:7:808:196:471:396,20,SAFE,inf
510,0,3,2:559:447:32:25:0.6142;2:631:447:21:18:0.2360;7:823:179:456:421:0.8570,2,20:2:559:447:32:25;23:7:823:179:456:421,20,SAFE,inf
511,0,3,2:559:447:32:25:0.6170;2:630:447:22:18:0.3051;7:832:163:447:406:0.8452,2,20:2:559:447:32:25;23:7:832:163:447:406,20,SAFE,inf
512,0,3,2:559:447:32:25:0.6249;2:632:446:21:18:0.2850;7:849:163:430:426:0.8040,2,20:2:559:447:32:25;23:7:849:163:430:426,20,SAFE,inf
513,0,4,2:558:447:34:25:0.6064;2:632:445:22:18:0.2519;7:725:433:52:38:0.2907;7:861:166:418:423:0.8572,3,20:2:558:447:34:25;23:7:861:166:418:423;25:2:632:445:22:18,20,SAFE,inf
514,0,3,2:559:447:33:25:0.6197;5:880:275:79:256:0.8381;7:726:432:53:39:0.2194,2,20:2:559:447:33:25;23:5:880:275:79:256,20,SAFE,inf
515,0,2,2:559:447:33:25:0.5133;7:894:127:385:469:0.8099,1,20:2:559:447:33:25,20,SAFE,inf
516,0,3,2:502:440:30:20:0.2066;2:559:447:34:25:0.5945;7:914:126:365:481:0.8195,1,20:2:559:447:34:25,20,SAFE,inf
517,0,3,2:501:440:31:21:0.2296;2:560:447:33:25:0.6356;7:934:98:345:514:0.6606,2,20:2:560:447:33:25;26:7:934:98:345:514,20,SAFE,inf
518,0,3,2:502:440:29:21:0.3153;2:560:447:33:25:0.5949;7:960:62:319:565:0.6949,2,20:2:560:447:33:25;26:7:960:62:319:565,20,SAFE,43.715
519,0,3,2:500:440:31:21:0.2828;2:561:447:32:25:0.5965;7:985:29:294:608:0.5232,2,20:2:561:447:32:25;26:7:985:29:294:608,20,SAFE,inf
520,0,2,2:562:447:32:25:0.5870;5:1017:35:262:619:0.4749,2,20:2:562:447:32:25;26:5:1017:35:262:619,20,SAFE,38.144
521,0,3,2:504:441:27:20:0.2911;2:561:447:33:25:0.4084;2:637:446:21:19:0.2310,1,20:2:561:447:33:25,20,SAFE,32.695
522,0,3,2:500:440:30:21:0.3507;2:561:447:33:26:0.6046;2:637:446:22:19:0.2346,1,20:2:561:447:33:26,20,SAFE,34.030
523,0,3,2:504:440:25:22:0.2783;2:562:447:33:26:0.5946;2:637:446:23:19:0.3277,2,20:2:562:447:33:26;25:2:637:446:23:19,20,SAFE,18.324
524,0,5,0:1208:0:71:326:0.1643;2:498:441:31:21:0.5132;2:562:447:33:26:0.5502;2:637:445:24:19:0.3296;7:355:417:51:49:0.2075,3,20:2:562:447:33:26;25:2:637:445:24:19;27:2:498:441:31:21,20,SAFE,13.234
525,0,4,2:497:441:32:21:0.4744;2:563:448:31:25:0.4417;2:637:445:25:20:0.4581;7:353:417:50:48:0.2318,3,20:2:563:448:31:25;25:2:637:445:25:20;27:2:497:441:32:21,20,SAFE,15.880
526,0,3,2:503:441:26:21:0.3069;2:563:447:32:26:0.6339;2:637:445:25:21:0.4575,3,20:2:563:447:32:26;25:2:637:445:25:21;27:2:503:441:26:21,20,SAFE,12.537
527,0,3,2:496:441:33:22:0.4711;2:563:448:31:25:0.6023;2:637:445:26:20:0.3848,3,20:2:563:448:31:25;25:2:637:445:26:20;27:2:496:441:33:22,20,SAFE,15.880
528,0,3,2:496:441:31:21:0.2208;2:563:447:31:26:0.6243;2:637:444:26:22:0.4262,3,20:2:563:447:31:26;25:2:637:444:26:22;27:2:496:441:31:21,20,SAFE,13.234
529,0,2,2:563:448:32:25:0.5292;2:638:444:26:22:0.3816,2,20:2:563:448:32:25;25:2:638:444:26:22,20,SAFE,18.324
530,0,2,2:563:447:32:27:0.5923;2:638:444:27:22:0.3879,2,20:2:563:447:32:27;25:2:638:444:27:22,20,SAFE,10.959
531,0,2,2:563:447:32:27:0.6299;2:640:445:25:21:0.3621,2,20:2:563:447:32:27;25:2:640:445:25:21,20,SAFE,8.355
532,0,2,2:563:448:33:25:0.6419;2:642:445:24:22:0.3320,2,20:2:563:448:33:25;25:2:642:445:24:22,20,SAFE,12.163
533,0,3,2:564:448:32:25:0.6585;2:643:445:24:22:0.2286;7:492:441:33:22:0.2161,2,20:2:564:448:32:25;25:2:643:445:24:22,20,SAFE,22.345
534,0,4,2:491:440:35:24:0.2291;2:564:448:33:26:0.6740;2:645:445:22:22:0.3108;7:324:414:63:52:0.2270,2,20:2:564:448:33:26;25:2:645:445:22:22,20,SAFE,27.268
535,0,2,2:564:448:33:25:0.6668;2:644:445:24:22:0.3276,2,20:2:564:448:33:25;25:2:644:445:24:22,20,SAFE,inf
536,0,3,2:564:448:33:25:0.6267;2:644:445:25:21:0.3485;7:325:413:58:51:0.3060,2,20:2:564:448:33:25;25:2:644:445:25:21,20,SAFE,inf
537,0,3,2:564:448:33:25:0.6218;2:645:445:24:22:0.2259;7:320:413:60:51:0.3566,2,20:2:564:448:33:25;25:2:645:445:24:22,20,SAFE,inf
538,0,2,2:565:448:32:25:0.5755;2:646:444:24:23:0.3208,2,20:2:565:448:32:25;25:2:646:444:24:23,20,SAFE,inf
539,0,1,2:565:448:33:25:0.5599,1,20:2:565:448:33:25,20,SAFE,inf
540,0,1,2:565:448:33:25:0.5657,1,20:2:565:448:33:25,20,SAFE,inf
541,0,2,2:565:448:33:25:0.5407;2:646:444:26:23:0.2064,1,20:2:565:448:33:25,20,SAFE,inf
542,0,3,2:492:441:26:21:0.2130;2:565:448:33:25:0.5217;2:646:444:27:23:0.3205,2,20:2:565:448:33:25;25:2:646:444:27:23,20,SAFE,inf
543,0,2,2:565:448:33:25:0.5840;2:647:444:26:23:0.3374,2,20:2:565:448:33:25;25:2:647:444:26:23,20,SAFE,inf
544,0,1,2:565:448:35:26:0.5633,1,20:2:565:448:35:26,20,SAFE,inf
545,0,2,2:565:448:34:26:0.5205;7:718:425:193:60:0.2033,1,20:2:565:448:34:26,20,SAFE,inf
546,0,2,2:565:448:34:26:0.5401;7:718:425:195:60:0.2010,1,20:2:565:448:34:26,20,SAFE,18.324
547,0,5,2:488:440:28:24:0.2704;2:566:449:34:25:0.6227;2:651:445:25:27:0.2127;7:320:408:37:59:0.2459;7:717:427:197:60:0.2400,1,20:2:566:449:34:25,20,SAFE,26.467
548,0,1,2:566:449:34:25:0.5810,1,20:2:566:449:34:25,20,SAFE,47.641
549,0,2,2:566:449:34:25:0.5236;7:720:426:215:62:0.3149,1,20:2:566:449:34:25,20,SAFE,26.467
550,0,2,2:566:449:34:25:0.4744;7:728:431:101:57:0.2348,1,20:2:566:449:34:25,20,SAFE,39.701
551,0,1,2:567:449:33:25:0.4605,1,20:2:567:449:33:25,20,SAFE,inf
552,0,1,2:567:449:33:26:0.5098,1,20:2:567:449:33:26,20,SAFE,34.030
553,0,2,2:567:449:34:27:0.5597;7:474:441:40:24:0.2726,1,20:2:567:449:34:27,20,SAFE,14.233
554,0,3,2:568:449:33:26:0.5247;7:320:405:15:61:0.2169;7:472:441:41:24:0.2239,1,20:2:568:449:33:26,20,SAFE,13.402
555,0,2,2:567:449:35:27:0.5612;7:472:441:44:24:0.2309,1,20:2:567:449:35:27,20,SAFE,9.704
556,0,2,2:568:449:34:27:0.5706;7:470:441:40:24:0.3221,1,20:2:568:449:34:27,20,SAFE,8.114
557,0,2,2:568:451:35:24:0.5756;7:482:441:29:25:0.2299,1,20:2:568:451:35:24,20,SAFE,21.296
558,0,2,2:568:451:35:24:0.6066;7:481:441:28:24:0.3019,1,20:2:568:451:35:24,20,SAFE,inf
559,0,2,2:569:450:33:25:0.5362;7:480:441:28:24:0.2648,2,20:2:569:450:33:25;28:7:480:441:28:24,20,SAFE,inf
560,0,2,2:569:451:35:24:0.5406;7:480:441:27:24:0.2021,2,20:2:569:451:35:24;28:7:480:441:27:24,20,SAFE,inf
561,0,1,2:570:450:34:26:0.5702,1,20:2:570:450:34:26,20,SAFE,inf
562,0,1,2:570:451:34:25:0.4222,1,20:2:570:451:34:25,20,SAFE,inf
563,0,1,2:570:451:35:25:0.4599,1,20:2:570:451:35:25,20,SAFE,inf
564,0,1,2:571:451:34:25:0.4039,1,20:2:571:451:34:25,20,SAFE,inf
565,0,2,2:571:452:35:24:0.2968;7:460:441:40:26:0.3199,2,20:2:571:452:35:24;28:7:460:441:40:26,20,SAFE,inf
566,0,2,2:571:452:35:25:0.3556;7:458:441:43:27:0.2252,2,20:2:571:452:35:25;28:7:458:441:43:27,20,SAFE,inf
567,0,3,2:572:451:36:26:0.5633;2:667:445:33:33:0.3329;7:457:441:44:27:0.3071,2,20:2:572:451:36:26;28:7:457:441:44:27,20,SAFE,inf
568,0,3,2:573:452:35:24:0.6066;2:667:446:33:33:0.3578;7:472:442:26:25:0.2261,2,20:2:573:452:35:24;28:7:472:442:26:25,20,SAFE,inf
569,0,1,2:572:452:36:25:0.5109,1,20:2:572:452:36:25,20,SAFE,inf
570,0,1,2:573:452:35:25:0.5758,1,20:2:573:452:35:25,20,SAFE,inf
571,0,2,2:573:452:36:25:0.5280;7:468:443:29:25:0.2518,2,20:2:573:452:36:25;28:7:468:443:29:25,20,SAFE,19.072
572,0,2,2:468:442:29:26:0.2269;2:574:453:36:24:0.6343,2,20:2:574:453:36:24;28:2:468:442:29:26,20,SAFE,inf
573,0,1,2:575:452:35:25:0.6211,1,20:2:575:452:35:25,20,SAFE,inf
574,0,1,2:575:453:37:25:0.5989,1,20:2:575:453:37:25,20,SAFE,inf
575,1,2,2:555:408:57:48:0.5932;5:639:355:101:98:0.2445,0,,-1,NONE,inf
576,0,2,2:555:407:57:49:0.6000;5:639:353:102:100:0.3359,0,,-1,NONE,inf
577,0,2,2:555:408:57:49:0.6266;5:639:353:103:100:0.2407,1,29:2:555:408:57:49,-1,NONE,inf
578,0,1,2:555:408:57:48:0.6191,1,29:2:555:408:57:48,-1,NONE,inf
579,0,2,2:555:408:57:48:0.6224;5:639:353:105:100:0.3204,1,29:2:555:408:57:48,-1,NONE,inf
580,0,2,2:555:408:58:49:0.6576;5:639:352:107:102:0.3863,1,29:2:555:408:58:49,-1,NONE,inf
581,0,2,2:555:408:58:49:0.6491;5:639:352:109:103:0.4944,2,29:2:555:408:58:49;30:5:639:352:109:103,-1,NONE,inf
582,0,2,2:555:408:58:49:0.6459;5:640:352:109:103:0.6006,2,29:2:555:408:58:49;30:5:640:352:109:103,-1,NONE,inf
583,0,2,2:555:408:58:49:0.6382;5:640:351:109:104:0.7273,2,29:2:555:408:58:49;30:5:640:351:109:104,-1,NONE,inf
584,0,2,2:555:408:57:49:0.6419;5:640:351:111:104:0.6735,2,29:2:555:408:57:49;30:5:640:351:111:104,-1,NONE,inf
585,0,2,2:555:408:58:49:0.6564;5:640:351:113:104:0.3687,2,29:2:555:408:58:49;30:5:640:351:113:104,-1,NONE,inf
586,0,2,2:555:408:58:49:0.6455;5:641:349:113:106:0.3429,2,29:2:555:408:58:49;30:5:641:349:113:106,-1,NONE,inf
587,0,2,2:555:409:58:48:0.6586;5:642:349:114:107:0.2822,2,29:2:555:409:58:48;30:5:642:349:114:107,-1,NONE,inf
588,0,2,2:555:409:58:48:0.6418;7:641:351:117:109:0.2292,2,29:2:555:409:58:48;30:7:641:351:117:109,-1,NONE,inf
589,0,2,2:555:409:58:48:0.6563;5:642:348:117:109:0.3075,2,29:2:555:409:58:48;30:5:642:348:117:109,-1,NONE,inf
590,0,1,2:555:408:58:49:0.6523,1,29:2:555:408:58:49,-1,NONE,inf
591,0,2,2:556:408:57:49:0.6467;7:641:350:122:113:0.2694,2,29:2:556:408:57:49;30:7:641:350:122:113,-1,NONE,inf
592,0,2,2:556:407:57:50:0.6465;5:643:346:121:111:0.2763,2,29:2:556:407:57:50;30:5:643:346:121:111,-1,NONE,inf
593,0,1,2:555:408:58:49:0.6465,1,29:2:555:408:58:49,-1,NONE,inf
594,0,2,2:555:408:58:49:0.6468;7:644:344:123:113:0.3534,2,29:2:555:408:58:49;30:7:644:344:123:113,-1,NONE,inf
595,0,2,2:555:408:58:50:0.6674;5:644:344:124:114:0.4980,2,29:2:555:408:58:50;30:5:644:344:124:114,-1,NONE,inf
596,0,2,2:555:408:58:50:0.6775;7:643:342:129:117:0.3924,2,29:2:555:408:58:50;30:7:643:342:129:117,-1,NONE,inf
597,0,2,2:555:409:59:49:0.6817;5:646:342:128:119:0.4146,2,29:2:555:409:59:49;30:5:646:342:128:119,-1,NONE,inf
598,0,2,2:555:409:59:49:0.6813;7:646:341:129:119:0.3110,2,29:2:555:409:59:49;30:7:646:341:129:119,-1,NONE,inf
599,0,2,2:555:409:59:49:0.6767;5:646:340:132:122:0.2522,2,29:2:555:409:59:49;30:5:646:340:132:122,-1,NONE,inf
600,0,2,2:556:409:58:50:0.6742;7:645:340:135:123:0.4023,2,29:2:556:409:58:50;30:7:645:340:135:123,-1,NONE,inf
601,0,2,2:556:409:58:50:0.6750;5:647:339:135:123:0.3210,2,29:2:556:409:58:50;30:5:647:339:135:123,-1,NONE,inf
602,0,2,2:556:409:58:50:0.6604;7:649:339:135:125:0.3546,2,29:2:556:409:58:50;30:7:649:339:135:125,-1,NONE,inf
603,0,2,2:556:409:58:51:0.6250;5:649:338:137:126:0.3571,2,29:2:556:409:58:51;30:5:649:338:137:126,-1,NONE,inf
604,0,2,2:556:410:58:50:0.6358;5:647:337:142:127:0.3079,2,29:2:556:410:58:50;30:5:647:337:142:127,-1,NONE,inf
605,0,2,2:556:409:58:51:0.5846;7:650:337:142:128:0.2941,2,29:2:556:409:58:51;30:7:650:337:142:128,-1,NONE,inf
606,0,1,2:557:409:58:51:0.5591,1,29:2:557:409:58:51,-1,NONE,inf
607,0,1,2:557:409:57:51:0.5874,1,29:2:557:409:57:51,-1,NONE,inf
608,0,1,2:557:409:58:51:0.6143,1,29:2:557:409:58:51,-1,NONE,inf
609,0,2,2:556:409:59:51:0.6503;5:652:333:151:135:0.2508,2,29:2:556:409:59:51;30:5:652:333:151:135,-1,NONE,inf
610,0,2,2:556:408:59:52:0.6428;5:654:331:151:135:0.2440,2,29:2:556:408:59:52;30:5:654:331:151:135,-1,NONE,inf
611,0,1,2:557:408:59:52:0.5954,1,29:2:557:408:59:52,-1,NONE,inf
612,0,2,2:556:408:59:53:0.5425;5:655:328:155:139:0.3454,2,29:2:556:408:59:53;30:5:655:328:155:139,-1,NONE,inf
613,0,2,2:557:408:59:51:0.5900;5:657:326:156:141:0.3307,2,29:2:557:408:59:51;30:5:657:326:156:141,-1,NONE,inf
614,0,2,2:557:408:59:51:0.6000;5:657:326:158:141:0.6036,2,29:2:557:408:59:51;30:5:657:326:158:141,-1,NONE,inf
615,0,1,2:557:407:59:52:0.5953,1,29:2:557:407:59:52,-1,NONE,inf
616,0,2,2:557:408:60:52:0.6298;5:657:324:166:144:0.4343,2,29:2:557:408:60:52;30:5:657:324:166:144,-1,NONE,inf
617,0,2,2:558:408:59:52:0.6527;5:658:323:169:147:0.4133,2,29:2:558:408:59:52;30:5:658:323:169:147,-1,NONE,inf
618,0,1,2:558:408:60:52:0.6614,1,29:2:558:408:60:52,-1,NONE,inf
619,0,2,2:559:408:59:53:0.6476;5:661:320:173:152:0.3770,2,29:2:559:408:59:53;30:5:661:320:173:152,-1,NONE,inf
620,0,2,2:559:408:59:53:0.6503;7:659:321:180:149:0.2823,2,29:2:559:408:59:53;30:7:659:321:180:149,-1,NONE,inf
621,0,1,2:559:407:60:55:0.5811,1,29:2:559:407:60:55,-1,NONE,inf
622,0,1,2:559:408:59:53:0.5547,1,29:2:559:408:59:53,-1,NONE,inf
623,0,1,2:559:407:59:54:0.5744,1,29:2:559:407:59:54,-1,NONE,inf
624,0,2,2:559:407:60:54:0.5895;2:622:419:18:12:0.2013,1,29:2:559:407:60:54,-1,NONE,inf
625,0,1,2:560:407:59:53:0.6191,1,29:2:560:407:59:53,-1,NONE,inf
626,0,2,2:560:407:60:54:0.5519;5:663:310:198:164:0.2813,2,29:2:560:407:60:54;30:5:663:310:198:164,-1,NONE,inf
627,0,2,2:560:407:60:54:0.4802;2:622:420:18:10:0.2086,1,29:2:560:407:60:54,-1,NONE,inf
628,0,1,2:561:407:60:53:0.6137,1,29:2:561:407:60:53,-1,NONE,inf
629,0,2,2:561:407:61:54:0.5801;2:622:420:19:10:0.2199,1,29:2:561:407:61:54,-1,NONE,inf
630,0,2,2:561:407:61:53:0.5470;2:623:419:19:11:0.2328,1,29:2:561:407:61:53,-1,NONE,inf
631,0,2,2:561:407:61:53:0.5849;2:624:420:16:10:0.2222,1,29:2:561:407:61:53,-1,NONE,inf
632,0,1,2:562:407:61:53:0.4699,1,29:2:562:407:61:53,-1,NONE,inf
633,0,1,2:562:407:62:53:0.5328,1,29:2:562:407:62:53,-1,NONE,inf
634,0,1,2:563:406:61:54:0.5234,1,29:2:563:406:61:54,-1,NONE,inf
635,0,1,2:563:406:61:54:0.5044,1,29:2:563:406:61:54,-1,NONE,inf
636,0,1,2:563:407:63:53:0.5539,1,29:2:563:407:63:53,-1,NONE,inf
637,0,2,2:563:407:64:54:0.5380;7:675:286:249:199:0.3304,1,29:2:563:407:64:54,-1,NONE,inf
638,0,1,2:563:407:64:54:0.5783,1,29:2:563:407:64:54,-1,NONE,inf
639,0,1,2:564:407:63:54:0.5403,1,29:2:564:407:63:54,-1,NONE,inf
640,0,1,2:564:407:63:55:0.5659,1,29:2:564:407:63:55,-1,NONE,inf
641,0,1,2:564:407:64:55:0.5716,1,29:2:564:407:64:55,-1,NONE,inf
642,0,2,2:565:407:63:55:0.5590;5:679:275:280:218:0.3064,1,29:2:565:407:63:55,-1,NONE,inf
643,0,1,2:565:407:64:55:0.5391,1,29:2:565:407:64:55,-1,NONE,inf
644,0,1,2:565:407:64:56:0.5215,1,29:2:565:407:64:56,-1,NONE,inf
645,0,1,2:566:407:63:56:0.5077,1,29:2:566:407:63:56,-1,NONE,inf
646,0,2,2:566:407:63:56:0.5124;7:683:274:276:224:0.5199,1,29:2:566:407:63:56,-1,NONE,inf
647,0,1,2:566:408:63:56:0.4777,1,29:2:566:408:63:56,-1,NONE,inf
648,0,2,2:566:408:63:55:0.5206;7:684:274:275:227:0.3562,1,29:2:566:408:63:55,-1,NONE,inf
649,0,1,2:566:407:63:57:0.5046,1,29:2:566:407:63:57,-1,NONE,inf
650,0,2,2:566:408:63:56:0.4971;7:685:275:274:227:0.5662,1,29:2:566:408:63:56,-1,NONE,inf
651,0,2,2:566:408:63:56:0.4790;7:687:274:272:228:0.6829,1,29:2:566:408:63:56,-1,NONE,inf
652,0,2,2:566:407:64:57:0.5094;7:688:275:271:227:0.3738,2,29:2:566:407:64:57;31:7:688:275:271:227,-1,NONE,inf
653,0,1,2:566:408:64:56:0.5365,1,29:2:566:408:64:56,-1,NONE,inf
654,0,2,2:565:407:65:57:0.4778;7:689:275:270:229:0.5971,2,29:2:565:407:65:57;31:7:689:275:270:229,-1,NONE,inf
655,0,1,2:565:407:65:57:0.5079,1,29:2:565:407:65:57,-1,NONE,inf
656,0,2,2:564:407:66:57:0.5078;7:694:216:444:301:0.3858,2,29:2:564:407:66:57;31:7:694:216:444:301,-1,NONE,inf
657,0,1,2:564:407:66:57:0.4626,1,29:2:564:407:66:57,-1,NONE,inf
658,0,2,2:564:407:66:58:0.4628;7:696:274:263:237:0.3219,2,29:2:564:407:66:58;31:7:696:274:263:237,-1,NONE,inf
659,0,2,2:564:407:65:57:0.5040;7:697:274:262:244:0.6131,2,29:2:564:407:65:57;31:7:697:274:262:244,-1,NONE,inf
660,0,2,2:563:406:66:59:0.5330;7:695:274:264:244:0.8310,2,29:2:563:406:66:59;31:7:695:274:264:244,-1,NONE,inf
661,0,2,2:562:406:67:59:0.4741;7:697:274:262:244:0.7918,2,29:2:562:406:67:59;31:7:697:274:262:244,-1,NONE,inf
662,0,2,2:562:406:67:59:0.4975;7:699:274:260:249:0.8166,2,29:2:562:406:67:59;31:7:699:274:260:249,-1,NONE,inf
663,0,3,0:848:415:46:104:0.1321;2:562:407:67:58:0.5589;7:698:275:261:247:0.7948,2,29:2:562:407:67:58;31:7:698:275:261:247,-1,NONE,inf
664,0,2,2:562:405:67:60:0.5742;7:699:275:260:249:0.7008,2,29:2:562:405:67:60;31:7:699:275:260:249,-1,NONE,inf
665,0,2,2:562:406:67:59:0.5501;7:699:274:260:253:0.6119,2,29:2:562:406:67:59;31:7:699:274:260:253,-1,NONE,inf
666,0,2,2:562:406:66:59:0.5816;7:702:275:257:253:0.7825,2,29:2:562:406:66:59;31:7:702:275:257:253,-1,NONE,inf
667,0,2,2:561:406:67:59:0.6316;7:701:275:258:252:0.7575,2,29:2:561:406:67:59;31:7:701:275:258:252,-1,NONE,inf
668,0,2,2:560:406:69:59:0.5856;7:703:275:256:253:0.7863,2,29:2:560:406:69:59;31:7:703:275:256:253,-1,NONE,inf
669,0,3,0:835:411:42:108:0.1414;2:560:405:68:60:0.5400;7:703:275:256:254:0.6558,2,29:2:560:405:68:60;31:7:703:275:256:254,-1,NONE,inf
670,0,3,0:842:409:41:112:0.1270;2:560:406:69:60:0.5286;7:704:275:255:254:0.7567,2,29:2:560:406:69:60;31:7:704:275:255:254,-1,NONE,inf
671,0,2,2:560:406:69:60:0.5644;7:705:275:254:254:0.7434,2,29:2:560:406:69:60;31:7:705:275:254:254,-1,NONE,inf
672,0,2,2:559:405:69:61:0.4956;7:707:275:252:253:0.7180,2,29:2:559:405:69:61;31:7:707:275:252:253,-1,NONE,inf
673,0,2,2:559:405:69:61:0.5129;7:712:275:247:253:0.6545,2,29:2:559:405:69:61;31:7:712:275:247:253,-1,NONE,inf
674,0,2,2:558:404:70:62:0.5553;7:715:275:244:253:0.7243,2,29:2:558:404:70:62;31:7:715:275:244:253,-1,NONE,inf
675,0,2,2:558:404:70:62:0.5847;7:715:275:244:252:0.7669,2,29:2:558:404:70:62;31:7:715:275:244:252,-1,NONE,inf
676,0,2,2:558:403:70:63:0.6119;7:718:275:241:253:0.7507,2,29:2:558:403:70:63;31:7:718:275:241:253,-1,NONE,inf
677,0,2,2:558:404:69:62:0.6225;7:718:275:241:254:0.7700,2,29:2:558:404:69:62;31:7:718:275:241:254,-1,NONE,inf
678,0,2,2:557:404:70:62:0.6000;7:719:275:240:253:0.7816,2,29:2:557:404:70:62;31:7:719:275:240:253,-1,NONE,inf
679,0,2,2:557:404:70:62:0.5766;7:721:274:238:253:0.7562,2,29:2:557:404:70:62;31:7:721:274:238:253,-1,NONE,inf
680,0,2,2:557:404:70:63:0.5703;7:722:274:237:255:0.7502,2,29:2:557:404:70:63;31:7:722:274:237:255,-1,NONE,inf
681,0,2,2:557:405:69:62:0.5576;7:727:275:232:254:0.8089,2,29:2:557:405:69:62;31:7:727:275:232:254,-1,NONE,inf
682,0,2,2:556:405:71:62:0.5232;7:730:274:229:256:0.7384,2,29:2:556:405:71:62;31:7:730:274:229:256,-1,NONE,inf
683,0,2,2:556:405:71:63:0.5490;7:728:274:231:255:0.8462,2,29:2:556:405:71:63;31:7:728:274:231:255,-1,NONE,inf
684,0,2,2:556:405:71:63:0.5790;7:729:275:230:254:0.8654,2,29:2:556:405:71:63;31:7:729:275:230:254,-1,NONE,inf
685,0,2,2:556:405:71:63:0.5597;7:731:275:228:256:0.8420,2,29:2:556:405:71:63;31:7:731:275:228:256,-1,NONE,inf
686,0,2,2:556:405:72:63:0.5797;7:732:274:227:257:0.8571,2,29:2:556:405:72:63;31:7:732:274:227:257,-1,NONE,inf
687,0,2,2:555:405:73:63:0.5615;7:736:275:223:255:0.8437,2,29:2:555:405:73:63;31:7:736:275:223:255,-1,NONE,inf
688,0,2,2:555:405:72:63:0.5092;7:738:275:221:252:0.8464,2,29:2:555:405:72:63;31:7:738:275:221:252,-1,NONE,inf
689,0,2,2:555:405:73:63:0.5113;7:741:276:218:253:0.8526,2,29:2:555:405:73:63;31:7:741:276:218:253,-1,NONE,inf
690,0,2,2:555:405:72:63:0.5163;7:746:275:213:254:0.8851,2,29:2:555:405:72:63;31:7:746:275:213:254,-1,NONE,inf
691,0,2,2:555:405:72:63:0.5603;7:748:275:211:254:0.8920,2,29:2:555:405:72:63;31:7:748:275:211:254,-1,NONE,inf
692,0,2,2:554:404:74:64:0.5598;7:750:275:209:254:0.8904,2,29:2:554:404:74:64;31:7:750:275:209:254,-1,NONE,inf
693,0,2,2:555:404:73:65:0.5440;7:753:275:206:255:0.8708,2,29:2:555:404:73:65;31:7:753:275:206:255,-1,NONE,inf
694,0,2,2:554:404:75:65:0.5453;7:755:275:204:255:0.8693,2,29:2:554:404:75:65;31:7:755:275:204:255,29,SAFE,14.134
695,0,2,2:554:404:75:65:0.5138;7:759:274:200:257:0.8947,2,29:2:554:404:75:65;31:7:759:274:200:257,29,SAFE,11.208
696,0,2,2:554:403:76:66:0.5255;7:763:274:196:258:0.9046,2,29:2:554:403:76:66;31:7:763:274:196:258,29,SAFE,9.796
697,0,2,2:555:403:75:66:0.5652;7:766:275:193:257:0.8617,2,29:2:555:403:75:66;31:7:766:275:193:257,29,SAFE,9.238
698,0,2,2:555:403:75:66:0.5816;7:773:275:186:257:0.8618,2,29:2:555:403:75:66;31:7:773:275:186:257,29,SAFE,8.236
699,0,2,2:555:402:75:67:0.6046;7:775:274:184:255:0.8532,2,29:2:555:402:75:67;31:7:775:274:184:255,29,SAFE,7.098
700,0,2,2:555:403:75:65:0.5737;7:783:274:176:246:0.8463,2,29:2:555:403:75:65;31:7:783:274:176:246,29,SAFE,7.631
701,0,2,2:555:403:76:66:0.5809;7:786:274:173:251:0.8195,2,29:2:555:403:76:66;31:7:786:274:173:251,29,SAFE,7.733
702,0,2,2:554:403:77:67:0.5494;7:789:274:170:252:0.8777,2,29:2:554:403:77:67;31:7:789:274:170:252,29,SAFE,7.470
703,0,2,2:555:403:76:68:0.5282;7:794:274:165:252:0.8778,2,29:2:555:403:76:68;31:7:794:274:165:252,29,SAFE,6.997
704,0,2,2:556:404:76:67:0.5662;7:800:274:159:254:0.8654,2,29:2:556:404:76:67;31:7:800:274:159:254,29,SAFE,7.535
705,0,2,2:556:403:77:68:0.4996;7:822:1:457:622:0.7800,2,29:2:556:403:77:68;31:7:822:1:457:622,29,SAFE,7.873
706,0,2,2:556:404:77:67:0.4182;7:811:274:148:258:0.8382,2,29:2:556:404:77:67;31:7:811:274:148:258,29,SAFE,9.801
707,0,2,2:557:405:79:67:0.3751;7:818:274:141:258:0.8661,2,29:2:557:405:79:67;31:7:818:274:141:258,29,SAFE,11.912
708,0,2,2:557:405:79:68:0.3422;7:827:274:132:258:0.8525,2,29:2:557:405:79:68;31:7:827:274:132:258,29,SAFE,11.718
709,0,2,2:557:405:80:68:0.4539;7:833:274:126:258:0.8684,2,29:2:557:405:80:68;31:7:833:274:126:258,29,SAFE,12.209
710,0,2,2:558:406:80:67:0.4296;7:842:275:117:257:0.8677,2,29:2:558:406:80:67;31:7:842:275:117:257,29,SAFE,15.990
711,0,2,2:558:405:80:69:0.4434;7:850:275:109:257:0.8002,2,29:2:558:405:80:69;31:7:850:275:109:257,29,SAFE,13.326
712,0,2,2:559:405:81:68:0.4254;7:859:274:100:258:0.8227,2,29:2:559:405:81:68;31:7:859:274:100:258,29,SAFE,13.919
713,0,2,2:561:405:79:69:0.5499;7:867:274:92:256:0.8035,2,29:2:561:405:79:69;31:7:867:274:92:256,29,SAFE,13.091
714,0,2,2:561:404:80:70:0.4690;7:879:0:399:630:0.8311,2,29:2:561:404:80:70;31:7:879:0:399:630,29,SAFE,10.016
715,0,2,2:562:404:80:70:0.4376;7:887:0:392:631:0.8359,2,29:2:562:404:80:70;31:7:887:0:392:631,29,SAFE,10.794
716,0,2,2:562:404:82:70:0.3952;7:900:0:379:630:0.8094,2,29:2:562:404:82:70;31:7:900:0:379:630,29,SAFE,11.038
717,0,2,2:564:404:81:70:0.4658;7:917:2:362:626:0.7142,2,29:2:564:404:81:70;31:7:917:2:362:626,29,SAFE,10.513
718,0,2,2:565:404:81:70:0.5612;7:938:0:340:628:0.7223,2,29:2:565:404:81:70;31:7:938:0:340:628,29,SAFE,9.289
719,0,2,2:564:401:84:76:0.5232;7:944:5:335:622:0.7245,2,29:2:564:401:84:76;31:7:944:5:335:622,29,SAFE,6.024
720,0,2,2:567:404:82:70:0.5100;7:961:0:318:627:0.6539,2,29:2:567:404:82:70;31:7:961:0:318:627,29,SAFE,6.175
721,0,2,2:568:404:81:70:0.4120;7:981:1:298:625:0.6522,2,29:2:568:404:81:70;31:7:981:1:298:625,29,SAFE,7.038
722,0,2,2:570:404:81:71:0.5208;7:1001:0:278:626:0.5260,2,29:2:570:404:81:71;31:7:1001:0:278:626,29,SAFE,7.803
723,0,2,2:571:404:80:71:0.5066;7:1021:0:258:631:0.4611,2,29:2:571:404:80:71;31:7:1021:0:258:631,29,SAFE,8.283
724,0,2,2:572:404:81:72:0.5390;7:1048:0:231:634:0.7571,2,29:2:572:404:81:72;31:7:1048:0:231:634,29,SAFE,8.393
725,0,2,2:572:404:84:72:0.5400;7:1077:0:202:634:0.5287,2,29:2:572:404:84:72;31:7:1077:0:202:634,29,SAFE,10.125
726,0,2,2:575:405:82:72:0.5140;7:1113:0:166:632:0.3971,2,29:2:575:405:82:72;31:7:1113:0:166:632,29,SAFE,10.432
727,0,2,2:575:404:83:73:0.5257;7:1150:5:129:595:0.2217,2,29:2:575:404:83:73;31:7:1150:5:129:595,29,SAFE,11.595
728,0,2,2:576:404:84:73:0.4928;7:1190:0:89:603:0.2333,2,29:2:576:404:84:73;31:7:1190:0:89:603,29,SAFE,12.266
729,0,1,2:577:404:85:74:0.4696,1,29:2:577:404:85:74,29,SAFE,10.719
730,0,1,2:579:404:84:74:0.5313,1,29:2:579:404:84:74,29,SAFE,10.090
731,0,1,2:581:403:85:74:0.4282,1,29:2:581:403:85:74,29,SAFE,10.103
732,0,1,2:583:403:84:75:0.4549,1,29:2:583:403:84:75,29,SAFE,9.712
733,0,1,2:583:404:86:75:0.4641,1,29:2:583:404:86:75,29,SAFE,10.044
734,0,1,2:586:405:85:74:0.4739,1,29:2:586:405:85:74,29,SAFE,6.705
735,0,1,2:586:405:86:75:0.5470,1,29:2:586:405:86:75,29,SAFE,7.082
736,0,1,2:589:405:86:75:0.3733,1,29:2:589:405:86:75,-1,NONE,inf
737,0,1,2:590:405:88:76:0.3143,1,29:2:590:405:88:76,-1,NONE,inf
738,0,1,2:592:405:88:77:0.2952,1,29:2:592:405:88:77,-1,NONE,inf
739,0,1,2:594:404:87:77:0.3458,1,29:2:594:404:87:77,-1,NONE,inf
740,0,1,2:596:405:88:76:0.2885,1,29:2:596:405:88:76,-1,NONE,inf
741,0,1,2:597:404:90:76:0.2284,1,29:2:597:404:90:76,-1,NONE,inf
742,0,0,,0,,-1,NONE,inf
743,0,1,2:602:404:90:77:0.3136,1,29:2:602:404:90:77,-1,NONE,inf
744,0,1,2:603:404:91:78:0.3320,1,29:2:603:404:91:78,-1,NONE,inf
745,0,1,2:605:404:93:80:0.4143,1,29:2:605:404:93:80,-1,NONE,inf
746,0,1,2:607:404:92:80:0.4928,1,29:2:607:404:92:80,-1,NONE,inf
747,0,1,2:609:404:93:80:0.5721,1,29:2:609:404:93:80,-1,NONE,inf
748,0,1,2:610:403:94:81:0.6314,1,29:2:610:403:94:81,-1,NONE,inf
749,0,1,2:612:403:96:81:0.5596,1,29:2:612:403:96:81,-1,NONE,inf
750,0,1,2:614:404:98:81:0.5849,1,29:2:614:404:98:81,-1,NONE,inf
751,0,1,2:617:404:97:80:0.4623,1,29:2:617:404:97:80,-1,NONE,inf
752,0,1,2:619:404:99:82:0.4646,1,29:2:619:404:99:82,-1,NONE,inf
753,0,1,2:622:404:98:82:0.6577,1,29:2:622:404:98:82,-1,NONE,inf
754,0,1,2:623:404:100:82:0.5584,1,29:2:623:404:100:82,-1,NONE,inf
755,0,1,2:623:405:103:82:0.6787,1,29:2:623:405:103:82,-1,NONE,inf
756,0,1,2:623:404:106:84:0.7223,1,29:2:623:404:106:84,-1,NONE,inf
757,0,1,2:625:405:107:82:0.5717,1,29:2:625:405:107:82,-1,NONE,inf
758,0,1,2:626:405:108:82:0.5524,1,29:2:626:405:108:82,-1,NONE,inf
759,0,1,2:626:404:111:84:0.5360,1,29:2:626:404:111:84,-1,NONE,inf
760,0,1,2:624:404:117:85:0.5776,1,29:2:624:404:117:85,-1,NONE,inf
761,0,1,2:643:404:102:86:0.4816,1,29:2:643:404:102:86,-1,NONE,inf
762,0,1,2:634:402:113:87:0.5255,1,29:2:634:402:113:87,-1,NONE,inf
763,0,1,2:622:403:128:86:0.6001,1,29:2:622:403:128:86,-1,NONE,inf
764,0,1,2:629:402:124:87:0.4926,1,29:2:629:402:124:87,-1,NONE,inf
765,0,1,2:645:401:111:90:0.6262,1,29:2:645:401:111:90,-1,NONE,inf
766,0,1,2:648:402:111:88:0.6689,1,29:2:648:402:111:88,-1,NONE,inf
767,0,1,2:650:402:112:90:0.6637,1,29:2:650:402:112:90,-1,NONE,inf
768,0,1,2:660:402:106:90:0.5373,1,29:2:660:402:106:90,-1,NONE,inf
769,0,1,2:661:402:106:91:0.4762,1,29:2:661:402:106:91,-1,NONE,inf
770,0,1,2:659:403:112:92:0.4895,1,29:2:659:403:112:92,-1,NONE,inf
771,0,1,2:661:403:114:92:0.5492,1,29:2:661:403:114:92,-1,NONE,inf
772,0,1,2:662:401:116:95:0.6213,1,29:2:662:401:116:95,-1,NONE,inf
773,0,1,2:665:402:117:94:0.7579,1,29:2:665:402:117:94,-1,NONE,inf
774,0,1,2:665:401:119:95:0.6824,1,29:2:665:401:119:95,-1,NONE,inf
775,0,1,2:668:400:120:97:0.7718,1,29:2:668:400:120:97,-1,NONE,inf
776,0,1,2:670:399:121:98:0.7950,1,29:2:670:399:121:98,-1,NONE,inf
777,0,1,2:671:400:124:97:0.8446,1,29:2:671:400:124:97,-1,NONE,inf
778,0,1,2:673:399:124:99:0.7873,1,29:2:673:399:124:99,-1,NONE,inf
779,0,1,2:675:400:124:99:0.8048,1,29:2:675:400:124:99,-1,NONE,inf
780,0,1,2:677:400:128:100:0.8194,1,29:2:677:400:128:100,-1,NONE,inf
781,0,1,2:679:399:130:100:0.8026,1,29:2:679:399:130:100,-1,NONE,inf
782,0,1,2:680:399:131:101:0.8140,1,29:2:680:399:131:101,-1,NONE,inf
783,0,1,2:682:400:132:102:0.6888,1,29:2:682:400:132:102,-1,NONE,inf
784,0,1,2:684:400:134:103:0.7642,1,29:2:684:400:134:103,-1,NONE,inf
785,0,1,2:687:400:136:104:0.7942,1,29:2:687:400:136:104,-1,NONE,inf
786,0,1,2:690:400:135:103:0.8328,1,29:2:690:400:135:103,-1,NONE,inf
787,0,1,2:691:400:137:103:0.8326,1,29:2:691:400:137:103,-1,NONE,inf
788,0,1,2:692:400:140:105:0.8146,1,29:2:692:400:140:105,-1,NONE,inf
789,0,1,2:695:398:143:107:0.8421,1,29:2:695:398:143:107,-1,NONE,inf
790,0,1,2:697:398:144:107:0.8321,1,29:2:697:398:144:107,-1,NONE,inf
791,0,1,2:699:398:145:107:0.8180,1,29:2:699:398:145:107,-1,NONE,inf
792,0,1,2:702:398:146:108:0.8078,1,29:2:702:398:146:108,-1,NONE,inf
793,0,1,2:705:397:148:110:0.8320,1,29:2:705:397:148:110,-1,NONE,inf
794,0,1,2:705:397:153:112:0.8458,1,29:2:705:397:153:112,-1,NONE,inf
795,0,1,2:707:397:153:112:0.8312,1,29:2:707:397:153:112,-1,NONE,inf
796,0,1,2:709:398:155:112:0.8438,1,29:2:709:398:155:112,-1,NONE,inf
797,0,1,2:712:397:160:114:0.8763,1,29:2:712:397:160:114,-1,NONE,inf
798,0,1,2:714:397:161:114:0.8663,1,29:2:714:397:161:114,-1,NONE,inf
799,0,1,2:715:397:164:116:0.8530,1,29:2:715:397:164:116,-1,NONE,inf
800,0,1,2:716:397:168:117:0.8486,1,29:2:716:397:168:117,-1,NONE,inf
801,0,1,2:719:398:171:117:0.8782,1,29:2:719:398:171:117,-1,NONE,inf
802,0,1,2:722:397:171:118:0.8784,1,29:2:722:397:171:118,-1,NONE,inf
803,0,1,2:724:397:175:119:0.8859,1,29:2:724:397:175:119,-1,NONE,inf
804,0,1,2:727:396:176:121:0.8555,1,29:2:727:396:176:121,-1,NONE,inf
805,0,1,2:729:396:179:122:0.8694,1,29:2:729:396:179:122,-1,NONE,inf
806,0,1,2:731:395:184:124:0.8894,1,29:2:731:395:184:124,-1,NONE,inf
807,0,1,2:733:395:187:126:0.9005,1,29:2:733:395:187:126,-1,NONE,inf
808,0,1,2:737:395:187:127:0.9128,1,29:2:737:395:187:127,-1,NONE,inf
809,0,1,2:738:394:194:129:0.9254,1,29:2:738:394:194:129,-1,NONE,inf
810,0,1,2:741:393:195:130:0.9132,1,29:2:741:393:195:130,-1,NONE,inf
811,0,1,2:743:394:201:130:0.9197,1,29:2:743:394:201:130,-1,NONE,inf
812,0,1,2:746:393:205:133:0.9257,1,29:2:746:393:205:133,-1,NONE,inf
813,0,1,2:747:393:210:135:0.9185,1,29:2:747:393:210:135,-1,NONE,inf
814,0,1,2:751:393:208:136:0.9139,1,29:2:751:393:208:136,-1,NONE,inf
815,0,1,2:755:393:204:137:0.9211,1,29:2:755:393:204:137,-1,NONE,inf
816,0,1,2:757:392:202:138:0.9162,1,29:2:757:392:202:138,-1,NONE,inf
817,0,1,2:759:391:200:140:0.9145,1,29:2:759:391:200:140,-1,NONE,inf
818,0,1,2:763:391:196:140:0.9043,1,29:2:763:391:196:140,-1,NONE,inf
819,0,1,2:766:390:193:140:0.9087,1,29:2:766:390:193:140,-1,NONE,inf
820,0,1,2:768:390:191:140:0.9064,1,29:2:768:390:191:140,-1,NONE,inf
821,0,1,2:769:389:190:143:0.9139,1,29:2:769:389:190:143,-1,NONE,inf
822,0,1,2:775:389:184:143:0.9058,1,29:2:775:389:184:143,-1,NONE,inf
823,0,1,2:778:388:181:144:0.9071,1,29:2:778:388:181:144,-1,NONE,inf
824,0,1,2:781:387:178:145:0.8999,1,29:2:781:387:178:145,-1,NONE,inf
825,0,1,2:785:387:174:145:0.9105,1,29:2:785:387:174:145,-1,NONE,inf
826,0,1,2:789:387:170:145:0.9044,1,29:2:789:387:170:145,-1,NONE,inf
827,0,1,2:791:387:168:145:0.9068,1,29:2:791:387:168:145,-1,NONE,inf
828,0,1,2:796:386:163:146:0.9057,1,29:2:796:386:163:146,-1,NONE,inf
829,0,1,2:800:386:159:146:0.9071,1,29:2:800:386:159:146,-1,NONE,inf
830,0,1,2:802:385:157:147:0.8993,1,29:2:802:385:157:147,-1,NONE,inf
831,0,1,2:808:385:151:147:0.9038,1,29:2:808:385:151:147,-1,NONE,inf
832,0,1,2:811:385:148:147:0.9065,1,29:2:811:385:148:147,-1,NONE,inf
833,0,1,2:818:384:141:148:0.9006,1,29:2:818:384:141:148,-1,NONE,inf
834,0,1,2:821:384:138:148:0.9065,1,29:2:821:384:138:148,-1,NONE,inf
835,0,1,2:826:384:133:148:0.8905,1,29:2:826:384:133:148,-1,NONE,inf
836,0,1,2:831:384:128:148:0.8825,1,29:2:831:384:128:148,-1,NONE,inf
837,0,1,2:834:384:125:148:0.8685,1,29:2:834:384:125:148,-1,NONE,inf
838,0,1,2:840:383:119:149:0.8689,1,29:2:840:383:119:149,-1,NONE,inf
839,0,1,2:844:383:115:149:0.8505,1,29:2:844:383:115:149,-1,NONE,inf
840,0,1,2:851:383:108:149:0.8281,1,29:2:851:383:108:149,-1,NONE,inf
841,0,1,2:855:385:104:146:0.8315,1,29:2:855:385:104:146,-1,NONE,inf
842,0,1,2:860:386:99:146:0.8570,1,29:2:860:386:99:146,-1,NONE,inf
843,0,1,2:866:391:93:140:0.8250,1,29:2:866:391:93:140,-1,NONE,inf
844,0,1,2:870:393:89:138:0.7410,1,29:2:870:393:89:138,-1,NONE,inf
845,0,1,2:875:373:404:225:0.7990,1,29:2:875:373:404:225,-1,NONE,inf
846,0,1,2:879:373:400:229:0.7172,1,29:2:879:373:400:229,-1,NONE,inf
847,0,1,2:889:406:70:126:0.6423,1,29:2:889:406:70:126,-1,NONE,inf
848,0,1,2:894:411:65:121:0.7075,0,,-1,NONE,inf
849,0,1,2:897:370:382:232:0.7005,0,,-1,NONE,inf
850,0,1,2:903:368:376:239:0.7808,1,32:2:903:368:376:239,-1,NONE,inf
851,0,1,2:916:428:43:104:0.4160,0,,-1,NONE,inf
852,0,1,2:919:364:360:239:0.4130,0,,-1,NONE,inf
853,0,1,2:932:365:347:262:0.2140,0,,-1,NONE,inf
854,0,1,2:938:454:21:78:0.3991,1,33:2:938:454:21:78,-1,NONE,inf
855,0,1,2:946:476:13:56:0.2816,0,,-1,NONE,inf
856,0,0,,0,,-1,NONE,inf
857,0,0,,0,,-1,NONE,inf
858,0,0,,0,,-1,NONE,inf
859,0,0,,0,,-1,NONE,inf
860,0,1,2:990:355:289:292:0.1333,0,,-1,NONE,inf
861,0,1,2:1001:353:278:270:0.2803,0,,-1,NONE,inf
862,0,1,2:1011:356:268:256:0.3197,0,,-1,NONE,inf
863,0,1,2:1023:358:256:249:0.6044,0,,-1,NONE,inf
864,0,1,2:1028:363:251:264:0.7386,1,34:2:1028:363:251:264,-1,NONE,inf
865,0,1,2:1045:366:234:257:0.6378,1,34:2:1045:366:234:257,-1,NONE,inf
866,0,1,2:1060:372:219:240:0.6599,1,34:2:1060:372:219:240,-1,NONE,inf
867,0,1,2:1076:384:203:214:0.5975,1,34:2:1076:384:203:214,-1,NONE,inf
868,0,1,2:1089:397:190:204:0.4981,1,34:2:1089:397:190:204,-1,NONE,inf
869,0,1,2:1108:416:171:184:0.5107,1,34:2:1108:416:171:184,-1,NONE,inf
870,0,1,2:1121:425:158:178:0.4805,1,34:2:1121:425:158:178,-1,NONE,inf
871,0,1,2:1142:442:137:188:0.3981,1,34:2:1142:442:137:188,-1,NONE,inf
872,0,1,2:1161:460:118:137:0.3712,1,34:2:1161:460:118:137,-1,NONE,inf
873,0,1,2:1185:471:94:127:0.1709,1,34:2:1185:471:94:127,-1,NONE,inf
874,0,0,,0,,-1,NONE,inf
875,0,0,,0,,-1,NONE,inf
876,0,0,,0,,-1,NONE,inf
877,0,0,,0,,-1,NONE,inf
878,0,0,,0,,-1,NONE,inf
879,0,0,,0,,-1,NONE,inf
880,0,0,,0,,-1,NONE,inf
881,0,0,,0,,-1,NONE,inf
882,0,0,,0,,-1,NONE,inf
883,0,0,,0,,-1,NONE,inf
884,0,0,,0,,-1,NONE,inf
885,0,0,,0,,-1,NONE,inf
886,0,0,,0,,-1,NONE,inf
887,0,0,,0,,-1,NONE,inf
888,0,0,,0,,-1,NONE,inf
889,0,0,,0,,-1,NONE,inf
890,0,0,,0,,-1,NONE,inf
891,0,0,,0,,-1,NONE,inf
892,0,0,,0,,-1,NONE,inf
893,0,0,,0,,-1,NONE,inf
894,0,0,,0,,-1,NONE,inf
895,0,0,,0,,-1,NONE,inf
896,0,0,,0,,-1,NONE,inf
897,0,0,,0,,-1,NONE,inf
898,0,0,,0,,-1,NONE,inf
899,0,0,,0,,-1,NONE,inf
900,0,0,,0,,-1,NONE,inf
901,0,0,,0,,-1,NONE,inf
902,0,0,,0,,-1,NONE,inf
903,0,0,,0,,-1,NONE,inf
904,0,0,,0,,-1,NONE,inf
905,0,0,,0,,-1,NONE,inf
906,0,0,,0,,-1,NONE,inf
907,0,0,,0,,-1,NONE,inf
908,0,0,,0,,-1,NONE,inf
909,0,0,,0,,-1,NONE,inf
910,0,0,,0,,-1,NONE,inf
911,0,0,,0,,-1,NONE,inf
912,0,0,,0,,-1,NONE,inf
913,0,0,,0,,-1,NONE,inf
914,0,0,,0,,-1,NONE,inf
915,0,0,,0,,-1,NONE,inf
916,0,0,,0,,-1,NONE,inf
917,0,0,,0,,-1,NONE,inf
918,0,0,,0,,-1,NONE,inf
919,0,0,,0,,-1,NONE,inf
920,0,0,,0,,-1,NONE,inf
921,0,0,,0,,-1,NONE,inf
922,0,0,,0,,-1,NONE,inf
923,0,0,,0,,-1,NONE,inf
924,0,0,,0,,-1,NONE,inf
925,0,0,,0,,-1,NONE,inf
926,0,0,,0,,-1,NONE,inf
927,0,0,,0,,-1,NONE,inf
928,0,0,,0,,-1,NONE,inf
929,0,0,,0,,-1,NONE,inf
930,0,0,,0,,-1,NONE,inf
931,0,0,,0,,-1,NONE,inf
932,0,0,,0,,-1,NONE,inf
933,0,0,,0,,-1,NONE,inf
934,0,0,,0,,-1,NONE,inf
935,0,0,,0,,-1,NONE,inf
936,0,0,,0,,-1,NONE,inf
937,0,0,,0,,-1,NONE,inf
938,0,1,7:818:339:61:65:0.2599,0,,-1,NONE,inf
939,0,0,,0,,-1,NONE,inf
940,0,0,,0,,-1,NONE,inf
941,0,0,,0,,-1,NONE,inf
942,0,0,,0,,-1,NONE,inf
943,0,0,,0,,-1,NONE,inf
944,0,1,7:847:331:72:70:0.2890,0,,-1,NONE,inf
945,0,0,,0,,-1,NONE,inf
946,0,0,,0,,-1,NONE,inf
947,0,0,,0,,-1,NONE,inf
948,0,0,,0,,-1,NONE,inf
949,0,0,,0,,-1,NONE,inf
950,0,0,,0,,-1,NONE,inf
951,0,0,,0,,-1,NONE,inf
952,0,0,,0,,-1,NONE,inf
953,0,0,,0,,-1,NONE,inf
954,0,0,,0,,-1,NONE,inf
955,0,0,,0,,-1,NONE,inf
956,0,0,,0,,-1,NONE,inf
957,0,0,,0,,-1,NONE,inf
958,0,0,,0,,-1,NONE,inf
959,0,0,,0,,-1,NONE,inf
960,0,0,,0,,-1,NONE,inf
961,0,0,,0,,-1,NONE,inf
962,0,0,,0,,-1,NONE,inf
963,0,1,7:1031:249:150:146:0.1080,0,,-1,NONE,inf
964,0,0,,0,,-1,NONE,inf
965,0,0,,0,,-1,NONE,inf
966,0,0,,0,,-1,NONE,inf
967,0,0,,0,,-1,NONE,inf
968,0,0,,0,,-1,NONE,inf
969,0,0,,0,,-1,NONE,inf
970,0,1,7:1205:182:74:286:0.1727,0,,-1,NONE,inf
971,0,0,,0,,-1,NONE,inf
972,0,0,,0,,-1,NONE,inf
973,0,0,,0,,-1,NONE,inf
974,0,0,,0,,-1,NONE,inf
975,0,0,,0,,-1,NONE,inf
976,0,0,,0,,-1,NONE,inf
977,0,0,,0,,-1,NONE,inf
978,0,0,,0,,-1,NONE,inf
979,0,0,,0,,-1,NONE,inf
980,0,0,,0,,-1,NONE,inf
981,0,0,,0,,-1,NONE,inf
982,0,0,,0,,-1,NONE,inf
983,0,0,,0,,-1,NONE,inf
984,0,0,,0,,-1,NONE,inf
985,0,0,,0,,-1,NONE,inf
986,0,0,,0,,-1,NONE,inf
987,0,0,,0,,-1,NONE,inf
988,0,0,,0,,-1,NONE,inf
989,0,0,,0,,-1,NONE,inf
990,0,0,,0,,-1,NONE,inf
991,0,0,,0,,-1,NONE,inf
992,0,0,,0,,-1,NONE,inf
993,0,0,,0,,-1,NONE,inf
994,0,0,,0,,-1,NONE,inf
995,0,0,,0,,-1,NONE,inf
996,0,0,,0,,-1,NONE,inf
997,0,0,,0,,-1,NONE,inf
998,0,0,,0,,-1,NONE,inf
999,0,0,,0,,-1,NONE,inf
1000,0,0,,0,,-1,NONE,inf
1001,0,0,,0,,-1,NONE,inf
1002,0,0,,0,,-1,NONE,inf
1003,0,0,,0,,-1,NONE,inf
1004,0,0,,0,,-1,NONE,inf
1005,0,0,,0,,-1,NONE,inf
1006,0,0,,0,,-1,NONE,inf
1007,0,0,,0,,-1,NONE,inf
1008,0,0,,0,,-1,NONE,inf
1009,0,0,,0,,-1,NONE,inf
1010,0,0,,0,,-1,NONE,inf
1011,1,2,7:363:393:100:73:0.3918;7:526:384:101:81:0.2461,0,,-1,NONE,inf
1012,0,2,7:363:392:101:74:0.3106;7:527:383:102:82:0.4167,0,,-1,NONE,inf
1013,0,2,7:365:392:100:74:0.3522;7:529:381:102:84:0.3201,1,35:7:365:392:100:74,-1,NONE,inf
1014,0,3,7:363:392:102:75:0.3526;7:531:381:102:85:0.5666;7:605:329:354:164:0.2584,2,35:7:363:392:102:75;36:7:531:381:102:85,-1,NONE,inf
1015,0,2,7:365:391:102:75:0.3463;7:531:380:104:84:0.2773,2,35:7:365:391:102:75;36:7:531:380:104:84,-1,NONE,inf
1016,0,2,7:364:391:104:76:0.4328;7:533:379:105:85:0.2217,2,35:7:364:391:104:76;36:7:533:379:105:85,-1,NONE,inf
1017,0,1,7:366:389:103:77:0.2678,1,35:7:366:389:103:77,-1,NONE,inf
1018,0,2,7:365:390:105:77:0.3953;7:538:376:106:89:0.2535,2,35:7:365:390:105:77;36:7:538:376:106:89,-1,NONE,inf
1019,0,2,7:368:390:104:76:0.5900;7:540:374:106:90:0.3720,2,35:7:368:390:104:76;36:7:540:374:106:90,-1,NONE,inf
1020,0,3,7:370:392:103:75:0.4114;7:541:375:109:89:0.3697;7:645:380:197:81:0.2419,2,35:7:370:392:103:75;36:7:541:375:109:89,-1,NONE,inf
1021,0,2,7:373:389:105:77:0.3385;7:504:323:455:169:0.2400,2,35:7:373:389:105:77;36:7:504:323:455:169,-1,NONE,inf
1022,0,2,7:375:390:106:76:0.2919;7:547:373:111:91:0.2986,2,35:7:375:390:106:76;36:7:547:373:111:91,-1,NONE,inf
1023,0,2,7:378:387:105:79:0.2844;7:552:372:109:92:0.4166,2,35:7:378:387:105:79;36:7:552:372:109:92,-1,NONE,inf
1024,0,2,7:380:386:106:82:0.4345;7:556:371:111:93:0.2522,2,35:7:380:386:106:82;36:7:556:371:111:93,-1,NONE,inf
1025,0,2,7:382:387:107:81:0.3903;7:559:370:112:94:0.2762,2,35:7:382:387:107:81;36:7:559:370:112:94,-1,NONE,inf
1026,0,2,5:386:385:107:82:0.2201;7:562:369:115:95:0.3041,2,35:5:386:385:107:82;36:7:562:369:115:95,-1,NONE,inf
1027,0,3,7:388:383:109:85:0.2341;7:565:370:115:94:0.4560;7:674:371:214:91:0.2619,2,35:7:388:383:109:85;36:7:565:370:115:94,-1,NONE,inf
1028,0,3,7:392:386:106:82:0.2662;7:570:367:115:97:0.4058;7:763:371:135:88:0.2386,2,35:7:392:386:106:82;36:7:570:367:115:97,-1,NONE,inf
1029,0,3,7:394:384:109:85:0.4580;7:573:365:118:100:0.4379;7:926:441:33:47:0.3523,2,35:7:394:384:109:85;36:7:573:365:118:100,-1,NONE,inf
1030,0,2,7:398:383:108:86:0.3485;7:577:364:119:101:0.6076,2,35:7:398:383:108:86;36:7:577:364:119:101,-1,NONE,inf
1031,0,3,7:403:381:108:89:0.4930;7:581:364:121:101:0.5627;7:666:370:250:92:0.1635,2,35:7:403:381:108:89;36:7:581:364:121:101,-1,NONE,inf
1032,0,3,7:406:384:110:86:0.4409;7:587:362:123:103:0.5109;7:1033:405:246:109:0.1206,2,35:7:406:384:110:86;36:7:587:362:123:103,-1,NONE,inf
1033,0,2,7:409:382:109:87:0.4997;7:591:362:124:103:0.5721,2,35:7:409:382:109:87;36:7:591:362:124:103,-1,NONE,inf
1034,0,3,7:414:382:107:89:0.4684;7:596:363:124:102:0.4710;7:1077:410:202:108:0.1223,2,35:7:414:382:107:89;36:7:596:363:124:102,-1,NONE,inf
1035,0,3,2:1098:415:181:103:0.1382;7:416:381:110:89:0.4018;7:601:362:127:103:0.6534,2,35:7:416:381:110:89;36:7:601:362:127:103,-1,NONE,inf
1036,0,2,7:422:380:108:91:0.4019;7:607:361:129:104:0.6772,2,35:7:422:380:108:91;36:7:607:361:129:104,-1,NONE,inf
1037,0,2,7:426:379:110:91:0.4106;7:612:360:130:106:0.6795,2,35:7:426:379:110:91;36:7:612:360:130:106,-1,NONE,inf
1038,0,2,2:1177:418:102:106:0.1217;7:618:356:131:110:0.4906,1,36:7:618:356:131:110,-1,NONE,inf
1039,0,2,7:435:377:111:94:0.5226;7:623:355:134:112:0.6547,2,35:7:435:377:111:94;36:7:623:355:134:112,-1,NONE,inf
1040,0,2,7:438:377:114:93:0.4261;7:628:354:137:113:0.5073,2,35:7:438:377:114:93;36:7:628:354:137:113,-1,NONE,inf
1041,0,2,7:442:377:115:94:0.4982;7:636:354:138:113:0.4983,2,35:7:442:377:115:94;36:7:636:354:138:113,-1,NONE,inf
1042,0,2,7:447:375:116:96:0.5724;7:642:352:141:116:0.3628,2,35:7:447:375:116:96;36:7:642:352:141:116,-1,NONE,inf
1043,0,2,7:454:375:114:97:0.4925;7:647:352:144:117:0.6263,2,35:7:454:375:114:97;36:7:647:352:144:117,-1,NONE,inf
1044,0,2,7:653:349:150:121:0.6974;7:781:355:273:112:0.2058,1,36:7:653:349:150:121,-1,NONE,inf
1045,0,3,7:462:372:121:99:0.5407;7:661:348:150:122:0.6028;7:799:356:272:112:0.1770,2,35:7:462:372:121:99;36:7:661:348:150:122,-1,NONE,inf
1046,0,3,2:491:431:92:42:0.2007;7:667:346:154:125:0.6028;7:805:355:272:112:0.1872,2,35:2:491:431:92:42;36:7:667:346:154:125,-1,NONE,inf
1047,0,3,2:496:431:93:42:0.2047;7:674:346:156:126:0.5277;7:808:356:286:114:0.2289,2,35:2:496:431:93:42;36:7:674:346:156:126,-1,NONE,inf
1048,0,3,7:478:373:120:98:0.4482;7:682:343:158:129:0.7263;7:826:355:284:114:0.1920,2,35:7:478:373:120:98;36:7:682:343:158:129,35,SAFE,inf
1049,0,3,7:481:372:125:100:0.4764;7:690:342:161:130:0.6429;7:832:348:292:120:0.1193,2,35:7:481:372:125:100;36:7:690:342:161:130,35,SAFE,inf
1050,0,1,7:694:341:169:131:0.6151,1,36:7:694:341:169:131,-1,NONE,inf
1051,0,2,7:493:367:127:106:0.6539;7:703:339:169:135:0.5822,2,35:7:493:367:127:106;36:7:703:339:169:135,-1,NONE,inf
1052,0,3,2:980:428:154:42:0.1236;7:499:368:124:106:0.5292;7:710:335:249:141:0.5762,2,35:7:499:368:124:106;36:7:710:335:249:141,-1,NONE,inf
1053,0,3,7:505:366:125:107:0.6678;7:716:337:181:140:0.5609;7:878:340:316:132:0.1044,2,35:7:505:366:125:107;36:7:716:337:181:140,-1,NONE,inf
1054,0,3,7:510:367:128:107:0.6474;7:724:335:194:143:0.5907;7:893:338:318:132:0.1248,2,35:7:510:367:128:107;36:7:724:335:194:143,-1,NONE,inf
1055,0,3,7:513:364:133:110:0.6573;7:732:332:226:147:0.8202;7:904:342:330:132:0.1318,2,35:7:513:364:133:110;36:7:732:332:226:147,-1,NONE,inf
1056,0,2,7:520:362:132:114:0.7546;7:739:331:219:147:0.8274,2,35:7:520:362:132:114;36:7:739:331:219:147,-1,NONE,inf
1057,0,2,7:524:362:133:115:0.7283;7:749:329:210:152:0.8702,2,35:7:524:362:133:115;36:7:749:329:210:152,-1,NONE,inf
1058,0,3,7:532:363:134:116:0.6866;7:757:328:202:155:0.8758;7:944:373:197:106:0.1732,2,35:7:532:363:134:116;36:7:757:328:202:155,-1,NONE,inf
1059,0,2,7:537:362:133:117:0.6287;7:763:325:196:158:0.8762,2,35:7:537:362:133:117;36:7:763:325:196:158,-1,NONE,inf
1060,0,3,7:0:369:215:120:0.1167;7:540:361:136:119:0.7303;7:769:325:190:159:0.8434,2,35:7:540:361:136:119;36:7:769:325:190:159,-1,NONE,inf
1061,0,2,7:544:359:139:121:0.7461;7:777:323:182:164:0.8003,2,35:7:544:359:139:121;36:7:777:323:182:164,-1,NONE,inf
1062,0,3,2:440:438:17:12:0.2484;7:548:357:142:124:0.7615;7:785:322:174:164:0.8216,2,35:7:548:357:142:124;36:7:785:322:174:164,-1,NONE,inf
1063,0,3,2:0:363:459:240:0.1935;7:554:356:142:127:0.7263;7:791:320:168:169:0.8900,2,35:7:554:356:142:127;36:7:791:320:168:169,-1,NONE,inf
1064,0,2,7:558:355:145:129:0.7571;7:799:318:160:170:0.7405,2,35:7:558:355:145:129;36:7:799:318:160:170,-1,NONE,inf
1065,0,2,7:563:353:146:130:0.6874;7:808:316:151:173:0.8115,2,35:7:563:353:146:130;36:7:808:316:151:173,-1,NONE,inf
1066,0,2,7:568:353:148:128:0.5176;7:815:313:144:180:0.8267,2,35:7:568:353:148:128;36:7:815:313:144:180,-1,NONE,inf
1067,0,2,7:572:351:151:132:0.7094;7:824:310:135:182:0.8128,2,35:7:572:351:151:132;36:7:824:310:135:182,-1,NONE,inf
1068,0,2,7:577:349:155:134:0.5107;7:831:316:128:179:0.3995,2,35:7:577:349:155:134;36:7:831:316:128:179,-1,NONE,inf
1069,0,2,7:581:348:158:138:0.6577;7:841:312:118:182:0.4399,2,35:7:581:348:158:138;36:7:841:312:118:182,-1,NONE,inf
1070,0,2,7:586:347:161:139:0.7527;7:848:316:111:181:0.6700,2,35:7:586:347:161:139;36:7:848:316:111:181,-1,NONE,inf
1071,0,2,7:589:346:166:141:0.7849;7:855:318:104:171:0.5780,2,35:7:589:346:166:141;36:7:855:318:104:171,-1,NONE,inf
1072,0,3,2:480:437:16:10:0.2122;7:595:344:168:145:0.7915;7:865:321:94:170:0.3646,2,35:7:595:344:168:145;36:7:865:321:94:170,-1,NONE,inf
1073,0,4,2:485:436:15:11:0.2288;7:600:343:171:146:0.7543;7:877:326:82:164:0.3184;7:910:294:369:214:0.1277,2,35:7:600:343:171:146;36:7:877:326:82:164,-1,NONE,inf
1074,0,5,2:278:415:109:58:0.1035;2:488:436:17:11:0.2271;7:604:342:177:149:0.7796;7:881:329:78:156:0.2544;7:919:292:358:219:0.1576,2,35:7:604:342:177:149;36:7:881:329:78:156,-1,NONE,inf
1075,0,4,2:492:436:16:11:0.2680;7:607:339:184:153:0.7707;7:803:398:95:69:0.2162;7:937:290:342:228:0.3250,2,35:7:607:339:184:153;36:7:803:398:95:69,-1,NONE,inf
1076,0,3,7:613:337:186:156:0.8118;7:902:330:57:155:0.2665;7:951:286:328:232:0.5858,2,35:7:613:337:186:156;36:7:902:330:57:155,-1,NONE,inf
1077,0,4,2:500:436:14:11:0.3259;7:616:335:192:159:0.8640;7:908:334:51:154:0.3474;7:965:286:314:233:0.2948,3,35:7:616:335:192:159;36:7:908:334:51:154;37:7:965:286:314:233,-1,NONE,inf
1078,0,3,7:619:334:198:161:0.8547;7:922:335:37:151:0.2640;7:971:273:308:250:0.5172,3,35:7:619:334:198:161;36:7:922:335:37:151;37:7:971:273:308:250,-1,NONE,inf
1079,0,3,7:623:332:205:165:0.8270;7:824:401:60:66:0.2894;7:967:270:312:254:0.4923,3,35:7:623:332:205:165;36:7:824:401:60:66;37:7:967:270:312:254,-1,NONE,inf
1080,0,3,7:629:330:206:167:0.8934;7:831:401:58:68:0.2450;7:994:266:285:263:0.5261,3,35:7:629:330:206:167;36:7:831:401:58:68;37:7:994:266:285:263,-1,NONE,inf
1081,0,4,7:633:329:209:172:0.8598;7:840:401:56:71:0.2778;7:895:390:64:85:0.3904;7:1014:262:265:272:0.6798,3,35:7:633:329:209:172;36:7:840:401:56:71;37:7:1014:262:265:272,-1,NONE,inf
1082,0,4,7:636:324:218:179:0.8303;7:849:401:50:69:0.2467;7:901:392:58:84:0.3541;7:1026:257:253:278:0.6332,3,35:7:636:324:218:179;36:7:849:401:50:69;37:7:1026:257:253:278,-1,NONE,inf
1083,0,4,7:639:321:224:183:0.8497;7:852:402:56:68:0.2009;7:908:390:51:86:0.3840;7:1045:250:234:286:0.5810,4,35:7:639:321:224:183;36:7:852:402:56:68;37:7:1045:250:234:286;38:7:908:390:51:86,-1,NONE,inf
1084,0,3,7:644:320:233:186:0.8217;7:913:391:46:89:0.4363;7:1058:259:221:284:0.4442,3,35:7:644:320:233:186;37:7:1058:259:221:284;38:7:913:391:46:89,-1,NONE,inf
1085,0,4,2:523:436:16:11:0.2444;7:648:316:242:191:0.8281;7:921:389:38:91:0.2635;7:1072:259:207:286:0.2027,3,35:7:648:316:242:191;37:7:1072:259:207:286;38:7:921:389:38:91,-1,NONE,inf
1086,0,2,7:650:314:244:198:0.8574;7:926:389:33:92:0.2058,2,35:7:650:314:244:198;38:7:926:389:33:92,-1,NONE,inf
1087,0,2,7:654:312:261:200:0.9024;7:1039:263:239:288:0.2397,1,35:7:654:312:261:200,-1,NONE,inf
1088,0,3,2:530:436:16:10:0.2196;7:657:309:266:205:0.9135;7:935:270:344:262:0.2393,1,35:7:657:309:266:205,-1,NONE,inf
1089,0,1,7:661:304:276:211:0.8801,1,35:7:661:304:276:211,-1,NONE,inf
1090,0,2,7:662:300:289:217:0.8239;7:1062:273:217:250:0.1067,1,35:7:662:300:289:217,-1,NONE,inf
1091,0,1,7:664:296:290:218:0.8162,1,35:7:664:296:290:218,-1,NONE,inf
1092,0,4,7:666:291:293:224:0.8848;7:712:429:258:98:0.1216;7:964:422:114:72:0.1213;7:1077:274:202:256:0.1035,1,35:7:666:291:293:224,-1,NONE,inf
1093,0,3,2:0:309:121:113:0.1201;7:668:286:291:234:0.9089;7:1074:275:205:256:0.2213,1,35:7:668:286:291:234,-1,NONE,inf
1094,0,3,7:668:281:291:238:0.9187;7:697:424:297:102:0.1325;7:1091:278:188:248:0.3490,2,35:7:668:281:291:238;37:7:1091:278:188:248,-1,NONE,inf
1095,0,2,7:668:276:291:251:0.9134;7:1130:272:149:258:0.3031,2,35:7:668:276:291:251;37:7:1130:272:149:258,-1,NONE,inf
1096,0,4,2:512:451:19:13:0.2801;7:0:303:218:168:0.1025;7:671:274:288:250:0.9179;7:1128:273:151:259:0.2755,2,35:7:671:274:288:250;37:7:1128:273:151:259,-1,NONE,inf
1097,0,2,7:671:274:288:251:0.9092;7:1144:275:135:259:0.3265,2,35:7:671:274:288:251;37:7:1144:275:135:259,-1,NONE,inf
1098,0,3,0:864:264:182:168:0.1019;7:669:274:290:251:0.9143;7:1132:278:147:254:0.3809,2,35:7:669:274:290:251;37:7:1132:278:147:254,-1,NONE,inf
1099,0,3,0:879:256:187:176:0.1352;7:673:275:286:249:0.8491;7:1121:280:158:249:0.2017,2,35:7:673:275:286:249;37:7:1121:280:158:249,-1,NONE,inf
1100,0,1,7:675:274:284:253:0.8668,1,35:7:675:274:284:253,-1,NONE,inf
1101,0,1,7:676:274:283:255:0.8980,1,35:7:676:274:283:255,-1,NONE,inf
1102,0,2,0:919:233:214:196:0.2024;7:677:274:282:257:0.8743,1,35:7:677:274:282:257,-1,NONE,inf
1103,0,2,0:920:223:236:210:0.1965;7:678:274:281:257:0.9022,1,35:7:678:274:281:257,-1,NONE,inf
1104,0,2,0:956:212:228:219:0.2991;7:681:274:278:257:0.7458,1,35:7:681:274:278:257,-1,NONE,inf
1105,0,2,0:971:202:246:226:0.2727;7:681:274:278:257:0.6732,1,35:7:681:274:278:257,-1,NONE,inf
1106,0,3,0:982:188:270:235:0.3358;7:680:275:279:255:0.6228;7:692:418:587:155:0.1703,1,35:7:680:275:279:255,-1,NONE,inf
1107,0,2,0:1041:174:238:250:0.3657;7:683:274:276:257:0.6637,1,35:7:683:274:276:257,-1,NONE,inf
1108,0,2,0:1053:158:226:264:0.3644;7:683:274:276:257:0.9016,2,35:7:683:274:276:257;39:0:1053:158:226:264,-1,NONE,inf
1109,0,1,7:684:274:275:256:0.5638,1,35:7:684:274:275:256,-1,NONE,inf
1110,0,1,7:684:274:275:258:0.8762,1,35:7:684:274:275:258,-1,NONE,inf
1111,0,1,7:683:274:276:257:0.7944,1,35:7:683:274:276:257,-1,NONE,inf
1112,0,1,7:686:274:273:257:0.9018,1,35:7:686:274:273:257,-1,NONE,inf
1113,0,1,7:693:26:585:609:0.7692,1,35:7:693:26:585:609,-1,NONE,inf
1114,0,1,7:687:275:272:257:0.8334,1,35:7:687:275:272:257,-1,NONE,inf
1115,0,1,7:691:274:268:258:0.8848,1,35:7:691:274:268:258,-1,NONE,inf
1116,0,1,7:704:0:575:650:0.8153,1,35:7:704:0:575:650,-1,NONE,inf
1117,0,1,7:702:0:577:651:0.8372,1,35:7:702:0:577:651,-1,NONE,inf
1118,0,1,7:694:275:265:256:0.8342,1,35:7:694:275:265:256,-1,NONE,inf
1119,0,1,7:696:275:263:256:0.7309,1,35:7:696:275:263:256,-1,NONE,inf
1120,0,2,7:345:394:171:97:0.2733;7:695:274:264:255:0.6760,1,35:7:695:274:264:255,-1,NONE,inf
1121,0,1,7:698:274:261:255:0.6935,1,35:7:698:274:261:255,-1,NONE,inf
1122,0,1,7:712:0:567:665:0.7836,1,35:7:712:0:567:665,-1,NONE,inf
1123,0,1,7:703:274:256:256:0.7455,1,35:7:703:274:256:256,-1,NONE,inf
1124,0,1,7:704:275:255:255:0.8611,1,35:7:704:275:255:255,-1,NONE,inf
1125,0,1,7:708:275:251:256:0.8134,1,35:7:708:275:251:256,-1,NONE,inf
1126,0,1,7:711:274:248:257:0.8621,1,35:7:711:274:248:257,-1,NONE,inf
1127,0,1,7:715:274:244:258:0.8525,1,35:7:715:274:244:258,-1,NONE,inf
1128,0,1,7:716:274:243:257:0.8714,1,35:7:716:274:243:257,-1,NONE,inf
1129,0,1,7:720:274:239:258:0.9153,1,35:7:720:274:239:258,-1,NONE,inf
1130,0,1,7:723:275:236:256:0.8657,1,35:7:723:275:236:256,-1,NONE,inf
1131,0,1,7:726:275:233:257:0.8813,1,35:7:726:275:233:257,-1,NONE,inf
1132,0,1,7:729:274:230:257:0.8190,1,35:7:729:274:230:257,-1,NONE,inf
1133,0,1,7:733:275:226:256:0.8614,1,35:7:733:275:226:256,-1,NONE,inf
1134,0,1,7:735:275:224:256:0.8828,1,35:7:735:275:224:256,-1,NONE,inf
1135,0,1,7:739:275:220:256:0.7895,1,35:7:739:275:220:256,-1,NONE,inf
1136,0,1,7:740:274:219:258:0.7001,1,35:7:740:274:219:258,-1,NONE,inf
1137,0,1,7:744:11:535:606:0.7317,1,35:7:744:11:535:606,-1,NONE,inf
1138,0,1,7:745:274:214:258:0.7572,1,35:7:745:274:214:258,-1,NONE,inf
1139,0,1,7:742:274:217:258:0.8237,1,35:7:742:274:217:258,-1,NONE,inf
1140,0,1,7:749:274:210:257:0.8144,1,35:7:749:274:210:257,-1,NONE,inf
1141,0,1,7:755:274:204:256:0.7114,1,35:7:755:274:204:256,-1,NONE,inf
1142,0,1,7:757:274:202:255:0.8165,1,35:7:757:274:202:255,-1,NONE,inf
1143,0,2,2:758:428:43:60:0.5492;7:783:275:176:256:0.7614,1,35:7:783:275:176:256,-1,NONE,inf
1144,0,2,2:760:426:50:63:0.2008;7:788:274:171:257:0.7713,1,35:7:788:274:171:257,-1,NONE,inf
1145,0,1,7:758:10:521:656:0.7865,1,35:7:758:10:521:656,-1,NONE,inf
1146,0,2,2:764:423:60:71:0.3571;7:805:274:154:258:0.8278,1,35:7:805:274:154:258,-1,NONE,inf
1147,0,3,2:459:461:29:19:0.2994;2:767:422:60:71:0.2481;7:815:274:144:258:0.8756,1,35:7:815:274:144:258,-1,NONE,inf
1148,0,3,2:459:460:26:21:0.3860;2:772:423:64:74:0.1497;7:825:274:134:258:0.8254,1,35:7:825:274:134:258,-1,NONE,inf
1149,0,3,2:459:459:27:22:0.2784;7:773:421:76:76:0.2435;7:838:274:121:258:0.8483,1,35:7:838:274:121:258,-1,NONE,inf
1150,0,2,7:776:420:92:79:0.2896;7:848:274:111:257:0.6617,1,35:7:848:274:111:257,-1,NONE,inf
1151,0,3,2:450:462:32:20:0.2583;7:780:419:101:81:0.4351;7:861:274:98:258:0.7363,2,35:7:861:274:98:258;40:7:780:419:101:81,-1,NONE,inf
1152,0,3,2:361:471:54:22:0.3431;7:782:419:112:81:0.4397;7:875:274:84:258:0.6732,2,35:7:875:274:84:258;40:7:782:419:112:81,-1,NONE,inf
1153,0,1,7:785:417:125:85:0.5205,1,40:7:785:417:125:85,-1,NONE,inf
1154,0,2,7:789:419:136:85:0.3873;7:905:51:374:610:0.6436,2,35:7:905:51:374:610;40:7:789:419:136:85,-1,NONE,inf
1155,0,2,2:792:418:150:94:0.4809;7:925:15:354:644:0.6337,2,35:7:925:15:354:644;40:2:792:418:150:94,-1,NONE,inf
1156,0,2,2:796:417:154:94:0.4527;7:949:6:330:652:0.7444,2,35:7:949:6:330:652;40:2:796:417:154:94,-1,NONE,inf
1157,0,6,2:340:435:63:33:0.2829;2:406:476:28:23:0.2760;2:799:417:154:93:0.4614;7:0:331:348:168:0.1569;7:869:391:90:95:0.2140;7:969:2:310:658:0.7270,2,35:7:969:2:310:658;40:2:799:417:154:93,-1,NONE,inf
1158,0,3,2:801:415:158:97:0.3720;7:845:391:172:114:0.1718;7:1002:4:277:659:0.6348,2,35:7:1002:4:277:659;40:2:801:415:158:97,-1,NONE,inf
1159,0,2,2:807:411:152:103:0.4645;7:1026:1:253:664:0.6325,2,35:7:1026:1:253:664;40:2:807:411:152:103,-1,NONE,inf
1160,0,3,2:810:417:149:99:0.6869;7:0:326:306:184:0.1840;7:1058:4:221:660:0.5160,2,35:7:1058:4:221:660;40:2:810:417:149:99,-1,NONE,inf
1161,0,2,2:814:410:145:109:0.4604;7:1106:6:172:654:0.1803,2,35:7:1106:6:172:654;40:2:814:410:145:109,-1,NONE,inf
1162,0,2,2:820:410:139:110:0.5765;7:0:325:280:184:0.1076,1,40:2:820:410:139:110,-1,NONE,inf
1163,0,1,2:824:416:188:108:0.4950,1,40:2:824:416:188:108,-1,NONE,inf
1164,0,1,7:829:392:130:130:0.4944,1,40:7:829:392:130:130,-1,NONE,inf
1165,0,2,2:834:414:198:115:0.5641;7:0:313:241:218:0.1591,1,40:2:834:414:198:115,-1,NONE,inf
1166,0,1,2:836:415:208:116:0.5218,1,40:2:836:415:208:116,-1,NONE,inf
1167,0,1,7:843:395:116:133:0.3589,1,40:7:843:395:116:133,-1,NONE,inf
1168,0,1,7:849:405:110:124:0.3403,1,40:7:849:405:110:124,-1,NONE,inf
1169,0,2,7:853:395:106:136:0.5602;7:915:387:364:124:0.1272,1,40:7:853:395:106:136,-1,NONE,inf
1170,0,1,2:861:407:245:134:0.3653,1,40:2:861:407:245:134,-1,NONE,inf
1171,0,1,2:864:410:248:134:0.6570,1,40:2:864:410:248:134,-1,NONE,inf
1172,0,1,2:869:409:264:137:0.7313,1,40:2:869:409:264:137,-1,NONE,inf
1173,0,1,2:882:408:266:142:0.7357,1,40:2:882:408:266:142,-1,NONE,inf
1174,0,1,2:887:405:282:150:0.7634,1,40:2:887:405:282:150,-1,NONE,inf
1175,0,1,2:892:404:294:152:0.6802,1,40:2:892:404:294:152,-1,NONE,inf
1176,0,2,2:896:402:316:158:0.5864;7:0:305:152:174:0.1507,1,40:2:896:402:316:158,-1,NONE,inf
1177,0,1,2:903:399:332:162:0.7215,1,40:2:903:399:332:162,-1,NONE,inf
1178,0,2,2:914:396:348:169:0.6473;7:0:300:131:118:0.1285,1,40:2:914:396:348:169,-1,NONE,inf
1179,0,1,2:925:390:354:192:0.6839,1,40:2:925:390:354:192,-1,NONE,inf
1180,0,1,2:935:389:343:195:0.6922,1,40:2:935:389:343:195,-1,NONE,inf
1181,0,2,2:945:389:334:198:0.5717;7:0:288:94:124:0.1027,1,40:2:945:389:334:198,-1,NONE,inf
1182,0,1,2:955:390:323:204:0.6169,1,40:2:955:390:323:204,-1,NONE,inf
1183,0,1,2:965:391:314:210:0.5413,1,40:2:965:391:314:210,-1,NONE,inf
1184,0,3,2:977:389:302:220:0.4433;7:0:267:59:202:0.1061;7:955:371:296:118:0.1008,1,40:2:977:389:302:220,-1,NONE,inf
1185,0,2,2:989:390:290:226:0.6333;7:959:372:308:119:0.1267,1,40:2:989:390:290:226,-1,NONE,inf
1186,0,2,2:1003:397:276:218:0.5288;7:960:370:317:124:0.2325,1,40:2:1003:397:276:218,-1,NONE,inf
1187,0,2,2:1016:408:263:190:0.6298;7:966:370:310:126:0.1499,1,40:2:1016:408:263:190,-1,NONE,inf
1188,0,2,2:1029:411:250:172:0.5667;7:967:369:312:128:0.3150,1,40:2:1029:411:250:172,-1,NONE,inf
1189,0,2,2:1049:420:230:170:0.6296;7:977:369:302:130:0.4497,1,40:2:1049:420:230:170,-1,NONE,inf
1190,0,2,2:1061:429:218:168:0.6892;7:984:367:295:130:0.4824,2,40:2:1061:429:218:168;41:7:984:367:295:130,-1,NONE,inf
1191,0,2,2:1083:436:196:174:0.5301;7:983:366:296:133:0.6194,2,40:2:1083:436:196:174;41:7:983:366:296:133,-1,NONE,inf
1192,0,2,2:1105:456:174:158:0.5799;7:992:366:287:134:0.6001,2,40:2:1105:456:174:158;41:7:992:366:287:134,-1,NONE,inf
1193,0,2,2:1122:471:157:142:0.7057;7:996:366:283:136:0.5769,2,40:2:1122:471:157:142;41:7:996:366:283:136,-1,NONE,inf
1194,0,2,2:1150:490:129:128:0.5987;7:996:365:283:140:0.5384,2,40:2:1150:490:129:128;41:7:996:365:283:140,-1,NONE,inf
1195,0,2,2:1177:492:102:130:0.3948;7:1008:363:271:142:0.6568,2,40:2:1177:492:102:130;41:7:1008:363:271:142,-1,NONE,inf
1196,0,2,2:1208:506:71:116:0.3475;7:1015:363:264:142:0.5587,2,40:2:1208:506:71:116;41:7:1015:363:264:142,-1,NONE,inf
1197,0,2,2:1245:501:34:98:0.2251;7:1021:358:258:152:0.6729,2,40:2:1245:501:34:98;41:7:1021:358:258:152,-1,NONE,inf
1198,0,1,7:1024:356:255:149:0.6018,1,41:7:1024:356:255:149,-1,NONE,inf
1199,0,1,7:1028:354:251:150:0.5444,1,41:7:1028:354:251:150,-1,NONE,inf
1200,0,1,7:1036:354:243:154:0.5619,1,41:7:1036:354:243:154,-1,NONE,inf
1201,0,1,7:1044:353:235:157:0.4133,1,41:7:1044:353:235:157,-1,NONE,inf
1202,0,1,7:1050:351:229:156:0.2456,1,41:7:1050:351:229:156,-1,NONE,inf
1203,0,1,7:1057:350:222:156:0.3057,1,41:7:1057:350:222:156,-1,NONE,inf
1204,0,1,7:1064:348:215:162:0.2317,1,41:7:1064:348:215:162,-1,NONE,inf
1205,0,1,7:1073:346:206:159:0.1469,1,41:7:1073:346:206:159,-1,NONE,inf
1206,0,1,7:1080:342:199:166:0.3791,1,41:7:1080:342:199:166,-1,NONE,inf
1207,0,1,7:1088:342:191:166:0.3618,1,41:7:1088:342:191:166,-1,NONE,inf
1208,0,1,7:1092:338:187:178:0.3988,1,41:7:1092:338:187:178,-1,NONE,inf
1209,0,1,5:1106:336:173:179:0.3890,1,41:5:1106:336:173:179,-1,NONE,inf
1210,0,1,5:1112:334:167:182:0.5812,1,41:5:1112:334:167:182,-1,NONE,inf
1211,0,1,5:1124:332:155:186:0.4647,1,41:5:1124:332:155:186,-1,NONE,inf
1212,0,1,5:1134:332:145:185:0.5367,1,41:5:1134:332:145:185,-1,NONE,inf
1213,0,1,5:1144:329:135:188:0.3995,1,41:5:1144:329:135:188,-1,NONE,inf
1214,0,1,5:1153:329:126:188:0.5617,1,41:5:1153:329:126:188,-1,NONE,inf
1215,0,1,5:1167:329:112:189:0.6022,1,41:5:1167:329:112:189,-1,NONE,inf
1216,0,1,5:1177:326:102:192:0.6882,1,41:5:1177:326:102:192,-1,NONE,inf
1217,0,1,5:1187:330:92:188:0.4524,1,41:5:1187:330:92:188,-1,NONE,inf
1218,0,1,7:1205:338:74:179:0.3826,1,41:7:1205:338:74:179,-1,NONE,inf
1219,0,1,7:1217:343:62:174:0.4215,1,41:7:1217:343:62:174,-1,NONE,inf
1220,0,0,,0,,-1,NONE,inf
1221,0,0,,0,,-1,NONE,inf
1222,0,0,,0,,-1,NONE,inf
1223,0,0,,0,,-1,NONE,inf
1224,0,0,,0,,-1,NONE,inf
1225,0,0,,0,,-1,NONE,inf
1226,0,0,,0,,-1,NONE,inf
1227,0,0,,0,,-1,NONE,inf
1228,0,0,,0,,-1,NONE,inf
1229,0,0,,0,,-1,NONE,inf
1230,0,0,,0,,-1,NONE,inf
1231,0,0,,0,,-1,NONE,inf
1232,0,0,,0,,-1,NONE,inf
1233,0,0,,0,,-1,NONE,inf
1234,0,0,,0,,-1,NONE,inf
1235,0,0,,0,,-1,NONE,inf
1236,0,0,,0,,-1,NONE,inf
1237,0,0,,0,,-1,NONE,inf
1238,0,0,,0,,-1,NONE,inf
1239,0,0,,0,,-1,NONE,inf
1240,0,0,,0,,-1,NONE,inf
1241,0,1,2:523:445:13:10:0.2027,0,,-1,NONE,inf
1242,0,0,,0,,-1,NONE,inf
1243,0,0,,0,,-1,NONE,inf
1244,0,0,,0,,-1,NONE,inf
1245,0,0,,0,,-1,NONE,inf
1246,0,0,,0,,-1,NONE,inf
1247,0,0,,0,,-1,NONE,inf
1248,0,0,,0,,-1,NONE,inf
1249,0,0,,0,,-1,NONE,inf
1250,0,0,,0,,-1,NONE,inf
1251,0,0,,0,,-1,NONE,inf
1252,0,0,,0,,-1,NONE,inf
