frame,sceneChanged,numDetections,detections,numTracks,tracks,activeLeadId,riskLevel,ttc
1,0,5,2:254:452:65:31:0.6175;2:380:452:35:21:0.5943;2:563:447:40:31:0.7589;7:433:451:20:16:0.3790;7:604:418:47:53:0.5168,0,,-1,NONE,inf
2,0,5,2:227:453:74:31:0.4591;2:370:452:37:22:0.5736;2:427:452:25:16:0.4131;2:563:447:40:31:0.7502;7:600:418:51:54:0.6371,0,,-1,NONE,inf
3,0,5,2:202:453:79:33:0.4883;2:359:451:40:23:0.6365;2:421:452:25:17:0.3921;2:563:447:39:31:0.7703;7:604:418:48:53:0.6143,5,1:2:563:447:39:31;2:7:604:418:48:53;3:2:359:451:40:23;4:2:202:453:79:33;5:2:421:452:25:17,-1,NONE,inf
4,0,5,2:163:467:48:22:0.1671;2:347:450:44:24:0.7036;2:415:452:23:17:0.4148;2:563:447:39:31:0.7657;7:608:418:42:51:0.6372,5,1:2:563:447:39:31;2:7:608:418:42:51;3:2:347:450:44:24;4:2:163:467:48:22;5:2:415:452:23:17,-1,NONE,inf
5,0,5,2:128:452:101:40:0.7987;2:333:450:50:25:0.5205;2:409:452:28:16:0.3610;2:563:447:39:31:0.7573;7:608:418:43:51:0.6627,5,1:2:563:447:39:31;2:7:608:418:43:51;3:2:333:450:50:25;4:2:128:452:101:40;5:2:409:452:28:16,-1,NONE,inf
6,0,5,2:80:452:121:45:0.7915;2:321:450:46:25:0.5479;2:401:450:29:18:0.3357;2:563:446:40:32:0.7730;7:608:418:43:51:0.6659,5,1:2:563:446:40:32;2:7:608:418:43:51;3:2:321:450:46:25;4:2:80:452:121:45;5:2:401:450:29:18,-1,NONE,inf
7,0,7,2:18:449:142:51:0.8040;2:303:451:56:28:0.5795;2:355:449:42:23:0.1191;2:394:451:29:19:0.4753;2:412:453:13:18:0.2284;2:563:446:39:32:0.7916;7:609:418:43:51:0.6155,5,1:2:563:446:39:32;2:7:609:418:43:51;3:2:303:451:56:28;4:2:18:449:142:51;5:2:394:451:29:19,-1,NONE,inf
8,0,6,2:0:449:119:57:0.8316;2:283:450:56:31:0.5786;2:385:451:32:20:0.4967;2:563:446:39:32:0.7872;7:337:454:21:21:0.2007;7:609:417:43:51:0.6425,5,1:2:563:446:39:32;2:7:609:417:43:51;3:2:283:450:56:31;4:2:0:449:119:57;5:2:385:451:32:20,-1,NONE,inf
9,0,6,2:0:450:62:54:0.4910;2:261:450:55:32:0.5446;2:376:451:33:20:0.5124;2:563:446:39:32:0.7719;7:322:454:28:20:0.3667;7:609:416:44:53:0.6875,5,1:2:563:446:39:32;2:7:609:416:44:53;3:2:261:450:55:32;4:2:0:450:62:54;5:2:376:451:33:20,-1,NONE,inf
10,0,7,2:235:452:65:30:0.5243;2:275:458:31:26:0.1331;2:303:453:33:24:0.2612;2:320:454:19:20:0.4034;2:365:451:36:21:0.4513;2:563:446:39:32:0.7555;7:609:415:44:53:0.7652,4,1:2:563:446:39:32;2:7:609:415:44:53;3:2:235:452:65:30;5:2:365:451:36:21,-1,NONE,inf
11,0,5,2:207:449:78:37:0.6996;2:284:451:45:28:0.5618;2:353:450:39:23:0.5446;2:563:446:39:32:0.7735;7:609:415:44:53:0.7629,5,1:2:563:446:39:32;2:7:609:415:44:53;3:2:207:449:78:37;5:2:353:450:39:23;6:2:284:451:45:28,-1,NONE,inf
12,0,5,2:170:448:89:42:0.8018;2:268:452:50:28:0.6644;2:340:450:41:26:0.5596;2:563:446:39:32:0.7777;7:609:415:45:53:0.7686,5,1:2:563:446:39:32;2:7:609:415:45:53;3:2:170:448:89:42;5:2:340:450:41:26;6:2:268:452:50:28,-1,NONE,inf
13,0,6,2:127:448:101:47:0.8463;2:253:454:50:28:0.5240;2:295:450:38:28:0.1141;2:324:451:48:28:0.4863;2:563:446:39:32:0.7715;7:610:415:44:54:0.7560,5,1:2:563:446:39:32;2:7:610:415:44:54;3:2:127:448:101:47;5:2:324:451:48:28;6:2:253:454:50:28,-1,NONE,inf
14,0,5,2:72:448:122:52:0.8749;2:233:456:56:26:0.6304;2:308:449:51:31:0.5780;2:563:446:39:32:0.7942;7:610:414:45:55:0.7591,5,1:2:563:446:39:32;2:7:610:414:45:55;3:2:72:448:122:52;5:2:308:449:51:31;6:2:233:456:56:26,-1,NONE,inf
15,0,5,2:3:447:147:55:0.8779;2:211:454:61:30:0.6900;2:290:450:53:32:0.5534;2:563:446:39:32:0.7730;7:610:414:46:55:0.7920,5,1:2:563:446:39:32;2:7:610:414:46:55;3:2:3:447:147:55;5:2:290:450:53:32;6:2:211:454:61:30,-1,NONE,inf
16,0,5,2:0:446:97:65:0.7808;2:188:454:61:30:0.7563;2:269:449:61:34:0.7340;2:563:446:39:32:0.7693;7:610:414:47:55:0.7570,5,1:2:563:446:39:32;2:7:610:414:47:55;3:2:0:446:97:65;5:2:269:449:61:34;6:2:188:454:61:30,-1,NONE,inf
17,0,5,2:0:444:29:67:0.3764;2:159:454:73:32:0.6725;2:242:452:66:32:0.4852;2:562:447:41:29:0.7793;7:611:414:47:56:0.7641,5,1:2:562:447:41:29;2:7:611:414:47:56;3:2:0:444:29:67;5:2:242:452:66:32;6:2:159:454:73:32,1,SAFE,inf
18,0,4,2:127:455:81:33:0.8496;2:213:451:74:35:0.5302;2:562:447:40:29:0.7904;7:611:413:47:56:0.7025,4,1:2:562:447:40:29;2:7:611:413:47:56;5:2:213:451:74:35;6:2:127:455:81:33,1,SAFE,inf
19,0,5,2:90:454:89:35:0.6892;2:175:448:89:43:0.6458;2:521:447:10:11:0.2024;2:562:447:40:29:0.7777;7:611:413:48:56:0.6991,4,1:2:562:447:40:29;2:7:611:413:48:56;5:2:175:448:89:43;6:2:90:454:89:35,1,SAFE,inf
20,0,5,2:47:453:99:42:0.8707;2:139:448:96:45:0.8207;2:520:447:11:11:0.2458;2:563:446:39:31:0.7899;7:611:412:48:57:0.6878,4,1:2:563:446:39:31;2:7:611:412:48:57;5:2:139:448:96:45;6:2:47:453:99:42,1,SAFE,inf
21,0,5,2:1:453:95:43:0.4488;2:91:447:108:48:0.3961;2:563:446:39:31:0.7807;2:1133:469:32:18:0.1269;7:612:411:48:58:0.7266,4,1:2:563:446:39:31;2:7:612:411:48:58;5:2:91:447:108:48;6:2:1:453:95:43,1,SAFE,inf
22,0,6,2:0:449:54:53:0.2078;2:475:451:16:10:0.3379;2:520:447:11:11:0.2675;2:563:446:39:31:0.7880;2:1187:472:37:19:0.1328;7:612:411:49:58:0.6968,3,1:2:563:446:39:31;2:7:612:411:49:58;6:2:0:449:54:53,1,SAFE,inf
23,0,4,2:0:444:99:65:0.7899;2:519:445:12:13:0.2374;2:563:446:39:31:0.7867;7:612:410:50:59:0.4823,3,1:2:563:446:39:31;2:7:612:410:50:59;6:2:0:444:99:65,1,SAFE,inf
24,0,4,2:469:451:18:10:0.3526;2:518:446:12:12:0.2277;2:562:446:40:31:0.8057;7:613:410:49:59:0.4085,2,1:2:562:446:40:31;2:7:613:410:49:59,1,SAFE,inf
25,0,4,2:467:450:17:11:0.3398;2:518:446:12:12:0.2041;2:562:446:40:30:0.8107;7:613:410:50:59:0.4752,2,1:2:562:446:40:30;2:7:613:410:50:59,1,SAFE,inf
26,0,3,2:463:450:19:11:0.4510;2:562:445:40:31:0.7928;7:592:410:72:60:0.3463,3,1:2:562:445:40:31;2:7:592:410:72:60;7:2:463:450:19:11,1,SAFE,inf
27,0,3,2:460:449:19:12:0.3932;2:562:444:40:32:0.7899;7:613:408:51:61:0.5265,3,1:2:562:444:40:32;2:7:613:408:51:61;7:2:460:449:19:12,1,SAFE,inf
28,0,3,2:457:449:21:12:0.4442;2:562:444:40:32:0.8065;7:613:408:52:62:0.5817,3,1:2:562:444:40:32;2:7:613:408:52:62;7:2:457:449:21:12,1,SAFE,30.107
29,0,3,2:454:450:19:11:0.3822;2:562:445:40:31:0.8085;7:614:408:52:62:0.6747,3,1:2:562:445:40:31;2:7:614:408:52:62;7:2:454:450:19:11,1,SAFE,14.634
30,0,3,2:449:450:21:12:0.3159;2:562:445:40:31:0.8190;7:614:407:53:63:0.7329,3,1:2:562:445:40:31;2:7:614:407:53:63;7:2:449:450:21:12,1,SAFE,9.359
31,0,3,2:446:449:21:14:0.4884;2:562:445:40:31:0.8105;7:614:407:54:64:0.7520,3,1:2:562:445:40:31;2:7:614:407:54:64;7:2:446:449:21:14,1,SAFE,6.722
32,0,3,2:442:449:23:14:0.4308;2:562:445:40:31:0.8165;7:614:407:54:64:0.6922,3,1:2:562:445:40:31;2:7:614:407:54:64;7:2:442:449:23:14,1,SAFE,9.108
33,0,3,2:437:450:25:14:0.4831;2:562:445:40:31:0.8220;7:615:406:55:65:0.7636,3,1:2:562:445:40:31;2:7:615:406:55:65;7:2:437:450:25:14,1,SAFE,15.705
34,0,5,2:433:450:25:14:0.4966;2:512:445:12:14:0.2146;2:528:446:11:11:0.2150;2:562:445:40:31:0.8289;7:615:406:55:65:0.7206,3,1:2:562:445:40:31;2:7:615:406:55:65;7:2:433:450:25:14,1,SAFE,inf
35,0,3,2:428:450:24:15:0.4804;2:562:445:40:31:0.8345;7:615:406:56:65:0.7369,3,1:2:562:445:40:31;2:7:615:406:56:65;7:2:428:450:24:15,1,SAFE,inf
36,0,3,2:422:450:27:15:0.5773;2:562:445:40:31:0.8331;7:616:406:56:65:0.7959,3,1:2:562:445:40:31;2:7:616:406:56:65;7:2:422:450:27:15,1,SAFE,inf
37,0,3,2:415:449:31:16:0.4583;2:562:445:40:31:0.8240;7:616:405:57:66:0.8137,3,1:2:562:445:40:31;2:7:616:405:57:66;7:2:415:449:31:16,1,SAFE,inf
38,0,3,2:409:450:31:16:0.4575;2:562:445:40:32:0.8197;7:616:405:57:67:0.7631,3,1:2:562:445:40:32;2:7:616:405:57:67;7:2:409:450:31:16,1,SAFE,47.488
39,0,3,2:402:451:32:15:0.5700;2:561:446:41:31:0.8024;7:617:405:57:67:0.7542,3,1:2:561:446:41:31;2:7:617:405:57:67;7:2:402:451:32:15,1,SAFE,inf
40,0,3,2:396:451:32:16:0.5646;2:562:446:40:31:0.8007;7:617:405:59:68:0.7606,3,1:2:562:446:40:31;2:7:617:405:59:68;7:2:396:451:32:16,1,SAFE,inf
41,0,4,2:388:451:31:17:0.4766;2:409:455:14:12:0.2295;2:561:447:41:29:0.7950;7:617:405:60:69:0.8163,3,1:2:561:447:41:29;2:7:617:405:60:69;7:2:388:451:31:17,1,SAFE,inf
42,0,4,2:379:451:35:17:0.5832;2:562:446:39:32:0.7797;7:506:443:15:16:0.2228;7:618:404:60:71:0.8164,3,1:2:562:446:39:32;2:7:618:404:60:71;7:2:379:451:35:17,1,SAFE,inf
43,0,4,2:368:450:38:19:0.4328;2:394:456:15:12:0.2002;2:561:447:40:30:0.7774;7:618:403:60:72:0.8078,3,1:2:561:447:40:30;2:7:618:403:60:72;7:2:368:450:38:19,1,SAFE,inf
44,0,3,2:360:451:39:19:0.5330;2:562:446:39:32:0.7460;7:619:403:61:72:0.8191,3,1:2:562:446:39:32;2:7:619:403:61:72;7:2:360:451:39:19,1,SAFE,inf
45,0,4,2:347:450:45:22:0.4518;2:561:446:40:31:0.7575;2:598:450:10:14:0.2266;7:619:402:62:73:0.7828,3,1:2:561:446:40:31;2:7:619:402:62:73;7:2:347:450:45:22,1,SAFE,inf
46,0,4,2:335:449:48:23:0.5423;2:561:447:41:29:0.7460;2:598:450:10:14:0.2650;7:620:402:61:73:0.7863,3,1:2:561:447:41:29;2:7:620:402:61:73;7:2:335:449:48:23,1,SAFE,inf
47,0,4,2:321:451:50:24:0.6041;2:562:446:39:32:0.7222;2:598:450:11:13:0.3424;7:620:402:63:73:0.8476,3,1:2:562:446:39:32;2:7:620:402:63:73;7:2:321:451:50:24,1,SAFE,inf
48,0,4,2:320:451:37:23:0.4981;2:562:446:39:32:0.7312;2:597:450:12:13:0.3682;7:621:402:64:73:0.8480,3,1:2:562:446:39:32;2:7:621:402:64:73;7:2:320:451:37:23,1,SAFE,inf
49,0,4,2:320:459:26:17:0.4551;2:562:446:39:32:0.7354;2:597:450:12:13:0.4104;7:622:401:63:74:0.8474,4,1:2:562:446:39:32;2:7:622:401:63:74;7:2:320:459:26:17;8:2:597:450:12:13,1,SAFE,33.959
50,0,6,2:264:449:67:30:0.6304;2:523:447:11:12:0.2597;2:562:446:39:32:0.7360;2:597:450:12:12:0.4309;7:498:442:17:18:0.3040;7:622:400:64:76:0.8423,4,1:2:562:446:39:32;2:7:622:400:64:76;7:2:264:449:67:30;8:2:597:450:12:12,1,SAFE,19.750
51,0,6,2:240:448:74:34:0.6688;2:521:447:12:12:0.3005;2:561:447:41:30:0.7465;2:597:450:12:12:0.3893;7:498:442:18:18:0.3242;7:622:400:65:76:0.8931,4,1:2:561:447:41:30;2:7:622:400:65:76;7:2:240:448:74:34;8:2:597:450:12:12,1,SAFE,49.844
52,0,6,2:211:450:84:34:0.6761;2:521:448:10:11:0.3595;2:561:447:41:30:0.7691;2:597:451:12:11:0.3867;7:497:442:19:19:0.3673;7:623:400:65:77:0.8502,5,1:2:561:447:41:30;2:7:623:400:65:77;7:2:211:450:84:34;8:2:597:451:12:11;9:7:497:442:19:19,1,SAFE,inf
53,0,6,2:177:448:95:39:0.7726;2:520:448:10:11:0.3749;2:561:447:42:30:0.7590;2:597:451:13:12:0.4022;7:496:442:18:18:0.3085;7:623:399:67:79:0.8366,6,1:2:561:447:42:30;2:7:623:399:67:79;7:2:177:448:95:39;8:2:597:451:13:12;9:7:496:442:18:18;10:2:520:448:10:11,1,SAFE,inf
54,0,6,2:136:449:112:41:0.7863;2:520:448:10:11:0.3065;2:561:447:42:30:0.7629;2:597:451:13:11:0.3913;7:496:442:18:18:0.2327;7:623:398:69:80:0.8371,6,1:2:561:447:42:30;2:7:623:398:69:80;7:2:136:449:112:41;8:2:597:451:13:11;9:7:496:442:18:18;10:2:520:448:10:11,1,SAFE,inf
55,0,6,2:87:449:129:44:0.7347;2:520:447:10:12:0.2851;2:561:446:41:31:0.7491;2:597:450:13:12:0.3749;7:494:442:16:18:0.2280;7:624:397:69:81:0.8254,6,1:2:561:446:41:31;2:7:624:397:69:81;7:2:87:449:129:44;8:2:597:450:13:12;9:7:494:442:16:18;10:2:520:447:10:12,1,SAFE,inf
56,0,6,2:24:449:155:50:0.7026;2:519:447:12:13:0.2516;2:561:446:41:31:0.7662;2:598:450:12:12:0.3307;7:494:442:17:18:0.2118;7:625:396:70:81:0.8539,6,1:2:561:446:41:31;2:7:625:396:70:81;7:2:24:449:155:50;8:2:598:450:12:12;9:7:494:442:17:18;10:2:519:447:12:13,1,SAFE,inf
57,0,5,2:0:447:135:52:0.8057;2:561:446:41:31:0.7666;2:597:450:13:12:0.4347;7:492:441:19:19:0.2076;7:625:395:72:83:0.8103,5,1:2:561:446:41:31;2:7:625:395:72:83;7:2:0:447:135:52;8:2:597:450:13:12;9:7:492:441:19:19,1,SAFE,inf
58,0,5,2:0:446:77:55:0.7221;2:561:446:41:31:0.7512;2:597:450:13:11:0.4624;7:490:441:20:19:0.2136;7:625:395:72:83:0.8561,5,1:2:561:446:41:31;2:7:625:395:72:83;7:2:0:446:77:55;8:2:597:450:13:11;9:7:490:441:20:19,1,SAFE,inf
59,0,4,2:562:446:40:30:0.7799;2:597:450:14:11:0.4465;7:490:441:16:19:0.3095;7:626:394:72:83:0.8673,4,1:2:562:446:40:30;2:7:626:394:72:83;8:2:597:450:14:11;9:7:490:441:16:19,1,SAFE,inf
60,0,4,2:562:445:40:31:0.7881;2:597:449:14:12:0.3781;7:489:440:20:20:0.2936;7:626:392:74:85:0.8793,4,1:2:562:445:40:31;2:7:626:392:74:85;8:2:597:449:14:12;9:7:489:440:20:20,1,SAFE,inf
61,0,4,2:562:445:40:31:0.7964;2:597:449:14:12:0.4169;7:488:440:21:19:0.2030;7:627:391:75:86:0.8966,4,1:2:562:445:40:31;2:7:627:391:75:86;8:2:597:449:14:12;9:7:488:440:21:19,1,SAFE,inf
62,0,4,2:562:445:40:31:0.7613;2:598:449:13:13:0.4282;7:486:440:19:19:0.2033;7:627:391:77:86:0.8757,4,1:2:562:445:40:31;2:7:627:391:77:86;8:2:598:449:13:13;9:7:486:440:19:19,1,SAFE,inf
63,0,4,2:563:445:39:30:0.7271;2:597:449:15:13:0.4750;7:485:440:20:21:0.3181;7:628:391:77:87:0.7972,4,1:2:563:445:39:30;2:7:628:391:77:87;8:2:597:449:15:13;9:7:485:440:20:21,1,SAFE,inf
64,0,4,2:564:445:38:31:0.7574;2:597:449:15:13:0.4512;7:483:440:17:21:0.3990;7:628:390:79:88:0.8163,4,1:2:564:445:38:31;2:7:628:390:79:88;8:2:597:449:15:13;9:7:483:440:17:21,1,SAFE,inf
65,0,5,0:515:441:11:19:0.1281;2:564:445:39:31:0.7518;2:597:449:15:13:0.4053;7:482:440:20:20:0.4693;7:628:389:82:90:0.8277,4,1:2:564:445:39:31;2:7:628:389:82:90;8:2:597:449:15:13;9:7:482:440:20:20,1,SAFE,17.808
66,0,5,0:515:442:11:18:0.1122;2:564:445:39:30:0.7678;2:598:449:14:13:0.4200;7:481:439:24:22:0.4774;7:629:388:83:91:0.8460,4,1:2:564:445:39:30;2:7:629:388:83:91;8:2:598:449:14:13;9:7:481:439:24:22,1,SAFE,40.704
67,0,4,2:565:445:38:30:0.7564;2:598:450:14:12:0.4290;7:480:440:17:21:0.4095;7:629:387:85:93:0.8473,4,1:2:565:445:38:30;2:7:629:387:85:93;8:2:598:450:14:12;9:7:480:440:17:21,1,SAFE,inf
68,0,4,2:565:445:38:31:0.7618;2:598:450:14:12:0.4268;7:478:439:17:22:0.4044;7:631:387:83:93:0.7916,4,1:2:565:445:38:31;2:7:631:387:83:93;8:2:598:450:14:12;9:7:478:439:17:22,1,SAFE,inf
69,0,4,2:565:446:38:29:0.7620;2:598:450:14:12:0.3423;7:476:439:24:22:0.4489;7:632:386:85:94:0.7956,4,1:2:565:446:38:29;2:7:632:386:85:94;8:2:598:450:14:12;9:7:476:439:24:22,1,SAFE,inf
70,0,4,2:565:445:38:31:0.7702;2:599:450:13:12:0.2672;7:475:439:19:22:0.4234;7:631:385:88:96:0.8136,4,1:2:565:445:38:31;2:7:631:385:88:96;8:2:599:450:13:12;9:7:475:439:19:22,1,SAFE,inf
71,0,4,2:565:446:39:29:0.7748;2:599:450:14:12:0.2860;7:474:439:17:22:0.3897;7:631:384:91:97:0.8458,4,1:2:565:446:39:29;2:7:631:384:91:97;8:2:599:450:14:12;9:7:474:439:17:22,1,SAFE,inf
72,0,4,2:565:446:38:29:0.7696;2:600:450:13:12:0.2390;7:472:439:21:22:0.4887;7:632:383:91:98:0.8740,4,1:2:565:446:38:29;2:7:632:383:91:98;8:2:600:450:13:12;9:7:472:439:21:22,1,SAFE,inf
73,0,4,2:511:443:14:18:0.1156;2:565:445:39:30:0.7718;7:470:439:17:22:0.4301;7:633:382:92:99:0.8333,3,1:2:565:445:39:30;2:7:633:382:92:99;9:7:470:439:17:22,1,SAFE,inf
74,0,5,2:566:445:38:31:0.7762;7:467:438:28:25:0.4301;7:508:442:16:18:0.2424;7:597:425:42:50:0.1547;7:632:381:96:101:0.8636,3,1:2:566:445:38:31;2:7:632:381:96:101;9:7:467:438:28:25,1,SAFE,inf
75,0,5,2:566:445:38:32:0.7824;7:466:438:24:25:0.3838;7:507:443:17:17:0.2624;7:597:425:43:49:0.2064;7:634:380:97:103:0.8533,3,1:2:566:445:38:32;2:7:634:380:97:103;9:7:466:438:24:25,1,SAFE,inf
76,0,5,2:566:445:38:30:0.7898;7:464:439:19:23:0.4128;7:506:442:18:18:0.2925;7:598:424:42:38:0.1812;7:636:379:96:103:0.8188,3,1:2:566:445:38:30;2:7:636:379:96:103;9:7:464:439:19:23,1,SAFE,inf
77,0,5,2:567:445:38:30:0.7888;7:462:438:20:24:0.2837;7:506:442:16:18:0.2149;7:598:425:43:37:0.2147;7:637:377:99:105:0.7895,3,1:2:567:445:38:30;2:7:637:377:99:105;9:7:462:438:20:24,1,SAFE,inf
78,0,4,2:566:445:39:30:0.8026;2:603:451:11:11:0.2217;7:460:438:19:24:0.3467;7:637:376:101:107:0.7861,3,1:2:566:445:39:30;2:7:637:376:101:107;9:7:460:438:19:24,1,SAFE,inf
79,0,4,2:567:445:38:30:0.8208;2:603:451:11:12:0.2318;7:458:437:20:26:0.3920;7:637:375:104:108:0.8559,3,1:2:567:445:38:30;2:7:637:375:104:108;9:7:458:437:20:26,1,SAFE,inf
80,0,5,2:540:448:13:10:0.2028;2:567:445:38:30:0.8109;2:603:450:12:12:0.2657;7:455:437:35:26:0.4139;7:639:373:105:110:0.8685,4,1:2:567:445:38:30;2:7:639:373:105:110;8:2:603:450:12:12;9:7:455:437:35:26,1,SAFE,inf
81,0,4,2:567:445:39:30:0.7942;2:603:450:12:12:0.2304;7:452:437:32:26:0.4529;7:640:372:107:111:0.8649,4,1:2:567:445:39:30;2:7:640:372:107:111;8:2:603:450:12:12;9:7:452:437:32:26,1,SAFE,inf
82,0,4,2:567:445:40:32:0.7955;2:603:450:11:12:0.2487;7:449:436:27:28:0.5098;7:640:370:110:115:0.8836,4,1:2:567:445:40:32;2:7:640:370:110:115;8:2:603:450:11:12;9:7:449:436:27:28,1,SAFE,20.039
83,0,6,2:567:446:40:31:0.7647;5:500:440:18:20:0.2921;7:447:436:23:28:0.4926;7:462:434:22:29:0.2781;7:600:424:45:38:0.1104;7:641:369:112:118:0.8658,4,1:2:567:446:40:31;2:7:641:369:112:118;8:7:600:424:45:38;9:7:447:436:23:28,1,SAFE,11.225
84,0,4,2:567:445:40:32:0.7559;5:499:440:16:20:0.2327;7:445:434:37:30:0.6119;7:642:368:112:118:0.8411,3,1:2:567:445:40:32;2:7:642:368:112:118;9:7:445:434:37:30,1,SAFE,10.531
85,0,4,2:568:445:39:32:0.7681;5:498:440:17:20:0.2821;7:442:433:39:32:0.5951;7:643:367:112:120:0.8796,3,1:2:568:445:39:32;2:7:643:367:112:120;9:7:442:433:39:32,1,SAFE,6.785
86,0,4,2:568:446:40:31:0.7459;7:439:433:40:32:0.7248;7:496:440:20:20:0.3140;7:642:366:120:122:0.9127,3,1:2:568:446:40:31;2:7:642:366:120:122;9:7:439:433:40:32,1,SAFE,8.655
87,0,4,2:569:446:39:31:0.7156;7:436:433:41:32:0.7473;7:495:440:20:20:0.3594;7:644:364:122:124:0.9034,3,1:2:569:446:39:31;2:7:644:364:122:124;9:7:436:433:41:32,1,SAFE,13.064
88,0,4,2:569:446:38:31:0.6889;7:432:432:44:33:0.7919;7:494:439:22:21:0.4090;7:645:362:125:127:0.9115,4,1:2:569:446:38:31;2:7:645:362:125:127;9:7:432:432:44:33;11:7:494:439:22:21,1,SAFE,16.823
89,0,4,2:569:447:39:30:0.6939;5:494:439:21:20:0.3723;7:429:431:45:35:0.6375;7:645:361:129:128:0.9247,4,1:2:569:447:39:30;2:7:645:361:129:128;9:7:429:431:45:35;11:5:494:439:21:20,1,SAFE,23.619
90,0,4,2:569:446:39:31:0.7303;5:492:439:23:21:0.3534;7:425:430:47:36:0.7415;7:646:358:131:132:0.9160,4,1:2:569:446:39:31;2:7:646:358:131:132;9:7:425:430:47:36;11:5:492:439:23:21,1,SAFE,12.422
91,0,5,2:569:446:40:31:0.7439;2:606:450:9:12:0.2486;5:491:439:23:21:0.3521;7:421:429:49:37:0.6534;7:647:356:135:133:0.9131,4,1:2:569:446:40:31;2:7:647:356:135:133;9:7:421:429:49:37;11:5:491:439:23:21,1,SAFE,14.971
92,0,5,2:570:446:39:31:0.7446;2:606:450:9:13:0.2347;5:490:439:22:21:0.4214;7:418:430:49:37:0.7471;7:648:354:138:136:0.8979,4,1:2:570:446:39:31;2:7:648:354:138:136;9:7:418:430:49:37;11:5:490:439:22:21,1,SAFE,20.169
93,0,5,2:570:446:39:31:0.7704;2:607:450:9:13:0.2010;5:489:439:23:21:0.4159;7:414:429:51:39:0.7893;7:649:353:138:138:0.9014,4,1:2:570:446:39:31;2:7:649:353:138:138;9:7:414:429:51:39;11:5:489:439:23:21,1,SAFE,34.653
94,0,5,2:570:446:40:31:0.8104;2:607:450:9:13:0.2098;5:487:438:24:22:0.4799;7:410:428:52:39:0.8068;7:649:350:146:141:0.9147,4,1:2:570:446:40:31;2:7:649:350:146:141;9:7:410:428:52:39;11:5:487:438:24:22,1,SAFE,inf
95,0,5,2:570:445:40:32:0.8070;2:607:450:9:13:0.2472;7:403:428:56:40:0.7067;7:486:438:24:22:0.3183;7:650:348:150:143:0.9383,4,1:2:570:445:40:32;2:7:650:348:150:143;9:7:403:428:56:40;11:7:486:438:24:22,1,SAFE,inf
96,0,4,2:570:446:40:31:0.7863;5:485:438:24:22:0.4229;7:399:427:58:41:0.6620;7:651:347:154:145:0.9357,4,1:2:570:446:40:31;2:7:651:347:154:145;9:7:399:427:58:41;11:5:485:438:24:22,1,SAFE,inf
97,0,4,2:570:445:40:32:0.7938;5:483:437:25:23:0.3706;7:394:427:59:42:0.7516;7:651:345:159:148:0.9417,4,1:2:570:445:40:32;2:7:651:345:159:148;9:7:394:427:59:42;11:5:483:437:25:23,1,SAFE,inf
98,0,4,2:570:445:39:32:0.7890;5:480:438:26:23:0.3784;7:387:426:63:44:0.8013;7:653:343:162:152:0.9485,4,1:2:570:445:39:32;2:7:653:343:162:152;9:7:387:426:63:44;11:5:480:438:26:23,1,SAFE,48.515
99,0,4,2:570:445:39:32:0.7694;7:382:425:65:45:0.7629;7:480:438:25:23:0.4965;7:651:340:170:155:0.9577,4,1:2:570:445:39:32;2:7:651:340:170:155;9:7:382:425:65:45;11:7:480:438:25:23,1,SAFE,17.210
100,0,4,2:571:445:39:32:0.7210;5:478:438:27:23:0.5334;7:376:424:68:47:0.7664;7:651:338:175:160:0.9568,4,1:2:571:445:39:32;2:7:651:338:175:160;9:7:376:424:68:47;11:5:478:438:27:23,1,SAFE,10.461
101,0,4,2:571:445:39:33:0.7227;7:369:423:71:48:0.8110;7:476:437:27:24:0.4777;7:652:335:180:163:0.9531,4,1:2:571:445:39:33;2:7:652:335:180:163;9:7:369:423:71:48;11:7:476:437:27:24,1,SAFE,7.754
102,0,4,2:571:445:39:32:0.7056;7:362:421:74:50:0.8122;7:474:437:28:24:0.4255;7:652:331:188:169:0.9434,4,1:2:571:445:39:32;2:7:652:331:188:169;9:7:362:421:74:50;11:7:474:437:28:24,1,SAFE,7.543
103,0,4,2:572:445:39:32:0.7222;7:354:420:78:51:0.8378;7:472:437:29:24:0.3684;7:653:329:193:171:0.9425,4,1:2:572:445:39:32;2:7:653:329:193:171;9:7:354:420:78:51;11:7:472:437:29:24,1,SAFE,7.531
104,0,5,2:572:445:39:32:0.7110;7:346:419:83:54:0.8615;7:470:436:30:26:0.3642;7:514:444:15:14:0.2753;7:654:325:199:177:0.9401,4,1:2:572:445:39:32;2:7:654:325:199:177;9:7:346:419:83:54;11:7:470:436:30:26,1,SAFE,9.849
105,0,6,2:529:446:19:13:0.2312;2:573:446:38:32:0.7720;7:338:419:86:54:0.8594;7:468:437:31:26:0.3480;7:513:444:16:15:0.2821;7:657:321:203:182:0.9485,4,1:2:573:446:38:32;2:7:657:321:203:182;9:7:338:419:86:54;11:7:468:437:31:26,1,SAFE,10.936
106,0,6,2:513:444:15:15:0.3606;2:530:447:18:12:0.2411;2:573:446:39:32:0.7933;5:466:436:31:27:0.3116;7:327:418:92:56:0.8470;7:657:319:211:187:0.9414,4,1:2:573:446:39:32;2:7:657:319:211:187;9:7:327:418:92:56;11:5:466:436:31:27,1,SAFE,12.829
107,0,5,2:511:444:17:15:0.3751;2:573:446:39:33:0.8023;7:321:417:93:59:0.8200;7:464:436:32:27:0.3824;7:659:315:217:191:0.9487,4,1:2:573:446:39:33;2:7:659:315:217:191;9:7:321:417:93:59;11:7:464:436:32:27,1,SAFE,11.888
108,0,7,2:529:447:18:12:0.2693;2:573:446:39:33:0.8014;7:320:416:89:59:0.8492;7:462:435:32:28:0.4248;7:511:443:17:17:0.3332;7:600:423:69:57:0.1450;7:659:312:226:195:0.9413,5,1:2:573:446:39:33;2:7:659:312:226:195;9:7:320:416:89:59;11:7:462:435:32:28;12:7:511:443:17:17,1,SAFE,11.962
109,0,7,2:534:449:13:10:0.2277;2:573:446:40:33:0.8004;7:320:415:84:60:0.7629;7:459:436:34:28:0.4617;7:510:443:17:17:0.3954;7:599:424:70:53:0.1860;7:659:308:233:203:0.9407,5,1:2:573:446:40:33;2:7:659:308:233:203;9:7:320:415:84:60;11:7:459:436:34:28;12:7:510:443:17:17,1,SAFE,13.092
110,0,7,2:527:448:13:10:0.2359;2:535:448:11:11:0.2509;2:573:446:40:33:0.8102;7:320:413:78:63:0.8401;7:457:435:34:29:0.4609;7:508:443:18:17:0.3897;7:662:303:242:209:0.9405,5,1:2:573:446:40:33;2:7:662:303:242:209;9:7:320:413:78:63;11:7:457:435:34:29;12:7:508:443:18:17,1,SAFE,11.153
111,0,7,2:532:447:14:11:0.3011;2:573:446:40:33:0.8079;7:320:410:70:65:0.7601;7:454:435:36:29:0.3716;7:508:442:18:18:0.4847;7:597:423:75:54:0.1137;7:662:298:251:214:0.9310,5,1:2:573:446:40:33;2:7:662:298:251:214;9:7:320:410:70:65;11:7:454:435:36:29;12:7:508:442:18:18,1,SAFE,13.801
112,0,7,2:526:447:12:12:0.2910;2:534:448:11:10:0.3054;2:573:446:40:33:0.8153;5:451:434:37:30:0.3542;7:251:407:134:73:0.6818;7:506:442:20:18:0.4210;7:665:294:257:220:0.9324,5,1:2:573:446:40:33;2:7:665:294:257:220;9:7:251:407:134:73;11:5:451:434:37:30;12:7:506:442:20:18,1,SAFE,13.201
113,0,6,2:525:448:13:10:0.2268;2:573:446:40:33:0.8190;5:449:434:37:30:0.3947;7:235:406:143:77:0.7144;7:506:442:19:18:0.4874;7:667:289:268:227:0.9046,5,1:2:573:446:40:33;2:7:667:289:268:227;9:7:235:406:143:77;11:5:449:434:37:30;12:7:506:442:19:18,1,SAFE,13.201
114,0,6,2:526:448:16:11:0.2116;2:574:446:39:33:0.8508;5:446:434:38:31:0.3767;7:215:403:155:83:0.5204;7:505:442:19:18:0.4264;7:668:282:279:235:0.9054,5,1:2:574:446:39:33;2:7:668:282:279:235;9:7:215:403:155:83;11:5:446:434:38:31;12:7:505:442:19:18,1,SAFE,13.801
115,0,5,2:574:446:39:33:0.8414;5:443:433:39:32:0.3641;7:193:400:168:86:0.5339;7:504:441:19:19:0.3024;7:669:277:293:242:0.8701,5,1:2:574:446:39:33;2:7:669:277:293:242;9:7:193:400:168:86;11:5:443:433:39:32;12:7:504:441:19:19,1,SAFE,15.181
116,0,6,2:525:448:13:11:0.2604;2:574:446:39:32:0.8484;7:320:408:31:68:0.4037;7:440:432:41:32:0.4512;7:502:441:20:19:0.4029;7:669:270:305:250:0.8672,5,1:2:574:446:39:32;2:7:669:270:305:250;9:7:320:408:31:68;11:7:440:432:41:32;12:7:502:441:20:19,1,SAFE,16.867
117,0,5,2:575:446:38:32:0.8498;7:143:394:199:95:0.6002;7:437:432:41:33:0.4030;7:501:440:21:20:0.2893;7:671:264:319:259:0.8810,4,1:2:575:446:38:32;2:7:671:264:319:259;11:7:437:432:41:33;12:7:501:440:21:20,1,SAFE,33.735
118,0,5,2:575:446:39:31:0.8402;7:113:391:218:101:0.7097;7:433:431:44:34:0.2336;7:500:440:21:20:0.2633;7:670:274:289:249:0.9170,4,1:2:575:446:39:31;2:7:670:274:289:249;11:7:433:431:44:34;12:7:500:440:21:20,1,SAFE,inf
119,0,5,2:576:446:39:31:0.8359;7:75:386:246:107:0.4849;7:431:431:43:33:0.2395;7:499:440:20:19:0.4046;7:673:246:352:282:0.8896,5,1:2:576:446:39:31;2:7:673:246:352:282;11:7:431:431:43:33;12:7:499:440:20:19;13:7:75:386:246:107,1,SAFE,inf
120,0,6,2:575:446:39:31:0.8429;7:34:382:273:115:0.6550;7:427:430:44:36:0.2275;7:497:440:22:19:0.3125;7:676:274:283:254:0.9111;7:743:436:256:92:0.1104,5,1:2:575:446:39:31;2:7:676:274:283:254;11:7:427:430:44:36;12:7:497:440:22:19;13:7:34:382:273:115,1,SAFE,inf
121,0,4,2:576:446:39:31:0.8332;7:422:429:46:38:0.3276;7:496:440:22:20:0.2349;7:674:274:285:255:0.9136,4,1:2:576:446:39:31;2:7:674:274:285:255;11:7:422:429:46:38;12:7:496:440:22:20,1,SAFE,inf
122,0,4,2:577:446:38:32:0.8099;7:0:369:278:132:0.5386;7:417:429:51:39:0.4873;7:675:274:284:256:0.9444,4,1:2:577:446:38:32;2:7:675:274:284:256;11:7:417:429:51:39;13:7:0:369:278:132,1,SAFE,inf
123,0,3,2:577:446:39:32:0.8249;7:414:429:51:40:0.2521;7:679:274:280:257:0.9382,3,1:2:577:446:39:32;2:7:679:274:280:257;11:7:414:429:51:40,1,SAFE,inf
124,0,3,2:577:446:40:32:0.7915;7:408:429:54:42:0.4925;7:680:275:279:256:0.9458,3,1:2:577:446:40:32;2:7:680:275:279:256;11:7:408:429:54:42,1,SAFE,inf
125,0,3,2:577:446:40:33:0.7988;7:404:428:56:42:0.3856;7:681:275:278:257:0.9508,3,1:2:577:446:40:33;2:7:681:275:278:257;11:7:404:428:56:42,1,SAFE,inf
126,0,3,2:578:446:39:33:0.7839;7:400:428:57:42:0.2781;7:683:276:276:256:0.9372,3,1:2:578:446:39:33;2:7:683:276:276:256;11:7:400:428:57:42,1,SAFE,inf
127,0,3,2:578:446:39:33:0.7496;7:393:427:60:43:0.4634;7:684:276:275:255:0.9287,3,1:2:578:446:39:33;2:7:684:276:275:255;11:7:393:427:60:43,1,SAFE,inf
128,0,4,2:579:446:38:33:0.7848;7:387:427:64:42:0.3487;7:486:440:24:21:0.2019;7:686:276:273:255:0.9295,3,1:2:579:446:38:33;2:7:686:276:273:255;11:7:387:427:64:42,1,SAFE,19.987
129,0,4,2:579:446:39:33:0.8140;7:0:356:94:150:0.1885;7:384:425:62:45:0.3624;7:687:275:272:257:0.9405,3,1:2:579:446:39:33;2:7:687:275:272:257;11:7:384:425:62:45,1,SAFE,10.722
130,0,4,2:578:446:40:33:0.8063;7:0:355:50:143:0.1496;7:376:424:66:46:0.4262;7:688:275:271:256:0.9519,3,1:2:578:446:40:33;2:7:688:275:271:256;11:7:376:424:66:46,1,SAFE,7.326
131,0,4,2:579:445:39:33:0.7881;7:369:423:71:47:0.1660;7:481:439:26:23:0.3201;7:690:275:269:256:0.9538,4,1:2:579:445:39:33;2:7:690:275:269:256;11:7:369:423:71:47;12:7:481:439:26:23,1,SAFE,6.519
132,0,4,2:479:439:26:23:0.1277;2:579:446:40:31:0.7991;5:362:423:74:50:0.3483;7:692:276:267:254:0.9500,4,1:2:579:446:40:31;2:7:692:276:267:254;11:5:362:423:74:50;12:2:479:439:26:23,1,SAFE,8.324
133,0,4,2:478:437:28:25:0.2354;2:580:446:39:31:0.7899;7:353:421:79:51:0.3668;7:693:276:266:255:0.9594,4,1:2:580:446:39:31;2:7:693:276:266:255;11:7:353:421:79:51;12:2:478:437:28:25,1,SAFE,15.847
134,0,4,2:581:446:38:31:0.7890;5:346:420:82:52:0.4614;7:476:438:27:23:0.2076;7:695:276:264:255:0.9618,4,1:2:581:446:38:31;2:7:695:276:264:255;11:5:346:420:82:52;12:7:476:438:27:23,1,SAFE,inf
135,0,4,2:474:437:28:26:0.2648;2:581:446:39:31:0.7465;7:337:419:86:54:0.3220;7:697:276:262:256:0.9688,4,1:2:581:446:39:31;2:7:697:276:262:256;11:7:337:419:86:54;12:2:474:437:28:26,1,SAFE,inf
136,0,4,2:581:446:39:32:0.7289;7:326:417:92:59:0.3720;7:472:437:29:24:0.2029;7:700:275:259:257:0.9720,4,1:2:581:446:39:32;2:7:700:275:259:257;11:7:326:417:92:59;12:7:472:437:29:24,1,SAFE,inf
137,0,5,2:469:435:29:28:0.1680;2:581:446:39:29:0.7108;7:320:416:93:61:0.5428;7:702:275:257:257:0.9702;7:717:374:562:274:0.1360,4,1:2:581:446:39:29;2:7:702:275:257:257;11:7:320:416:93:61;12:2:469:435:29:28,1,SAFE,inf
138,0,3,2:581:446:39:29:0.7297;7:320:415:87:62:0.5362;7:705:275:254:256:0.9692,3,1:2:581:446:39:29;2:7:705:275:254:256;11:7:320:415:87:62,1,SAFE,inf
139,0,4,2:581:445:40:32:0.7320;7:320:413:81:63:0.4707;7:465:435:32:26:0.3422;7:707:276:252:254:0.9726,4,1:2:581:445:40:32;2:7:707:276:252:254;11:7:320:413:81:63;12:7:465:435:32:26,1,SAFE,inf
140,0,3,2:582:445:39:32:0.7560;7:320:410:76:66:0.4836;7:710:276:249:254:0.9536,3,1:2:582:445:39:32;2:7:710:276:249:254;11:7:320:410:76:66,1,SAFE,inf
141,0,3,2:461:433:34:30:0.1301;2:582:444:39:33:0.7951;7:714:276:245:252:0.8756,2,1:2:582:444:39:33;2:7:714:276:245:252,1,SAFE,inf
142,0,3,2:582:444:40:33:0.7905;7:458:434:33:27:0.2118;7:721:6:557:685:0.9274,2,1:2:582:444:40:33;2:7:721:6:557:685,1,SAFE,inf
143,0,2,2:582:444:40:33:0.8175;7:719:276:240:254:0.9416,2,1:2:582:444:40:33;2:7:719:276:240:254,1,SAFE,inf
144,0,2,2:582:444:41:33:0.7892;7:722:276:237:255:0.9478,2,1:2:582:444:41:33;2:7:722:276:237:255,1,SAFE,14.997
145,0,3,2:584:445:40:32:0.7463;7:450:433:35:29:0.3174;7:725:275:234:256:0.9081,3,1:2:584:445:40:32;2:7:725:275:234:256;12:7:450:433:35:29,1,SAFE,9.265
146,0,4,2:496:450:14:10:0.3454;2:584:445:40:32:0.7244;7:447:434:36:32:0.1010;7:729:275:230:257:0.9239,3,1:2:584:445:40:32;2:7:729:275:230:257;12:7:447:434:36:32,1,SAFE,6.558
147,0,4,2:585:445:39:33:0.7242;7:443:433:38:31:0.2109;7:732:274:227:257:0.8997;7:746:377:533:239:0.2901,3,1:2:585:445:39:33;2:7:732:274:227:257;12:7:443:433:38:31,1,SAFE,5.888
148,0,4,2:585:445:39:33:0.7116;7:441:433:38:31:0.2096;7:737:274:222:257:0.9122;7:748:388:531:191:0.1155,3,1:2:585:445:39:33;2:7:737:274:222:257;12:7:441:433:38:31,1,SAFE,5.540
149,0,3,2:586:445:38:33:0.6814;7:437:432:42:34:0.1581;7:742:275:217:256:0.9324,3,1:2:586:445:38:33;2:7:742:275:217:256;12:7:437:432:42:34,1,SAFE,5.420
150,0,2,2:585:446:40:32:0.7391;7:746:275:213:255:0.9346,2,1:2:585:446:40:32;2:7:746:275:213:255,1,SAFE,6.300
151,0,4,2:586:446:40:33:0.7716;7:430:432:43:33:0.2272;7:750:275:209:256:0.9445;7:756:413:523:184:0.1259,2,1:2:586:446:40:33;2:7:750:275:209:256,1,SAFE,5.562
152,0,4,2:587:446:39:33:0.7723;7:426:432:45:34:0.2001;7:756:276:203:254:0.9526;7:1035:413:244:192:0.1975,2,1:2:587:446:39:33;2:7:756:276:203:254,1,SAFE,8.828
153,0,4,2:484:452:15:11:0.2254;2:586:448:41:30:0.7642;7:760:275:199:255:0.9514;7:1072:412:207:192:0.2711,2,1:2:586:448:41:30;2:7:760:275:199:255,1,SAFE,inf
154,0,4,2:479:452:19:10:0.2222;2:587:446:39:33:0.7858;7:418:431:48:35:0.2836;7:767:275:192:255:0.9473,3,1:2:587:446:39:33;2:7:767:275:192:255;12:7:418:431:48:35,1,SAFE,inf
155,0,3,2:588:447:40:33:0.8123;7:414:431:50:36:0.3568;7:774:275:185:255:0.9474,3,1:2:588:447:40:33;2:7:774:275:185:255;12:7:414:431:50:36,1,SAFE,inf
156,0,4,2:474:452:19:12:0.2260;2:588:447:40:33:0.8284;5:410:430:50:38:0.3180;7:781:274:178:255:0.9563,3,1:2:588:447:40:33;2:7:781:274:178:255;12:5:410:430:50:38,1,SAFE,inf
157,0,2,2:588:447:40:33:0.8411;7:788:274:171:257:0.8790,2,1:2:588:447:40:33;2:7:788:274:171:257,1,SAFE,inf
158,0,4,2:469:452:22:12:0.3382;2:589:447:40:33:0.8528;7:400:428:56:41:0.3699;7:796:275:163:255:0.9000,3,1:2:589:447:40:33;2:7:796:275:163:255;12:7:400:428:56:41,1,SAFE,inf
159,0,4,2:466:452:19:11:0.2544;2:589:446:40:34:0.8618;7:395:427:57:42:0.5089;7:804:4:475:658:0.9387,3,1:2:589:446:40:34;2:7:804:4:475:658;12:7:395:427:57:42,1,SAFE,16.241
160,0,5,2:463:452:22:12:0.2825;2:508:449:15:10:0.2756;2:589:446:40:33:0.8423;7:388:427:62:43:0.3909;7:813:5:466:673:0.9259,4,1:2:589:446:40:33;2:7:813:5:466:673;12:7:388:427:62:43;14:2:463:452:22:12,1,SAFE,19.191
161,0,5,2:460:451:26:13:0.2285;2:489:451:14:10:0.2429;2:507:449:17:10:0.3363;2:590:446:40:33:0.8855;7:826:6:453:695:0.9107,3,1:2:590:446:40:33;2:7:826:6:453:695;14:2:460:451:26:13,1,SAFE,25.411
162,0,5,2:456:451:27:13:0.3085;2:503:449:13:10:0.2289;2:590:446:40:33:0.8631;7:377:425:66:45:0.2544;7:837:274:122:257:0.8845,4,1:2:590:446:40:33;2:7:837:274:122:257;12:7:377:425:66:45;14:2:456:451:27:13,1,SAFE,20.140
163,0,5,2:452:452:24:13:0.3491;2:503:449:14:10:0.3925;2:590:446:41:33:0.8153;7:370:423:69:46:0.4963;7:850:4:429:636:0.9424,3,1:2:590:446:41:33;12:7:370:423:69:46;14:2:452:452:24:13,1,SAFE,16.680
164,0,6,2:447:451:23:13:0.3296;2:484:450:16:10:0.4221;2:501:447:16:11:0.4225;2:591:445:40:34:0.8388;5:363:422:73:47:0.4594;7:863:6:416:628:0.9350,4,1:2:591:445:40:34;12:5:363:422:73:47;14:2:447:451:23:13;15:2:501:447:16:11,1,SAFE,10.797
165,0,7,2:444:452:19:13:0.3433;2:480:450:17:10:0.3705;2:500:448:15:11:0.3916;2:591:445:41:34:0.7951;7:352:421:79:49:0.6229;7:461:438:25:22:0.3028;7:880:6:399:640:0.9384,5,1:2:591:445:41:34;12:7:352:421:79:49;14:2:444:452:19:13;15:2:500:448:15:11;16:7:880:6:399:640,1,SAFE,10.445
166,0,6,2:341:446:46:25:0.5081;2:439:452:21:13:0.3817;2:476:451:16:10:0.4071;2:499:448:16:11:0.3110;2:591:445:41:34:0.8296;7:898:3:381:640:0.9352,6,1:2:591:445:41:34;12:2:341:446:46:25;14:2:439:452:21:13;15:2:499:448:16:11;16:7:898:3:381:640;17:2:476:451:16:10,1,SAFE,8.423
167,0,7,2:326:446:51:26:0.5635;2:436:452:21:13:0.3517;2:502:449:14:10:0.4134;2:521:449:12:10:0.2593;2:592:445:40:35:0.8447;5:331:419:93:51:0.5340;7:917:7:362:630:0.8682,5,1:2:592:445:40:35;12:2:326:446:51:26;14:2:436:452:21:13;15:2:502:449:14:10;16:7:917:7:362:630,1,SAFE,6.241
168,0,6,2:320:447:45:26:0.3486;2:431:452:22:13:0.4051;2:495:449:11:10:0.2261;2:505:449:10:10:0.2165;2:592:445:42:35:0.8084;7:937:3:342:653:0.8558,5,1:2:592:445:42:35;12:2:320:447:45:26;14:2:431:452:22:13;15:2:505:449:10:10;16:7:937:3:342:653,1,SAFE,8.785
169,0,7,2:295:450:35:25:0.1911;2:427:452:23:14:0.3973;2:492:449:15:12:0.3404;2:518:450:16:10:0.3525;2:593:446:41:34:0.7441;7:320:418:94:58:0.2930;7:967:4:312:660:0.8744,5,1:2:593:446:41:34;12:7:320:418:94:58;14:2:427:452:23:14;15:2:492:449:15:12;16:7:967:4:312:660,1,SAFE,9.024
170,0,8,2:274:454:35:23:0.2132;2:305:448:37:28:0.1994;2:421:451:24:17:0.5883;2:490:449:14:12:0.3724;2:502:450:14:10:0.2489;2:594:446:40:33:0.7449;7:450:438:32:26:0.2376;7:996:4:283:665:0.8235,5,1:2:594:446:40:33;12:2:305:448:37:28;14:2:421:451:24:17;15:2:490:449:14:12;16:7:996:4:283:665,1,SAFE,12.159
171,0,8,2:252:445:77:35:0.3826;2:414:452:26:16:0.5899;2:466:452:16:11:0.2198;2:488:449:15:12:0.4669;2:502:450:14:10:0.2197;2:594:446:40:33:0.7743;7:294:415:112:59:0.1194;7:1032:3:247:670:0.8293,5,1:2:594:446:40:33;12:2:252:445:77:35;14:2:414:452:26:16;15:2:488:449:15:12;16:7:1032:3:247:670,1,SAFE,18.632
172,0,8,2:224:448:59:34:0.3047;2:409:452:28:16:0.6392;2:457:453:23:11:0.2692;2:487:449:15:12:0.4867;2:518:450:15:10:0.4275;2:594:446:41:33:0.7350;2:1076:1:203:679:0.4051;7:446:437:30:27:0.2074,6,1:2:594:446:41:33;12:2:224:448:59:34;14:2:409:452:28:16;15:2:487:449:15:12;16:2:1076:1:203:679;17:2:457:453:23:11,1,SAFE,39.841
173,0,8,2:193:448:80:38:0.4278;2:403:452:27:18:0.6167;2:485:449:15:12:0.5923;2:504:451:12:10:0.2337;2:595:446:40:33:0.7373;2:689:521:28:11:0.2366;7:442:438:35:27:0.3498;7:1128:3:151:652:0.3849,6,1:2:595:446:40:33;12:2:193:448:80:38;14:2:403:452:27:18;15:2:485:449:15:12;16:7:1128:3:151:652;17:7:442:438:35:27,1,SAFE,inf
174,0,6,2:156:446:102:41:0.4650;2:395:452:31:18:0.6341;2:482:449:17:12:0.4687;2:595:446:40:34:0.7196;7:440:437:33:28:0.5503;7:1205:48:74:589:0.2237,6,1:2:595:446:40:34;12:2:156:446:102:41;14:2:395:452:31:18;15:2:482:449:17:12;16:7:1205:48:74:589;17:7:440:437:33:28,1,SAFE,inf
175,0,7,2:111:446:116:45:0.7468;2:387:452:33:20:0.7143;2:479:449:17:12:0.4342;2:499:451:15:10:0.2771;2:595:446:41:34:0.7410;7:320:413:59:62:0.5535;7:437:437:35:28:0.3874,5,1:2:595:446:41:34;12:2:111:446:116:45;14:2:387:452:33:20;15:2:479:449:17:12;17:7:437:437:35:28,1,SAFE,inf
176,0,8,2:58:444:136:53:0.7290;2:379:452:35:20:0.6231;2:478:449:17:13:0.4139;2:492:452:18:10:0.3147;2:514:450:17:10:0.4466;2:596:446:41:34:0.7570;7:320:414:51:61:0.3180;7:433:436:35:30:0.5998,5,1:2:596:446:41:34;12:2:58:444:136:53;14:2:379:452:35:20;15:2:478:449:17:13;17:7:433:436:35:30,1,SAFE,inf
177,0,5,2:7:440:144:62:0.6380;2:369:452:38:21:0.6244;2:476:449:16:14:0.2591;2:596:447:41:33:0.7503;7:430:437:36:29:0.4453,5,1:2:596:447:41:33;12:2:7:440:144:62;14:2:369:452:38:21;15:2:476:449:16:14;17:7:430:437:36:29,1,SAFE,inf
178,0,8,2:0:431:101:81:0.3909;2:358:452:40:21:0.7117;2:472:448:17:15:0.3907;2:489:452:17:10:0.2418;2:508:450:21:10:0.4729;2:597:447:41:33:0.7831;7:320:416:34:61:0.2136;7:427:437:35:29:0.2992,5,1:2:597:447:41:33;12:2:0:431:101:81;14:2:358:452:40:21;15:2:472:448:17:15;17:7:427:437:35:29,1,SAFE,inf
179,0,6,2:0:436:33:72:0.1616;2:347:451:43:22:0.7223;2:470:449:18:13:0.3679;2:504:450:12:10:0.2704;2:597:447:41:33:0.8125;7:423:436:37:30:0.4281,5,1:2:597:447:41:33;12:2:0:436:33:72;14:2:347:451:43:22;15:2:470:449:18:13;17:7:423:436:37:30,1,SAFE,inf
180,0,6,2:335:451:44:22:0.6401;2:428:453:29:13:0.2890;2:468:449:18:14:0.2757;2:511:450:17:10:0.3098;2:597:446:40:33:0.8160;7:125:393:213:96:0.3940,5,1:2:597:446:40:33;14:2:335:451:44:22;15:2:468:449:18:14;17:2:428:453:29:13;18:2:511:450:17:10,1,SAFE,inf
181,0,7,2:322:450:46:24:0.7050;2:428:451:24:15:0.3799;2:464:448:18:14:0.2740;2:501:450:15:10:0.3277;2:505:449:22:11:0.3406;2:597:446:40:33:0.7860;7:90:387:235:103:0.3332,5,1:2:597:446:40:33;14:2:322:450:46:24;15:2:464:448:18:14;17:2:428:451:24:15;18:2:505:449:22:11,1,SAFE,inf
182,0,4,2:320:449:37:27:0.6450;2:510:449:16:10:0.2322;2:598:446:39:33:0.7879;7:410:431:39:35:0.3956,4,1:2:598:446:39:33;14:2:320:449:37:27;17:7:410:431:39:35;18:2:510:449:16:10,1,SAFE,inf
183,0,4,2:320:449:23:27:0.5200;2:499:449:25:10:0.4094;2:598:446:40:34:0.7659;7:406:432:40:34:0.5394,4,1:2:598:446:40:34;14:2:320:449:23:27;17:7:406:432:40:34;18:2:499:449:25:10,1,SAFE,inf
184,0,5,2:266:449:64:29:0.5773;2:455:448:21:15:0.2734;2:499:449:19:10:0.2912;2:599:446:39:34:0.7114;7:401:431:42:35:0.5239,5,1:2:599:446:39:34;14:2:266:449:64:29;15:2:455:448:21:15;17:7:401:431:42:35;18:2:499:449:19:10,1,SAFE,44.708
185,0,6,2:246:447:67:33:0.6657;2:452:448:21:15:0.3188;2:477:452:17:10:0.2067;2:498:449:25:10:0.2416;2:599:446:40:34:0.8207;7:396:431:43:36:0.5702,5,1:2:599:446:40:34;14:2:246:447:67:33;15:2:452:448:21:15;17:7:396:431:43:36;18:2:498:449:25:10,1,SAFE,34.773
186,0,7,2:218:447:76:35:0.2956;2:448:447:21:16:0.3758;2:503:449:14:10:0.2421;2:511:449:12:10:0.3007;2:592:450:9:12:0.2158;2:599:446:40:33:0.8057;7:392:430:40:37:0.5606,5,1:2:599:446:40:33;14:2:218:447:76:35;15:2:448:447:21:16;17:7:392:430:40:37;18:2:511:449:12:10,1,SAFE,inf
187,0,6,2:185:449:87:35:0.4372;2:444:448:24:16:0.4250;2:492:449:14:10:0.3242;2:507:449:16:10:0.3123;2:599:446:41:34:0.8081;7:385:429:47:39:0.5119,5,1:2:599:446:41:34;14:2:185:449:87:35;15:2:444:448:24:16;17:7:385:429:47:39;18:2:507:449:16:10,1,SAFE,inf
188,0,5,2:154:449:91:37:0.3277;2:440:447:25:18:0.5021;2:510:448:12:11:0.3253;2:599:446:41:35:0.8109;7:380:428:50:41:0.5036,5,1:2:599:446:41:35;14:2:154:449:91:37;15:2:440:447:25:18;17:7:380:428:50:41;18:2:510:448:12:11,1,SAFE,28.985
189,0,7,2:127:447:91:40:0.3933;2:436:447:26:18:0.4562;2:492:449:16:10:0.2433;2:509:447:12:12:0.3431;2:589:451:11:11:0.2260;2:599:446:41:34:0.7663;7:375:428:50:40:0.4201,5,1:2:599:446:41:34;14:2:127:447:91:40;15:2:436:447:26:18;17:7:375:428:50:40;18:2:509:447:12:12,1,SAFE,18.599
190,0,7,2:53:447:131:46:0.3297;2:431:446:26:19:0.5607;2:466:451:16:11:0.2236;2:486:450:13:10:0.2277;2:507:447:14:11:0.3965;2:600:446:41:33:0.8223;7:367:427:54:43:0.7062,5,1:2:600:446:41:33;14:2:53:447:131:46;15:2:431:446:26:19;17:7:367:427:54:43;18:2:507:447:14:11,1,SAFE,19.739
191,0,6,2:0:445:140:53:0.3023;2:427:446:26:19:0.6326;2:507:447:12:11:0.3309;2:600:447:41:32:0.8354;7:357:426:60:44:0.6510;7:463:444:22:17:0.1399,5,1:2:600:447:41:32;14:2:0:445:140:53;15:2:427:446:26:19;17:7:357:426:60:44;18:2:507:447:12:11,1,SAFE,36.102
192,0,8,2:1:444:85:55:0.1514;2:346:448:44:24:0.7547;2:421:446:27:20:0.5427;2:483:450:13:10:0.2116;2:503:448:15:11:0.3082;2:600:447:41:32:0.8056;7:348:425:64:44:0.5827;7:460:441:23:21:0.2480,5,1:2:600:447:41:32;14:2:1:444:85:55;15:2:421:446:27:20;17:7:348:425:64:44;18:2:503:448:15:11,1,SAFE,inf
193,0,5,2:415:445:27:21:0.5304;2:457:451:24:12:0.3121;2:504:448:13:11:0.2591;2:600:447:41:33:0.7863;7:335:425:72:47:0.7465,4,1:2:600:447:41:33;15:2:415:445:27:21;17:7:335:425:72:47;18:2:504:448:13:11,1,SAFE,inf
194,0,4,2:410:446:30:21:0.4274;2:454:451:24:12:0.2320;2:600:447:41:33:0.8026;7:325:424:78:48:0.7717,3,1:2:600:447:41:33;15:2:410:446:30:21;17:7:325:424:78:48,1,SAFE,inf
195,0,5,2:404:445:32:22:0.6909;2:449:450:25:14:0.2851;2:502:448:12:10:0.3183;2:599:446:41:34:0.7036;7:323:423:74:48:0.7155,5,1:2:599:446:41:34;15:2:404:445:32:22;17:7:323:423:74:48;18:2:502:448:12:10;19:2:449:450:25:14,1,SAFE,inf
196,0,6,2:397:445:29:22:0.6096;2:445:452:20:12:0.4881;2:475:450:14:10:0.2261;2:501:448:12:10:0.2012;2:599:446:42:34:0.7572;7:321:421:69:51:0.8341,5,1:2:599:446:42:34;15:2:397:445:29:22;17:7:321:421:69:51;18:2:501:448:12:10;19:2:445:452:20:12,1,SAFE,inf
197,0,7,2:275:454:26:21:0.1398;2:390:444:33:23:0.5055;2:442:452:20:12:0.3172;2:474:450:14:10:0.2857;2:500:448:12:10:0.2357;2:599:446:41:34:0.7332;7:320:420:64:52:0.7050,5,1:2:599:446:41:34;15:2:390:444:33:23;17:7:320:420:64:52;18:2:474:450:14:10;19:2:442:452:20:12,1,SAFE,inf
198,0,7,2:254:453:35:23:0.2420;2:382:444:37:24:0.5502;2:438:451:19:13:0.4808;2:484:449:14:10:0.2163;2:586:452:12:10:0.3086;2:598:446:42:34:0.7529;7:320:419:57:52:0.7522,5,1:2:598:446:42:34;15:2:382:444:37:24;17:7:320:419:57:52;18:2:484:449:14:10;19:2:438:451:19:13,1,SAFE,inf
199,0,7,2:232:453:40:26:0.1586;2:241:449:62:29:0.1405;2:373:444:39:26:0.5315;2:433:451:21:14:0.4503;2:497:448:13:10:0.2339;2:599:446:41:34:0.7769;7:320:418:50:54:0.7205,5,1:2:599:446:41:34;15:2:373:444:39:26;17:7:320:418:50:54;18:2:497:448:13:10;19:2:433:451:21:14,1,SAFE,inf
200,0,7,2:205:449:78:33:0.3664;2:364:443:44:27:0.5236;2:429:452:21:13:0.5109;2:495:448:13:11:0.2901;2:598:446:43:34:0.8169;7:320:417:42:55:0.6569;7:444:439:22:22:0.4146,5,1:2:598:446:43:34;15:2:364:443:44:27;17:7:320:417:42:55;18:2:495:448:13:11;19:2:429:452:21:13,1,SAFE,30.570
201,0,10,2:171:455:34:28:0.1037;2:354:443:47:28:0.5647;2:425:451:21:14:0.5547;2:463:450:21:12:0.2583;2:478:449:14:11:0.2384;2:493:448:14:11:0.4166;2:598:446:42:34:0.7946;7:260:421:46:52:0.1322;7:320:417:34:56:0.5801;7:441:438:23:23:0.4740,5,1:2:598:446:42:34;15:2:354:443:47:28;17:7:320:417:34:56;18:2:493:448:14:11;19:2:425:451:21:14,1,SAFE,33.551
202,0,9,2:137:444:99:42:0.4891;2:344:441:49:30:0.5825;2:419:450:21:14:0.3511;2:460:450:16:11:0.2986;2:475:448:17:11:0.2740;2:492:447:14:11:0.4914;2:598:446:42:34:0.7962;7:243:413:105:62:0.8356;7:438:438:22:24:0.3639,5,1:2:598:446:42:34;15:2:344:441:49:30;18:2:492:447:14:11;19:2:419:450:21:14;20:7:438:438:22:24,1,SAFE,20.298
203,0,8,2:92:443:117:45:0.6497;2:332:440:52:31:0.5137;2:413:450:24:15:0.4285;2:458:450:14:10:0.2369;2:490:447:14:12:0.2665;2:598:446:42:34:0.7845;7:227:410:109:66:0.8379;7:434:438:24:24:0.3044,6,1:2:598:446:42:34;15:2:332:440:52:31;18:2:490:447:14:12;19:2:413:450:24:15;20:7:434:438:24:24;21:7:227:410:109:66,1,SAFE,10.689
204,0,8,2:37:443:139:49:0.6176;2:320:440:54:32:0.5737;2:408:450:24:15:0.5688;2:454:451:14:10:0.2049;2:489:447:14:12:0.4167;2:598:446:42:34:0.7797;7:208:408:119:69:0.7128;7:431:437:24:25:0.4596,7,1:2:598:446:42:34;15:2:320:440:54:32;18:2:489:447:14:12;19:2:408:450:24:15;20:7:431:437:24:25;21:7:208:408:119:69;22:2:37:443:139:49,1,SAFE,8.612
205,0,9,2:1:441:134:55:0.6299;2:401:450:25:16:0.3153;2:451:451:15:10:0.2567;2:486:447:15:12:0.4858;2:586:451:10:10:0.2187;2:598:446:41:34:0.7879;7:187:407:129:71:0.5646;7:320:440:44:31:0.4652;7:428:437:23:25:0.4559,7,1:2:598:446:41:34;15:7:320:440:44:31;18:2:486:447:15:12;19:2:401:450:25:16;20:7:428:437:23:25;21:7:187:407:129:71;22:2:1:441:134:55,1,SAFE,8.841
206,0,8,2:0:417:85:82:0.2724;2:394:450:26:17:0.4070;2:469:448:13:12:0.2100;2:485:447:15:11:0.4941;2:598:446:41:34:0.8113;7:163:402:139:78:0.6010;7:320:438:32:36:0.4912;7:424:436:26:26:0.3251,7,1:2:598:446:41:34;15:7:320:438:32:36;18:2:485:447:15:11;19:2:394:450:26:17;20:7:424:436:26:26;21:7:163:402:139:78;22:2:0:417:85:82,1,SAFE,12.411
207,0,6,2:385:450:30:17:0.4533;2:446:451:13:10:0.2417;2:484:447:14:12:0.4976;2:599:446:40:34:0.7248;7:138:401:151:80:0.6372;7:320:437:19:33:0.3687,5,1:2:599:446:40:34;15:7:320:437:19:33;18:2:484:447:14:12;19:2:385:450:30:17;21:7:138:401:151:80,1,SAFE,24.074
208,0,8,2:380:447:34:20:0.4022;2:459:448:18:12:0.2025;2:482:447:14:11:0.2814;2:584:451:11:10:0.2231;2:598:446:41:34:0.7991;7:109:398:165:86:0.4274;7:245:436:80:40:0.1593;7:416:433:34:30:0.3493,6,1:2:598:446:41:34;15:7:245:436:80:40;18:2:482:447:14:11;19:2:380:447:34:20;20:7:416:433:34:30;21:7:109:398:165:86,1,SAFE,44.708
209,0,5,2:583:450:12:11:0.2880;2:597:446:41:33:0.7574;7:77:394:229:92:0.4441;7:370:450:33:18:0.3827;7:480:446:15:13:0.2529,4,1:2:597:446:41:33;18:7:480:446:15:13;19:7:370:450:33:18;21:7:77:394:229:92,1,SAFE,inf
210,0,8,2:193:432:97:47:0.7248;2:361:448:37:21:0.3493;2:456:448:17:12:0.2272;2:477:446:16:12:0.3173;2:583:450:11:12:0.2155;2:596:446:42:33:0.7826;7:39:389:203:99:0.7630;7:409:433:27:30:0.3953,6,1:2:596:446:42:33;15:2:193:432:97:47;18:2:477:446:16:12;19:2:361:448:37:21;20:7:409:433:27:30;21:7:39:389:203:99,1,SAFE,inf
211,0,7,2:159:432:110:52:0.6310;2:351:449:36:21:0.5241;2:451:447:18:14:0.2456;2:596:445:42:34:0.7940;7:0:385:221:104:0.7662;7:404:433:43:31:0.4207;7:476:445:16:14:0.3813,6,1:2:596:445:42:34;15:2:159:432:110:52;18:7:476:445:16:14;19:2:351:449:36:21;20:7:404:433:43:31;21:7:0:385:221:104,1,SAFE,inf
212,0,7,2:118:431:127:53:0.5540;2:341:448:42:22:0.5709;2:596:446:41:33:0.7886;7:1:380:196:112:0.6452;7:400:433:46:32:0.5614;7:447:446:20:15:0.2089;7:474:445:15:14:0.2793,6,1:2:596:446:41:33;15:2:118:431:127:53;18:7:474:445:15:14;19:2:341:448:42:22;20:7:400:433:46:32;21:7:1:380:196:112,1,SAFE,inf
213,0,7,2:69:428:148:59:0.6975;2:329:448:45:23:0.4908;2:595:446:41:33:0.7979;7:0:372:171:120:0.4145;7:395:432:28:32:0.4108;7:443:445:21:16:0.2318;7:471:444:16:15:0.2934,6,1:2:595:446:41:33;15:2:69:428:148:59;18:7:471:444:16:15;19:2:329:448:45:23;20:7:395:432:28:32;21:7:0:372:171:120,1,SAFE,inf
214,0,6,2:9:426:174:67:0.5160;2:320:448:44:23:0.6672;2:439:447:21:14:0.3019;2:594:446:41:33:0.7185;7:390:431:49:35:0.4792;7:469:445:16:14:0.2786,5,1:2:594:446:41:33;15:2:9:426:174:67;18:7:469:445:16:14;19:2:320:448:44:23;20:7:390:431:49:35,1,SAFE,inf
215,0,6,2:303:446:47:25:0.4593;2:593:446:42:33:0.7235;7:0:424:144:71:0.3376;7:385:430:48:36:0.4919;7:435:445:23:16:0.2264;7:467:444:16:15:0.2031,5,1:2:593:446:42:33;15:7:0:424:144:71;18:7:467:444:16:15;19:2:303:446:47:25;20:7:385:430:48:36,1,SAFE,inf
216,0,5,2:286:446:54:26:0.6733;2:431:446:23:16:0.3639;2:592:446:42:34:0.7183;7:379:430:51:36:0.5197;7:464:444:17:15:0.3460,4,1:2:592:446:42:34;18:7:464:444:17:15;19:2:286:446:54:26;20:7:379:430:51:36,1,SAFE,inf
217,0,5,2:268:446:59:27:0.6992;2:591:446:43:34:0.7471;7:373:429:55:37:0.5834;7:428:445:23:17:0.3592;7:462:445:16:14:0.3068,5,1:2:591:446:43:34;18:7:462:445:16:14;19:2:268:446:59:27;20:7:373:429:55:37;23:7:428:445:23:17,1,SAFE,inf
218,0,6,2:249:446:64:28:0.6800;2:389:448:31:17:0.4280;2:458:444:17:15:0.3583;2:591:446:43:34:0.8193;7:367:429:31:37:0.3959;7:422:445:25:17:0.2565,5,1:2:591:446:43:34;18:2:458:444:17:15;19:2:249:446:64:28;20:7:367:429:31:37;23:7:422:445:25:17,1,SAFE,inf
219,0,5,2:225:446:71:31:0.6113;2:591:445:42:35:0.8532;7:361:428:57:38:0.4444;7:418:444:26:18:0.2322;7:456:443:18:16:0.3463,5,1:2:591:445:42:35;18:7:456:443:18:16;19:2:225:446:71:31;20:7:361:428:57:38;23:7:418:444:26:18,1,SAFE,inf
220,0,5,2:201:448:75:31:0.4326;2:591:445:41:35:0.8124;7:354:428:61:39:0.4819;7:414:445:25:16:0.3039;7:453:443:18:16:0.2210,5,1:2:591:445:41:35;18:7:453:443:18:16;19:2:201:448:75:31;20:7:354:428:61:39;23:7:414:445:25:16,1,SAFE,17.758
221,0,5,2:172:447:83:35:0.6687;2:367:448:31:17:0.4097;2:591:445:40:34:0.8173;7:409:444:26:19:0.2423;7:450:443:19:16:0.2931,5,1:2:591:445:40:34;18:7:450:443:19:16;19:2:172:447:83:35;20:2:367:448:31:17;23:7:409:444:26:19,1,SAFE,14.435
222,0,6,2:136:446:96:39:0.6939;2:357:447:34:20:0.5695;2:590:446:41:33:0.8081;7:341:427:31:40:0.2707;7:404:444:26:19:0.2652;7:447:443:20:16:0.3201,5,1:2:590:446:41:33;18:7:447:443:20:16;19:2:136:446:96:39;20:2:357:447:34:20;23:7:404:444:26:19,1,SAFE,16.701
223,0,5,2:92:446:113:43:0.6556;2:348:448:36:19:0.4693;2:588:445:42:34:0.8315;7:397:444:27:19:0.2941;7:443:443:21:17:0.3489,5,1:2:588:445:42:34;18:7:443:443:21:17;19:2:92:446:113:43;20:2:348:448:36:19;23:7:397:444:27:19,1,SAFE,13.151
224,0,5,2:42:446:134:45:0.4148;2:336:449:39:20:0.7181;2:587:446:43:33:0.8207;7:390:445:31:20:0.2194;7:440:444:21:18:0.4455,5,1:2:587:446:43:33;18:7:440:444:21:18;19:2:42:446:134:45;20:2:336:449:39:20;23:7:390:445:31:20,1,SAFE,22.588
225,0,5,2:2:446:135:50:0.6807;2:325:449:42:21:0.4265;2:585:445:44:35:0.8186;7:372:446:41:20:0.1152;7:437:444:20:16:0.3842,5,1:2:585:445:44:35;18:7:437:444:20:16;19:2:2:446:135:50;20:2:325:449:42:21;23:7:372:446:41:20,1,SAFE,17.671
226,0,5,2:2:446:88:50:0.4986;2:320:450:36:21:0.3047;2:374:447:35:19:0.1317;2:585:446:42:34:0.8028;7:433:444:21:18:0.4694,5,1:2:585:446:42:34;18:7:433:444:21:18;19:2:2:446:88:50;20:2:320:450:36:21;23:2:374:447:35:19,1,SAFE,15.048
227,0,3,2:584:446:42:34:0.7767;7:294:423:83:47:0.1416;7:429:443:23:18:0.4205,3,1:2:584:446:42:34;18:7:429:443:23:18;20:7:294:423:83:47,1,SAFE,19.703
228,0,4,2:320:450:13:20:0.3875;2:359:446:38:21:0.1027;2:583:446:43:34:0.7768;7:425:443:24:19:0.5653,4,1:2:583:446:43:34;18:7:425:443:24:19;20:2:359:446:38:21;23:2:320:450:13:20,1,SAFE,31.387
229,0,3,2:266:448:55:24:0.1646;2:583:446:42:34:0.7967;7:421:443:24:18:0.4016,3,1:2:583:446:42:34;18:7:421:443:24:18;23:2:266:448:55:24,1,SAFE,inf
230,0,3,2:582:446:42:33:0.8486;7:245:417:62:56:0.2670;7:416:442:25:20:0.4984,3,1:2:582:446:42:33;18:7:416:442:25:20;23:7:245:417:62:56,1,SAFE,inf
231,0,4,2:225:448:66:26:0.1592;2:341:446:36:22:0.1483;2:582:445:41:34:0.8619;7:411:442:27:20:0.4806,3,1:2:582:445:41:34;18:7:411:442:27:20;23:2:225:448:66:26,1,SAFE,inf
232,0,4,2:203:448:70:28:0.3806;2:580:445:42:35:0.8759;7:321:442:47:27:0.2686;7:406:441:26:21:0.5804,3,1:2:580:445:42:35;18:7:406:441:26:21;23:2:203:448:70:28,1,SAFE,inf
233,0,4,2:171:450:78:28:0.3329;2:579:446:42:34:0.8599;7:320:442:38:27:0.2214;7:401:442:29:21:0.5817,3,1:2:579:446:42:34;18:7:401:442:29:21;23:2:171:450:78:28,1,SAFE,inf
234,0,5,0:1024:484:11:31:0.2108;2:140:448:92:34:0.5987;2:578:446:41:33:0.8656;7:320:441:28:30:0.3317;7:395:441:26:21:0.5725,3,1:2:578:446:41:33;18:7:395:441:26:21;23:2:140:448:92:34,1,SAFE,inf
235,0,5,0:1064:488:12:28:0.1497;2:104:448:100:35:0.6178;2:303:444:36:26:0.1913;2:577:446:41:33:0.8748;7:390:441:24:21:0.5796,3,1:2:577:446:41:33;18:7:390:441:24:21;23:2:104:448:100:35,1,SAFE,inf
236,0,5,2:57:447:120:41:0.6764;2:288:444:39:26:0.2208;2:576:446:42:34:0.8523;7:155:408:150:70:0.1953;7:383:441:25:23:0.5048,3,1:2:576:446:42:34;18:7:383:441:25:23;23:2:57:447:120:41,1,SAFE,inf
237,0,5,0:1173:494:14:41:0.2955;2:10:448:130:42:0.5629;2:574:446:43:34:0.8606;7:130:408:166:75:0.3343;7:377:441:27:23:0.5783,3,1:2:574:446:43:34;18:7:377:441:27:23;23:2:10:448:130:42,1,SAFE,inf
238,0,5,0:1246:502:20:44:0.2450;2:0:449:97:44:0.5816;2:574:446:42:34:0.8403;7:100:406:180:78:0.5404;7:370:441:28:24:0.5217,4,1:2:574:446:42:34;18:7:370:441:28:24;23:2:0:449:97:44;24:7:100:406:180:78,1,SAFE,inf
239,0,4,2:0:449:50:48:0.5580;2:573:446:42:34:0.8693;7:205:441:79:37:0.1039;7:362:441:29:24:0.6386,4,1:2:573:446:42:34;18:7:362:441:29:24;23:2:0:449:50:48;24:7:205:441:79:37,1,SAFE,inf
240,0,3,2:572:446:43:34:0.8751;7:37:401:214:88:0.2759;7:355:440:30:26:0.4395,3,1:2:572:446:43:34;18:7:355:440:30:26;24:7:37:401:214:88,1,SAFE,inf
241,0,4,2:75:455:56:32:0.1564;2:143:450:64:32:0.1051;2:571:445:42:35:0.8435;7:346:440:30:26:0.4493,3,1:2:571:445:42:35;18:7:346:440:30:26;24:2:75:455:56:32,1,SAFE,39.841
242,0,5,2:39:454:67:35:0.2151;2:108:434:73:49:0.1843;2:148:438:75:43:0.3708;2:569:445:43:34:0.7788;7:337:440:33:27:0.5766,3,1:2:569:445:43:34;18:7:337:440:33:27;24:2:39:454:67:35,1,SAFE,35.112
243,0,4,2:27:458:42:33:0.2074;2:71:434:77:51:0.1558;2:568:446:42:34:0.7713;7:330:437:48:34:0.4683,3,1:2:568:446:42:34;18:7:330:437:48:34;24:2:27:458:42:33,1,SAFE,31.387
244,0,6,2:0:460:22:30:0.2925;2:18:436:89:53:0.1924;2:343:447:29:24:0.1439;2:436:452:16:10:0.4297;2:568:446:41:34:0.8424;7:321:435:48:34:0.4389,3,1:2:568:446:41:34;18:7:321:435:48:34;24:2:0:460:22:30,1,SAFE,28.376
245,0,5,2:321:451:40:19:0.1454;2:432:451:18:10:0.4133;2:566:445:42:34:0.8291;7:0:400:146:96:0.2207;7:307:435:48:34:0.4210,2,1:2:566:445:42:34;18:7:307:435:48:34,1,SAFE,inf
246,0,3,2:428:451:17:10:0.3881;2:566:445:42:33:0.8368;7:294:433:58:36:0.4865,3,1:2:566:445:42:33;18:7:294:433:58:36;25:2:428:451:17:10,1,SAFE,inf
247,0,3,2:424:451:19:10:0.4483;2:565:445:41:33:0.8778;7:281:433:62:37:0.4578,3,1:2:565:445:41:33;18:7:281:433:62:37;25:2:424:451:19:10,1,SAFE,inf
248,0,4,2:420:451:19:11:0.4224;2:564:445:41:33:0.7851;7:268:433:43:37:0.3271;7:290:433:42:39:0.1396,3,1:2:564:445:41:33;18:7:268:433:43:37;25:2:420:451:19:11,1,SAFE,inf
249,0,3,2:416:450:19:12:0.4752;2:562:445:42:33:0.8135;7:252:431:62:40:0.2662,3,1:2:562:445:42:33;18:7:252:431:62:40;25:2:416:450:19:12,1,SAFE,inf
250,0,4,2:411:450:21:11:0.5181;2:561:444:42:34:0.8440;7:235:432:47:39:0.4377;7:255:429:55:43:0.3335,3,1:2:561:444:42:34;18:7:255:429:55:43;25:2:411:450:21:11,1,SAFE,inf
251,0,3,2:407:450:22:12:0.4477;2:559:444:43:35:0.8327;7:214:428:82:46:0.3850,2,1:2:559:444:43:35;25:2:407:450:22:12,1,SAFE,inf
252,0,3,2:401:450:23:13:0.3248;2:558:444:44:35:0.8512;7:194:427:87:51:0.4437,3,1:2:558:444:44:35;25:2:401:450:23:13;26:7:194:427:87:51,1,SAFE,inf
253,0,4,2:397:450:22:12:0.3371;2:557:445:43:34:0.8295;7:172:430:59:45:0.3921;7:197:426:68:52:0.3215,4,1:2:557:445:43:34;18:7:172:430:59:45;25:2:397:450:22:12;26:7:197:426:68:52,1,SAFE,inf
254,0,3,2:391:451:23:12:0.2886;2:557:445:42:34:0.8792;7:143:425:107:58:0.5210,3,1:2:557:445:42:34;25:2:391:451:23:12;26:7:143:425:107:58,1,SAFE,inf
255,0,3,2:384:451:25:12:0.2556;2:555:445:43:35:0.8528;7:111:425:118:59:0.4258,3,1:2:555:445:43:35;25:2:384:451:25:12;26:7:111:425:118:59,1,SAFE,35.575
256,0,3,2:379:451:23:12:0.2796;2:554:445:43:35:0.8412;7:76:421:132:67:0.4037,3,1:2:554:445:43:35;25:2:379:451:23:12;26:7:76:421:132:67,1,SAFE,13.330
257,0,3,2:372:452:29:14:0.3482;2:552:445:44:35:0.7705;7:33:419:149:69:0.3735,3,1:2:552:445:44:35;25:2:372:452:29:14;26:7:33:419:149:69,1,SAFE,10.298
258,0,3,2:365:451:30:17:0.3433;2:553:446:41:34:0.7668;7:1:418:152:74:0.3487,3,1:2:553:446:41:34;25:2:365:451:30:17;26:7:1:418:152:74,1,SAFE,10.596
259,0,3,2:357:451:31:16:0.3332;2:551:446:43:35:0.8117;7:0:414:120:81:0.2770,3,1:2:551:446:43:35;25:2:357:451:31:16;26:7:0:414:120:81,1,SAFE,8.821
260,0,3,2:350:451:31:17:0.3356;2:516:499:15:12:0.3497;2:550:446:43:34:0.7131,2,1:2:550:446:43:34;25:2:350:451:31:17,1,SAFE,9.300
261,0,2,2:340:451:32:16:0.3725;2:549:445:42:35:0.7509,2,1:2:549:445:42:35;25:2:340:451:32:16,1,SAFE,10.220
262,0,3,2:332:452:34:15:0.4408;2:503:505:20:18:0.2226;2:548:446:43:34:0.8964,2,1:2:548:446:43:34;25:2:332:452:34:15,1,SAFE,16.624
263,0,2,2:320:452:40:20:0.5337;2:546:445:44:35:0.8389,2,1:2:546:445:44:35;25:2:320:452:40:20,1,SAFE,24.400
264,0,2,2:311:451:41:18:0.5768;2:545:445:44:35:0.8056,2,1:2:545:445:44:35;25:2:311:451:41:18,1,SAFE,inf
265,0,2,2:301:452:39:18:0.3760;2:545:446:43:34:0.7655,2,1:2:545:446:43:34;25:2:301:452:39:18,1,SAFE,inf
266,0,2,2:320:451:13:19:0.3068;2:543:446:44:34:0.7943,2,1:2:543:446:44:34;25:2:320:451:13:19,1,SAFE,inf
267,0,2,2:271:451:51:21:0.4977;2:542:446:44:34:0.7711,1,1:2:542:446:44:34,1,SAFE,inf
268,0,3,2:257:451:54:22:0.5035;2:508:493:13:10:0.2279;2:541:446:44:34:0.7705,1,1:2:541:446:44:34,1,SAFE,inf
269,0,2,2:240:450:57:24:0.5573;2:542:445:42:35:0.7766,2,1:2:542:445:42:35;27:2:240:450:57:24,1,SAFE,inf
270,0,2,2:221:451:63:25:0.4516;2:540:445:43:34:0.7947,2,1:2:540:445:43:34;27:2:221:451:63:25,1,SAFE,inf
271,0,3,2:202:450:67:26:0.4334;2:426:452:13:10:0.2007;2:539:445:43:35:0.8220,2,1:2:539:445:43:35;27:2:202:450:67:26,1,SAFE,inf
272,0,3,2:177:447:73:31:0.5478;2:480:504:24:17:0.2261;2:537:445:45:35:0.8832,2,1:2:537:445:45:35;27:2:177:447:73:31,1,SAFE,inf
273,0,3,2:148:448:81:30:0.3373;2:418:451:16:10:0.3149;2:537:445:44:34:0.8499,2,1:2:537:445:44:34;27:2:148:448:81:30,1,SAFE,inf
274,0,3,2:117:449:91:29:0.3059;2:414:451:17:10:0.4364;2:536:444:44:36:0.8744,2,1:2:536:444:44:36;27:2:117:449:91:29,1,SAFE,27.307
275,0,4,2:80:453:85:26:0.1226;2:116:450:70:30:0.2270;2:410:450:18:10:0.3516;2:535:444:44:36:0.8626,3,1:2:535:444:44:36;27:2:116:450:70:30;28:2:410:450:18:10,1,SAFE,18.277
276,0,3,2:61:447:92:34:0.1596;2:407:450:17:11:0.4106;2:535:443:43:36:0.8486,3,1:2:535:443:43:36;27:2:61:447:92:34;28:2:407:450:17:11,1,SAFE,10.928
277,0,3,2:13:446:105:36:0.2300;2:402:450:19:11:0.3543;2:534:443:43:35:0.8590,3,1:2:534:443:43:35;27:2:13:446:105:36;28:2:402:450:19:11,1,SAFE,12.601
278,0,3,2:0:446:79:37:0.4457;2:398:450:20:12:0.5560;2:534:444:43:34:0.8313,3,1:2:534:444:43:34;27:2:0:446:79:37;28:2:398:450:20:12,1,SAFE,14.879
279,0,3,2:0:446:31:37:0.1404;2:394:450:21:12:0.3737;2:533:443:43:36:0.8047,3,1:2:533:443:43:36;27:2:0:446:31:37;28:2:394:450:21:12,1,SAFE,9.902
280,0,2,2:390:450:21:12:0.2911;2:532:444:44:34:0.7882,2,1:2:532:444:44:34;28:2:390:450:21:12,1,SAFE,15.599
281,0,2,2:384:450:20:12:0.3226;2:531:444:44:34:0.7486,2,1:2:531:444:44:34;28:2:384:450:20:12,1,SAFE,36.731
282,0,2,2:379:450:19:12:0.2199;2:531:443:44:34:0.7388,2,1:2:531:443:44:34;28:2:379:450:19:12,1,SAFE,inf
283,0,2,2:371:449:28:14:0.2510;2:530:444:43:33:0.7650,2,1:2:530:444:43:33;28:2:371:449:28:14,1,SAFE,inf
284,0,2,2:365:449:26:14:0.3917;2:530:443:43:34:0.7687,2,1:2:530:443:43:34;28:2:365:449:26:14,1,SAFE,inf
285,0,2,2:358:448:27:15:0.4782;2:529:442:44:35:0.7714,2,1:2:529:442:44:35;28:2:358:448:27:15,1,SAFE,inf
286,0,2,2:348:448:33:17:0.2002;2:528:442:45:35:0.8226,2,1:2:528:442:45:35;28:2:348:448:33:17,1,SAFE,inf
287,0,2,2:344:448:30:15:0.2537;2:528:442:44:34:0.7903,2,1:2:528:442:44:34;28:2:344:448:30:15,1,SAFE,inf
288,0,1,2:527:443:45:34:0.8143,1,1:2:527:443:45:34,1,SAFE,inf
289,0,3,2:458:447:13:10:0.2446;2:526:443:45:34:0.8231;7:327:448:31:18:0.2746,2,1:2:526:443:45:34;28:7:327:448:31:18,1,SAFE,inf
290,0,2,2:317:449:35:18:0.3424;2:526:443:44:35:0.8027,2,1:2:526:443:44:35;28:2:317:449:35:18,1,SAFE,inf
291,0,2,2:307:448:35:19:0.2602;2:525:443:45:35:0.8184,2,1:2:525:443:45:35;28:2:307:448:35:19,1,SAFE,inf
292,0,2,2:525:443:44:35:0.8063;7:320:448:13:18:0.2433,2,1:2:525:443:44:35;28:7:320:448:13:18,1,SAFE,34.923
293,0,2,2:282:448:41:20:0.3489;2:525:443:44:35:0.8166,2,1:2:525:443:44:35;28:2:282:448:41:20,1,SAFE,31.331
294,0,3,2:268:448:43:20:0.3375;2:417:449:17:10:0.4115;2:524:444:45:34:0.8089,2,1:2:524:444:45:34;28:2:268:448:43:20,1,SAFE,16.857
295,0,3,2:252:447:46:24:0.3403;2:413:449:15:10:0.4873;2:524:444:45:35:0.7977,2,1:2:524:444:45:35;28:2:252:447:46:24,1,SAFE,15.239
296,0,3,2:235:446:51:25:0.3235;2:409:449:18:10:0.4130;2:524:443:44:36:0.7884,3,1:2:524:443:44:36;28:2:235:446:51:25;29:2:409:449:18:10,1,SAFE,11.121
297,0,3,2:216:446:55:25:0.2728;2:399:449:24:10:0.3844;2:524:443:44:36:0.7894,3,1:2:524:443:44:36;28:2:216:446:55:25;29:2:399:449:24:10,1,SAFE,9.250
298,0,4,2:194:447:62:25:0.4581;2:400:449:20:11:0.4179;2:441:448:16:10:0.3504;2:523:443:44:36:0.7982,3,1:2:523:443:44:36;28:2:194:447:62:25;29:2:400:449:20:11,1,SAFE,10.570
299,0,4,2:172:448:64:24:0.3448;2:383:450:33:10:0.4214;2:439:448:17:10:0.4106;2:523:443:44:36:0.7643,3,1:2:523:443:44:36;28:2:172:448:64:24;29:2:383:450:33:10,1,SAFE,10.271
300,0,4,2:145:450:69:25:0.3017;2:375:451:20:11:0.2517;2:436:448:17:11:0.2920;2:522:444:45:36:0.7667,4,1:2:522:444:45:36;28:2:145:450:69:25;29:2:375:451:20:11;30:2:436:448:17:11,1,SAFE,8.416
301,0,4,2:113:447:79:32:0.2753;2:371:450:36:11:0.5570;2:432:448:19:11:0.4943;2:521:444:45:36:0.7419,4,1:2:521:444:45:36;28:2:113:447:79:32;29:2:371:450:36:11;30:2:432:448:19:11,1,SAFE,7.285
302,0,4,2:77:447:85:33:0.2370;2:366:450:37:12:0.5587;2:430:448:19:12:0.4144;2:521:444:45:36:0.7101,4,1:2:521:444:45:36;28:2:77:447:85:33;29:2:366:450:37:12;30:2:430:448:19:12,1,SAFE,7.821
303,0,4,2:31:446:101:37:0.3716;2:361:450:37:13:0.4536;2:428:448:17:11:0.3995;2:521:444:45:36:0.7174,4,1:2:521:444:45:36;28:2:31:446:101:37;29:2:361:450:37:13;30:2:428:448:17:11,1,SAFE,8.901
304,0,3,2:357:450:36:13:0.5753;2:425:448:18:11:0.4285;2:520:445:46:35:0.7345,3,1:2:520:445:46:35;29:2:357:450:36:13;30:2:425:448:18:11,1,SAFE,14.365
305,0,4,2:0:444:51:41:0.5095;2:350:450:37:14:0.6413;2:422:448:20:12:0.4495;2:520:445:45:35:0.7376,4,1:2:520:445:45:35;28:2:0:444:51:41;29:2:350:450:37:14;30:2:422:448:20:12,1,SAFE,20.579
306,0,3,2:344:450:38:14:0.6448;2:419:448:19:12:0.2782;2:521:445:44:35:0.7399,3,1:2:521:445:44:35;29:2:344:450:38:14;30:2:419:448:19:12,1,SAFE,36.265
307,0,3,2:337:450:37:14:0.5353;2:415:448:21:12:0.3776;2:521:445:44:35:0.7697,3,1:2:521:445:44:35;29:2:337:450:37:14;30:2:415:448:21:12,1,SAFE,inf
308,0,3,2:328:449:39:15:0.4721;2:412:447:21:12:0.3603;2:521:445:44:35:0.7755,3,1:2:521:445:44:35;29:2:328:449:39:15;30:2:412:447:21:12,1,SAFE,inf
309,0,3,2:321:450:37:16:0.2817;2:521:445:44:35:0.7683;7:408:448:21:12:0.2583,3,1:2:521:445:44:35;29:2:321:450:37:16;30:7:408:448:21:12,1,SAFE,inf
310,0,3,2:309:448:40:19:0.3195;2:404:448:23:12:0.2833;2:521:445:44:34:0.7620,3,1:2:521:445:44:34;29:2:309:448:40:19;30:2:404:448:23:12,1,SAFE,inf
311,0,3,2:298:449:43:18:0.3147;2:520:445:45:35:0.7828;7:399:447:22:14:0.2916,3,1:2:520:445:45:35;29:2:298:449:43:18;30:7:399:447:22:14,1,SAFE,inf
312,0,3,2:320:451:13:15:0.2439;2:519:446:46:35:0.7999;7:395:447:23:15:0.2080,3,1:2:519:446:46:35;29:2:320:451:13:15;30:7:395:447:23:15,1,SAFE,inf
313,0,2,2:267:448:57:19:0.4062;2:519:445:46:35:0.7852,1,1:2:519:445:46:35,1,SAFE,inf
314,0,2,2:250:448:67:22:0.4646;2:519:445:46:36:0.7354,1,1:2:519:445:46:36,1,SAFE,inf
315,0,3,2:230:449:74:21:0.3674;2:519:445:47:35:0.7442;7:381:447:27:15:0.3056,3,1:2:519:445:47:35;30:7:381:447:27:15;31:2:230:449:74:21,1,SAFE,inf
316,0,3,2:211:447:86:24:0.3615;2:519:445:47:35:0.7697;7:374:446:28:16:0.2428,3,1:2:519:445:47:35;30:7:374:446:28:16;31:2:211:447:86:24,1,SAFE,inf
317,0,3,2:187:448:99:23:0.2582;2:370:447:30:16:0.3186;2:519:445:47:35:0.8002,3,1:2:519:445:47:35;30:2:370:447:30:16;31:2:187:448:99:23,1,SAFE,inf
318,0,4,2:161:448:79:25:0.2184;2:240:452:38:16:0.1546;2:362:445:32:18:0.3576;2:519:445:47:35:0.8057,3,1:2:519:445:47:35;30:2:362:445:32:18;31:2:161:448:79:25,1,SAFE,inf
319,0,5,0:854:477:13:31:0.1224;2:141:448:75:25:0.2768;2:217:452:48:18:0.3376;2:520:445:46:35:0.8066;7:353:445:35:19:0.3221,3,1:2:520:445:46:35;30:7:353:445:35:19;31:2:141:448:75:25,1,SAFE,inf
320,0,5,0:878:478:15:36:0.5730;2:105:449:88:25:0.2551;2:200:452:53:19:0.3991;2:520:445:46:35:0.8021;7:346:445:37:20:0.2442,3,1:2:520:445:46:35;30:7:346:445:37:20;31:2:105:449:88:25,1,SAFE,inf
321,0,4,2:46:447:115:33:0.3325;2:180:452:57:19:0.3999;2:521:445:45:35:0.7799;7:338:445:39:20:0.3127,4,1:2:521:445:45:35;30:7:338:445:39:20;31:2:46:447:115:33;32:2:180:452:57:19,1,SAFE,inf
322,0,5,0:947:484:14:44:0.1462;2:13:447:116:30:0.3149;2:162:452:60:19:0.3949;2:329:444:40:21:0.4041;2:520:445:47:35:0.8156,4,1:2:520:445:47:35;30:2:329:444:40:21;31:2:13:447:116:30;32:2:162:452:60:19,1,SAFE,inf
323,1,1,2:552:453:46:35:0.5551,0,,-1,NONE,inf
324,0,1,2:550:453:44:35:0.5113,0,,-1,NONE,inf
325,0,1,2:548:454:44:33:0.6669,1,33:2:548:454:44:33,-1,NONE,inf
326,0,1,2:545:453:45:34:0.6255,1,33:2:545:453:45:34,-1,NONE,inf
327,0,1,2:543:453:44:34:0.6855,1,33:2:543:453:44:34,-1,NONE,inf
328,0,1,2:542:454:44:33:0.7528,1,33:2:542:454:44:33,-1,NONE,inf
329,0,1,2:540:453:46:34:0.6254,1,33:2:540:453:46:34,-1,NONE,inf
330,0,1,2:539:453:45:34:0.6881,1,33:2:539:453:45:34,-1,NONE,inf
331,0,1,2:537:452:46:35:0.6571,1,33:2:537:452:46:35,-1,NONE,inf
332,0,1,2:537:453:44:34:0.7051,1,33:2:537:453:44:34,-1,NONE,inf
333,0,1,2:536:453:44:33:0.7317,1,33:2:536:453:44:33,-1,NONE,inf
334,0,1,2:536:453:43:33:0.6827,1,33:2:536:453:43:33,-1,NONE,inf
335,0,1,2:535:453:44:33:0.5743,1,33:2:535:453:44:33,-1,NONE,inf
336,0,1,2:534:453:44:33:0.5095,1,33:2:534:453:44:33,-1,NONE,inf
337,0,1,2:533:453:44:33:0.5361,1,33:2:533:453:44:33,-1,NONE,inf
338,0,1,2:532:453:44:33:0.5162,1,33:2:532:453:44:33,-1,NONE,inf
339,0,1,2:532:453:43:33:0.6215,1,33:2:532:453:43:33,33,SAFE,inf
340,0,1,2:533:453:42:32:0.6067,1,33:2:533:453:42:32,33,SAFE,inf
341,0,1,2:532:453:42:33:0.6585,1,33:2:532:453:42:33,33,SAFE,inf
342,0,1,2:532:453:42:33:0.5964,1,33:2:532:453:42:33,33,SAFE,inf
343,0,1,2:532:453:42:32:0.6507,1,33:2:532:453:42:32,33,SAFE,inf
344,0,1,2:532:453:41:33:0.6803,1,33:2:532:453:41:33,33,SAFE,inf
345,0,1,2:532:453:42:33:0.6543,1,33:2:532:453:42:33,33,SAFE,inf
346,0,1,2:532:453:42:33:0.6132,1,33:2:532:453:42:33,33,SAFE,inf
347,0,1,2:532:453:41:32:0.6098,1,33:2:532:453:41:32,33,SAFE,inf
348,0,2,2:532:454:41:31:0.6047;5:813:429:144:49:0.2305,1,33:2:532:454:41:31,33,SAFE,inf
349,0,1,2:532:453:41:32:0.6578,1,33:2:532:453:41:32,33,SAFE,inf
350,0,1,2:533:453:40:31:0.6714,1,33:2:533:453:40:31,33,SAFE,inf
351,0,1,2:533:453:40:31:0.6880,1,33:2:533:453:40:31,33,SAFE,inf
352,0,1,2:533:453:40:31:0.6946,1,33:2:533:453:40:31,33,SAFE,inf
353,0,1,2:533:453:41:31:0.7618,1,33:2:533:453:41:31,33,SAFE,inf
354,0,1,2:533:453:41:30:0.8100,1,33:2:533:453:41:30,33,SAFE,inf
355,0,1,2:534:453:40:30:0.8128,1,33:2:534:453:40:30,33,SAFE,inf
356,0,1,2:534:453:40:31:0.8204,1,33:2:534:453:40:31,33,SAFE,inf
357,0,1,2:534:453:41:30:0.8290,1,33:2:534:453:41:30,33,SAFE,inf
358,0,1,2:535:453:40:30:0.8409,1,33:2:535:453:40:30,33,SAFE,inf
359,0,1,2:536:453:39:30:0.8353,1,33:2:536:453:39:30,33,SAFE,inf
360,0,1,2:537:452:39:31:0.7856,1,33:2:537:452:39:31,33,SAFE,inf
361,0,1,2:537:452:38:31:0.7263,1,33:2:537:452:38:31,33,SAFE,inf
362,0,1,2:537:452:39:31:0.7029,1,33:2:537:452:39:31,33,SAFE,inf
363,0,1,2:538:451:39:31:0.6931,1,33:2:538:451:39:31,33,SAFE,inf
364,0,1,2:539:451:38:30:0.7085,1,33:2:539:451:38:30,33,SAFE,inf
365,0,1,2:539:451:38:30:0.7188,1,33:2:539:451:38:30,33,SAFE,inf
366,0,1,2:540:451:38:30:0.7410,1,33:2:540:451:38:30,33,SAFE,inf
367,0,1,2:541:451:37:30:0.7649,1,33:2:541:451:37:30,33,SAFE,inf
368,0,1,2:541:451:38:30:0.7692,1,33:2:541:451:38:30,33,SAFE,inf
369,0,1,2:541:451:38:30:0.7352,1,33:2:541:451:38:30,33,SAFE,inf
370,0,1,2:541:452:37:29:0.7284,1,33:2:541:452:37:29,33,SAFE,inf
371,0,1,2:542:451:37:29:0.7170,1,33:2:542:451:37:29,33,SAFE,inf
372,0,1,2:542:451:37:29:0.7077,1,33:2:542:451:37:29,33,SAFE,inf
373,0,1,2:543:451:37:29:0.7107,1,33:2:543:451:37:29,33,SAFE,inf
374,0,2,2:543:451:37:29:0.7742;7:1018:364:261:151:0.2545,1,33:2:543:451:37:29,33,SAFE,inf
375,0,2,2:544:451:36:29:0.7619;7:1136:363:143:152:0.1711,1,33:2:544:451:36:29,33,SAFE,inf
376,0,2,2:544:450:36:29:0.7683;7:1037:365:242:149:0.2176,1,33:2:544:450:36:29,33,SAFE,inf
377,0,2,2:544:450:37:29:0.7774;7:634:423:125:48:0.2288,1,33:2:544:450:37:29,33,SAFE,inf
378,0,2,2:544:450:38:29:0.7685;7:634:421:126:49:0.3074,1,33:2:544:450:38:29,33,SAFE,inf
379,0,2,2:544:449:37:29:0.7576;7:635:420:126:49:0.2347,1,33:2:544:449:37:29,33,SAFE,inf
380,0,1,2:545:449:36:29:0.7777,1,33:2:545:449:36:29,33,SAFE,inf
381,0,3,2:545:448:36:30:0.7610;7:632:419:132:50:0.2045;7:1056:311:223:206:0.2263,1,33:2:545:448:36:30,33,SAFE,inf
382,0,3,2:545:448:36:30:0.7688;7:964:416:75:68:0.1489;7:1062:318:217:199:0.2691,1,33:2:545:448:36:30,33,SAFE,inf
383,0,5,2:543:447:11:12:0.3035;2:544:448:36:30:0.7717;7:631:417:135:52:0.2209;7:933:414:111:72:0.2544;7:1063:313:216:205:0.3093,1,33:2:544:448:36:30,33,SAFE,25.053
384,0,5,2:542:447:12:12:0.2693;2:544:449:36:29:0.8021;7:631:417:136:50:0.2048;7:956:413:89:72:0.1729;7:1067:309:212:211:0.2647,1,33:2:544:449:36:29,33,SAFE,18.372
385,0,5,2:541:447:12:11:0.3247;2:544:449:36:28:0.7821;5:619:417:149:50:0.1094;7:989:412:61:72:0.2640;7:1077:313:202:205:0.1449,2,33:2:544:449:36:28;34:2:541:447:12:11,33,SAFE,inf
386,0,4,2:540:447:12:12:0.3263;2:544:448:36:29:0.8097;7:628:415:143:52:0.1146;7:997:410:58:76:0.3274,2,33:2:544:448:36:29;34:2:540:447:12:12,33,SAFE,inf
387,0,4,2:540:447:12:12:0.2539;2:544:448:36:28:0.8217;7:634:415:136:53:0.2486;7:1006:410:54:75:0.1429,2,33:2:544:448:36:28;34:2:540:447:12:12,33,SAFE,inf
388,0,3,2:539:447:11:13:0.3362;2:543:448:35:28:0.8159;7:633:414:137:54:0.3007,2,33:2:543:448:35:28;34:2:539:447:11:13,33,SAFE,inf
389,0,5,0:825:422:33:59:0.1078;0:922:425:23:66:0.1263;2:539:447:11:14:0.3154;2:543:448:35:29:0.8075;7:631:414:140:54:0.3897,2,33:2:543:448:35:29;34:2:539:447:11:14,33,SAFE,inf
390,0,3,2:538:447:12:14:0.2863;2:543:448:35:28:0.8377;7:629:414:144:55:0.3355,3,33:2:543:448:35:28;34:2:538:447:12:14;35:7:629:414:144:55,33,SAFE,inf
391,0,3,2:537:447:12:13:0.2632;2:543:448:34:29:0.8388;7:626:414:148:55:0.3962,3,33:2:543:448:34:29;34:2:537:447:12:13;35:7:626:414:148:55,33,SAFE,inf
392,0,3,2:537:447:12:13:0.2356;2:543:448:34:29:0.8281;7:624:414:151:55:0.2153,3,33:2:543:448:34:29;34:2:537:447:12:13;35:7:624:414:151:55,33,SAFE,inf
393,0,2,2:543:448:34:29:0.8034;7:833:412:121:77:0.2138,1,33:2:543:448:34:29,33,SAFE,inf
394,0,2,2:542:450:35:27:0.7807;7:832:410:127:81:0.2859,2,33:2:542:450:35:27;35:7:832:410:127:81,33,SAFE,inf
395,0,2,2:542:450:35:28:0.7820;7:630:414:149:54:0.1295,1,33:2:542:450:35:28,33,SAFE,inf
396,0,5,0:1024:452:23:51:0.1720;2:535:447:11:14:0.2357;2:542:450:35:28:0.7913;7:623:413:156:57:0.1062;7:1106:312:173:302:0.1407,1,33:2:542:450:35:28,33,SAFE,inf
397,0,3,0:1032:460:22:45:0.1055;2:541:450:35:29:0.6878;7:619:413:165:62:0.2753,1,33:2:541:450:35:29,33,SAFE,inf
398,0,2,2:541:450:35:29:0.6244;7:619:413:167:62:0.4294,1,33:2:541:450:35:29,33,SAFE,inf
399,0,4,0:1022:458:22:48:0.2786;2:540:451:36:28:0.6525;2:1110:476:46:32:0.1139;7:617:414:170:60:0.3788,1,33:2:540:451:36:28,33,SAFE,inf
400,0,2,2:541:451:35:29:0.6887;7:617:414:172:60:0.4353,2,33:2:541:451:35:29;36:7:617:414:172:60,33,SAFE,inf
401,0,2,2:541:451:35:29:0.6293;7:617:414:174:61:0.3454,2,33:2:541:451:35:29;36:7:617:414:174:61,33,SAFE,29.582
402,0,4,2:532:450:12:12:0.2223;2:540:451:35:29:0.6299;7:623:413:168:62:0.4749;7:879:416:80:76:0.2168,2,33:2:540:451:35:29;36:7:623:413:168:62,33,SAFE,29.463
403,0,2,2:541:452:34:28:0.6458;7:618:413:178:64:0.3721,2,33:2:541:452:34:28;36:7:618:413:178:64,33,SAFE,inf
404,0,4,2:531:450:12:13:0.2376;2:540:452:35:28:0.7022;7:617:414:177:63:0.5518;7:884:417:75:80:0.4426,2,33:2:540:452:35:28;36:7:617:414:177:63,33,SAFE,inf
405,0,4,2:530:450:13:13:0.2637;2:540:453:35:27:0.6939;7:618:413:176:65:0.5527;7:850:345:109:152:0.2528,2,33:2:540:453:35:27;36:7:618:413:176:65,33,SAFE,inf
406,0,3,2:540:453:35:27:0.7286;7:617:413:180:64:0.4178;7:890:417:69:81:0.2637,3,33:2:540:453:35:27;36:7:617:413:180:64;37:7:890:417:69:81,33,SAFE,inf
407,0,3,2:540:453:35:27:0.7051;7:617:413:181:65:0.4411;7:853:340:106:158:0.2196,3,33:2:540:453:35:27;36:7:617:413:181:65;37:7:853:340:106:158,33,SAFE,inf
408,0,2,2:540:453:34:27:0.7909;7:617:413:184:64:0.3498,2,33:2:540:453:34:27;36:7:617:413:184:64,33,SAFE,inf
409,0,2,2:540:453:34:28:0.7918;7:617:412:186:65:0.2002,2,33:2:540:453:34:28;36:7:617:412:186:65,33,SAFE,inf
410,0,2,2:540:453:34:27:0.7639;7:617:412:187:65:0.3310,2,33:2:540:453:34:27;36:7:617:412:187:65,33,SAFE,inf
411,0,2,2:540:453:34:27:0.7939;7:616:412:191:65:0.5347,2,33:2:540:453:34:27;36:7:616:412:191:65,33,SAFE,inf
412,0,2,2:540:453:33:26:0.7997;7:615:411:192:67:0.3177,2,33:2:540:453:33:26;36:7:615:411:192:67,33,SAFE,inf
413,0,3,2:526:450:12:14:0.2635;2:540:453:33:27:0.7828;7:616:412:195:66:0.3468,2,33:2:540:453:33:27;36:7:616:412:195:66,33,SAFE,inf
414,0,3,2:526:450:12:13:0.3170;2:540:453:33:26:0.7961;7:616:411:194:66:0.3271,2,33:2:540:453:33:26;36:7:616:411:194:66,33,SAFE,inf
415,0,4,0:304:458:12:27:0.1182;2:525:450:12:13:0.2111;2:540:453:33:26:0.7622;7:616:411:198:66:0.2410,2,33:2:540:453:33:26;36:7:616:411:198:66,33,SAFE,inf
416,0,2,2:540:453:33:26:0.7614;7:616:410:199:67:0.5022,2,33:2:540:453:33:26;36:7:616:410:199:67,33,SAFE,inf
417,0,2,2:540:453:32:26:0.7592;7:616:411:204:67:0.3261,2,33:2:540:453:32:26;36:7:616:411:204:67,33,SAFE,inf
418,0,4,0:290:459:15:27:0.1096;2:540:453:32:26:0.7580;7:616:410:205:69:0.3948;7:816:420:105:56:0.2483,2,33:2:540:453:32:26;36:7:616:410:205:69,33,SAFE,inf
419,0,3,0:287:459:13:27:0.1096;2:540:452:32:27:0.7165;7:617:408:205:71:0.4609,2,33:2:540:452:32:27;36:7:617:408:205:71,33,SAFE,inf
420,0,5,2:523:449:13:14:0.2711;2:539:452:32:27:0.7184;7:321:405:82:62:0.2367;7:616:408:210:70:0.3128;7:876:419:47:54:0.2385,2,33:2:539:452:32:27;36:7:616:408:210:70,33,SAFE,inf
421,0,6,0:274:463:15:24:0.1358;2:523:449:12:14:0.2503;2:539:452:32:27:0.6938;7:322:405:80:61:0.2639;7:617:407:212:71:0.2250;7:879:418:47:56:0.2698,2,33:2:539:452:32:27;36:7:617:407:212:71,33,SAFE,inf
422,0,6,0:270:462:14:26:0.1044;2:523:449:12:13:0.3246;2:538:451:33:28:0.7100;7:321:405:80:62:0.3967;7:616:407:216:71:0.2478;7:881:417:42:57:0.2524,2,33:2:538:451:33:28;36:7:616:407:216:71,33,SAFE,inf
423,0,5,2:522:448:12:14:0.2421;2:538:451:33:27:0.7133;5:609:405:223:73:0.3684;7:321:405:79:62:0.5239;7:883:417:48:55:0.2260,2,33:2:538:451:33:27;36:5:609:405:223:73,33,SAFE,inf
424,0,4,0:1206:467:25:68:0.1692;2:538:451:33:27:0.8327;5:615:404:224:73:0.2229;7:320:404:79:62:0.2493,2,33:2:538:451:33:27;36:5:615:404:224:73,33,SAFE,16.706
425,0,4,0:253:462:14:26:0.1460;2:538:451:32:27:0.8265;7:940:411:19:67:0.3640;7:1206:427:73:110:0.1212,1,33:2:538:451:32:27,33,SAFE,12.468
426,0,3,2:538:451:32:27:0.8190;7:321:403:77:62:0.2866;7:941:410:18:69:0.2661,1,33:2:538:451:32:27,33,SAFE,9.945
427,0,3,2:537:451:34:27:0.7927;5:616:401:228:78:0.2813;7:892:415:48:54:0.2715,3,33:2:537:451:34:27;36:5:616:401:228:78;38:7:892:415:48:54,33,SAFE,11.290
428,0,2,2:537:451:33:27:0.7884;5:617:401:235:78:0.3874,2,33:2:537:451:33:27;36:5:617:401:235:78,33,SAFE,9.535
429,0,3,0:225:464:18:26:0.1341;2:537:450:33:27:0.7733;5:619:398:235:80:0.2220,2,33:2:537:450:33:27;36:5:619:398:235:80,33,SAFE,11.252
430,0,4,2:519:447:12:14:0.2085;2:536:451:34:27:0.7840;7:320:431:22:35:0.2215;7:634:400:218:78:0.1827,2,33:2:536:451:34:27;36:7:634:400:218:78,33,SAFE,14.531
431,0,4,2:518:447:13:14:0.2862;2:536:451:34:27:0.7815;7:320:430:33:37:0.2690;7:609:397:350:104:0.2235,2,33:2:536:451:34:27;36:7:609:397:350:104,33,SAFE,22.357
432,0,2,2:518:448:13:14:0.2484;2:536:451:34:27:0.7739,1,33:2:536:451:34:27,33,SAFE,inf
433,0,3,2:536:451:34:27:0.7832;7:320:401:73:65:0.2659;7:907:412:51:58:0.3503,2,33:2:536:451:34:27;36:7:907:412:51:58,33,SAFE,inf
434,0,2,2:536:451:33:27:0.7831;7:320:401:72:65:0.5081,1,33:2:536:451:33:27,33,SAFE,inf
435,0,2,2:536:451:33:27:0.7862;7:320:401:71:65:0.4061,1,33:2:536:451:33:27,33,SAFE,inf
436,0,4,2:516:448:15:15:0.2583;2:536:452:34:26:0.7960;5:621:393:259:88:0.2238;7:320:402:70:64:0.2554,3,33:2:536:452:34:26;38:2:516:448:15:15;39:7:320:402:70:64,33,SAFE,inf
437,0,2,2:516:449:14:14:0.2273;2:536:452:33:26:0.7883,1,33:2:536:452:33:26,33,SAFE,inf
438,0,2,2:536:453:34:25:0.8042;7:621:392:335:91:0.4219,1,33:2:536:453:34:25,33,SAFE,inf
439,0,3,2:515:449:14:15:0.2022;2:536:453:33:25:0.7965;7:620:391:338:92:0.4420,1,33:2:536:453:33:25,33,SAFE,inf
440,0,4,2:514:449:15:15:0.2516;2:536:453:33:25:0.7942;7:320:403:67:64:0.2250;7:621:390:335:94:0.4655,2,33:2:536:453:33:25;40:7:621:390:335:94,33,SAFE,inf
441,0,4,2:514:449:15:16:0.2170;2:536:453:33:26:0.7926;5:622:391:275:93:0.5092;7:320:403:67:65:0.2325,2,33:2:536:453:33:26;40:5:622:391:275:93,33,SAFE,inf
442,0,4,2:514:449:15:16:0.2343;2:536:453:33:26:0.7733;7:320:403:65:64:0.2385;7:620:390:338:96:0.3885,2,33:2:536:453:33:26;40:7:620:390:338:96,33,SAFE,inf
443,0,4,2:514:449:15:15:0.2205;2:536:453:33:26:0.7530;7:320:403:63:64:0.3184;7:622:388:287:98:0.7050,3,33:2:536:453:33:26;39:7:320:403:63:64;40:7:622:388:287:98,33,SAFE,inf
444,0,4,2:514:449:14:15:0.2397;2:537:453:32:26:0.7576;7:320:404:62:63:0.6109;7:623:388:290:99:0.6916,3,33:2:537:453:32:26;39:7:320:404:62:63;40:7:623:388:290:99,33,SAFE,inf
445,0,3,2:513:449:16:15:0.2460;2:536:453:33:26:0.7693;7:624:386:296:101:0.7028,2,33:2:536:453:33:26;40:7:624:386:296:101,33,SAFE,inf
446,0,4,2:513:449:16:15:0.2073;2:536:453:33:26:0.7208;7:320:404:61:63:0.7395;7:625:387:322:102:0.7656,3,33:2:536:453:33:26;39:7:320:404:61:63;40:7:625:387:322:102,33,SAFE,inf
447,0,3,2:536:453:33:26:0.6955;7:320:404:61:63:0.3488;7:626:386:313:103:0.7465,3,33:2:536:453:33:26;39:7:320:404:61:63;40:7:626:386:313:103,33,SAFE,inf
448,0,3,2:536:453:33:26:0.6867;7:320:404:61:63:0.6032;7:628:385:330:103:0.6662,3,33:2:536:453:33:26;39:7:320:404:61:63;40:7:628:385:330:103,33,SAFE,inf
449,0,4,2:512:449:15:15:0.2098;2:536:453:33:26:0.6647;7:320:404:61:63:0.2943;7:628:384:328:104:0.7169,3,33:2:536:453:33:26;39:7:320:404:61:63;40:7:628:384:328:104,33,SAFE,inf
450,0,4,2:511:449:16:15:0.2457;2:536:453:33:26:0.6673;7:320:403:59:64:0.2798;7:629:383:323:106:0.6985,3,33:2:536:453:33:26;39:7:320:403:59:64;40:7:629:383:323:106,33,SAFE,19.851
451,0,2,2:537:454:32:25:0.6677;7:631:382:327:108:0.2716,2,33:2:537:454:32:25;40:7:631:382:327:108,33,SAFE,29.776
452,0,4,2:512:450:15:14:0.2284;2:537:454:33:25:0.6698;7:320:404:54:64:0.2633;7:631:379:328:112:0.4348,3,33:2:537:454:33:25;39:7:320:404:54:64;40:7:631:379:328:112,33,SAFE,47.641
453,0,2,2:537:453:33:25:0.6239;5:632:378:327:113:0.4874,2,33:2:537:453:33:25;40:5:632:378:327:113,33,SAFE,inf
454,0,3,2:510:448:18:16:0.2008;2:538:453:32:25:0.6517;5:633:377:326:114:0.3964,2,33:2:538:453:32:25;40:5:633:377:326:114,33,SAFE,inf
455,0,3,2:510:448:18:16:0.2134;2:538:453:32:25:0.6381;5:634:379:325:112:0.3994,2,33:2:538:453:32:25;40:5:634:379:325:112,33,SAFE,inf
456,0,2,2:538:452:32:26:0.6928;5:636:375:323:117:0.4780,2,33:2:538:452:32:26;40:5:636:375:323:117,33,SAFE,inf
457,0,2,2:538:452:32:26:0.6403;7:635:374:324:119:0.5119,2,33:2:538:452:32:26;40:7:635:374:324:119,33,SAFE,inf
458,0,2,2:539:452:31:25:0.6876;7:637:374:322:119:0.6239,2,33:2:539:452:31:25;40:7:637:374:322:119,33,SAFE,inf
459,0,2,2:539:452:31:26:0.7085;7:639:371:320:123:0.5568,2,33:2:539:452:31:26;40:7:639:371:320:123,33,SAFE,inf
460,0,2,2:540:452:31:25:0.7172;7:640:372:319:122:0.5178,2,33:2:540:452:31:25;40:7:640:372:319:122,33,SAFE,inf
461,0,3,2:540:452:32:25:0.7196;7:320:402:51:63:0.4651;7:641:366:318:128:0.5253,3,33:2:540:452:32:25;39:7:320:402:51:63;40:7:641:366:318:128,33,SAFE,inf
462,0,2,2:540:452:32:25:0.6760;7:642:366:317:128:0.6937,2,33:2:540:452:32:25;40:7:642:366:317:128,33,SAFE,inf
463,0,2,2:540:452:33:25:0.7111;7:644:367:315:131:0.2394,2,33:2:540:452:33:25;40:7:644:367:315:131,33,SAFE,inf
464,0,2,2:540:452:33:26:0.6823;7:645:373:314:123:0.3939,2,33:2:540:452:33:26;40:7:645:373:314:123,33,SAFE,inf
465,0,4,2:540:451:34:26:0.7394;2:992:484:70:30:0.1717;7:320:401:49:64:0.4124;7:645:368:314:129:0.4981,3,33:2:540:451:34:26;39:7:320:401:49:64;40:7:645:368:314:129,33,SAFE,21.655
466,0,3,2:540:451:34:26:0.7355;7:320:401:48:65:0.3064;7:646:365:313:131:0.6043,3,33:2:540:451:34:26;39:7:320:401:48:65;40:7:646:365:313:131,33,SAFE,18.324
467,0,3,2:541:451:33:26:0.7155;7:320:401:47:65:0.4170;7:648:364:311:133:0.5550,3,33:2:541:451:33:26;39:7:320:401:47:65;40:7:648:364:311:133,33,SAFE,17.015
468,0,3,2:541:451:34:26:0.6987;7:320:401:47:65:0.4816;7:649:363:310:133:0.6339,3,33:2:541:451:34:26;39:7:320:401:47:65;40:7:649:363:310:133,33,SAFE,17.015
469,0,3,2:542:452:33:26:0.6961;7:320:402:46:64:0.4886;7:651:361:308:137:0.7137,3,33:2:542:452:33:26;39:7:320:402:46:64;40:7:651:361:308:137,33,SAFE,18.324
470,0,3,2:542:452:33:26:0.6683;7:320:403:46:64:0.3774;7:652:359:307:139:0.8294,3,33:2:542:452:33:26;39:7:320:403:46:64;40:7:652:359:307:139,33,SAFE,21.655
471,0,4,2:543:452:32:26:0.6758;7:320:403:45:64:0.4351;7:656:357:303:142:0.6702;7:1182:378:97:110:0.3320,3,33:2:543:452:32:26;39:7:320:403:45:64;40:7:656:357:303:142,33,SAFE,14.888
472,0,4,2:543:452:33:25:0.6969;7:320:403:44:64:0.3434;7:656:356:303:143:0.7258;7:1194:378:85:109:0.3393,3,33:2:543:452:33:25;39:7:320:403:44:64;40:7:656:356:303:143,33,SAFE,17.015
473,0,4,2:544:452:32:25:0.6963;7:320:403:43:64:0.2059;7:659:353:300:147:0.7561;7:1206:376:73:112:0.1960,3,33:2:544:452:32:25;39:7:320:403:43:64;40:7:659:353:300:147,33,SAFE,47.641
474,0,4,2:544:452:32:26:0.6864;7:320:402:43:65:0.3217;7:661:350:298:151:0.7740;7:1219:373:60:115:0.2109,3,33:2:544:452:32:26;39:7:320:402:43:65;40:7:661:350:298:151,33,SAFE,21.655
475,0,3,2:545:452:32:25:0.6474;7:320:402:43:65:0.4298;7:662:350:297:152:0.4632,3,33:2:545:452:32:25;39:7:320:402:43:65;40:7:662:350:297:152,33,SAFE,inf
476,0,3,2:545:452:32:26:0.7061;7:320:402:42:65:0.3589;7:664:349:295:154:0.5175,3,33:2:545:452:32:26;39:7:320:402:42:65;40:7:664:349:295:154,33,SAFE,inf
477,0,3,2:546:452:31:25:0.7084;7:320:402:41:64:0.5112;7:667:350:292:153:0.4386,3,33:2:546:452:31:25;39:7:320:402:41:64;40:7:667:350:292:153,33,SAFE,inf
478,0,3,2:546:452:31:25:0.7099;5:667:312:612:199:0.6717;7:320:401:40:65:0.4485,3,33:2:546:452:31:25;39:7:320:401:40:65;40:5:667:312:612:199,33,SAFE,inf
479,0,3,2:546:452:32:25:0.6728;7:320:402:39:64:0.2999;7:670:348:289:154:0.2459,3,33:2:546:452:32:25;39:7:320:402:39:64;40:7:670:348:289:154,33,SAFE,inf
480,0,4,2:511:447:19:16:0.2069;2:547:452:31:25:0.7225;7:320:401:39:65:0.2634;7:673:346:286:158:0.5896,3,33:2:547:452:31:25;39:7:320:401:39:65;40:7:673:346:286:158,33,SAFE,inf
481,0,4,2:512:447:18:16:0.2032;2:548:452:30:25:0.7401;7:320:401:38:65:0.2070;7:676:343:283:160:0.5628,3,33:2:548:452:30:25;39:7:320:401:38:65;40:7:676:343:283:160,33,SAFE,inf
482,0,3,2:548:452:30:24:0.7288;7:320:401:37:65:0.3088;7:678:340:281:163:0.5332,3,33:2:548:452:30:24;39:7:320:401:37:65;40:7:678:340:281:163,33,SAFE,inf
483,0,3,2:548:452:31:24:0.7648;7:320:401:37:64:0.2198;7:682:343:277:161:0.3523,3,33:2:548:452:31:24;39:7:320:401:37:64;40:7:682:343:277:161,33,SAFE,inf
484,0,4,2:512:447:18:16:0.2019;2:548:452:32:24:0.7510;7:320:400:37:66:0.2207;7:683:336:276:170:0.6040,3,33:2:548:452:32:24;39:7:320:400:37:66;40:7:683:336:276:170,33,SAFE,inf
485,0,3,2:549:451:31:26:0.7207;7:320:400:37:65:0.3415;7:686:333:273:174:0.7243,3,33:2:549:451:31:26;39:7:320:400:37:65;40:7:686:333:273:174,33,SAFE,inf
486,0,3,2:549:451:32:26:0.7491;7:320:399:37:66:0.2732;7:687:330:272:178:0.6338,3,33:2:549:451:32:26;39:7:320:399:37:66;40:7:687:330:272:178,33,SAFE,inf
487,0,2,2:549:451:32:26:0.7382;7:691:333:268:177:0.6163,2,33:2:549:451:32:26;40:7:691:333:268:177,33,SAFE,inf
488,0,3,2:511:447:19:17:0.2291;2:550:451:33:26:0.7382;7:694:328:265:182:0.5989,2,33:2:550:451:33:26;40:7:694:328:265:182,33,SAFE,inf
489,0,3,2:551:451:32:25:0.7482;7:320:401:33:63:0.3162;7:697:328:262:182:0.5650,3,33:2:551:451:32:25;39:7:320:401:33:63;40:7:697:328:262:182,33,SAFE,26.833
490,0,4,2:512:445:18:18:0.2348;2:551:450:32:25:0.7409;7:320:401:33:62:0.4007;7:701:323:258:192:0.7152,3,33:2:551:450:32:25;39:7:320:401:33:62;40:7:701:323:258:192,33,SAFE,34.030
491,0,4,2:512:445:19:18:0.2949;2:551:450:32:25:0.7419;7:320:401:32:62:0.3289;7:704:321:255:194:0.7380,3,33:2:551:450:32:25;39:7:320:401:32:62;40:7:704:321:255:194,33,SAFE,18.153
492,0,4,2:512:445:19:17:0.3244;2:551:450:32:25:0.6902;7:320:401:31:62:0.3107;7:708:320:251:202:0.7560,3,33:2:551:450:32:25;39:7:320:401:31:62;40:7:708:320:251:202,33,SAFE,19.454
493,0,4,2:512:445:19:17:0.3072;2:551:450:33:25:0.6219;2:909:451:89:65:0.1034;7:713:320:246:200:0.7773,2,33:2:551:450:33:25;40:7:713:320:246:200,33,SAFE,20.955
494,0,3,2:512:445:19:17:0.3640;2:551:450:33:25:0.6082;7:716:313:243:213:0.7387,3,33:2:551:450:33:25;40:7:716:313:243:213;41:2:512:445:19:17,33,SAFE,22.708
495,0,3,2:512:445:19:17:0.3574;2:552:450:32:25:0.6660;7:721:314:238:213:0.7280,3,33:2:552:450:32:25;40:7:721:314:238:213;41:2:512:445:19:17,33,SAFE,24.781
496,0,4,2:512:445:19:17:0.4020;2:552:450:33:25:0.6850;7:320:400:27:63:0.2012;7:724:308:235:219:0.8313,3,33:2:552:450:33:25;40:7:724:308:235:219;41:2:512:445:19:17,33,SAFE,27.271
497,0,4,2:512:444:19:18:0.2740;2:553:449:32:26:0.7006;7:320:399:25:64:0.2153;7:728:303:231:225:0.8978,3,33:2:553:449:32:26;40:7:728:303:231:225;41:2:512:444:19:18,33,SAFE,36.475
498,0,5,2:512:445:19:17:0.2752;2:554:449:32:26:0.6213;2:627:451:16:16:0.2271;7:320:399:25:64:0.4309;7:732:299:227:228:0.9024,4,33:2:554:449:32:26;39:7:320:399:25:64;40:7:732:299:227:228;41:2:512:445:19:17,33,SAFE,inf
499,0,4,2:555:449:31:26:0.6340;2:628:450:16:17:0.2004;7:320:399:24:63:0.2801;7:737:291:222:236:0.8911,3,33:2:555:449:31:26;39:7:320:399:24:63;40:7:737:291:222:236,33,SAFE,inf
500,0,4,2:555:449:32:25:0.5369;2:628:449:16:18:0.2260;7:320:398:23:63:0.4707;7:742:300:217:229:0.8450,3,33:2:555:449:32:25;39:7:320:398:23:63;40:7:742:300:217:229,33,SAFE,inf
501,0,4,2:512:443:19:18:0.2005;2:555:448:31:25:0.4766;7:159:410:67:56:0.1125;7:747:293:212:234:0.8325,2,33:2:555:448:31:25;40:7:747:293:212:234,33,SAFE,inf
502,0,4,2:512:442:19:19:0.2489;2:555:448:32:25:0.5119;7:158:409:63:57:0.1710;7:753:286:206:242:0.8634,2,33:2:555:448:32:25;40:7:753:286:206:242,33,SAFE,inf
503,0,4,2:512:442:19:18:0.2819;2:556:448:32:25:0.6181;2:630:448:16:17:0.2228;7:760:284:199:246:0.8713,3,33:2:556:448:32:25;40:7:760:284:199:246;41:2:512:442:19:18,33,SAFE,39.701
504,0,3,2:512:442:19:18:0.2419;2:556:448:32:24:0.5857;7:767:282:192:248:0.7988,3,33:2:556:448:32:24;40:7:767:282:192:248;41:2:512:442:19:18,33,SAFE,inf
505,0,3,2:557:448:32:25:0.5970;2:631:447:16:17:0.2027;7:776:278:183:253:0.7956,2,33:2:557:448:32:25;40:7:776:278:183:253,33,SAFE,inf
506,0,2,2:557:448:33:25:0.6376;7:782:275:177:256:0.8022,2,33:2:557:448:33:25;40:7:782:275:177:256,33,SAFE,inf
507,0,2,2:558:448:33:24:0.6585;7:791:275:168:257:0.8701,2,33:2:558:448:33:24;40:7:791:275:168:257,33,SAFE,inf
508,0,2,2:558:448:33:24:0.6555;7:801:274:158:257:0.8482,2,33:2:558:448:33:24;40:7:801:274:158:257,33,SAFE,inf
509,0,6,2:511:442:19:18:0.2162;2:558:448:33:24:0.6680;2:630:447:20:18:0.2488;7:132:402:63:60:0.1201;7:720:434:49:38:0.2245;7:812:185:467:413:0.8978,2,33:2:558:448:33:24;40:7:812:185:467:413,33,SAFE,inf
510,0,4,2:511:442:20:18:0.2220;2:559:447:32:25:0.6366;2:630:447:21:18:0.2415;7:822:171:457:431:0.8965,2,33:2:559:447:32:25;40:7:822:171:457:431,33,SAFE,inf
511,0,4,2:559:447:32:25:0.6062;2:630:447:22:18:0.3315;5:721:433:51:39:0.2041;7:834:152:445:417:0.8924,2,33:2:559:447:32:25;40:7:834:152:445:417,33,SAFE,inf
512,0,4,2:559:447:32:25:0.6014;2:631:446:22:19:0.2824;5:724:432:50:40:0.2838;7:848:148:431:428:0.8620,2,33:2:559:447:32:25;40:7:848:148:431:428,33,SAFE,inf
513,0,5,2:509:441:22:19:0.2664;2:559:447:33:25:0.6543;2:632:446:22:17:0.2381;7:726:432:51:40:0.3332;7:861:139:418:450:0.8936,4,33:2:559:447:33:25;40:7:861:139:418:450;41:2:509:441:22:19;42:7:726:432:51:40,33,SAFE,inf
514,0,5,2:295:442:37:22:0.1354;2:509:441:21:19:0.3277;2:560:447:32:25:0.6349;5:880:276:79:254:0.8530;7:726:432:53:39:0.2892,4,33:2:560:447:32:25;40:5:880:276:79:254;41:2:509:441:21:19;42:7:726:432:53:39,33,SAFE,inf
515,0,3,2:508:441:23:19:0.3257;2:560:447:32:25:0.6239;7:895:127:384:481:0.8855,2,33:2:560:447:32:25;41:2:508:441:23:19,33,SAFE,inf
516,0,5,2:505:441:27:18:0.3686;2:560:447:33:25:0.6912;7:726:431:57:41:0.4176;7:778:427:106:54:0.1121;7:914:125:365:487:0.8852,3,33:2:560:447:33:25;41:2:505:441:27:18;42:7:726:431:57:41,33,SAFE,28.608
517,0,6,2:502:441:30:19:0.3534;2:560:447:33:25:0.6947;2:635:445:21:20:0.2303;7:728:430:59:42:0.2633;7:783:426:111:54:0.1340;7:936:95:343:515:0.7351,4,33:2:560:447:33:25;41:2:502:441:30:19;42:7:728:430:59:42;43:7:936:95:343:515,33,SAFE,19.072
518,0,6,2:504:442:28:18:0.2667;2:561:447:32:25:0.6310;2:636:446:20:18:0.2558;2:728:434:57:39:0.1905;7:783:428:116:54:0.1194;7:959:66:320:560:0.7152,4,33:2:561:447:32:25;41:2:504:442:28:18;42:2:728:434:57:39;43:7:959:66:320:560,33,SAFE,14.304
519,0,4,2:273:444:45:20:0.1037;2:562:447:31:25:0.6112;7:700:431:92:41:0.2038;7:986:26:293:613:0.6431,3,33:2:562:447:31:25;42:7:700:431:92:41;43:7:986:26:293:613,33,SAFE,19.072
520,0,4,2:503:442:28:18:0.2342;2:562:447:31:25:0.6200;2:735:433:55:39:0.1718;5:1016:35:263:622:0.6081,3,33:2:562:447:31:25;42:2:735:433:55:39;43:5:1016:35:263:622,33,SAFE,15.258
521,0,3,2:507:440:24:21:0.4016;2:562:448:32:23:0.3891;2:636:446:23:19:0.3278,2,33:2:562:448:32:23;41:2:507:440:24:21,33,SAFE,inf
522,0,3,2:508:441:22:19:0.3130;2:562:447:32:25:0.4897;2:636:445:24:21:0.3517,2,33:2:562:447:32:25;41:2:508:441:22:19,33,SAFE,inf
523,0,3,2:508:441:21:20:0.2668;2:562:448:31:23:0.4327;2:637:445:23:20:0.3676,3,33:2:562:448:31:23;41:2:508:441:21:20;44:2:637:445:23:20,33,SAFE,inf
524,0,4,2:121:446:42:23:0.1311;2:507:441:23:20:0.3877;2:562:448:32:23:0.4084;2:637:445:24:19:0.2875,3,33:2:562:448:32:23;41:2:507:441:23:20;44:2:637:445:24:19,33,SAFE,inf
525,0,2,2:563:448:32:25:0.4575;2:637:445:25:20:0.5115,2,33:2:563:448:32:25;44:2:637:445:25:20,33,SAFE,inf
526,0,2,2:563:447:32:26:0.5273;2:637:445:25:20:0.4807,2,33:2:563:447:32:26;44:2:637:445:25:20,33,SAFE,inf
527,0,4,2:505:442:22:20:0.2167;2:563:447:32:26:0.4780;2:636:445:27:20:0.4096;5:76:342:238:130:0.1324,2,33:2:563:447:32:26;44:2:636:445:27:20,33,SAFE,inf
528,0,3,2:502:439:28:24:0.1017;2:563:448:32:25:0.4870;2:637:444:26:22:0.3151,2,33:2:563:448:32:25;44:2:637:444:26:22,33,SAFE,inf
529,0,3,2:563:448:32:26:0.4663;2:636:445:28:21:0.2559;5:63:341:249:132:0.1236,2,33:2:563:448:32:26;44:2:636:445:28:21,33,SAFE,20.276
530,0,3,2:563:448:32:25:0.5766;2:636:445:29:21:0.2467;5:60:336:247:137:0.1242,2,33:2:563:448:32:25;44:2:636:445:29:21,33,SAFE,15.748
531,0,3,2:563:448:32:26:0.5624;2:639:445:26:21:0.2833;7:884:415:75:72:0.3992,2,33:2:563:448:32:26;44:2:639:445:26:21,33,SAFE,9.340
532,0,4,2:73:443:50:26:0.1059;2:563:448:33:26:0.5911;2:642:445:24:22:0.3039;7:887:416:72:74:0.2559,2,33:2:563:448:33:26;44:2:642:445:24:22,33,SAFE,6.829
533,0,3,2:564:448:32:25:0.6306;2:643:445:24:21:0.2423;7:890:416:69:72:0.2102,2,33:2:564:448:32:25;44:2:643:445:24:21,33,SAFE,6.570
534,0,2,2:564:448:33:25:0.6532;2:645:445:22:22:0.3324,2,33:2:564:448:33:25;44:2:645:445:22:22,33,SAFE,6.329
535,0,2,2:564:448:33:25:0.6484;2:644:445:24:22:0.3283,2,33:2:564:448:33:25;44:2:644:445:24:22,33,SAFE,6.105
536,0,4,2:564:448:33:25:0.6577;2:645:445:24:21:0.3087;7:2:330:290:142:0.1505;7:323:413:60:51:0.2095,2,33:2:564:448:33:25;44:2:645:445:24:21,33,SAFE,10.186
537,0,2,2:564:448:33:25:0.6186;2:645:444:24:22:0.2276,2,33:2:564:448:33:25;44:2:645:444:24:22,33,SAFE,10.523
538,0,2,2:565:448:32:25:0.6223;2:646:445:24:22:0.2275,2,33:2:565:448:32:25;44:2:646:445:24:22,33,SAFE,48.796
539,0,2,2:565:448:33:25:0.6436;2:646:447:24:22:0.1433,2,33:2:565:448:33:25;44:2:646:447:24:22,33,SAFE,inf
540,0,2,2:565:448:33:25:0.6013;2:647:446:23:23:0.1660,2,33:2:565:448:33:25;44:2:647:446:23:23,33,SAFE,inf
541,0,2,2:565:448:33:25:0.3814;2:647:446:24:22:0.1009,2,33:2:565:448:33:25;44:2:647:446:24:22,33,SAFE,inf
542,0,2,2:565:448:33:25:0.4117;2:648:446:24:22:0.1061,2,33:2:565:448:33:25;44:2:648:446:24:22,33,SAFE,inf
543,0,3,2:565:448:33:25:0.5591;2:647:444:26:23:0.2490;7:495:442:23:20:0.2187,2,33:2:565:448:33:25;44:2:647:444:26:23,33,SAFE,inf
544,0,3,2:565:448:34:26:0.5547;2:648:446:26:21:0.1074;7:0:443:68:34:0.1120,2,33:2:565:448:34:26;44:2:648:446:26:21,33,SAFE,inf
545,0,2,2:566:448:33:26:0.5285;2:648:446:27:22:0.1027,2,33:2:566:448:33:26;44:2:648:446:27:22,33,SAFE,inf
546,0,1,2:566:448:33:25:0.5813,1,33:2:566:448:33:25,33,SAFE,inf
547,0,2,0:0:443:14:32:0.1799;2:566:448:33:26:0.6002,1,33:2:566:448:33:26,33,SAFE,14.888
548,0,2,2:566:448:33:26:0.5543;7:720:426:210:62:0.2207,1,33:2:566:448:33:26,33,SAFE,11.910
549,0,2,2:567:449:32:25:0.5430;7:720:426:213:63:0.4134,1,33:2:567:449:32:25,33,SAFE,14.888
550,0,2,2:567:449:33:25:0.4470;7:320:407:28:61:0.2106,1,33:2:567:449:33:25,33,SAFE,19.851
551,0,2,2:567:449:34:25:0.3775;7:320:406:25:62:0.3492,1,33:2:567:449:34:25,33,SAFE,29.776
552,0,3,2:482:439:33:24:0.1071;2:568:449:33:25:0.4751;7:736:423:215:70:0.3475,1,33:2:568:449:33:25,33,SAFE,inf
553,0,3,2:482:439:34:24:0.1077;2:568:449:33:26:0.6020;7:737:422:222:70:0.3531,1,33:2:568:449:33:26,33,SAFE,34.030
554,0,2,2:568:449:33:25:0.5721;7:741:423:218:66:0.2488,1,33:2:568:449:33:25,33,SAFE,inf
555,0,4,0:1213:456:19:63:0.1287;2:568:450:33:24:0.5956;2:656:446:27:26:0.1268;7:485:442:27:22:0.2068,1,33:2:568:450:33:24,33,SAFE,inf
556,0,2,2:568:450:33:25:0.6233;2:656:446:29:26:0.1920,1,33:2:568:450:33:25,33,SAFE,inf
557,0,2,2:568:450:34:25:0.4778;2:657:447:27:29:0.1584,1,33:2:568:450:34:25,33,SAFE,inf
558,0,2,2:568:450:34:25:0.5327;7:482:442:23:23:0.2986,1,33:2:568:450:34:25,33,SAFE,inf
559,0,4,2:568:450:34:25:0.5120;2:658:445:29:30:0.1221;7:0:350:81:137:0.1293;7:481:442:22:23:0.2202,1,33:2:568:450:34:25,33,SAFE,inf
560,0,3,2:570:451:34:24:0.5421;2:658:444:32:31:0.2706;7:481:442:22:22:0.2627,1,33:2:570:451:34:24,33,SAFE,inf
561,0,2,2:570:450:35:25:0.5946;2:659:444:30:30:0.1360,1,33:2:570:450:35:25,33,SAFE,inf
562,0,2,2:570:450:33:25:0.3936;2:661:445:30:29:0.3083,1,33:2:570:450:33:25,33,SAFE,inf
563,0,2,2:571:451:33:24:0.4480;2:661:445:33:29:0.2796,1,33:2:571:451:33:24,33,SAFE,inf
564,0,3,2:571:451:34:25:0.4058;2:661:445:34:30:0.2768;7:226:400:76:71:0.1941,2,33:2:571:451:34:25;45:2:661:445:34:30,33,SAFE,inf
565,0,3,2:473:440:25:24:0.1472;2:571:452:35:23:0.2489;2:662:446:33:29:0.4066,2,33:2:571:452:35:23;45:2:662:446:33:29,33,SAFE,inf
566,0,3,2:473:439:25:26:0.1280;2:572:451:33:24:0.2709;2:663:446:33:28:0.4856,2,33:2:572:451:33:24;45:2:663:446:33:28,33,SAFE,inf
567,0,4,0:890:533:68:72:0.1022;2:572:451:35:25:0.5597;2:664:446:34:29:0.5926;7:473:443:24:24:0.2095,2,33:2:572:451:35:25;45:2:664:446:34:29,33,SAFE,inf
568,0,4,2:471:440:25:26:0.1964;2:572:452:36:24:0.6663;2:665:447:34:28:0.5531;7:0:325:204:148:0.1849,2,33:2:572:452:36:24;45:2:665:447:34:28,33,SAFE,inf
569,0,4,2:469:440:27:27:0.2454;2:572:452:35:24:0.5319;2:666:445:35:31:0.4835;7:0:326:201:144:0.2482,2,33:2:572:452:35:24;45:2:666:445:35:31,33,SAFE,inf
570,0,4,2:573:452:35:25:0.5340;2:668:446:34:31:0.3737;7:1:326:197:147:0.2208;7:470:443:26:24:0.2881,2,33:2:573:452:35:25;45:2:668:446:34:31,33,SAFE,inf
571,0,5,2:574:452:35:25:0.4455;2:670:446:33:30:0.3663;7:1:327:191:146:0.2458;7:127:395:144:84:0.1463;7:468:443:28:25:0.2918,2,33:2:574:452:35:25;45:2:670:446:33:30,33,SAFE,inf
572,0,5,2:121:447:96:34:0.1229;2:575:452:35:24:0.7151;2:671:445:34:31:0.3789;7:180:396:87:82:0.1765;7:450:442:46:27:0.3408,2,33:2:575:452:35:24;45:2:671:445:34:31,33,SAFE,inf
573,0,5,2:576:452:34:24:0.5683;2:671:446:37:30:0.3603;7:0:328:186:150:0.2544;7:117:394:145:87:0.1494;7:466:443:31:25:0.3320,2,33:2:576:452:34:24;45:2:671:446:37:30,33,SAFE,inf
574,0,6,2:109:447:94:36:0.1318;2:576:452:35:26:0.5102;2:672:445:37:31:0.2018;7:1:328:181:149:0.4410;7:299:412:60:60:0.1548;7:447:442:50:28:0.2218,2,33:2:576:452:35:26;45:2:672:445:37:31,33,SAFE,25.976
575,1,2,2:555:407:56:49:0.8827;7:639:355:100:97:0.4793,0,,-1,NONE,inf
576,0,2,2:555:407:56:49:0.8765;7:639:354:102:98:0.5321,0,,-1,NONE,inf
577,0,2,2:555:407:56:49:0.8752;7:639:354:102:99:0.4447,2,46:2:555:407:56:49;47:7:639:354:102:99,-1,NONE,inf
578,0,2,2:555:408:56:48:0.8729;7:640:353:102:100:0.4693,2,46:2:555:408:56:48;47:7:640:353:102:100,-1,NONE,inf
579,0,2,2:555:408:56:48:0.8767;7:640:353:104:101:0.4878,2,46:2:555:408:56:48;47:7:640:353:104:101,-1,NONE,inf
580,0,2,2:555:408:57:48:0.8882;7:640:352:105:103:0.4184,2,46:2:555:408:57:48;47:7:640:352:105:103,-1,NONE,inf
581,0,2,2:555:408:57:49:0.8921;5:640:352:107:103:0.4843,2,46:2:555:408:57:49;47:5:640:352:107:103,-1,NONE,inf
582,0,2,2:555:408:57:49:0.8935;5:640:352:108:104:0.6142,2,46:2:555:408:57:49;47:5:640:352:108:104,-1,NONE,inf
583,0,2,2:555:408:57:49:0.8913;5:641:351:108:104:0.7530,2,46:2:555:408:57:49;47:5:641:351:108:104,-1,NONE,inf
584,0,2,2:555:408:57:49:0.8898;5:641:351:110:104:0.7005,2,46:2:555:408:57:49;47:5:641:351:110:104,-1,NONE,inf
585,0,2,2:555:408:57:49:0.8900;5:641:351:112:105:0.4829,2,46:2:555:408:57:49;47:5:641:351:112:105,-1,NONE,inf
586,0,2,2:555:408:57:49:0.8870;5:641:349:113:107:0.4333,2,46:2:555:408:57:49;47:5:641:349:113:107,-1,NONE,inf
587,0,2,2:555:409:57:49:0.8895;5:643:349:113:108:0.3682,2,46:2:555:409:57:49;47:5:643:349:113:108,-1,NONE,inf
588,0,2,2:555:408:57:50:0.8882;7:643:348:115:109:0.3353,2,46:2:555:408:57:50;47:7:643:348:115:109,-1,NONE,inf
589,0,2,2:555:408:57:50:0.8882;7:643:347:116:110:0.3305,2,46:2:555:408:57:50;47:7:643:347:116:110,-1,NONE,inf
590,0,2,2:555:408:57:50:0.8849;7:643:347:118:110:0.3620,2,46:2:555:408:57:50;47:7:643:347:118:110,-1,NONE,inf
591,0,2,2:555:408:57:50:0.8867;5:645:348:118:110:0.2647,2,46:2:555:408:57:50;47:5:645:348:118:110,-1,NONE,inf
592,0,2,2:555:407:57:51:0.8894;5:643:346:121:112:0.2599,2,46:2:555:407:57:51;47:5:643:346:121:112,-1,NONE,inf
593,0,1,2:555:408:57:50:0.8842,1,46:2:555:408:57:50,-1,NONE,inf
594,0,2,2:555:408:58:50:0.8868;2:643:344:125:114:0.2821,2,46:2:555:408:58:50;47:2:643:344:125:114,-1,NONE,inf
595,0,2,2:555:408:58:50:0.8924;5:643:344:126:115:0.3137,2,46:2:555:408:58:50;47:5:643:344:126:115,-1,NONE,inf
596,0,2,2:555:408:58:50:0.8882;7:643:343:129:117:0.3286,2,46:2:555:408:58:50;47:7:643:343:129:117,-1,NONE,inf
597,0,2,2:556:409:57:50:0.8918;7:644:343:130:118:0.2689,2,46:2:556:409:57:50;47:7:644:343:130:118,-1,NONE,inf
598,0,2,2:556:409:58:50:0.8909;7:644:341:131:120:0.3627,2,46:2:556:409:58:50;47:7:644:341:131:120,-1,NONE,inf
599,0,2,2:555:409:58:50:0.8940;5:645:341:132:121:0.3625,2,46:2:555:409:58:50;47:5:645:341:132:121,-1,NONE,inf
600,0,2,2:556:410:58:49:0.8884;7:644:340:135:122:0.4913,2,46:2:556:410:58:49;47:7:644:340:135:122,-1,NONE,inf
601,0,2,2:556:410:57:49:0.8955;7:645:339:137:123:0.4273,2,46:2:556:410:57:49;47:7:645:339:137:123,-1,NONE,inf
602,0,3,2:556:410:58:50:0.8923;2:619:419:16:12:0.2022;7:646:338:139:126:0.4099,2,46:2:556:410:58:50;47:7:646:338:139:126,-1,NONE,inf
603,0,2,2:556:409:58:51:0.8882;7:645:337:141:128:0.4279,2,46:2:556:409:58:51;47:7:645:337:141:128,-1,NONE,inf
604,0,2,2:556:410:58:50:0.8863;7:646:336:143:129:0.4855,2,46:2:556:410:58:50;47:7:646:336:143:129,-1,NONE,inf
605,0,3,2:556:409:58:51:0.8828;2:620:419:15:12:0.2418;7:648:336:143:129:0.5156,2,46:2:556:409:58:51;47:7:648:336:143:129,-1,NONE,inf
606,0,2,2:556:410:58:50:0.8813;2:621:420:14:11:0.2137,1,46:2:556:410:58:50,-1,NONE,inf
607,0,3,2:556:409:58:51:0.8804;2:621:419:14:12:0.2961;7:651:334:146:131:0.4301,2,46:2:556:409:58:51;47:7:651:334:146:131,-1,NONE,inf
608,0,2,2:556:409:58:51:0.8922;2:621:419:14:12:0.3458,1,46:2:556:409:58:51,-1,NONE,inf
609,0,3,2:556:409:59:51:0.8964;2:620:419:16:12:0.3266;5:652:332:150:135:0.4273,2,46:2:556:409:59:51;47:5:652:332:150:135,-1,NONE,inf
610,0,3,2:556:408:59:52:0.8854;2:620:419:15:11:0.2731;5:653:331:152:136:0.5181,3,46:2:556:408:59:52;47:5:653:331:152:136;48:2:620:419:15:11,-1,NONE,inf
611,0,2,2:556:408:59:52:0.8836;5:653:329:154:139:0.4351,2,46:2:556:408:59:52;47:5:653:329:154:139,-1,NONE,inf
612,0,2,2:556:407:59:53:0.8680;5:653:328:157:139:0.6140,2,46:2:556:407:59:53;47:5:653:328:157:139,-1,NONE,inf
613,0,2,2:557:407:59:52:0.8741;5:654:327:159:140:0.5711,2,46:2:557:407:59:52;47:5:654:327:159:140,-1,NONE,inf
614,0,2,2:557:407:59:52:0.8672;5:654:326:162:140:0.6607,2,46:2:557:407:59:52;47:5:654:326:162:140,-1,NONE,inf
615,0,2,2:557:407:59:52:0.8770;5:655:324:164:144:0.5082,2,46:2:557:407:59:52;47:5:655:324:164:144,-1,NONE,inf
616,0,2,2:558:408:59:52:0.8954;5:655:323:167:144:0.6567,2,46:2:558:408:59:52;47:5:655:323:167:144,-1,NONE,inf
617,0,2,2:558:408:59:52:0.8951;5:656:322:171:147:0.6317,2,46:2:558:408:59:52;47:5:656:322:171:147,-1,NONE,inf
618,0,2,2:558:408:59:52:0.8998;5:657:321:175:150:0.6747,2,46:2:558:408:59:52;47:5:657:321:175:150,-1,NONE,inf
619,0,2,2:558:408:60:53:0.8971;5:659:320:176:153:0.5844,2,46:2:558:408:60:53;47:5:659:320:176:153,-1,NONE,inf
620,0,2,2:558:408:60:53:0.8972;5:658:319:180:153:0.5317,2,46:2:558:408:60:53;47:5:658:319:180:153,-1,NONE,inf
621,0,2,2:558:408:60:53:0.8702;5:658:317:183:156:0.3478,2,46:2:558:408:60:53;47:5:658:317:183:156,-1,NONE,inf
622,0,3,2:559:408:59:53:0.8698;2:622:420:17:11:0.2281;5:659:315:185:158:0.4212,2,46:2:559:408:59:53;47:5:659:315:185:158,-1,NONE,inf
623,0,3,2:559:408:59:53:0.8578;2:622:420:17:11:0.2774;5:660:314:188:160:0.4471,2,46:2:559:408:59:53;47:5:660:314:188:160,-1,NONE,inf
624,0,3,2:559:408:59:52:0.8758;2:622:419:17:12:0.3320;5:661:313:192:161:0.4192,2,46:2:559:408:59:52;47:5:661:313:192:161,-1,NONE,inf
625,0,3,2:560:407:59:53:0.8786;2:622:419:17:12:0.3367;5:661:311:196:164:0.4339,2,46:2:560:407:59:53;47:5:661:311:196:164,-1,NONE,inf
626,0,3,2:560:408:59:52:0.8723;2:622:420:18:11:0.3084;5:661:309:201:167:0.4552,3,46:2:560:408:59:52;47:5:661:309:201:167;49:2:622:420:18:11,-1,NONE,inf
627,0,3,2:560:407:60:53:0.8541;2:623:419:16:11:0.2354;5:663:308:206:168:0.4924,3,46:2:560:407:60:53;47:5:663:308:206:168;49:2:623:419:16:11,-1,NONE,inf
628,0,2,2:561:407:61:53:0.8710;5:664:305:208:170:0.4845,2,46:2:561:407:61:53;47:5:664:305:208:170,-1,NONE,inf
629,0,3,2:562:407:60:53:0.8771;2:622:419:18:11:0.2003;5:670:304:208:173:0.4774,2,46:2:562:407:60:53;47:5:670:304:208:173,-1,NONE,inf
630,0,3,2:562:407:61:53:0.8564;2:623:419:18:11:0.2782;5:667:301:216:177:0.3775,3,46:2:562:407:61:53;47:5:667:301:216:177;49:2:623:419:18:11,-1,NONE,inf
631,0,3,2:563:406:60:54:0.8648;2:624:419:16:11:0.2698;5:672:301:215:178:0.3676,3,46:2:563:406:60:54;47:5:672:301:215:178;49:2:624:419:16:11,-1,NONE,inf
632,0,2,2:563:407:60:53:0.8602;2:625:419:15:11:0.2154,2,46:2:563:407:60:53;49:2:625:419:15:11,-1,NONE,inf
633,0,3,2:563:407:60:53:0.8514;2:625:420:15:10:0.2074;5:673:297:227:182:0.5690,3,46:2:563:407:60:53;47:5:673:297:227:182;49:2:625:420:15:10,-1,NONE,inf
634,0,2,2:563:406:61:54:0.8607;7:672:291:232:190:0.2499,2,46:2:563:406:61:54;47:7:672:291:232:190,-1,NONE,inf
635,0,2,2:564:406:60:54:0.8598;2:625:419:16:10:0.2490,1,46:2:564:406:60:54,-1,NONE,inf
636,0,3,2:564:406:61:54:0.8679;2:625:419:16:10:0.2250;7:672:287:247:195:0.2832,2,46:2:564:406:61:54;47:7:672:287:247:195,-1,NONE,inf
637,0,2,2:564:407:62:54:0.8750;7:674:285:251:200:0.3985,2,46:2:564:407:62:54;47:7:674:285:251:200,-1,NONE,inf
638,0,2,2:564:407:63:54:0.8775;7:675:282:257:203:0.4946,2,46:2:564:407:63:54;47:7:675:282:257:203,-1,NONE,inf
639,0,1,2:565:407:62:54:0.8774,1,46:2:565:407:62:54,-1,NONE,inf
640,0,2,2:565:407:62:54:0.8694;7:675:280:272:210:0.2414,1,46:2:565:407:62:54,-1,NONE,inf
641,0,1,2:565:407:62:54:0.8779,1,46:2:565:407:62:54,-1,NONE,inf
642,0,2,2:565:408:63:54:0.8769;7:678:275:281:218:0.5473,2,46:2:565:408:63:54;47:7:678:275:281:218,-1,NONE,inf
643,0,2,2:566:408:62:54:0.8711;7:679:275:280:219:0.6305,2,46:2:566:408:62:54;47:7:679:275:280:219,-1,NONE,inf
644,0,2,2:566:408:62:54:0.8592;7:680:275:279:220:0.3075,2,46:2:566:408:62:54;47:7:680:275:279:220,-1,NONE,inf
645,0,2,2:566:408:62:54:0.8680;7:681:275:278:221:0.3752,2,46:2:566:408:62:54;47:7:681:275:278:221,-1,NONE,inf
646,0,2,2:566:408:63:55:0.8614;7:682:275:277:222:0.7309,2,46:2:566:408:63:55;47:7:682:275:277:222,-1,NONE,inf
647,0,2,2:566:409:63:54:0.8509;7:684:274:275:226:0.6425,2,46:2:566:409:63:54;47:7:684:274:275:226,-1,NONE,inf
648,0,2,2:566:408:63:55:0.8626;7:684:274:275:226:0.7545,2,46:2:566:408:63:55;47:7:684:274:275:226,-1,NONE,inf
649,0,2,2:566:408:63:55:0.8433;7:685:274:274:228:0.7799,2,46:2:566:408:63:55;47:7:685:274:274:228,-1,NONE,inf
650,0,2,2:566:409:63:54:0.8197;7:686:274:273:228:0.7347,2,46:2:566:409:63:54;47:7:686:274:273:228,-1,NONE,inf
651,0,2,2:566:408:63:55:0.7911;7:687:274:272:226:0.7836,2,46:2:566:408:63:55;47:7:687:274:272:226,-1,NONE,inf
652,0,3,0:781:418:32:77:0.1451;2:566:408:63:55:0.8082;7:688:274:271:229:0.6139,2,46:2:566:408:63:55;47:7:688:274:271:229,-1,NONE,inf
653,0,2,2:566:408:63:55:0.8240;7:688:274:271:229:0.6169,2,46:2:566:408:63:55;47:7:688:274:271:229,-1,NONE,inf
654,0,2,2:566:408:63:55:0.8302;7:688:274:271:233:0.8114,2,46:2:566:408:63:55;47:7:688:274:271:233,-1,NONE,inf
655,0,2,2:566:407:64:56:0.8255;7:691:274:268:230:0.7515,2,46:2:566:407:64:56;47:7:691:274:268:230,-1,NONE,inf
656,0,1,2:565:407:64:56:0.8320,1,46:2:565:407:64:56,-1,NONE,inf
657,0,2,2:565:407:64:56:0.8274;7:692:274:267:232:0.3626,2,46:2:565:407:64:56;47:7:692:274:267:232,-1,NONE,inf
658,0,2,2:565:407:64:57:0.8267;7:695:274:264:237:0.4007,2,46:2:565:407:64:57;47:7:695:274:264:237,-1,NONE,inf
659,0,2,2:565:407:64:57:0.8285;7:696:274:263:241:0.7795,2,46:2:565:407:64:57;47:7:696:274:263:241,-1,NONE,inf
660,0,2,2:564:407:65:58:0.8318;7:696:274:263:242:0.8361,2,46:2:564:407:65:58;47:7:696:274:263:242,-1,NONE,inf
661,0,2,2:564:406:65:59:0.8297;7:697:274:262:242:0.7898,2,46:2:564:406:65:59;47:7:697:274:262:242,-1,NONE,inf
662,0,2,2:564:406:65:58:0.8439;7:698:274:261:248:0.8019,2,46:2:564:406:65:58;47:7:698:274:261:248,-1,NONE,inf
663,0,2,2:564:407:65:58:0.8577;7:698:274:261:246:0.8419,2,46:2:564:407:65:58;47:7:698:274:261:246,-1,NONE,inf
664,0,2,2:563:406:66:59:0.8637;5:701:275:258:248:0.4568,2,46:2:563:406:66:59;47:5:701:275:258:248,-1,NONE,inf
665,0,2,2:563:406:66:60:0.8605;5:701:275:258:250:0.5823,2,46:2:563:406:66:60;47:5:701:275:258:250,-1,NONE,inf
666,0,2,2:563:406:65:59:0.8647;7:703:275:256:252:0.7229,2,46:2:563:406:65:59;47:7:703:275:256:252,-1,NONE,inf
667,0,2,2:562:406:66:59:0.8626;7:703:275:256:251:0.7410,2,46:2:562:406:66:59;47:7:703:275:256:251,-1,NONE,inf
668,0,2,2:562:406:66:59:0.8588;7:704:275:255:252:0.7715,2,46:2:562:406:66:59;47:7:704:275:255:252,-1,NONE,inf
669,0,2,2:561:405:67:60:0.8612;7:705:275:254:253:0.6624,2,46:2:561:405:67:60;47:7:705:275:254:253,-1,NONE,inf
670,0,2,2:561:405:67:61:0.8590;7:706:275:253:253:0.7888,2,46:2:561:405:67:61;47:7:706:275:253:253,-1,NONE,inf
671,0,2,2:560:405:68:61:0.8676;7:707:275:252:253:0.7463,2,46:2:560:405:68:61;47:7:707:275:252:253,-1,NONE,inf
672,0,2,2:559:405:69:61:0.8576;7:709:275:250:253:0.7494,2,46:2:559:405:69:61;47:7:709:275:250:253,-1,NONE,inf
673,0,2,2:559:405:69:61:0.8591;7:710:275:249:253:0.7397,2,46:2:559:405:69:61;47:7:710:275:249:253,-1,NONE,inf
674,0,2,2:559:405:68:61:0.8693;7:714:275:245:253:0.8000,2,46:2:559:405:68:61;47:7:714:275:245:253,-1,NONE,inf
675,0,2,2:559:405:68:61:0.8780;7:715:276:244:252:0.8460,2,46:2:559:405:68:61;47:7:715:276:244:252,-1,NONE,inf
676,0,2,2:558:404:69:61:0.8699;7:718:275:241:254:0.8375,2,46:2:558:404:69:61;47:7:718:275:241:254,-1,NONE,inf
677,0,2,2:558:404:69:61:0.8665;7:720:275:239:254:0.7524,2,46:2:558:404:69:61;47:7:720:275:239:254,-1,NONE,inf
678,0,2,2:557:404:70:62:0.8567;7:720:275:239:253:0.8437,2,46:2:557:404:70:62;47:7:720:275:239:253,-1,NONE,inf
679,0,2,2:557:404:70:62:0.8536;7:722:274:237:253:0.8159,2,46:2:557:404:70:62;47:7:722:274:237:253,-1,NONE,inf
680,0,2,2:557:404:70:63:0.8539;7:723:275:236:254:0.7961,2,46:2:557:404:70:63;47:7:723:275:236:254,-1,NONE,inf
681,0,2,2:556:404:71:63:0.8483;7:725:274:234:254:0.8468,2,46:2:556:404:71:63;47:7:725:274:234:254,-1,NONE,inf
682,0,2,2:556:405:70:62:0.8410;7:725:274:234:253:0.7681,2,46:2:556:405:70:62;47:7:725:274:234:253,-1,NONE,inf
683,0,2,2:556:404:70:63:0.8353;7:728:274:231:254:0.8727,2,46:2:556:404:70:63;47:7:728:274:231:254,-1,NONE,inf
684,0,2,2:556:405:70:63:0.8490;7:730:274:229:255:0.8543,2,46:2:556:405:70:63;47:7:730:274:229:255,-1,NONE,inf
685,0,2,2:555:404:72:64:0.8530;7:731:274:228:256:0.8495,2,46:2:555:404:72:64;47:7:731:274:228:256,-1,NONE,inf
686,0,2,2:555:404:72:64:0.8547;7:734:274:225:256:0.8854,2,46:2:555:404:72:64;47:7:734:274:225:256,-1,NONE,inf
687,0,2,2:555:404:72:64:0.8500;7:737:275:222:255:0.8623,2,46:2:555:404:72:64;47:7:737:275:222:255,-1,NONE,inf
688,0,2,2:554:404:72:64:0.8447;7:739:275:220:252:0.8495,2,46:2:554:404:72:64;47:7:739:275:220:252,-1,NONE,inf
689,0,2,2:554:404:73:64:0.8362;7:743:275:216:253:0.8818,2,46:2:554:404:73:64;47:7:743:275:216:253,-1,NONE,inf
690,0,2,2:554:404:72:64:0.8399;7:745:276:214:251:0.8929,2,46:2:554:404:72:64;47:7:745:276:214:251,-1,NONE,inf
691,0,2,2:554:404:73:64:0.8437;7:748:275:211:253:0.9276,2,46:2:554:404:73:64;47:7:748:275:211:253,-1,NONE,inf
692,0,2,2:554:404:73:64:0.8420;7:751:275:208:253:0.9138,2,46:2:554:404:73:64;47:7:751:275:208:253,-1,NONE,inf
693,0,2,2:554:404:73:64:0.8397;7:753:275:206:253:0.9087,2,46:2:554:404:73:64;47:7:753:275:206:253,-1,NONE,inf
694,0,2,2:554:403:73:65:0.8374;7:755:275:204:254:0.8738,2,46:2:554:403:73:65;47:7:755:275:204:254,46,SAFE,16.046
695,0,2,2:554:403:74:65:0.8350;7:761:275:198:256:0.9284,2,46:2:554:403:74:65;47:7:761:275:198:256,46,SAFE,14.507
696,0,2,2:554:403:75:65:0.8331;7:764:275:195:257:0.9155,2,46:2:554:403:75:65;47:7:764:275:195:257,46,SAFE,13.850
697,0,2,2:554:403:76:65:0.8398;7:768:275:191:257:0.8779,2,46:2:554:403:76:65;47:7:768:275:191:257,46,SAFE,17.117
698,0,2,2:554:403:75:65:0.8479;7:772:274:187:256:0.8936,2,46:2:554:403:75:65;47:7:772:274:187:256,46,SAFE,18.766
699,0,2,2:554:403:76:65:0.8427;7:776:274:183:255:0.9092,2,46:2:554:403:76:65;47:7:776:274:183:255,46,SAFE,22.318
700,0,2,2:554:403:76:65:0.8418;7:780:274:179:245:0.8934,2,46:2:554:403:76:65;47:7:780:274:179:245,46,SAFE,21.521
701,0,2,2:554:403:77:65:0.8498;7:793:274:166:250:0.8978,2,46:2:554:403:77:65;47:7:793:274:166:250,46,SAFE,21.521
702,0,2,2:554:404:77:65:0.8521;7:789:274:170:252:0.9240,2,46:2:554:404:77:65;47:7:789:274:170:252,46,SAFE,22.318
703,0,2,2:555:404:76:66:0.8454;7:794:274:165:252:0.9445,2,46:2:555:404:76:66;47:7:794:274:165:252,46,SAFE,18.894
704,0,2,2:555:404:76:67:0.8494;7:800:274:159:253:0.9319,2,46:2:555:404:76:67;47:7:800:274:159:253,46,SAFE,14.488
705,0,2,2:555:404:77:67:0.8571;7:807:274:152:255:0.8328,2,46:2:555:404:77:67;47:7:807:274:152:255,46,SAFE,12.467
706,0,2,2:556:405:78:66:0.8517;7:812:274:147:256:0.8836,2,46:2:556:405:78:66;47:7:812:274:147:256,46,SAFE,13.292
707,0,2,2:556:405:79:67:0.8591;7:827:274:132:256:0.8681,2,46:2:556:405:79:67;47:7:827:274:132:256,46,SAFE,12.784
708,0,2,2:557:405:79:68:0.8703;7:828:274:131:258:0.8545,2,46:2:557:405:79:68;47:7:828:274:131:258,46,SAFE,11.440
709,0,2,2:557:405:80:68:0.8779;7:834:274:125:258:0.8178,2,46:2:557:405:80:68;47:7:834:274:125:258,46,SAFE,9.672
710,0,2,2:557:405:81:69:0.8753;7:842:275:117:257:0.8008,2,46:2:557:405:81:69;47:7:842:275:117:257,46,SAFE,7.970
711,0,2,2:558:405:81:69:0.8678;7:849:0:430:615:0.8546,2,46:2:558:405:81:69;47:7:849:0:430:615,46,SAFE,7.084
712,0,2,2:560:405:80:69:0.8627;7:859:275:100:255:0.8031,2,46:2:560:405:80:69;47:7:859:275:100:255,46,SAFE,6.646
713,0,2,2:561:405:79:70:0.8790;7:868:5:411:626:0.9124,1,46:2:561:405:79:70,46,SAFE,6.091
714,0,2,2:562:404:79:70:0.8698;7:877:5:402:630:0.9228,1,46:2:562:404:79:70,46,SAFE,5.885
715,0,2,2:563:405:80:70:0.8660;7:889:4:390:630:0.9175,2,46:2:563:405:80:70;50:7:889:4:390:630,46,SAFE,5.961
716,0,2,2:563:404:81:70:0.8537;7:901:1:378:628:0.8749,2,46:2:563:404:81:70;50:7:901:1:378:628,46,SAFE,6.343
717,0,2,2:564:404:80:70:0.8657;7:915:3:364:634:0.8756,2,46:2:564:404:80:70;50:7:915:3:364:634,46,SAFE,7.163
718,0,2,2:565:404:81:71:0.8912;7:928:2:351:635:0.8776,2,46:2:565:404:81:71;50:7:928:2:351:635,46,SAFE,7.281
719,0,2,2:565:404:82:71:0.8873;7:942:4:337:627:0.8728,2,46:2:565:404:82:71;50:7:942:4:337:627,46,SAFE,7.136
720,0,2,2:566:404:82:71:0.8866;7:959:4:320:628:0.8191,2,46:2:566:404:82:71;50:7:959:4:320:628,46,SAFE,7.315
721,0,2,2:568:404:81:71:0.8812;7:979:4:300:625:0.8422,2,46:2:568:404:81:71;50:7:979:4:300:625,46,SAFE,8.756
722,0,2,2:569:405:82:70:0.8927;7:997:4:282:619:0.7810,2,46:2:569:405:82:70;50:7:997:4:282:619,46,SAFE,11.608
723,0,2,2:571:405:81:71:0.8908;7:1019:3:260:631:0.7373,2,46:2:571:405:81:71;50:7:1019:3:260:631,46,SAFE,13.037
724,0,2,2:572:405:82:71:0.8944;5:1045:4:234:632:0.6122,2,46:2:572:405:82:71;50:5:1045:4:234:632,46,SAFE,15.964
725,0,2,2:572:405:84:71:0.8927;7:1073:1:206:635:0.7737,2,46:2:572:405:84:71;50:7:1073:1:206:635,46,SAFE,17.712
726,0,2,2:574:405:83:72:0.8911;5:1106:3:173:637:0.5777,2,46:2:574:405:83:72;50:5:1106:3:173:637,46,SAFE,17.332
727,0,3,2:443:416:18:11:0.2141;2:575:405:83:72:0.8875;7:1146:9:133:592:0.3860,2,46:2:575:405:83:72;50:7:1146:9:133:592,46,SAFE,18.389
728,0,2,2:576:404:83:73:0.8707;7:1184:56:95:548:0.3050,2,46:2:576:404:83:73;50:7:1184:56:95:548,46,SAFE,14.458
729,0,2,0:1227:37:52:532:0.1432;2:577:404:84:74:0.8671,1,46:2:577:404:84:74,46,SAFE,11.154
730,0,1,2:579:404:84:74:0.8790,1,46:2:579:404:84:74,46,SAFE,9.598
731,0,1,2:580:404:85:74:0.8800,1,46:2:580:404:85:74,46,SAFE,8.867
732,0,1,2:582:404:85:74:0.8665,1,46:2:582:404:85:74,46,SAFE,8.664
733,0,1,2:584:405:85:74:0.8855,1,46:2:584:405:85:74,46,SAFE,8.048
734,0,1,2:585:405:86:74:0.8816,1,46:2:585:405:86:74,46,SAFE,7.772
735,0,1,2:586:405:87:75:0.8999,1,46:2:586:405:87:75,46,SAFE,7.209
736,0,1,2:588:405:87:75:0.8821,1,46:2:588:405:87:75,-1,NONE,inf
737,0,1,2:590:405:88:76:0.8454,1,46:2:590:405:88:76,-1,NONE,inf
738,0,1,2:592:405:87:76:0.8311,1,46:2:592:405:87:76,-1,NONE,inf
739,0,1,2:594:405:87:77:0.8128,1,46:2:594:405:87:77,-1,NONE,inf
740,0,1,2:596:405:88:76:0.8024,1,46:2:596:405:88:76,-1,NONE,inf
741,0,1,2:597:404:89:76:0.8303,1,46:2:597:404:89:76,-1,NONE,inf
742,0,1,2:600:404:89:77:0.8270,1,46:2:600:404:89:77,-1,NONE,inf
743,0,1,2:602:404:90:78:0.8640,1,46:2:602:404:90:78,-1,NONE,inf
744,0,1,2:603:404:91:78:0.8447,1,46:2:603:404:91:78,-1,NONE,inf
745,0,1,2:605:404:91:78:0.7344,1,46:2:605:404:91:78,-1,NONE,inf
746,0,1,2:608:404:91:79:0.7324,1,46:2:608:404:91:79,-1,NONE,inf
747,0,1,2:610:404:92:80:0.6202,1,46:2:610:404:92:80,-1,NONE,inf
748,0,1,2:611:404:94:80:0.6623,1,46:2:611:404:94:80,-1,NONE,inf
749,0,1,2:614:404:94:80:0.7562,1,46:2:614:404:94:80,-1,NONE,inf
750,0,1,2:615:404:96:81:0.7787,1,46:2:615:404:96:81,-1,NONE,inf
751,0,1,2:617:404:97:81:0.7124,1,46:2:617:404:97:81,-1,NONE,inf
752,0,1,2:618:405:100:81:0.7490,1,46:2:618:405:100:81,-1,NONE,inf
753,0,1,2:623:404:96:83:0.6081,1,46:2:623:404:96:83,-1,NONE,inf
754,0,1,2:624:405:99:81:0.6489,1,46:2:624:405:99:81,-1,NONE,inf
755,0,1,2:624:405:101:82:0.7750,1,46:2:624:405:101:82,-1,NONE,inf
756,0,1,2:623:405:105:83:0.8603,1,46:2:623:405:105:83,-1,NONE,inf
757,0,1,2:624:405:108:83:0.8060,1,46:2:624:405:108:83,-1,NONE,inf
758,0,1,2:626:405:108:83:0.8232,1,46:2:626:405:108:83,-1,NONE,inf
759,0,1,2:624:405:113:84:0.8628,1,46:2:624:405:113:84,-1,NONE,inf
760,0,1,2:625:404:115:86:0.8387,1,46:2:625:404:115:86,-1,NONE,inf
761,0,1,2:643:403:99:87:0.7092,1,46:2:643:403:99:87,-1,NONE,inf
762,0,1,2:638:402:109:88:0.8090,1,46:2:638:402:109:88,-1,NONE,inf
763,0,1,2:624:402:126:88:0.7709,1,46:2:624:402:126:88,-1,NONE,inf
764,0,1,2:637:401:116:89:0.7570,1,46:2:637:401:116:89,-1,NONE,inf
765,0,1,2:646:401:109:90:0.8602,1,46:2:646:401:109:90,-1,NONE,inf
766,0,1,2:649:402:109:90:0.8456,1,46:2:649:402:109:90,-1,NONE,inf
767,0,1,2:650:401:112:91:0.8617,1,46:2:650:401:112:91,-1,NONE,inf
768,0,1,2:653:403:112:90:0.6455,1,46:2:653:403:112:90,-1,NONE,inf
769,0,1,2:655:402:112:92:0.6228,1,46:2:655:402:112:92,-1,NONE,inf
770,0,1,2:659:403:112:92:0.6576,1,46:2:659:403:112:92,-1,NONE,inf
771,0,1,2:661:403:113:91:0.8054,1,46:2:661:403:113:91,-1,NONE,inf
772,0,1,2:663:402:115:92:0.8720,1,46:2:663:402:115:92,-1,NONE,inf
773,0,1,2:664:402:117:93:0.9357,1,46:2:664:402:117:93,-1,NONE,inf
774,0,1,2:666:401:118:94:0.9110,1,46:2:666:401:118:94,-1,NONE,inf
775,0,1,2:668:401:119:95:0.9184,1,46:2:668:401:119:95,-1,NONE,inf
776,0,1,2:670:401:120:95:0.9200,1,46:2:670:401:120:95,-1,NONE,inf
777,0,1,2:671:401:123:95:0.9358,1,46:2:671:401:123:95,-1,NONE,inf
778,0,1,2:673:400:124:97:0.9228,1,46:2:673:400:124:97,-1,NONE,inf
779,0,1,2:676:400:124:97:0.9374,1,46:2:676:400:124:97,-1,NONE,inf
780,0,1,2:678:400:126:98:0.9434,1,46:2:678:400:126:98,-1,NONE,inf
781,0,1,2:679:400:128:98:0.9146,1,46:2:679:400:128:98,-1,NONE,inf
782,0,1,2:680:400:131:99:0.9247,1,46:2:680:400:131:99,-1,NONE,inf
783,0,1,2:684:400:131:100:0.9304,1,46:2:684:400:131:100,-1,NONE,inf
784,0,1,2:684:401:134:100:0.9298,1,46:2:684:401:134:100,-1,NONE,inf
785,0,1,2:688:400:134:101:0.9297,1,46:2:688:400:134:101,-1,NONE,inf
786,0,1,2:689:400:135:101:0.9278,1,46:2:689:400:135:101,-1,NONE,inf
787,0,1,2:691:400:137:102:0.9238,1,46:2:691:400:137:102,-1,NONE,inf
788,0,1,2:692:399:140:104:0.9147,1,46:2:692:399:140:104,-1,NONE,inf
789,0,1,2:695:399:141:104:0.9114,1,46:2:695:399:141:104,-1,NONE,inf
790,0,1,2:697:398:143:107:0.9200,1,46:2:697:398:143:107,-1,NONE,inf
791,0,1,2:699:398:145:107:0.9214,1,46:2:699:398:145:107,-1,NONE,inf
792,0,1,2:702:398:147:108:0.9218,1,46:2:702:398:147:108,-1,NONE,inf
793,0,1,2:704:398:148:109:0.9154,1,46:2:704:398:148:109,-1,NONE,inf
794,0,1,2:705:398:152:110:0.9194,1,46:2:705:398:152:110,-1,NONE,inf
795,0,1,2:708:398:153:110:0.9242,1,46:2:708:398:153:110,-1,NONE,inf
796,0,1,2:710:398:155:111:0.9294,1,46:2:710:398:155:111,-1,NONE,inf
797,0,1,2:712:397:158:113:0.9277,1,46:2:712:397:158:113,-1,NONE,inf
798,0,1,2:714:398:161:112:0.9240,1,46:2:714:398:161:112,-1,NONE,inf
799,0,1,2:715:398:164:114:0.9321,1,46:2:715:398:164:114,-1,NONE,inf
800,0,1,2:717:398:167:115:0.9381,1,46:2:717:398:167:115,-1,NONE,inf
801,0,1,2:719:398:170:116:0.9433,1,46:2:719:398:170:116,-1,NONE,inf
802,0,1,2:722:398:171:117:0.9443,1,46:2:722:398:171:117,-1,NONE,inf
803,0,1,2:724:397:175:119:0.9473,1,46:2:724:397:175:119,-1,NONE,inf
804,0,1,2:727:397:177:120:0.9434,1,46:2:727:397:177:120,-1,NONE,inf
805,0,1,2:728:397:180:121:0.9472,1,46:2:728:397:180:121,-1,NONE,inf
806,0,1,2:730:396:185:123:0.9467,1,46:2:730:396:185:123,-1,NONE,inf
807,0,1,2:733:396:187:125:0.9497,1,46:2:733:396:187:125,-1,NONE,inf
808,0,1,2:736:396:188:126:0.9471,1,46:2:736:396:188:126,-1,NONE,inf
809,0,1,2:738:395:194:128:0.9546,1,46:2:738:395:194:128,-1,NONE,inf
810,0,1,2:741:395:196:129:0.9512,1,46:2:741:395:196:129,-1,NONE,inf
811,0,1,2:744:394:200:130:0.9584,1,46:2:744:394:200:130,-1,NONE,inf
812,0,1,2:747:394:203:131:0.9580,1,46:2:747:394:203:131,-1,NONE,inf
813,0,1,2:748:393:208:134:0.9605,1,46:2:748:393:208:134,-1,NONE,inf
814,0,1,2:752:393:207:136:0.9545,1,46:2:752:393:207:136,-1,NONE,inf
815,0,1,2:755:393:204:136:0.9520,1,46:2:755:393:204:136,-1,NONE,inf
816,0,1,2:757:392:202:137:0.9561,1,46:2:757:392:202:137,-1,NONE,inf
817,0,1,2:759:392:200:137:0.9524,1,46:2:759:392:200:137,-1,NONE,inf
818,0,1,2:762:391:197:139:0.9559,1,46:2:762:391:197:139,-1,NONE,inf
819,0,1,2:766:390:193:140:0.9497,1,46:2:766:390:193:140,-1,NONE,inf
820,0,1,2:768:390:191:139:0.9459,1,46:2:768:390:191:139,-1,NONE,inf
821,0,1,2:771:389:188:142:0.9446,1,46:2:771:389:188:142,-1,NONE,inf
822,0,1,2:776:388:183:143:0.9465,1,46:2:776:388:183:143,-1,NONE,inf
823,0,1,2:778:388:181:143:0.9470,1,46:2:778:388:181:143,-1,NONE,inf
824,0,1,2:781:388:178:143:0.9476,1,46:2:781:388:178:143,-1,NONE,inf
825,0,1,2:785:388:174:143:0.9398,1,46:2:785:388:174:143,-1,NONE,inf
826,0,1,2:789:388:170:143:0.9328,1,46:2:789:388:170:143,-1,NONE,inf
827,0,1,2:792:388:167:143:0.9377,1,46:2:792:388:167:143,-1,NONE,inf
828,0,1,2:797:387:162:144:0.9345,1,46:2:797:387:162:144,-1,NONE,inf
829,0,1,2:800:387:159:144:0.9388,1,46:2:800:387:159:144,-1,NONE,inf
830,0,1,2:804:386:155:145:0.9351,1,46:2:804:386:155:145,-1,NONE,inf
831,0,1,2:808:386:151:145:0.9378,1,46:2:808:386:151:145,-1,NONE,inf
832,0,1,2:813:386:146:145:0.9338,1,46:2:813:386:146:145,-1,NONE,inf
833,0,1,2:817:385:142:146:0.9326,1,46:2:817:385:142:146,-1,NONE,inf
834,0,1,2:821:385:138:147:0.9339,1,46:2:821:385:138:147,-1,NONE,inf
835,0,1,2:826:384:133:148:0.9217,1,46:2:826:384:133:148,-1,NONE,inf
836,0,1,2:831:384:128:147:0.9232,1,46:2:831:384:128:147,-1,NONE,inf
837,0,1,2:835:384:124:148:0.9106,1,46:2:835:384:124:148,-1,NONE,inf
838,0,1,2:840:383:119:148:0.9000,1,46:2:840:383:119:148,-1,NONE,inf
839,0,1,2:845:383:114:147:0.9204,1,46:2:845:383:114:147,-1,NONE,inf
840,0,1,2:851:383:108:147:0.9127,1,46:2:851:383:108:147,-1,NONE,inf
841,0,1,2:855:385:104:144:0.9103,1,46:2:855:385:104:144,-1,NONE,inf
842,0,1,2:860:386:99:145:0.8990,1,46:2:860:386:99:145,-1,NONE,inf
843,0,1,2:865:390:94:141:0.8860,1,46:2:865:390:94:141,-1,NONE,inf
844,0,1,2:871:392:88:138:0.8467,1,46:2:871:392:88:138,-1,NONE,inf
845,0,1,2:877:396:82:134:0.8171,1,46:2:877:396:82:134,-1,NONE,inf
846,0,1,2:882:400:77:130:0.8562,1,46:2:882:400:77:130,-1,NONE,inf
847,0,1,2:890:405:69:127:0.8402,1,46:2:890:405:69:127,-1,NONE,inf
848,0,1,2:893:408:66:123:0.8160,1,46:2:893:408:66:123,-1,NONE,inf
849,0,1,2:901:370:378:227:0.8813,1,46:2:901:370:378:227,-1,NONE,inf
850,0,1,2:907:369:372:233:0.8832,1,46:2:907:369:372:233,-1,NONE,inf
851,0,1,2:915:367:364:233:0.8471,1,46:2:915:367:364:233,-1,NONE,inf
852,0,1,2:922:367:357:236:0.8662,1,46:2:922:367:357:236,-1,NONE,inf
853,0,1,2:931:365:348:245:0.8748,1,46:2:931:365:348:245,-1,NONE,inf
854,0,1,2:938:365:341:234:0.8315,1,46:2:938:365:341:234,-1,NONE,inf
855,0,1,2:944:362:335:249:0.7531,1,46:2:944:362:335:249,-1,NONE,inf
856,0,1,2:953:361:326:250:0.7848,1,46:2:953:361:326:250,-1,NONE,inf
857,0,1,2:961:361:318:234:0.6073,1,46:2:961:361:318:234,-1,NONE,inf
858,0,1,2:970:361:309:240:0.7195,1,46:2:970:361:309:240,-1,NONE,inf
859,0,1,2:980:359:299:233:0.8395,1,46:2:980:359:299:233,-1,NONE,inf
860,0,1,2:991:358:288:236:0.7842,1,46:2:991:358:288:236,-1,NONE,inf
861,0,1,2:1001:356:278:240:0.8409,1,46:2:1001:356:278:240,-1,NONE,inf
862,0,1,2:1011:357:268:243:0.7591,1,46:2:1011:357:268:243,-1,NONE,inf
863,0,1,2:1021:360:258:237:0.7423,1,46:2:1021:360:258:237,-1,NONE,inf
864,0,1,2:1033:363:246:265:0.8494,1,46:2:1033:363:246:265,-1,NONE,inf
865,0,1,2:1046:367:233:257:0.8497,1,46:2:1046:367:233:257,-1,NONE,inf
866,0,1,2:1060:372:219:243:0.8456,1,46:2:1060:372:219:243,-1,NONE,inf
867,0,1,2:1077:384:202:212:0.7622,1,46:2:1077:384:202:212,-1,NONE,inf
868,0,1,2:1091:397:188:198:0.8023,1,46:2:1091:397:188:198,-1,NONE,inf
869,0,1,2:1107:410:172:190:0.7313,1,46:2:1107:410:172:190,-1,NONE,inf
870,0,1,2:1123:423:156:175:0.6083,1,46:2:1123:423:156:175,-1,NONE,inf
871,0,1,2:1143:443:136:186:0.4592,1,46:2:1143:443:136:186,-1,NONE,inf
872,0,1,2:1162:458:117:139:0.6179,1,46:2:1162:458:117:139,-1,NONE,inf
873,0,1,2:1185:472:94:133:0.5971,1,46:2:1185:472:94:133,-1,NONE,inf
874,0,0,,0,,-1,NONE,inf
875,0,1,0:1233:498:46:134:0.1360,0,,-1,NONE,inf
876,0,0,,0,,-1,NONE,inf
877,0,0,,0,,-1,NONE,inf
878,0,0,,0,,-1,NONE,inf
879,0,0,,0,,-1,NONE,inf
880,0,0,,0,,-1,NONE,inf
881,0,0,,0,,-1,NONE,inf
882,0,0,,0,,-1,NONE,inf
883,0,0,,0,,-1,NONE,inf
884,0,0,,0,,-1,NONE,inf
885,0,0,,0,,-1,NONE,inf
886,0,0,,0,,-1,NONE,inf
887,0,0,,0,,-1,NONE,inf
888,0,0,,0,,-1,NONE,inf
889,0,0,,0,,-1,NONE,inf
890,0,0,,0,,-1,NONE,inf
891,0,0,,0,,-1,NONE,inf
892,0,0,,0,,-1,NONE,inf
893,0,0,,0,,-1,NONE,inf
894,0,0,,0,,-1,NONE,inf
895,0,0,,0,,-1,NONE,inf
896,0,0,,0,,-1,NONE,inf
897,0,0,,0,,-1,NONE,inf
898,0,0,,0,,-1,NONE,inf
899,0,0,,0,,-1,NONE,inf
900,0,0,,0,,-1,NONE,inf
901,0,0,,0,,-1,NONE,inf
902,0,0,,0,,-1,NONE,inf
903,0,0,,0,,-1,NONE,inf
904,0,0,,0,,-1,NONE,inf
905,0,0,,0,,-1,NONE,inf
906,0,0,,0,,-1,NONE,inf
907,0,0,,0,,-1,NONE,inf
908,0,0,,0,,-1,NONE,inf
909,0,0,,0,,-1,NONE,inf
910,0,0,,0,,-1,NONE,inf
911,0,0,,0,,-1,NONE,inf
912,0,0,,0,,-1,NONE,inf
913,0,0,,0,,-1,NONE,inf
914,0,0,,0,,-1,NONE,inf
915,0,0,,0,,-1,NONE,inf
916,0,0,,0,,-1,NONE,inf
917,0,0,,0,,-1,NONE,inf
918,0,0,,0,,-1,NONE,inf
919,0,0,,0,,-1,NONE,inf
920,0,0,,0,,-1,NONE,inf
921,0,0,,0,,-1,NONE,inf
922,0,0,,0,,-1,NONE,inf
923,0,0,,0,,-1,NONE,inf
924,0,0,,0,,-1,NONE,inf
925,0,0,,0,,-1,NONE,inf
926,0,0,,0,,-1,NONE,inf
927,0,0,,0,,-1,NONE,inf
928,0,0,,0,,-1,NONE,inf
929,0,0,,0,,-1,NONE,inf
930,0,0,,0,,-1,NONE,inf
931,0,0,,0,,-1,NONE,inf
932,0,0,,0,,-1,NONE,inf
933,0,0,,0,,-1,NONE,inf
934,0,0,,0,,-1,NONE,inf
935,0,0,,0,,-1,NONE,inf
936,0,0,,0,,-1,NONE,inf
937,0,0,,0,,-1,NONE,inf
938,0,1,7:818:337:61:67:0.3539,0,,-1,NONE,inf
939,0,0,,0,,-1,NONE,inf
940,0,0,,0,,-1,NONE,inf
941,0,0,,0,,-1,NONE,inf
942,0,0,,0,,-1,NONE,inf
943,0,0,,0,,-1,NONE,inf
944,0,1,7:847:326:71:75:0.2876,0,,-1,NONE,inf
945,0,1,7:852:324:74:77:0.2855,0,,-1,NONE,inf
946,0,0,,0,,-1,NONE,inf
947,0,0,,0,,-1,NONE,inf
948,0,0,,0,,-1,NONE,inf
949,0,0,,0,,-1,NONE,inf
950,0,0,,0,,-1,NONE,inf
951,0,0,,0,,-1,NONE,inf
952,0,0,,0,,-1,NONE,inf
953,0,0,,0,,-1,NONE,inf
954,0,0,,0,,-1,NONE,inf
955,0,0,,0,,-1,NONE,inf
956,0,0,,0,,-1,NONE,inf
957,0,0,,0,,-1,NONE,inf
958,0,0,,0,,-1,NONE,inf
959,0,0,,0,,-1,NONE,inf
960,0,0,,0,,-1,NONE,inf
961,0,0,,0,,-1,NONE,inf
962,0,0,,0,,-1,NONE,inf
963,0,1,7:1034:248:147:146:0.1352,0,,-1,NONE,inf
964,0,0,,0,,-1,NONE,inf
965,0,1,7:1073:230:167:191:0.2292,0,,-1,NONE,inf
966,0,1,7:1094:224:179:196:0.2198,0,,-1,NONE,inf
967,0,0,,0,,-1,NONE,inf
968,0,0,,0,,-1,NONE,inf
969,0,1,7:1172:194:107:284:0.4828,0,,-1,NONE,inf
970,0,1,7:1202:186:77:290:0.4254,0,,-1,NONE,inf
971,0,0,,0,,-1,NONE,inf
972,0,0,,0,,-1,NONE,inf
973,0,0,,0,,-1,NONE,inf
974,0,0,,0,,-1,NONE,inf
975,0,1,2:607:418:11:10:0.2052,0,,-1,NONE,inf
976,0,0,,0,,-1,NONE,inf
977,0,0,,0,,-1,NONE,inf
978,0,0,,0,,-1,NONE,inf
979,0,0,,0,,-1,NONE,inf
980,0,0,,0,,-1,NONE,inf
981,0,0,,0,,-1,NONE,inf
982,0,0,,0,,-1,NONE,inf
983,0,0,,0,,-1,NONE,inf
984,0,0,,0,,-1,NONE,inf
985,0,0,,0,,-1,NONE,inf
986,0,0,,0,,-1,NONE,inf
987,0,0,,0,,-1,NONE,inf
988,0,0,,0,,-1,NONE,inf
989,0,0,,0,,-1,NONE,inf
990,0,0,,0,,-1,NONE,inf
991,0,0,,0,,-1,NONE,inf
992,0,0,,0,,-1,NONE,inf
993,0,0,,0,,-1,NONE,inf
994,0,0,,0,,-1,NONE,inf
995,0,0,,0,,-1,NONE,inf
996,0,0,,0,,-1,NONE,inf
997,0,0,,0,,-1,NONE,inf
998,0,0,,0,,-1,NONE,inf
999,0,0,,0,,-1,NONE,inf
1000,0,0,,0,,-1,NONE,inf
1001,0,0,,0,,-1,NONE,inf
1002,0,0,,0,,-1,NONE,inf
1003,0,0,,0,,-1,NONE,inf
1004,0,0,,0,,-1,NONE,inf
1005,0,0,,0,,-1,NONE,inf
1006,0,0,,0,,-1,NONE,inf
1007,0,0,,0,,-1,NONE,inf
1008,0,0,,0,,-1,NONE,inf
1009,0,0,,0,,-1,NONE,inf
1010,0,0,,0,,-1,NONE,inf
1011,1,5,7:362:391:168:75:0.5500;7:527:382:100:83:0.5663;7:740:389:71:47:0.1402;7:754:367:205:122:0.2865;7:793:427:223:63:0.3755,0,,-1,NONE,inf
1012,0,4,7:363:392:169:74:0.6873;7:528:382:101:83:0.9024;7:619:331:340:160:0.2893;7:785:427:242:62:0.2559,0,,-1,NONE,inf
1013,0,5,7:365:391:100:75:0.5888;7:529:381:101:84:0.8559;7:627:396:117:68:0.2154;7:804:426:235:63:0.3698;7:913:374:189:104:0.1130,3,51:7:529:381:101:84;52:7:804:426:235:63;53:7:365:391:100:75,-1,NONE,inf
1014,0,5,5:913:371:198:112:0.1196;7:365:391:101:75:0.6757;7:530:380:105:86:0.8405;7:778:397:181:95:0.2306;7:817:427:232:63:0.2430,3,51:7:530:380:105:86;52:7:817:427:232:63;53:7:365:391:101:75,-1,NONE,inf
1015,0,4,5:916:366:268:119:0.4267;7:365:391:102:74:0.4565;7:532:380:103:84:0.6717;7:823:425:241:65:0.1242,3,51:7:532:380:103:84;52:5:916:366:268:119;53:7:365:391:102:74,-1,NONE,inf
1016,0,5,5:937:362:263:114:0.5238;7:365:390:102:75:0.5978;7:534:379:102:83:0.2965;7:717:382:101:54:0.1850;7:811:426:269:66:0.1410,3,51:7:534:379:102:83;52:5:937:362:263:114;53:7:365:390:102:75,-1,NONE,inf
1017,0,5,2:401:438:59:26:0.1865;5:938:360:275:120:0.4563;7:536:378:102:84:0.4040;7:756:381:70:51:0.1834;7:806:423:290:71:0.2536,3,51:7:536:378:102:84;52:5:938:360:275:120;53:2:401:438:59:26,-1,NONE,inf
1018,0,6,5:955:355:276:132:0.5239;7:367:389:103:77:0.4577;7:538:377:105:87:0.5563;7:720:380:111:59:0.2864;7:792:396:167:97:0.3957;7:815:424:294:70:0.1536,2,51:7:538:377:105:87;52:5:955:355:276:132,-1,NONE,inf
1019,0,6,5:956:355:300:133:0.1411;7:368:389:104:77:0.6098;7:539:376:106:88:0.7823;7:722:379:113:78:0.3657;7:786:332:173:161:0.3354;7:814:422:310:72:0.1376,2,51:7:539:376:106:88;52:5:956:355:300:133,-1,NONE,inf
1020,0,5,5:965:352:313:139:0.2142;7:369:389:105:77:0.4230;7:541:375:108:90:0.8855;7:770:378:70:54:0.2028;7:797:395:162:98:0.3158,4,51:7:541:375:108:90;52:5:965:352:313:139;54:7:369:389:105:77;55:7:797:395:162:98,-1,NONE,inf
1021,0,5,5:374:387:103:79:0.2658;7:545:374:107:90:0.4797;7:776:377:74:58:0.2336;7:801:328:158:165:0.2038;7:862:419:308:78:0.1010,4,51:7:545:374:107:90;52:7:862:419:308:78;54:5:374:387:103:79;55:7:801:328:158:165,-1,NONE,inf
1022,0,4,5:376:388:103:78:0.2926;7:547:373:110:91:0.6912;7:737:376:112:75:0.2306;7:815:405:144:88:0.2102,3,51:7:547:373:110:91;54:5:376:388:103:78;55:7:815:405:144:88,-1,NONE,inf
1023,0,5,5:378:388:105:78:0.3655;7:552:372:109:91:0.7847;7:784:375:79:56:0.2606;7:839:408:120:84:0.2705;7:890:347:389:151:0.3557,4,51:7:552:372:109:91;52:7:890:347:389:151;54:5:378:388:105:78;55:7:839:408:120:84,-1,NONE,inf
1024,0,4,7:381:386:105:81:0.4419;7:555:371:110:91:0.7152;7:747:374:117:83:0.4702;7:854:400:105:96:0.3723,4,51:7:555:371:110:91;54:7:381:386:105:81;55:7:854:400:105:96;56:7:747:374:117:83,-1,NONE,inf
1025,0,5,7:382:386:106:81:0.4700;7:558:370:112:94:0.7662;7:665:374:209:87:0.3685;7:822:326:137:159:0.2351;7:870:350:409:154:0.1026,4,51:7:558:370:112:94;54:7:382:386:106:81;55:7:822:326:137:159;56:7:665:374:209:87,-1,NONE,inf
1026,0,4,7:385:385:107:82:0.3604;7:561:368:115:95:0.8558;7:763:371:115:64:0.1087;7:913:360:366:145:0.2279,4,51:7:561:368:115:95;54:7:385:385:107:82;55:7:913:360:366:145;56:7:763:371:115:64,-1,NONE,inf
1027,0,4,7:390:385:107:82:0.2681;7:566:368:114:95:0.8304;7:806:372:80:76:0.1614;7:894:441:59:36:0.2012,3,51:7:566:368:114:95;54:7:390:385:107:82;56:7:806:372:80:76,-1,NONE,inf
1028,0,4,5:393:385:105:82:0.3366;7:570:366:115:97:0.8605;7:769:368:128:89:0.5962;7:903:331:376:178:0.4572,4,51:7:570:366:115:97;54:5:393:385:105:82;55:7:903:331:376:178;56:7:769:368:128:89,-1,NONE,inf
1029,0,4,7:394:383:108:85:0.4720;7:573:365:118:100:0.8750;7:815:369:88:76:0.2282;7:925:441:34:46:0.3530,3,51:7:573:365:118:100;54:7:394:383:108:85;56:7:815:369:88:76,-1,NONE,inf
1030,0,4,7:398:382:108:86:0.4828;7:577:364:119:101:0.8359;7:687:367:223:92:0.6182;7:912:324:367:191:0.1580,3,51:7:577:364:119:101;54:7:398:382:108:86;56:7:687:367:223:92,-1,NONE,inf
1031,0,4,7:402:382:108:87:0.5349;7:582:363:120:102:0.8523;7:833:365:84:81:0.1974;7:904:304:375:211:0.5103,3,51:7:582:363:120:102;54:7:402:382:108:87;56:7:904:304:375:211,-1,NONE,inf
1032,0,4,7:407:382:107:87:0.5393;7:586:362:123:102:0.8307;7:842:364:83:90:0.1106;7:916:307:363:210:0.3338,3,51:7:586:362:123:102;54:7:407:382:107:87;56:7:916:307:363:210,-1,NONE,inf
1033,0,4,7:410:382:106:88:0.4646;7:591:362:124:102:0.8396;7:849:364:83:85:0.1390;7:909:299:370:216:0.5826,3,51:7:591:362:124:102;54:7:410:382:106:88;56:7:909:299:370:216,-1,NONE,inf
1034,0,4,5:415:381:106:90:0.4454;7:598:361:122:103:0.8134;7:713:364:233:97:0.5389;7:936:305:343:214:0.2948,3,51:7:598:361:122:103;54:5:415:381:106:90;56:7:936:305:343:214,-1,NONE,inf
1035,0,4,7:417:380:109:91:0.5116;7:602:360:126:105:0.8055;7:861:363:96:90:0.2840;7:1009:439:100:64:0.1806,3,51:7:602:360:126:105;54:7:417:380:109:91;56:7:1009:439:100:64,-1,NONE,inf
1036,0,4,7:422:379:106:91:0.5234;7:606:361:129:104:0.8068;7:871:361:91:93:0.2692;7:961:294:318:224:0.2324,3,51:7:606:361:129:104;54:7:422:379:106:91;57:7:871:361:91:93,-1,NONE,inf
1037,0,4,7:425:379:110:91:0.5900;7:612:357:129:109:0.7669;7:878:361:97:92:0.2415;7:1065:441:91:44:0.1018,3,51:7:612:357:129:109;54:7:425:379:110:91;57:7:878:361:97:92,-1,NONE,inf
1038,0,4,7:431:378:106:92:0.3698;7:616:357:134:109:0.8311;7:738:377:115:86:0.1440;7:1089:440:91:46:0.1227,2,51:7:616:357:134:109;54:7:431:378:106:92,-1,NONE,inf
1039,0,4,7:433:378:112:93:0.6943;7:623:355:134:112:0.8624;7:750:357:239:106:0.4019;7:1112:440:99:50:0.1334,3,51:7:623:355:134:112;54:7:433:378:112:93;57:7:750:357:239:106,-1,NONE,inf
1040,0,3,7:440:376:112:94:0.5651;7:628:356:137:112:0.7399;7:901:359:104:93:0.1641,3,51:7:628:356:137:112;54:7:440:376:112:94;57:7:901:359:104:93,-1,NONE,inf
1041,0,3,7:443:377:113:94:0.6580;7:634:353:140:114:0.7488;7:769:359:246:105:0.5082,3,51:7:634:353:140:114;54:7:443:377:113:94;57:7:769:359:246:105,-1,NONE,inf
1042,0,3,7:448:376:114:95:0.7792;7:640:353:141:117:0.7511;7:776:359:254:105:0.2896,3,51:7:640:353:141:117;54:7:448:376:114:95;57:7:776:359:254:105,-1,NONE,inf
1043,0,3,7:454:375:114:97:0.5882;7:646:352:145:116:0.8002;7:928:356:113:99:0.2082,3,51:7:646:352:145:116;54:7:454:375:114:97;57:7:928:356:113:99,-1,NONE,inf
1044,0,3,7:458:373:199:99:0.2835;7:653:350:149:119:0.7016;7:775:356:278:110:0.4495,3,51:7:653:350:149:119;54:7:458:373:199:99;57:7:775:356:278:110,-1,NONE,inf
1045,0,5,0:1151:406:33:79:0.3046;2:351:441:17:11:0.2122;7:464:373:117:99:0.4661;7:660:347:149:124:0.8109;7:803:355:263:111:0.5262,3,51:7:660:347:149:124;54:7:464:373:117:99;57:7:803:355:263:111,54,SAFE,inf
1046,0,4,0:1166:369:40:118:0.2703;7:467:371:118:101:0.3846;7:665:347:154:125:0.7890;7:806:353:274:117:0.5026,3,51:7:665:347:154:125;54:7:467:371:118:101;57:7:806:353:274:117,54,SAFE,inf
1047,0,4,0:1201:392:31:96:0.1414;7:473:374:117:98:0.4331;7:671:344:157:128:0.8132;7:811:354:286:113:0.6226,3,51:7:671:344:157:128;54:7:473:374:117:98;57:7:811:354:286:113,54,SAFE,inf
1048,0,4,7:495:429:100:46:0.3504;7:678:343:163:129:0.8283;7:833:353:277:117:0.6146;7:1108:384:171:66:0.2072,3,51:7:678:343:163:129;54:7:495:429:100:46;57:7:833:353:277:117,54,SAFE,inf
1049,0,4,7:482:369:124:106:0.7779;7:686:343:162:128:0.8360;7:831:347:295:124:0.5579;7:1120:392:99:58:0.1805,3,51:7:686:343:162:128;54:7:482:369:124:106;57:7:831:347:295:124,54,SAFE,inf
1050,0,5,0:1267:367:12:46:0.1310;7:488:369:122:106:0.6946;7:695:342:166:130:0.8539;7:840:345:300:125:0.5424;7:1137:391:98:59:0.2598,3,51:7:695:342:166:130;54:7:488:369:122:106;57:7:840:345:300:125,54,SAFE,inf
1051,0,4,7:493:368:127:106:0.7846;7:700:340:172:133:0.8622;7:1068:349:90:112:0.1401;7:1152:386:124:65:0.1277,3,51:7:700:340:172:133;54:7:493:368:127:106;57:7:1068:349:90:112,-1,NONE,inf
1052,0,6,7:498:369:125:106:0.7663;7:506:398:214:75:0.1555;7:708:338:175:136:0.8712;7:856:370:192:103:0.1198;7:1068:346:108:115:0.1050;7:1170:390:99:61:0.2221,3,51:7:708:338:175:136;54:7:498:369:125:106;57:7:1170:390:99:61,54,SAFE,8.017
1053,0,4,7:505:367:124:107:0.7742;7:715:338:181:139:0.9181;7:884:370:179:103:0.1886;7:1188:392:91:61:0.1585,3,51:7:715:338:181:139;54:7:505:367:124:107;57:7:1188:392:91:61,54,SAFE,4.121
1054,0,6,2:401:439:14:12:0.2092;7:510:366:129:109:0.7070;7:516:399:215:76:0.1086;7:724:335:182:140:0.8905;7:887:369:193:104:0.1079;7:1205:392:74:64:0.1074,3,51:7:724:335:182:140;54:7:510:366:129:109;57:7:1205:392:74:64,54,SAFE,3.085
1055,0,4,2:1226:396:53:60:0.1564;7:514:365:131:111:0.7884;7:730:333:228:145:0.9023;7:902:370:189:104:0.2126,3,51:7:730:333:228:145;54:7:514:365:131:111;57:2:1226:396:53:60,-1,NONE,inf
1056,0,3,7:520:363:131:113:0.7812;7:737:332:214:146:0.9151;7:918:338:330:139:0.5964,2,51:7:737:332:214:146;54:7:520:363:131:113,54,SAFE,2.364
1057,0,5,2:418:439:12:11:0.2140;7:526:364:130:114:0.7487;7:746:329:213:151:0.9439;7:928:372:196:105:0.1923;7:1116:339:157:127:0.3942,2,51:7:746:329:213:151;54:7:526:364:130:114,54,DANGER,1.973
1058,0,3,7:531:363:134:116:0.6993;7:754:328:205:154:0.9518;7:1128:338:151:128:0.1452,2,51:7:754:328:205:154;54:7:531:363:134:116,54,SAFE,inf
1059,0,4,2:925:432:142:48:0.1454;7:538:363:133:116:0.7029;7:761:326:198:156:0.9470;7:1209:392:70:78:0.1840,2,51:7:761:326:198:156;54:7:538:363:133:116,54,SAFE,inf
1060,0,2,7:539:361:137:118:0.7792;7:767:324:192:160:0.9392,2,51:7:767:324:192:160;54:7:539:361:137:118,54,SAFE,inf
1061,0,2,7:544:359:139:121:0.8367;7:775:323:184:163:0.9310,2,51:7:775:323:184:163;54:7:544:359:139:121,54,SAFE,inf
1062,0,4,2:441:438:15:12:0.2391;7:549:358:141:123:0.8051;7:783:322:176:164:0.9340;7:990:362:289:127:0.1763,2,51:7:783:322:176:164;54:7:549:358:141:123,54,SAFE,inf
1063,0,4,2:320:417:43:44:0.2068;7:553:356:143:127:0.8128;7:791:319:168:169:0.9610;7:989:371:290:118:0.2737,2,51:7:791:319:168:169;54:7:553:356:143:127,54,SAFE,inf
1064,0,4,2:449:438:16:11:0.2546;7:559:356:144:127:0.7986;7:801:316:244:169:0.8816;7:1027:370:216:118:0.1714,2,51:7:801:316:244:169;54:7:559:356:144:127,54,SAFE,inf
1065,0,3,7:562:353:147:131:0.8727;7:807:316:152:173:0.8948;7:1137:374:133:116:0.1134,2,51:7:807:316:152:173;54:7:562:353:147:131,-1,NONE,inf
1066,0,4,2:320:410:45:53:0.2253;7:569:353:147:131:0.7674;7:814:312:145:180:0.8716;7:1150:377:129:116:0.1220,2,51:7:814:312:145:180;54:7:569:353:147:131,-1,NONE,inf
1067,0,5,0:635:353:86:90:0.2135;2:461:438:12:10:0.2275;7:571:352:152:133:0.8543;7:822:310:137:183:0.9126;7:1171:378:108:114:0.1395,2,51:7:822:310:137:183;54:7:571:352:152:133,-1,NONE,inf
1068,0,5,0:638:351:91:85:0.1067;2:466:437:13:10:0.2637;7:577:350:155:136:0.8561;7:831:314:128:182:0.6800;7:1182:376:97:132:0.1453,2,51:7:831:314:128:182;54:7:577:350:155:136,-1,NONE,inf
1069,0,4,2:469:438:13:10:0.2489;7:581:348:158:138:0.8241;7:840:311:119:185:0.8254;7:1198:376:81:126:0.1743,2,51:7:840:311:119:185;54:7:581:348:158:138,-1,NONE,inf
1070,0,4,2:320:405:55:59:0.3596;2:473:438:15:10:0.2579;7:584:347:163:140:0.8593;7:847:315:112:183:0.8046,2,51:7:847:315:112:183;54:7:584:347:163:140,-1,NONE,inf
1071,0,3,2:320:402:64:62:0.5366;7:588:346:166:143:0.8804;7:856:318:103:174:0.7990,2,51:7:856:318:103:174;54:7:588:346:166:143,-1,NONE,inf
1072,0,4,2:320:403:64:60:0.4991;2:482:436:13:11:0.2950;7:594:345:168:145:0.8627;7:865:318:94:173:0.5865,3,51:7:865:318:94:173;54:7:594:345:168:145;58:2:320:403:64:60,-1,NONE,inf
1073,0,3,2:320:402:65:64:0.2882;7:598:342:174:149:0.8292;7:875:324:84:167:0.6808,3,51:7:875:324:84:167;54:7:598:342:174:149;58:2:320:402:65:64,-1,NONE,inf
1074,0,3,2:489:436:15:11:0.3565;7:602:342:178:150:0.8502;7:888:291:389:221:0.7975,2,51:7:888:291:389:221;54:7:602:342:178:150,-1,NONE,inf
1075,0,3,2:493:436:13:11:0.2431;7:605:339:185:154:0.8634;7:896:287:383:227:0.8800,2,51:7:896:287:383:227;54:7:605:339:185:154,-1,NONE,inf
1076,0,4,2:320:401:67:63:0.2455;2:496:435:17:12:0.2788;7:611:336:188:158:0.9280;7:905:282:374:236:0.8963,2,51:7:905:282:374:236;54:7:611:336:188:158,-1,NONE,inf
1077,0,4,2:500:437:13:10:0.4007;7:615:335:193:160:0.9061;7:817:401:48:66:0.1559;7:912:279:367:240:0.8917,3,51:7:912:279:367:240;54:7:615:335:193:160;59:2:500:437:13:10,-1,NONE,inf
1078,0,5,0:27:316:16:32:0.1115;7:617:333:199:162:0.9213;7:821:400:51:61:0.1697;7:874:336:85:150:0.4013;7:923:274:356:248:0.8396,2,51:7:923:274:356:248;54:7:617:333:199:162,-1,NONE,inf
1079,0,5,7:621:331:207:166:0.8610;7:823:401:61:67:0.2373;7:880:390:52:82:0.2138;7:916:341:43:147:0.2080;7:935:270:344:255:0.8568,2,51:7:935:270:344:255;54:7:621:331:207:166,-1,NONE,inf
1080,0,3,2:510:436:13:10:0.2433;7:627:329:209:169:0.9180;7:941:265:338:263:0.8004,2,51:7:941:265:338:263;54:7:627:329:209:169,-1,NONE,inf
1081,0,4,7:630:329:211:172:0.9052;7:840:402:56:70:0.3649;7:894:389:65:88:0.3118;7:958:260:321:272:0.8108,2,51:7:958:260:321:272;54:7:630:329:211:172,-1,NONE,inf
1082,0,5,2:516:436:13:10:0.3361;7:632:324:222:178:0.9195;7:848:402:51:64:0.1247;7:900:390:59:85:0.3934;7:958:256:321:279:0.8594,3,51:7:958:256:321:279;54:7:632:324:222:178;59:2:516:436:13:10,-1,NONE,inf
1083,0,5,0:44:312:22:26:0.1054;0:982:447:25:48:0.1131;7:636:321:227:184:0.9319;7:907:391:52:87:0.3744;7:963:246:316:292:0.7359,3,51:7:963:246:316:292;54:7:636:321:227:184;60:7:907:391:52:87,-1,NONE,inf
1084,0,5,2:522:436:14:10:0.2580;7:638:318:244:189:0.9328;7:862:403:50:68:0.1180;7:913:392:46:85:0.6143;7:983:248:296:294:0.8083,4,51:7:983:248:296:294;54:7:638:318:244:189;59:2:522:436:14:10;60:7:913:392:46:85,-1,NONE,inf
1085,0,4,2:524:436:14:10:0.4222;7:642:315:244:193:0.9409;7:921:388:78:89:0.4231;7:990:250:289:298:0.8313,4,51:7:990:250:289:298;54:7:642:315:244:193;59:2:524:436:14:10;60:7:921:388:78:89,-1,NONE,inf
1086,0,3,0:1012:448:34:52:0.1027;7:644:314:250:197:0.9362;7:929:253:350:296:0.4465,2,51:7:929:253:350:296;54:7:644:314:250:197,-1,NONE,inf
1087,0,4,0:1029:452:29:46:0.1520;7:650:312:257:200:0.9572;7:933:392:26:92:0.2503;7:1015:257:264:297:0.7097,3,51:7:1015:257:264:297;54:7:650:312:257:200;60:7:933:392:26:92,-1,NONE,inf
1088,0,4,0:1041:452:29:50:0.1598;7:654:309:265:204:0.9541;7:937:388:85:93:0.1474;7:1021:261:258:273:0.6507,3,51:7:1021:261:258:273;54:7:654:309:265:204;60:7:937:388:85:93,-1,NONE,inf
1089,0,4,0:1055:453:29:49:0.2145;2:534:436:13:10:0.2627;7:657:303:277:214:0.9251;7:1047:262:232:270:0.6825,3,51:7:1047:262:232:270;54:7:657:303:277:214;59:2:534:436:13:10,-1,NONE,inf
1090,0,3,7:659:300:290:216:0.9532;7:954:383:107:108:0.1908;7:1044:265:235:259:0.7163,2,51:7:1044:265:235:259;54:7:659:300:290:216,-1,NONE,inf
1091,0,2,7:660:296:296:223:0.9391;7:1054:268:225:257:0.7700,2,51:7:1054:268:225:257;54:7:660:296:296:223,-1,NONE,inf
1092,0,5,2:511:452:21:11:0.2520;2:538:436:13:10:0.2754;7:662:291:297:226:0.9406;7:974:421:104:70:0.1352;7:1065:268:214:260:0.7482,3,51:7:1065:268:214:260;54:7:662:291:297:226;59:2:538:436:13:10,-1,NONE,inf
1093,0,4,2:538:435:13:10:0.2996;2:940:470:37:27:0.1392;7:665:286:294:232:0.9482;7:1077:270:202:255:0.7564,3,51:7:1077:270:202:255;54:7:665:286:294:232;59:2:538:435:13:10,-1,NONE,inf
1094,0,5,2:538:435:13:10:0.2953;2:561:413:48:37:0.1038;2:952:474:39:26:0.1337;7:667:280:292:236:0.9483;7:1086:271:193:250:0.8085,3,51:7:1086:271:193:250;54:7:667:280:292:236;59:2:538:435:13:10,-1,NONE,inf
1095,0,3,2:967:474:37:26:0.2009;7:667:276:292:247:0.9372;7:1090:272:189:253:0.7507,2,51:7:1090:272:189:253;54:7:667:276:292:247,-1,NONE,inf
1096,0,5,2:512:451:18:12:0.2259;2:980:478:42:24:0.1235;7:668:274:291:247:0.9375;7:1028:422:62:60:0.1032;7:1109:272:170:255:0.7553,2,51:7:1109:272:170:255;54:7:668:274:291:247,-1,NONE,inf
1097,0,2,7:668:274:291:247:0.9056;7:1124:271:155:256:0.7103,2,51:7:1124:271:155:256;54:7:668:274:291:247,-1,NONE,inf
1098,0,3,7:667:274:292:249:0.9394;7:838:426:221:103:0.1389;7:1127:273:152:259:0.5918,2,51:7:1127:273:152:259;54:7:667:274:292:249,-1,NONE,inf
1099,0,3,2:540:435:12:10:0.3118;7:670:274:289:249:0.8803;7:1133:275:146:248:0.5014,3,51:7:1133:275:146:248;54:7:670:274:289:249;59:2:540:435:12:10,-1,NONE,inf
1100,0,3,2:1049:477:51:40:0.3396;7:672:274:287:253:0.8995;7:1119:277:160:251:0.4770,2,51:7:1119:277:160:251;54:7:672:274:287:253,-1,NONE,inf
1101,0,3,2:474:423:56:45:0.1111;7:672:274:287:253:0.9154;7:1160:276:119:265:0.2987,2,51:7:1160:276:119:265;54:7:672:274:287:253,-1,NONE,inf
1102,0,3,2:498:436:33:33:0.1223;7:675:274:284:255:0.8888;7:1150:328:129:201:0.3828,2,51:7:1150:328:129:201;54:7:675:274:284:255,-1,NONE,inf
1103,0,2,7:672:274:287:257:0.9310;7:1192:352:87:173:0.3151,2,51:7:1192:352:87:173;54:7:672:274:287:257,-1,NONE,inf
1104,0,3,2:538:437:14:10:0.3927;7:677:274:282:256:0.8471;7:1239:355:40:161:0.2241,3,51:7:1239:355:40:161;54:7:677:274:282:256;59:2:538:437:14:10,-1,NONE,inf
1105,0,2,2:538:437:14:10:0.4385;7:678:274:281:256:0.8580,2,54:7:678:274:281:256;59:2:538:437:14:10,-1,NONE,inf
1106,0,2,2:537:437:14:11:0.3379;7:677:274:282:255:0.8781,2,54:7:677:274:282:255;59:2:537:437:14:11,-1,NONE,inf
1107,0,2,2:537:437:14:11:0.3991;7:681:274:278:255:0.7089,2,54:7:681:274:278:255;59:2:537:437:14:11,-1,NONE,inf
1108,0,2,2:536:437:15:11:0.3817;7:682:274:277:256:0.9115,2,54:7:682:274:277:256;59:2:536:437:15:11,-1,NONE,inf
1109,0,2,2:536:437:15:10:0.3304;7:688:127:591:462:0.9073,2,54:7:688:127:591:462;59:2:536:437:15:10,-1,NONE,inf
1110,0,3,2:536:438:15:10:0.3875;2:1071:482:208:121:0.1825;7:682:275:277:256:0.9306,2,54:7:682:275:277:256;59:2:536:438:15:10,-1,NONE,inf
1111,0,2,2:535:437:16:11:0.4178;7:681:274:278:256:0.8564,2,54:7:681:274:278:256;59:2:535:437:16:11,-1,NONE,inf
1112,0,3,2:535:438:15:11:0.2211;2:1171:487:108:125:0.2876;7:684:275:275:255:0.9232,2,54:7:684:275:275:255;59:2:535:438:15:11,-1,NONE,inf
1113,0,1,7:685:274:274:256:0.8866,1,54:7:685:274:274:256,-1,NONE,inf
1114,0,2,2:534:438:12:10:0.2240;7:685:275:274:255:0.8813,1,54:7:685:275:274:255,-1,NONE,inf
1115,0,1,7:687:275:272:254:0.8808,1,54:7:687:275:272:254,-1,NONE,inf
1116,0,1,7:694:6:584:644:0.9136,1,54:7:694:6:584:644,-1,NONE,inf
1117,0,3,0:29:298:21:54:0.1093;2:479:436:40:31:0.2249;7:692:4:587:647:0.9260,1,54:7:692:4:587:647,-1,NONE,inf
1118,0,2,2:534:439:13:10:0.2686;7:692:274:267:255:0.8451,2,54:7:692:274:267:255;59:2:534:439:13:10,-1,NONE,inf
1119,0,2,2:534:439:13:10:0.2104;7:693:274:266:255:0.7827,2,54:7:693:274:266:255;59:2:534:439:13:10,-1,NONE,inf
1120,0,1,7:697:8:582:655:0.8707,1,54:7:697:8:582:655,-1,NONE,inf
1121,0,2,2:533:439:13:10:0.2244;7:696:0:583:666:0.8480,1,54:7:696:0:583:666,-1,NONE,inf
1122,0,1,7:701:2:578:667:0.8377,1,54:7:701:2:578:667,-1,NONE,inf
1123,0,1,7:707:7:571:647:0.8562,1,54:7:707:7:571:647,-1,NONE,inf
1124,0,1,7:704:274:255:256:0.8356,1,54:7:704:274:255:256,-1,NONE,inf
1125,0,1,7:707:275:252:256:0.8481,1,54:7:707:275:252:256,-1,NONE,inf
1126,0,1,7:711:4:568:656:0.8323,1,54:7:711:4:568:656,-1,NONE,inf
1127,0,1,7:712:274:247:256:0.8071,1,54:7:712:274:247:256,-1,NONE,inf
1128,0,1,7:716:274:243:255:0.8088,1,54:7:716:274:243:255,-1,NONE,inf
1129,0,2,0:10:294:25:60:0.1201;7:719:274:240:256:0.9240,1,54:7:719:274:240:256,-1,NONE,inf
1130,0,1,7:722:275:237:255:0.9159,1,54:7:722:275:237:255,-1,NONE,inf
1131,0,1,7:726:275:233:255:0.9129,1,54:7:726:275:233:255,-1,NONE,inf
1132,0,2,1:739:449:33:58:0.1198;7:729:275:230:254:0.8587,1,54:7:729:275:230:254,-1,NONE,inf
1133,0,2,0:7:293:23:58:0.1220;7:734:275:225:254:0.8535,1,54:7:734:275:225:254,-1,NONE,inf
1134,0,1,7:736:275:223:254:0.8607,1,54:7:736:275:223:254,-1,NONE,inf
1135,0,1,7:739:275:220:255:0.6999,1,54:7:739:275:220:255,-1,NONE,inf
1136,0,2,2:404:466:28:11:0.2589;7:742:3:537:591:0.7746,1,54:7:742:3:537:591,-1,NONE,inf
1137,0,2,2:403:467:26:10:0.2708;7:744:11:534:591:0.8338,1,54:7:744:11:534:591,-1,NONE,inf
1138,0,1,7:747:11:532:616:0.8802,1,54:7:747:11:532:616,-1,NONE,inf
1139,0,1,7:744:274:215:256:0.7945,1,54:7:744:274:215:256,-1,NONE,inf
1140,0,1,7:749:274:210:255:0.8837,1,54:7:749:274:210:255,-1,NONE,inf
1141,0,1,7:752:274:207:255:0.8820,1,54:7:752:274:207:255,-1,NONE,inf
1142,0,1,7:755:274:204:255:0.8971,1,54:7:755:274:204:255,-1,NONE,inf
1143,0,2,2:758:428:45:62:0.5871;7:772:274:187:256:0.9105,1,54:7:772:274:187:256,-1,NONE,inf
1144,0,2,2:375:467:26:14:0.2016;7:765:274:194:256:0.9031,1,54:7:765:274:194:256,-1,NONE,inf
1145,0,2,2:331:425:103:61:0.1283;7:751:11:528:653:0.9274,1,54:7:751:11:528:653,-1,NONE,inf
1146,0,2,2:765:423:57:71:0.6190;7:804:274:155:258:0.8949,1,54:7:804:274:155:258,-1,NONE,inf
1147,0,3,2:460:460:27:20:0.4224;2:767:421:62:74:0.6373;7:816:274:143:257:0.8731,1,54:7:816:274:143:257,-1,NONE,inf
1148,0,3,2:460:460:25:21:0.5044;2:770:418:68:79:0.6639;7:825:274:134:257:0.8596,2,54:7:825:274:134:257;61:2:770:418:68:79,-1,NONE,inf
1149,0,3,2:460:459:25:22:0.3907;2:774:418:81:81:0.6274;7:837:274:122:257:0.7738,3,54:7:837:274:122:257;61:2:774:418:81:81;62:2:460:459:25:22,-1,NONE,inf
1150,0,2,2:777:418:91:81:0.6304;7:848:274:111:256:0.7932,2,54:7:848:274:111:256;61:2:777:418:91:81,-1,NONE,inf
1151,0,4,2:368:471:48:20:0.2017;2:450:461:32:20:0.3387;2:780:420:101:80:0.6027;7:861:274:98:257:0.8930,3,54:7:861:274:98:257;61:2:780:420:101:80;62:2:450:461:32:20,-1,NONE,inf
1152,0,3,2:362:471:52:21:0.3198;2:784:415:112:85:0.6960;7:874:93:405:574:0.9000,2,54:7:874:93:405:574;61:2:784:415:112:85,-1,NONE,inf
1153,0,2,2:786:420:125:82:0.6541;7:891:63:388:593:0.8861,2,54:7:891:63:388:593;61:2:786:420:125:82,-1,NONE,inf
1154,0,3,2:346:473:62:23:0.2525;2:789:419:137:85:0.7106;7:905:48:374:614:0.9026,3,54:7:905:48:374:614;61:2:789:419:137:85;62:2:346:473:62:23,-1,NONE,inf
1155,0,2,2:793:418:143:88:0.7397;7:924:14:355:644:0.8859,2,54:7:924:14:355:644;61:2:793:418:143:88,-1,NONE,inf
1156,0,3,2:796:418:148:90:0.8253;7:866:391:93:84:0.3251;7:949:0:330:654:0.8642,2,54:7:949:0:330:654;61:2:796:418:148:90,-1,NONE,inf
1157,0,3,2:800:417:152:93:0.6805;7:868:391:91:93:0.5367;7:968:4:311:656:0.9010,2,54:7:968:4:311:656;61:2:800:417:152:93,-1,NONE,inf
1158,0,3,2:803:417:156:94:0.6515;7:880:390:136:107:0.1980;7:996:4:283:657:0.7155,2,54:7:996:4:283:657;61:2:803:417:156:94,-1,NONE,inf
1159,0,3,2:807:419:152:95:0.5515;7:882:390:152:101:0.3380;7:1025:3:254:661:0.8586,3,54:7:1025:3:254:661;61:2:807:419:152:95;63:7:882:390:152:101,-1,NONE,inf
1160,0,4,2:810:418:149:97:0.8120;7:0:328:292:183:0.1321;7:883:391:186:100:0.2871;7:1061:4:218:662:0.8320,3,54:7:1061:4:218:662;61:2:810:418:149:97;63:7:883:391:186:100,-1,NONE,inf
1161,0,3,2:816:417:174:101:0.6633;7:889:389:231:105:0.2184;7:1101:7:178:655:0.5772,3,54:7:1101:7:178:655;61:2:816:417:174:101;63:7:889:389:231:105,-1,NONE,inf
1162,0,3,2:819:398:140:121:0.7157;7:886:390:287:112:0.3445;7:1144:6:135:654:0.4816,3,54:7:1144:6:135:654;61:2:819:398:140:121;63:7:886:390:287:112,-1,NONE,inf
1163,0,3,2:825:415:186:107:0.7574;5:892:387:345:110:0.1316;5:1208:18:71:644:0.1279,3,54:5:1208:18:71:644;61:2:825:415:186:107;63:5:892:387:345:110,-1,NONE,inf
1164,0,1,2:830:415:192:110:0.6746,1,61:2:830:415:192:110,-1,NONE,inf
1165,0,1,2:833:414:200:115:0.7685,1,61:2:833:414:200:115,-1,NONE,inf
1166,0,2,2:406:474:50:26:0.1467;2:839:414:202:116:0.7348,1,61:2:839:414:202:116,-1,NONE,inf
1167,0,1,2:844:413:209:118:0.6482,1,61:2:844:413:209:118,-1,NONE,inf
1168,0,1,7:849:393:110:137:0.4649,1,61:7:849:393:110:137,-1,NONE,inf
1169,0,2,2:122:438:295:166:0.1119;7:854:394:105:138:0.7043,1,61:7:854:394:105:138,-1,NONE,inf
1170,0,1,2:860:411:239:128:0.6378,1,61:2:860:411:239:128,-1,NONE,inf
1171,0,1,2:865:410:246:130:0.7835,1,61:2:865:410:246:130,-1,NONE,inf
1172,0,1,2:872:409:258:136:0.8455,1,61:2:872:409:258:136,-1,NONE,inf
1173,0,2,2:878:407:269:142:0.8481;5:894:382:385:129:0.3541,2,61:2:878:407:269:142;63:5:894:382:385:129,-1,NONE,inf
1174,0,3,2:64:414:36:33:0.1575;2:886:406:281:148:0.8613;5:895:381:384:125:0.5808,2,61:2:886:406:281:148;63:5:895:381:384:125,-1,NONE,inf
1175,0,2,2:893:405:293:151:0.8389;7:909:382:124:88:0.1139,2,61:2:893:405:293:151;63:7:909:382:124:88,-1,NONE,inf
1176,0,2,2:897:402:313:158:0.8028;5:912:381:367:114:0.3085,1,61:2:897:402:313:158,-1,NONE,inf
1177,0,1,2:905:397:329:166:0.8196,1,61:2:905:397:329:166,-1,NONE,inf
1178,0,3,2:912:396:351:171:0.8358;7:0:300:130:141:0.3882;7:924:376:263:105:0.1305,1,61:2:912:396:351:171,-1,NONE,inf
1179,0,1,2:924:390:355:187:0.8305,1,61:2:924:390:355:187,-1,NONE,inf
1180,0,1,2:933:385:346:195:0.8664,1,61:2:933:385:346:195,-1,NONE,inf
1181,0,1,2:946:387:333:191:0.8496,1,61:2:946:387:333:191,-1,NONE,inf
1182,0,2,2:955:389:324:200:0.8642;7:0:284:80:186:0.1562,1,61:2:955:389:324:200,-1,NONE,inf
1183,0,2,2:965:389:314:208:0.8210;7:952:375:282:115:0.1081,1,61:2:965:389:314:208,-1,NONE,inf
1184,0,3,0:0:276:56:171:0.1028;2:977:389:302:216:0.7799;7:957:374:307:117:0.2564,1,61:2:977:389:302:216,-1,NONE,inf
1185,0,3,0:0:274:40:176:0.5072;2:986:389:293:225:0.8514;7:957:372:318:121:0.3385,1,61:2:986:389:293:225,-1,NONE,inf
1186,0,3,0:0:277:25:144:0.1575;2:1004:389:275:225:0.8656;7:961:370:318:123:0.3739,1,61:2:1004:389:275:225,-1,NONE,inf
1187,0,2,2:1017:390:262:207:0.8012;7:968:369:310:125:0.4712,2,61:2:1017:390:262:207;64:7:968:369:310:125,-1,NONE,inf
1188,0,2,2:1034:395:245:191:0.7296;7:972:369:306:124:0.7301,2,61:2:1034:395:245:191;64:7:972:369:306:124,-1,NONE,inf
1189,0,2,2:1048:406:231:189:0.7666;7:977:369:302:129:0.8392,2,61:2:1048:406:231:189;64:7:977:369:302:129,-1,NONE,inf
1190,0,2,2:1066:423:213:172:0.8364;7:982:368:297:130:0.8126,2,61:2:1066:423:213:172;64:7:982:368:297:130,-1,NONE,inf
1191,0,2,2:1085:432:194:170:0.8211;7:985:367:294:131:0.8665,2,61:2:1085:432:194:170;64:7:985:367:294:131,-1,NONE,inf
1192,0,2,2:1105:451:174:160:0.8196;7:992:366:287:133:0.8579,2,61:2:1105:451:174:160;64:7:992:366:287:133,-1,NONE,inf
1193,0,2,2:1128:468:151:143:0.8744;7:998:366:281:136:0.8753,2,61:2:1128:468:151:143;64:7:998:366:281:136,-1,NONE,inf
1194,0,2,2:1151:490:128:127:0.7893;7:1000:364:279:140:0.8376,2,61:2:1151:490:128:127;64:7:1000:364:279:140,-1,NONE,inf
1195,0,2,2:1180:495:99:127:0.7079;7:1007:362:272:142:0.8606,2,61:2:1180:495:99:127;64:7:1007:362:272:142,-1,NONE,inf
1196,0,2,2:1209:503:70:117:0.6795;7:1015:362:264:144:0.7198,2,61:2:1209:503:70:117;64:7:1015:362:264:144,-1,NONE,inf
1197,0,2,2:1245:510:34:88:0.7297;7:1021:358:258:149:0.8568,2,61:2:1245:510:34:88;64:7:1021:358:258:149,-1,NONE,inf
1198,0,1,7:1025:356:254:151:0.7896,1,64:7:1025:356:254:151,-1,NONE,inf
1199,0,1,7:1030:354:249:153:0.8637,1,64:7:1030:354:249:153,-1,NONE,inf
1200,0,1,7:1036:353:243:153:0.8542,1,64:7:1036:353:243:153,-1,NONE,inf
1201,0,1,7:1041:352:238:154:0.6951,1,64:7:1041:352:238:154,-1,NONE,inf
1202,0,1,7:1048:350:231:155:0.6583,1,64:7:1048:350:231:155,-1,NONE,inf
1203,0,1,7:1058:346:221:160:0.7963,1,64:7:1058:346:221:160,-1,NONE,inf
1204,0,2,5:1064:346:215:161:0.6413;7:0:363:181:104:0.1168,1,64:5:1064:346:215:161,-1,NONE,inf
1205,0,2,7:0:364:151:101:0.1160;7:1072:345:207:160:0.6344,1,64:7:1072:345:207:160,-1,NONE,inf
1206,0,3,2:520:439:12:10:0.2284;7:1:373:81:84:0.1046;7:1079:341:200:168:0.6933,1,64:7:1079:341:200:168,-1,NONE,inf
1207,0,2,2:519:439:12:10:0.2501;5:1088:341:190:164:0.7023,1,64:5:1088:341:190:164,-1,NONE,inf
1208,0,3,2:519:439:13:10:0.2868;5:1095:337:184:174:0.7964;7:0:368:119:95:0.1040,1,64:5:1095:337:184:174,-1,NONE,inf
1209,0,2,2:519:439:11:10:0.2249;5:1105:336:174:175:0.8111,1,64:5:1105:336:174:175,-1,NONE,inf
1210,0,1,5:1114:335:165:179:0.8623,1,64:5:1114:335:165:179,-1,NONE,inf
1211,0,1,5:1125:333:154:183:0.8113,1,64:5:1125:333:154:183,-1,NONE,inf
1212,0,2,2:518:439:13:10:0.2535;5:1134:332:145:186:0.8165,1,64:5:1134:332:145:186,-1,NONE,inf
1213,0,1,5:1144:324:135:192:0.8084,1,64:5:1144:324:135:192,-1,NONE,inf
1214,0,2,2:517:439:13:10:0.2158;5:1154:326:125:188:0.7641,1,64:5:1154:326:125:188,-1,NONE,inf
1215,0,1,5:1166:326:113:190:0.8094,1,64:5:1166:326:113:190,-1,NONE,inf
1216,0,1,5:1179:320:100:196:0.8334,1,64:5:1179:320:100:196,-1,NONE,inf
1217,0,1,5:1188:327:91:189:0.5618,1,64:5:1188:327:91:189,-1,NONE,inf
1218,0,1,7:1203:330:76:186:0.6548,1,64:7:1203:330:76:186,-1,NONE,inf
1219,0,2,2:0:542:53:51:0.2837;7:1215:341:64:175:0.3453,1,64:7:1215:341:64:175,-1,NONE,inf
1220,0,1,7:1231:344:48:174:0.2493,1,64:7:1231:344:48:174,-1,NONE,inf
1221,0,0,,0,,-1,NONE,inf
1222,0,0,,0,,-1,NONE,inf
1223,0,0,,0,,-1,NONE,inf
1224,0,0,,0,,-1,NONE,inf
1225,0,0,,0,,-1,NONE,inf
1226,0,0,,0,,-1,NONE,inf
1227,0,0,,0,,-1,NONE,inf
1228,0,0,,0,,-1,NONE,inf
1229,0,1,2:30:446:40:25:0.1033,0,,-1,NONE,inf
1230,0,1,2:1:444:60:27:0.1649,0,,-1,NONE,inf
1231,0,1,2:0:443:53:30:0.2392,0,,-1,NONE,inf
1232,0,0,,0,,-1,NONE,inf
1233,0,0,,0,,-1,NONE,inf
1234,0,0,,0,,-1,NONE,inf
1235,0,0,,0,,-1,NONE,inf
1236,0,0,,0,,-1,NONE,inf
1237,0,0,,0,,-1,NONE,inf
1238,0,1,2:521:444:14:10:0.3223,0,,-1,NONE,inf
1239,0,0,,0,,-1,NONE,inf
1240,0,1,2:522:445:13:10:0.3075,0,,-1,NONE,inf
1241,0,0,,0,,-1,NONE,inf
1242,0,0,,0,,-1,NONE,inf
1243,0,0,,0,,-1,NONE,inf
1244,0,0,,0,,-1,NONE,inf
1245,0,0,,0,,-1,NONE,inf
1246,0,0,,0,,-1,NONE,inf
1247,0,0,,0,,-1,NONE,inf
1248,0,0,,0,,-1,NONE,inf
1249,0,0,,0,,-1,NONE,inf
1250,0,1,2:530:442:13:10:0.2335,0,,-1,NONE,inf
1251,0,0,,0,,-1,NONE,inf
1252,0,0,,0,,-1,NONE,inf
