frame,sceneChanged,numDetections,detections,numTracks,tracks,activeLeadId,riskLevel,ttc
1,0,5,2:254:452:65:31:0.6187;2:380:452:35:21:0.5928;2:563:447:40:31:0.7622;7:433:451:20:16:0.3774;7:604:418:47:53:0.5176,0,,-1,NONE,inf
2,0,5,2:227:453:74:31:0.4570;2:370:452:37:22:0.5737;2:427:452:25:16:0.4092;2:563:447:40:31:0.7505;7:600:418:51:54:0.6387,0,,-1,NONE,inf
3,0,5,2:202:453:79:33:0.4902;2:359:451:40:23:0.6353;2:421:452:25:17:0.3904;2:563:447:39:31:0.7720;7:604:418:48:53:0.6187,5,1:2:563:447:39:31;2:7:604:418:48:53;3:2:359:451:40:23;4:2:202:453:79:33;5:2:421:452:25:17,-1,NONE,inf
4,0,5,2:163:467:48:22:0.1666;2:347:450:44:24:0.7007;2:415:452:23:17:0.4148;2:563:447:39:31:0.7646;7:608:418:42:51:0.6372,5,1:2:563:447:39:31;2:7:608:418:42:51;3:2:347:450:44:24;4:2:163:467:48:22;5:2:415:452:23:17,-1,NONE,inf
5,0,5,2:128:452:101:40:0.7983;2:333:450:50:25:0.5195;2:409:452:28:16:0.3611;2:563:447:39:31:0.7563;7:608:418:43:51:0.6602,5,1:2:563:447:39:31;2:7:608:418:43:51;3:2:333:450:50:25;4:2:128:452:101:40;5:2:409:452:28:16,-1,NONE,inf
6,0,5,2:80:452:121:45:0.7920;2:321:450:46:25:0.5527;2:401:450:29:18:0.3345;2:563:446:40:32:0.7720;7:608:418:43:51:0.6655,5,1:2:563:446:40:32;2:7:608:418:43:51;3:2:321:450:46:25;4:2:80:452:121:45;5:2:401:450:29:18,-1,NONE,inf
7,0,7,2:18:449:142:51:0.8032;2:303:451:56:28:0.5796;2:355:449:42:23:0.1192;2:394:451:29:19:0.4727;2:412:453:13:18:0.2295;2:563:446:39:32:0.7930;7:609:418:43:51:0.6167,5,1:2:563:446:39:32;2:7:609:418:43:51;3:2:303:451:56:28;4:2:18:449:142:51;5:2:394:451:29:19,-1,NONE,inf
8,0,6,2:0:449:119:57:0.8311;2:283:450:56:31:0.5830;2:385:451:32:20:0.4961;2:563:446:39:32:0.7852;7:337:454:21:21:0.2018;7:609:417:43:51:0.6440,5,1:2:563:446:39:32;2:7:609:417:43:51;3:2:283:450:56:31;4:2:0:449:119:57;5:2:385:451:32:20,-1,NONE,inf
9,0,6,2:0:450:62:54:0.4961;2:261:450:55:32:0.5449;2:376:451:33:20:0.5117;2:563:446:39:32:0.7744;7:322:454:28:20:0.3667;7:609:416:44:53:0.6895,5,1:2:563:446:39:32;2:7:609:416:44:53;3:2:261:450:55:32;4:2:0:450:62:54;5:2:376:451:33:20,-1,NONE,inf
10,0,6,2:275:458:31:26:0.1339;2:303:453:33:24:0.2598;2:320:454:19:20:0.4016;2:365:451:36:21:0.4514;2:563:446:39:32:0.7549;7:609:416:44:52:0.7646,4,1:2:563:446:39:32;2:7:609:416:44:52;3:2:303:453:33:24;5:2:365:451:36:21,-1,NONE,inf
11,0,5,2:207:449:78:37:0.6978;2:284:451:45:28:0.5640;2:353:450:39:23:0.5449;2:563:446:39:32:0.7734;7:609:415:44:53:0.7622,4,1:2:563:446:39:32;2:7:609:415:44:53;3:2:284:451:45:28;5:2:353:450:39:23,-1,NONE,inf
12,0,5,2:170:448:89:42:0.8018;2:268:452:50:28:0.6636;2:340:450:41:26:0.5601;2:563:446:39:32:0.7773;7:609:415:45:53:0.7676,4,1:2:563:446:39:32;2:7:609:415:45:53;3:2:268:452:50:28;5:2:340:450:41:26,-1,NONE,inf
13,0,6,2:127:448:101:47:0.8481;2:253:454:50:28:0.5234;2:295:450:38:28:0.1144;2:324:451:48:28:0.4871;2:563:446:39:32:0.7705;7:610:415:44:54:0.7549,5,1:2:563:446:39:32;2:7:610:415:44:54;3:2:253:454:50:28;5:2:324:451:48:28;6:2:127:448:101:47,-1,NONE,inf
14,0,5,2:72:448:122:52:0.8760;2:233:456:56:26:0.6318;2:308:449:51:31:0.5776;2:563:446:39:32:0.7944;7:610:414:45:55:0.7607,5,1:2:563:446:39:32;2:7:610:414:45:55;3:2:233:456:56:26;5:2:308:449:51:31;6:2:72:448:122:52,-1,NONE,inf
15,0,5,2:3:447:147:55:0.8784;2:211:454:61:30:0.6909;2:290:450:53:32:0.5508;2:563:446:39:32:0.7720;7:610:414:46:55:0.7944,5,1:2:563:446:39:32;2:7:610:414:46:55;3:2:211:454:61:30;5:2:290:450:53:32;6:2:3:447:147:55,-1,NONE,inf
16,0,5,2:0:446:97:65:0.7822;2:188:454:61:30:0.7563;2:269:450:61:33:0.7339;2:563:446:39:32:0.7705;7:610:414:47:55:0.7549,5,1:2:563:446:39:32;2:7:610:414:47:55;3:2:188:454:61:30;5:2:269:450:61:33;6:2:0:446:97:65,-1,NONE,inf
17,0,5,2:0:444:29:67:0.3794;2:159:454:73:32:0.6704;2:242:452:66:32:0.4844;2:562:447:41:29:0.7788;7:611:414:47:56:0.7646,5,1:2:562:447:41:29;2:7:611:414:47:56;3:2:159:454:73:32;5:2:242:452:66:32;6:2:0:444:29:67,1,SAFE,inf
18,0,4,2:127:455:81:33:0.8501;2:213:451:74:35:0.5298;2:562:447:40:29:0.7891;7:611:413:47:56:0.7056,4,1:2:562:447:40:29;2:7:611:413:47:56;3:2:127:455:81:33;5:2:213:451:74:35,1,SAFE,inf
19,0,5,2:90:454:89:35:0.6875;2:175:448:89:43:0.6479;2:521:447:10:11:0.2006;2:562:447:40:29:0.7788;7:611:413:48:56:0.6992,4,1:2:562:447:40:29;2:7:611:413:48:56;3:2:90:454:89:35;5:2:175:448:89:43,1,SAFE,inf
20,0,5,2:47:453:99:42:0.8716;2:139:448:96:45:0.8223;2:520:447:11:11:0.2466;2:563:446:39:31:0.7891;7:611:412:48:57:0.6875,4,1:2:563:446:39:31;2:7:611:412:48:57;3:2:47:453:99:42;5:2:139:448:96:45,1,SAFE,inf
21,0,5,2:1:453:95:43:0.4495;2:91:447:108:48:0.3970;2:563:446:39:31:0.7812;2:1133:469:32:18:0.1268;7:612:411:48:58:0.7266,4,1:2:563:446:39:31;2:7:612:411:48:58;3:2:1:453:95:43;5:2:91:447:108:48,1,SAFE,inf
22,0,6,2:0:449:54:53:0.2081;2:475:451:16:10:0.3381;2:520:447:11:11:0.2673;2:563:446:39:31:0.7891;2:1187:471:37:20:0.1326;7:612:411:49:58:0.6943,3,1:2:563:446:39:31;2:7:612:411:49:58;3:2:0:449:54:53,1,SAFE,inf
23,0,4,2:0:445:99:64:0.7891;2:519:445:12:13:0.2366;2:563:446:39:31:0.7866;7:612:410:50:59:0.4863,3,1:2:563:446:39:31;2:7:612:410:50:59;3:2:0:445:99:64,1,SAFE,inf
24,0,4,2:469:451:18:10:0.3523;2:518:446:12:12:0.2281;2:562:446:40:31:0.8066;7:613:410:49:59:0.4092,2,1:2:562:446:40:31;2:7:613:410:49:59,1,SAFE,inf
25,0,4,2:467:450:17:11:0.3381;2:518:446:12:12:0.2056;2:562:446:40:30:0.8115;7:613:410:50:59:0.4785,2,1:2:562:446:40:30;2:7:613:410:50:59,1,SAFE,inf
26,0,3,2:463:450:19:11:0.4514;2:562:445:40:31:0.7920;7:592:410:72:60:0.3469,3,1:2:562:445:40:31;2:7:592:410:72:60;7:2:463:450:19:11,1,SAFE,inf
27,0,3,2:460:449:19:12:0.3960;2:562:444:40:32:0.7891;7:613:408:51:61:0.5254,3,1:2:562:444:40:32;2:7:613:408:51:61;7:2:460:449:19:12,1,SAFE,inf
28,0,3,2:457:449:21:12:0.4417;2:562:444:40:32:0.8066;7:613:408:52:61:0.5776,3,1:2:562:444:40:32;2:7:613:408:52:61;7:2:457:449:21:12,1,SAFE,30.107
29,0,3,2:454:450:19:11:0.3811;2:562:445:40:31:0.8081;7:614:408:52:62:0.6738,3,1:2:562:445:40:31;2:7:614:408:52:62;7:2:454:450:19:11,1,SAFE,14.634
30,0,3,2:449:450:21:12:0.3157;2:562:445:40:31:0.8188;7:614:407:53:63:0.7324,3,1:2:562:445:40:31;2:7:614:407:53:63;7:2:449:450:21:12,1,SAFE,9.359
31,0,3,2:446:449:21:14:0.4902;2:562:445:40:31:0.8081;7:614:407:54:64:0.7505,3,1:2:562:445:40:31;2:7:614:407:54:64;7:2:446:449:21:14,1,SAFE,6.722
32,0,3,2:442:449:23:14:0.4282;2:562:445:40:31:0.8164;7:614:407:54:64:0.6909,3,1:2:562:445:40:31;2:7:614:407:54:64;7:2:442:449:23:14,1,SAFE,9.108
33,0,3,2:437:450:25:14:0.4844;2:562:445:40:31:0.8223;7:615:406:55:65:0.7637,3,1:2:562:445:40:31;2:7:615:406:55:65;7:2:437:450:25:14,1,SAFE,15.705
34,0,5,2:433:450:25:14:0.4961;2:512:445:12:14:0.2134;2:528:446:11:11:0.2161;2:562:445:40:31:0.8267;7:615:406:55:65:0.7231,3,1:2:562:445:40:31;2:7:615:406:55:65;7:2:433:450:25:14,1,SAFE,inf
35,0,3,2:428:450:24:15:0.4824;2:562:445:40:31:0.8345;7:615:406:56:65:0.7373,3,1:2:562:445:40:31;2:7:615:406:56:65;7:2:428:450:24:15,1,SAFE,inf
36,0,3,2:422:450:27:15:0.5796;2:562:445:40:31:0.8320;7:616:406:56:65:0.7983,3,1:2:562:445:40:31;2:7:616:406:56:65;7:2:422:450:27:15,1,SAFE,inf
37,0,3,2:415:449:31:16:0.4590;2:562:445:40:31:0.8257;7:616:405:57:66:0.8140,3,1:2:562:445:40:31;2:7:616:405:57:66;7:2:415:449:31:16,1,SAFE,inf
38,0,3,2:409:450:31:16:0.4570;2:562:445:40:32:0.8198;7:616:405:57:67:0.7646,3,1:2:562:445:40:32;2:7:616:405:57:67;7:2:409:450:31:16,1,SAFE,47.488
39,0,3,2:402:451:32:15:0.5698;2:561:446:41:31:0.8018;7:617:405:57:67:0.7534,3,1:2:561:446:41:31;2:7:617:405:57:67;7:2:402:451:32:15,1,SAFE,inf
40,0,3,2:396:451:32:16:0.5620;2:562:446:40:31:0.7993;7:617:405:59:68:0.7622,3,1:2:562:446:40:31;2:7:617:405:59:68;7:2:396:451:32:16,1,SAFE,inf
41,0,4,2:388:451:31:17:0.4766;2:409:455:14:12:0.2310;2:561:447:41:29:0.7944;7:617:405:60:69:0.8130,3,1:2:561:447:41:29;2:7:617:405:60:69;7:2:388:451:31:17,1,SAFE,inf
42,0,4,2:379:451:35:17:0.5830;2:562:446:39:32:0.7812;7:506:443:16:16:0.2227;7:618:404:60:71:0.8154,3,1:2:562:446:39:32;2:7:618:404:60:71;7:2:379:451:35:17,1,SAFE,inf
43,0,4,2:368:450:38:19:0.4341;2:394:456:15:12:0.2031;2:561:447:40:30:0.7744;7:618:404:60:71:0.8066,3,1:2:561:447:40:30;2:7:618:404:60:71;7:2:368:450:38:19,1,SAFE,inf
44,0,3,2:360:451:39:19:0.5293;2:562:446:39:32:0.7432;7:619:403:61:72:0.8188,3,1:2:562:446:39:32;2:7:619:403:61:72;7:2:360:451:39:19,1,SAFE,inf
45,0,4,2:347:450:45:22:0.4551;2:561:446:40:31:0.7593;2:598:450:10:14:0.2281;7:619:402:62:73:0.7812,3,1:2:561:446:40:31;2:7:619:402:62:73;7:2:347:450:45:22,1,SAFE,inf
46,0,4,2:335:449:48:23:0.5430;2:562:446:39:31:0.7461;2:598:450:10:14:0.2659;7:620:402:61:73:0.7842,3,1:2:562:446:39:31;2:7:620:402:61:73;7:2:335:449:48:23,1,SAFE,inf
47,0,4,2:321:452:50:23:0.6021;2:562:446:39:32:0.7202;2:598:450:11:13:0.3416;7:620:402:63:73:0.8472,3,1:2:562:446:39:32;2:7:620:402:63:73;7:2:321:452:50:23,1,SAFE,inf
48,0,4,2:320:451:37:23:0.4961;2:561:447:41:29:0.7324;2:597:450:12:13:0.3684;7:621:402:64:73:0.8491,3,1:2:561:447:41:29;2:7:621:402:64:73;7:2:320:451:37:23,1,SAFE,inf
49,0,4,2:320:459:26:17:0.4570;2:562:446:39:32:0.7339;2:597:450:12:13:0.4111;7:622:401:63:74:0.8457,4,1:2:562:446:39:32;2:7:622:401:63:74;7:2:320:459:26:17;8:2:597:450:12:13,1,SAFE,inf
50,0,6,2:264:449:67:30:0.6299;2:523:447:12:12:0.2612;2:562:446:39:32:0.7373;2:597:450:12:12:0.4282;7:498:442:17:18:0.3074;7:622:400:64:76:0.8418,4,1:2:562:446:39:32;2:7:622:400:64:76;7:2:264:449:67:30;8:2:597:450:12:12,1,SAFE,inf
51,0,6,2:240:448:74:34:0.6704;2:521:447:12:12:0.3025;2:561:447:41:30:0.7432;2:597:450:12:12:0.3904;7:498:442:18:18:0.3242;7:622:400:65:76:0.8926,4,1:2:561:447:41:30;2:7:622:400:65:76;7:2:240:448:74:34;8:2:597:450:12:12,1,SAFE,inf
52,0,6,2:211:450:84:34:0.6738;2:521:448:10:11:0.3611;2:561:447:41:30:0.7676;2:597:451:12:11:0.3850;7:497:442:19:19:0.3647;7:623:400:65:77:0.8511,5,1:2:561:447:41:30;2:7:623:400:65:77;7:2:211:450:84:34;8:2:597:451:12:11;9:7:497:442:19:19,1,SAFE,inf
53,0,6,2:177:448:95:39:0.7720;2:520:448:10:11:0.3701;2:561:447:42:30:0.7593;2:597:451:13:12:0.4016;7:496:442:18:18:0.3074;7:623:399:67:79:0.8354,6,1:2:561:447:42:30;2:7:623:399:67:79;7:2:177:448:95:39;8:2:597:451:13:12;9:7:496:442:18:18;10:2:520:448:10:11,1,SAFE,inf
54,0,6,2:136:449:112:41:0.7891;2:520:448:10:11:0.3091;2:561:447:42:30:0.7607;2:597:451:13:11:0.3904;7:496:442:18:18:0.2338;7:624:398:68:80:0.8364,6,1:2:561:447:42:30;2:7:624:398:68:80;7:2:136:449:112:41;8:2:597:451:13:11;9:7:496:442:18:18;10:2:520:448:10:11,1,SAFE,inf
55,0,6,2:87:449:129:44:0.7402;2:520:447:10:12:0.2815;2:561:446:41:31:0.7505;2:597:450:13:12:0.3757;7:494:442:16:18:0.2281;7:624:397:69:81:0.8257,6,1:2:561:446:41:31;2:7:624:397:69:81;7:2:87:449:129:44;8:2:597:450:13:12;9:7:494:442:16:18;10:2:520:447:10:12,1,SAFE,inf
56,0,6,2:24:449:155:50:0.7021;2:519:447:11:13:0.2510;2:561:446:41:31:0.7661;2:598:450:12:12:0.3345;7:494:442:17:18:0.2147;7:625:396:70:81:0.8550,6,1:2:561:446:41:31;2:7:625:396:70:81;7:2:24:449:155:50;8:2:598:450:12:12;9:7:494:442:17:18;10:2:519:447:11:13,1,SAFE,inf
57,0,5,2:0:447:135:52:0.8042;2:561:446:41:31:0.7661;2:597:450:13:12:0.4341;7:492:441:19:19:0.2056;7:625:395:72:83:0.8091,5,1:2:561:446:41:31;2:7:625:395:72:83;7:2:0:447:135:52;8:2:597:450:13:12;9:7:492:441:19:19,1,SAFE,inf
58,0,5,2:0:446:77:55:0.7231;2:561:446:41:30:0.7520;2:597:450:13:11:0.4629;7:490:441:20:19:0.2147;7:625:395:72:83:0.8589,5,1:2:561:446:41:30;2:7:625:395:72:83;7:2:0:446:77:55;8:2:597:450:13:11;9:7:490:441:20:19,1,SAFE,inf
59,0,4,2:561:446:41:30:0.7798;2:597:450:14:11:0.4475;7:490:441:16:19:0.3074;7:626:394:72:83:0.8672,4,1:2:561:446:41:30;2:7:626:394:72:83;8:2:597:450:14:11;9:7:490:441:16:19,1,SAFE,inf
60,0,4,2:562:445:40:31:0.7881;2:597:449:14:12:0.3794;7:489:440:20:20:0.2974;7:626:392:74:85:0.8784,4,1:2:562:445:40:31;2:7:626:392:74:85;8:2:597:449:14:12;9:7:489:440:20:20,1,SAFE,inf
61,0,4,2:562:445:40:31:0.7969;2:597:449:14:12:0.4148;7:488:440:21:19:0.2043;7:627:391:75:86:0.8955,4,1:2:562:445:40:31;2:7:627:391:75:86;8:2:597:449:14:12;9:7:488:440:21:19,1,SAFE,inf
62,0,4,2:562:445:40:30:0.7593;2:598:449:13:13:0.4243;7:486:440:19:19:0.2018;7:627:391:77:86:0.8760,4,1:2:562:445:40:30;2:7:627:391:77:86;8:2:598:449:13:13;9:7:486:440:19:19,1,SAFE,inf
63,0,4,2:563:445:39:30:0.7280;2:597:449:15:13:0.4707;7:485:440:20:21:0.3157;7:628:391:77:87:0.7983,4,1:2:563:445:39:30;2:7:628:391:77:87;8:2:597:449:15:13;9:7:485:440:20:21,1,SAFE,inf
64,0,4,2:564:445:38:31:0.7563;2:597:449:15:13:0.4495;7:483:440:17:21:0.3999;7:628:390:79:88:0.8154,4,1:2:564:445:38:31;2:7:628:390:79:88;8:2:597:449:15:13;9:7:483:440:17:21,1,SAFE,inf
65,0,5,0:515:441:11:19:0.1285;2:564:445:39:31:0.7520;2:597:449:15:13:0.4055;7:482:440:20:20:0.4707;7:628:389:82:90:0.8267,4,1:2:564:445:39:31;2:7:628:389:82:90;8:2:597:449:15:13;9:7:482:440:20:20,1,SAFE,23.744
66,0,5,0:515:442:11:18:0.1101;2:564:445:39:30:0.7676;2:598:449:14:13:0.4187;7:481:439:24:22:0.4785;7:629:388:83:91:0.8481,4,1:2:564:445:39:30;2:7:629:388:83:91;8:2:598:449:14:13;9:7:481:439:24:22,1,SAFE,inf
67,0,4,2:565:445:38:30:0.7578;2:598:450:14:12:0.4321;7:480:440:17:21:0.4092;7:629:387:85:93:0.8457,4,1:2:565:445:38:30;2:7:629:387:85:93;8:2:598:450:14:12;9:7:480:440:17:21,1,SAFE,inf
68,0,4,2:565:445:38:30:0.7622;2:598:450:14:12:0.4263;7:478:439:17:22:0.4036;7:630:387:84:93:0.7905,4,1:2:565:445:38:30;2:7:630:387:84:93;8:2:598:450:14:12;9:7:478:439:17:22,1,SAFE,inf
69,0,4,2:565:446:38:29:0.7607;2:598:450:14:12:0.3398;7:476:439:24:22:0.4534;7:632:386:85:94:0.7959,4,1:2:565:446:38:29;2:7:632:386:85:94;8:2:598:450:14:12;9:7:476:439:24:22,1,SAFE,inf
70,0,4,2:565:445:38:31:0.7690;2:599:450:13:12:0.2673;7:475:439:19:22:0.4243;7:631:385:88:96:0.8154,4,1:2:565:445:38:31;2:7:631:385:88:96;8:2:599:450:13:12;9:7:475:439:19:22,1,SAFE,inf
71,0,4,2:565:445:38:30:0.7744;2:599:450:14:12:0.2878;7:474:439:17:22:0.3867;7:631:384:91:97:0.8472,4,1:2:565:445:38:30;2:7:631:384:91:97;8:2:599:450:14:12;9:7:474:439:17:22,1,SAFE,inf
72,0,4,2:565:446:38:29:0.7705;2:600:450:13:12:0.2394;7:472:439:21:22:0.4902;7:632:383:91:98:0.8740,4,1:2:565:446:38:29;2:7:632:383:91:98;8:2:600:450:13:12;9:7:472:439:21:22,1,SAFE,inf
73,0,4,2:511:443:14:18:0.1147;2:566:445:38:30:0.7734;7:470:439:17:22:0.4282;7:633:382:92:99:0.8311,3,1:2:566:445:38:30;2:7:633:382:92:99;9:7:470:439:17:22,1,SAFE,inf
74,0,5,2:566:445:38:31:0.7759;7:467:438:28:25:0.4302;7:508:442:16:18:0.2422;7:597:425:42:50:0.1561;7:632:381:96:101:0.8633,3,1:2:566:445:38:31;2:7:632:381:96:101;9:7:467:438:28:25,1,SAFE,inf
75,0,5,2:566:445:38:32:0.7812;7:466:438:24:25:0.3831;7:507:443:17:17:0.2629;7:597:425:43:49:0.2095;7:634:380:96:103:0.8540,3,1:2:566:445:38:32;2:7:634:380:96:103;9:7:466:438:24:25,1,SAFE,inf
76,0,5,2:567:445:37:30:0.7905;5:506:442:18:18:0.2910;7:464:439:19:23:0.4111;7:598:424:42:38:0.1848;7:636:379:96:103:0.8174,3,1:2:567:445:37:30;2:7:636:379:96:103;9:7:464:439:19:23,1,SAFE,49.919
77,0,5,2:567:445:38:30:0.7881;7:462:438:20:24:0.2847;7:506:442:16:18:0.2161;7:598:425:43:37:0.2120;7:637:377:99:105:0.7881,3,1:2:567:445:38:30;2:7:637:377:99:105;9:7:462:438:20:24,1,SAFE,inf
78,0,4,2:566:445:39:30:0.8032;2:603:451:11:11:0.2240;7:460:438:19:24:0.3452;7:637:376:101:107:0.7852,3,1:2:566:445:39:30;2:7:637:376:101:107;9:7:460:438:19:24,1,SAFE,inf
79,0,4,2:567:445:38:30:0.8198;2:603:451:11:12:0.2338;7:458:437:20:26:0.3904;7:637:375:104:108:0.8560,3,1:2:567:445:38:30;2:7:637:375:104:108;9:7:458:437:20:26,1,SAFE,inf
80,0,5,2:540:448:13:10:0.2031;2:567:445:38:30:0.8115;2:603:450:12:12:0.2659;7:455:437:35:26:0.4148;7:639:373:105:110:0.8682,4,1:2:567:445:38:30;2:7:639:373:105:110;8:2:603:450:12:12;9:7:455:437:35:26,1,SAFE,40.096
81,0,4,2:567:445:39:30:0.7944;2:603:450:12:12:0.2281;7:452:437:32:26:0.4514;7:639:372:108:111:0.8643,4,1:2:567:445:39:30;2:7:639:372:108:111;8:2:603:450:12:12;9:7:452:437:32:26,1,SAFE,inf
82,0,4,2:567:445:40:32:0.7969;2:603:450:11:12:0.2494;7:449:435:31:29:0.5117;7:640:370:110:115:0.8843,4,1:2:567:445:40:32;2:7:640:370:110:115;8:2:603:450:11:12;9:7:449:435:31:29,1,SAFE,16.679
83,0,6,2:568:445:39:30:0.7646;5:500:440:18:20:0.2942;7:447:436:23:28:0.4863;7:462:434:22:29:0.2783;7:600:424:45:38:0.1097;7:641:369:112:118:0.8662,4,1:2:568:445:39:30;2:7:641:369:112:118;8:7:600:424:45:38;9:7:447:436:23:28,1,SAFE,21.562
84,0,4,2:568:446:40:31:0.7549;5:499:440:16:20:0.2351;7:445:434:38:30:0.6133;7:642:368:112:118:0.8398,3,1:2:568:446:40:31;2:7:642:368:112:118;9:7:445:434:38:30,1,SAFE,35.288
85,0,4,2:568:445:39:32:0.7705;5:498:440:17:20:0.2815;7:442:433:39:32:0.5928;7:643:367:112:120:0.8784,3,1:2:568:445:39:32;2:7:643:367:112:120;9:7:442:433:39:32,1,SAFE,11.897
86,0,4,2:568:446:40:31:0.7461;7:439:433:40:32:0.7231;7:496:440:20:20:0.3123;7:642:366:120:122:0.9126,3,1:2:568:446:40:31;2:7:642:366:120:122;9:7:439:433:40:32,1,SAFE,11.833
87,0,4,2:569:446:39:31:0.7153;7:436:433:41:32:0.7461;7:495:440:20:20:0.3577;7:644:364:122:124:0.9028,3,1:2:569:446:39:31;2:7:644:364:122:124;9:7:436:433:41:32,1,SAFE,19.076
88,0,4,2:569:446:38:31:0.6875;7:432:432:44:33:0.7944;7:494:439:22:21:0.4092;7:645:362:125:127:0.9116,4,1:2:569:446:38:31;2:7:645:362:125:127;9:7:432:432:44:33;11:7:494:439:22:21,1,SAFE,23.681
89,0,4,2:569:447:39:30:0.6929;5:494:439:21:20:0.3738;7:429:431:45:35:0.6387;7:645:361:129:128:0.9248,4,1:2:569:447:39:30;2:7:645:361:129:128;9:7:429:431:45:35;11:5:494:439:21:20,1,SAFE,31.218
90,0,4,2:569:446:39:31:0.7280;5:492:439:23:21:0.3540;7:425:430:47:36:0.7417;7:646:358:131:132:0.9165,4,1:2:569:446:39:31;2:7:646:358:131:132;9:7:425:430:47:36;11:5:492:439:23:21,1,SAFE,12.970
91,0,5,2:569:446:40:31:0.7446;2:606:450:9:12:0.2480;5:491:439:23:21:0.3523;7:421:429:49:37:0.6494;7:647:356:135:133:0.9131,4,1:2:569:446:40:31;2:7:647:356:135:133;9:7:421:429:49:37;11:5:491:439:23:21,1,SAFE,14.224
92,0,5,2:570:446:39:31:0.7417;2:606:450:9:13:0.2338;5:490:439:22:21:0.4226;7:418:430:49:37:0.7505;7:648:354:138:136:0.8984,4,1:2:570:446:39:31;2:7:648:354:138:136;9:7:418:430:49:37;11:5:490:439:22:21,1,SAFE,16.667
93,0,5,2:570:446:39:31:0.7676;2:607:450:9:13:0.2018;5:489:439:23:21:0.4187;7:414:429:51:39:0.7891;7:649:353:138:138:0.9019,4,1:2:570:446:39:31;2:7:649:353:138:138;9:7:414:429:51:39;11:5:489:439:23:21,1,SAFE,21.653
94,0,5,2:570:446:40:31:0.8091;2:607:450:9:13:0.2108;5:487:438:24:22:0.4844;7:410:428:52:39:0.8081;7:649:350:146:140:0.9141,4,1:2:570:446:40:31;2:7:649:350:146:140;9:7:410:428:52:39;11:5:487:438:24:22,1,SAFE,34.653
95,0,5,2:570:446:40:31:0.8057;2:607:450:9:13:0.2451;7:403:428:57:40:0.7056;7:486:438:24:22:0.3242;7:650:348:150:143:0.9380,4,1:2:570:446:40:31;2:7:650:348:150:143;9:7:403:428:57:40;11:7:486:438:24:22,1,SAFE,inf
96,0,4,2:570:446:40:31:0.7866;5:485:438:24:22:0.4243;7:399:427:58:41:0.6636;7:651:347:154:145:0.9355,4,1:2:570:446:40:31;2:7:651:347:154:145;9:7:399:427:58:41;11:5:485:438:24:22,1,SAFE,inf
97,0,4,2:570:445:40:32:0.7969;5:483:437:25:23:0.3701;7:394:427:59:42:0.7505;7:651:345:159:148:0.9409,4,1:2:570:445:40:32;2:7:651:345:159:148;9:7:394:427:59:42;11:5:483:437:25:23,1,SAFE,28.675
98,0,4,2:570:446:39:31:0.7881;5:480:438:26:23:0.3811;7:387:426:63:44:0.8008;7:653:343:162:152:0.9487,4,1:2:570:446:39:31;2:7:653:343:162:152;9:7:387:426:63:44;11:5:480:438:26:23,1,SAFE,inf
99,0,4,2:570:445:39:32:0.7690;7:382:425:65:45:0.7637;7:480:438:25:23:0.4922;7:652:340:169:155:0.9575,4,1:2:570:445:39:32;2:7:652:340:169:155;9:7:382:425:65:45;11:7:480:438:25:23,1,SAFE,36.337
100,0,4,2:571:445:39:32:0.7168;5:478:438:27:23:0.5371;7:376:424:68:47:0.7676;7:651:338:175:160:0.9565,4,1:2:571:445:39:32;2:7:651:338:175:160;9:7:376:424:68:47;11:5:478:438:27:23,1,SAFE,13.926
101,0,4,2:571:445:39:33:0.7217;7:369:423:71:48:0.8105;7:476:437:27:25:0.4785;7:652:335:180:163:0.9526,4,1:2:571:445:39:33;2:7:652:335:180:163;9:7:369:423:71:48;11:7:476:437:27:25,1,SAFE,8.931
102,0,4,2:571:445:39:32:0.7041;7:362:421:74:50:0.8105;7:474:437:28:24:0.4243;7:652:331:188:169:0.9429,4,1:2:571:445:39:32;2:7:652:331:188:169;9:7:362:421:74:50;11:7:474:437:28:24,1,SAFE,8.171
103,0,4,2:572:445:39:32:0.7202;7:354:420:78:51:0.8364;7:472:437:29:24:0.3684;7:653:329:193:172:0.9419,4,1:2:572:445:39:32;2:7:653:329:193:172;9:7:354:420:78:51;11:7:472:437:29:24,1,SAFE,7.729
104,0,5,2:572:445:39:32:0.7075;7:346:419:83:54:0.8613;7:470:436:30:26:0.3630;7:514:444:15:14:0.2783;7:654:325:199:177:0.9395,4,1:2:572:445:39:32;2:7:654:325:199:177;9:7:346:419:83:54;11:7:470:436:30:26,1,SAFE,9.530
105,0,6,2:529:446:19:13:0.2323;2:573:446:38:32:0.7744;7:338:419:86:54:0.8599;7:468:437:31:26:0.3469;7:513:444:16:15:0.2798;7:657:321:203:182:0.9487,4,1:2:573:446:38:32;2:7:657:321:203:182;9:7:338:419:86:54;11:7:468:437:31:26,1,SAFE,9.839
106,0,6,2:513:444:15:15:0.3594;2:530:447:18:12:0.2407;2:573:446:39:32:0.7905;5:466:436:31:27:0.3123;7:328:418:91:56:0.8472;7:657:319:211:187:0.9414,4,1:2:573:446:39:32;2:7:657:319:211:187;9:7:328:418:91:56;11:5:466:436:31:27,1,SAFE,10.533
107,0,6,2:511:444:17:15:0.3757;2:530:447:17:12:0.2018;2:573:446:39:33:0.8008;7:321:417:93:59:0.8198;7:464:436:32:27:0.3774;7:659:315:217:191:0.9487,4,1:2:573:446:39:33;2:7:659:315:217:191;9:7:321:417:93:59;11:7:464:436:32:27,1,SAFE,9.267
108,0,7,2:529:447:18:12:0.2705;2:573:446:39:33:0.8008;7:320:416:89:60:0.8481;7:462:435:32:28:0.4263;7:511:443:17:17:0.3293;7:600:423:69:57:0.1481;7:659:312:226:195:0.9414,5,1:2:573:446:39:33;2:7:659:312:226:195;9:7:320:416:89:60;11:7:462:435:32:28;12:7:511:443:17:17,1,SAFE,8.758
109,0,7,2:534:449:13:10:0.2295;2:573:446:40:33:0.8018;7:320:415:84:60:0.7607;7:459:436:34:28:0.4590;7:510:443:17:17:0.3923;7:599:424:70:53:0.1896;7:659:308:233:203:0.9409,5,1:2:573:446:40:33;2:7:659:308:233:203;9:7:320:415:84:60;11:7:459:436:34:28;12:7:510:443:17:17,1,SAFE,8.790
110,0,7,2:527:448:13:10:0.2366;2:535:448:11:11:0.2494;2:573:446:40:33:0.8091;7:320:413:78:63:0.8398;7:457:435:34:29:0.4590;7:508:443:18:17:0.3904;7:662:303:242:209:0.9404,5,1:2:573:446:40:33;2:7:662:303:242:209;9:7:320:413:78:63;11:7:457:435:34:29;12:7:508:443:18:17,1,SAFE,9.376
111,0,7,2:532:447:14:11:0.2991;2:573:446:40:33:0.8066;7:320:410:70:65:0.7578;7:454:435:36:29:0.3721;7:508:442:18:18:0.4902;7:597:423:75:54:0.1144;7:662:298:251:214:0.9307,5,1:2:573:446:40:33;2:7:662:298:251:214;9:7:320:410:70:65;11:7:454:435:36:29;12:7:508:442:18:18,1,SAFE,10.770
112,0,7,2:526:447:12:12:0.2910;2:534:448:11:10:0.3074;2:573:446:40:33:0.8164;5:451:434:37:30:0.3523;7:251:407:134:73:0.6851;7:506:442:20:18:0.4207;7:665:294:257:220:0.9326,5,1:2:573:446:40:33;2:7:665:294:257:220;9:7:251:407:134:73;11:5:451:434:37:30;12:7:506:442:20:18,1,SAFE,10.046
113,0,6,2:525:448:13:10:0.2255;2:573:446:40:33:0.8198;5:449:434:37:30:0.3979;7:235:406:143:77:0.7168;7:506:442:19:18:0.4941;7:667:289:268:227:0.9038,5,1:2:573:446:40:33;2:7:667:289:268:227;9:7:235:406:143:77;11:5:449:434:37:30;12:7:506:442:19:18,1,SAFE,13.201
114,0,6,2:526:448:16:11:0.2108;2:574:446:40:33:0.8511;5:446:434:38:31:0.3774;7:215:403:156:82:0.5249;7:505:442:19:18:0.4243;7:668:283:279:234:0.9058,5,1:2:574:446:40:33;2:7:668:283:279:234;9:7:215:403:156:82;11:5:446:434:38:31;12:7:505:442:19:18,1,SAFE,13.801
115,0,5,2:574:446:39:33:0.8389;5:443:433:39:32:0.3647;7:193:400:168:86:0.5352;7:504:441:19:19:0.3057;7:669:277:293:242:0.8706,5,1:2:574:446:39:33;2:7:669:277:293:242;9:7:193:400:168:86;11:5:443:433:39:32;12:7:504:441:19:19,1,SAFE,15.181
116,0,6,2:525:448:14:11:0.2612;2:574:446:39:32:0.8491;7:320:408:31:68:0.4036;7:440:432:41:32:0.4534;7:502:441:20:19:0.4072;7:669:270:305:250:0.8672,5,1:2:574:446:39:32;2:7:669:270:305:250;9:7:320:408:31:68;11:7:440:432:41:32;12:7:502:441:20:19,1,SAFE,16.867
117,0,5,2:575:446:38:32:0.8491;7:143:394:199:95:0.6001;7:437:432:41:33:0.4016;7:501:440:21:20:0.2910;7:671:264:319:259:0.8818,4,1:2:575:446:38:32;2:7:671:264:319:259;11:7:437:432:41:33;12:7:501:440:21:20,1,SAFE,33.735
118,0,5,2:575:446:39:31:0.8408;7:113:391:218:101:0.7090;7:433:431:44:34:0.2351;7:500:440:21:20:0.2598;7:670:274:289:249:0.9160,4,1:2:575:446:39:31;2:7:670:274:289:249;11:7:433:431:44:34;12:7:500:440:21:20,1,SAFE,inf
119,0,5,2:576:446:39:31:0.8374;7:75:386:246:107:0.4885;7:431:431:43:33:0.2366;7:499:440:20:19:0.4016;7:673:246:352:282:0.8887,5,1:2:576:446:39:31;2:7:673:246:352:282;11:7:431:431:43:33;12:7:499:440:20:19;13:7:75:386:246:107,1,SAFE,inf
120,0,6,2:575:446:39:31:0.8418;7:35:382:272:115:0.6592;7:427:430:44:36:0.2281;7:497:440:22:19:0.3157;7:676:274:283:254:0.9106;7:743:436:256:92:0.1091,5,1:2:575:446:39:31;2:7:676:274:283:254;11:7:427:430:44:36;12:7:497:440:22:19;13:7:35:382:272:115,1,SAFE,inf
121,0,4,2:576:446:39:31:0.8311;7:422:429:46:38:0.3259;7:496:440:22:20:0.2351;7:674:274:285:255:0.9131,4,1:2:576:446:39:31;2:7:674:274:285:255;11:7:422:429:46:38;12:7:496:440:22:20,1,SAFE,inf
122,0,4,2:577:446:38:32:0.8081;7:0:369:278:132:0.5371;7:417:429:51:39:0.4883;7:675:274:284:256:0.9443,4,1:2:577:446:38:32;2:7:675:274:284:256;11:7:417:429:51:39;13:7:0:369:278:132,1,SAFE,inf
123,0,3,2:577:446:39:32:0.8257;7:414:428:52:42:0.2524;7:679:274:280:257:0.9375,3,1:2:577:446:39:32;2:7:679:274:280:257;11:7:414:428:52:42,1,SAFE,inf
124,0,3,2:577:446:40:32:0.7930;7:408:429:54:42:0.4922;7:680:275:279:256:0.9453,3,1:2:577:446:40:32;2:7:680:275:279:256;11:7:408:429:54:42,1,SAFE,inf
125,0,3,2:577:446:40:33:0.7983;7:404:428:56:42:0.3850;7:681:275:278:257:0.9502,3,1:2:577:446:40:33;2:7:681:275:278:257;11:7:404:428:56:42,1,SAFE,inf
126,0,3,2:578:446:39:33:0.7827;7:400:428:57:42:0.2766;7:683:276:276:256:0.9365,3,1:2:578:446:39:33;2:7:683:276:276:256;11:7:400:428:57:42,1,SAFE,inf
127,0,3,2:578:446:39:33:0.7461;7:393:428:61:42:0.4609;7:684:276:275:255:0.9287,3,1:2:578:446:39:33;2:7:684:276:275:255;11:7:393:428:61:42,1,SAFE,inf
128,0,4,2:579:446:38:33:0.7852;7:387:427:64:42:0.3486;7:486:440:24:21:0.2006;7:686:276:273:255:0.9292,3,1:2:579:446:38:33;2:7:686:276:273:255;11:7:387:427:64:42,1,SAFE,19.987
129,0,4,2:579:446:39:33:0.8140;7:0:356:94:150:0.1912;7:384:425:62:45:0.3611;7:687:275:272:257:0.9404,3,1:2:579:446:39:33;2:7:687:275:272:257;11:7:384:425:62:45,1,SAFE,10.722
130,0,4,2:578:446:40:33:0.8042;7:0:355:50:143:0.1505;7:376:424:66:46:0.4243;7:688:275:271:256:0.9512,3,1:2:578:446:40:33;2:7:688:275:271:256;11:7:376:424:66:46,1,SAFE,7.326
131,0,4,2:579:445:39:33:0.7881;7:370:423:70:47:0.1666;7:481:439:26:23:0.3208;7:690:276:269:255:0.9536,4,1:2:579:445:39:33;2:7:690:276:269:255;11:7:370:423:70:47;12:7:481:439:26:23,1,SAFE,6.519
132,0,4,2:479:439:26:23:0.1242;2:579:446:40:31:0.8008;5:362:423:74:50:0.3469;7:692:276:267:255:0.9502,4,1:2:579:446:40:31;2:7:692:276:267:255;11:5:362:423:74:50;12:2:479:439:26:23,1,SAFE,8.324
133,0,4,2:478:437:28:25:0.2366;2:580:446:39:31:0.7920;7:353:421:79:51:0.3667;7:693:276:266:255:0.9600,4,1:2:580:446:39:31;2:7:693:276:266:255;11:7:353:421:79:51;12:2:478:437:28:25,1,SAFE,15.847
134,0,4,2:581:446:38:31:0.7881;5:346:420:82:52:0.4609;7:476:438:27:23:0.2069;7:695:276:264:255:0.9619,4,1:2:581:446:38:31;2:7:695:276:264:255;11:5:346:420:82:52;12:7:476:438:27:23,1,SAFE,inf
135,0,4,2:474:437:28:26:0.2659;2:581:446:39:31:0.7432;7:337:419:86:54:0.3225;7:697:276:262:256:0.9688,4,1:2:581:446:39:31;2:7:697:276:262:256;11:7:337:419:86:54;12:2:474:437:28:26,1,SAFE,inf
136,0,4,2:581:446:39:32:0.7295;7:326:417:92:59:0.3684;7:472:437:29:24:0.2006;7:700:275:259:257:0.9717,4,1:2:581:446:39:32;2:7:700:275:259:257;11:7:326:417:92:59;12:7:472:437:29:24,1,SAFE,inf
137,0,5,2:469:435:29:28:0.1699;2:581:446:39:29:0.7090;7:320:416:93:61:0.5430;7:703:275:256:257:0.9702;7:717:374:562:274:0.1357,4,1:2:581:446:39:29;2:7:703:275:256:257;11:7:320:416:93:61;12:2:469:435:29:28,1,SAFE,inf
138,0,3,2:581:446:39:29:0.7280;7:320:415:87:62:0.5371;7:705:275:254:256:0.9697,3,1:2:581:446:39:29;2:7:705:275:254:256;11:7:320:415:87:62,1,SAFE,inf
139,0,4,2:581:445:40:32:0.7295;7:320:413:81:63:0.4805;7:465:435:32:26:0.3452;7:707:276:252:254:0.9727,4,1:2:581:445:40:32;2:7:707:276:252:254;11:7:320:413:81:63;12:7:465:435:32:26,1,SAFE,inf
140,0,3,2:582:445:39:32:0.7549;7:320:410:76:66:0.4824;7:710:276:249:254:0.9536,3,1:2:582:445:39:32;2:7:710:276:249:254;11:7:320:410:76:66,1,SAFE,inf
141,0,3,2:461:433:34:30:0.1316;2:582:444:39:33:0.7959;7:714:276:245:252:0.8740,2,1:2:582:444:39:33;2:7:714:276:245:252,1,SAFE,inf
142,0,3,2:582:445:40:32:0.7920;7:458:434:33:27:0.2108;7:720:6:558:685:0.9268,2,1:2:582:445:40:32;2:7:720:6:558:685,1,SAFE,inf
143,0,2,2:582:444:40:33:0.8174;7:719:276:240:254:0.9419,2,1:2:582:444:40:33;2:7:719:276:240:254,1,SAFE,inf
144,0,2,2:582:444:41:33:0.7891;7:722:276:237:255:0.9478,2,1:2:582:444:41:33;2:7:722:276:237:255,1,SAFE,19.915
145,0,3,2:584:445:40:32:0.7461;7:450:433:35:29:0.3174;7:726:275:233:256:0.9087,3,1:2:584:445:40:32;2:7:726:275:233:256;12:7:450:433:35:29,1,SAFE,10.553
146,0,3,2:584:445:40:32:0.7231;7:447:434:36:32:0.1009;7:729:275:230:257:0.9238,3,1:2:584:445:40:32;2:7:729:275:230:257;12:7:447:434:36:32,1,SAFE,7.013
147,0,4,2:585:445:39:33:0.7231;7:443:433:38:31:0.2134;7:732:275:227:256:0.8999;7:746:377:533:239:0.2903,3,1:2:585:445:39:33;2:7:732:275:227:256;12:7:443:433:38:31,1,SAFE,6.125
148,0,4,2:585:445:39:33:0.7124;7:441:433:38:31:0.2120;7:736:274:223:257:0.9116;7:748:388:531:191:0.1155,3,1:2:585:445:39:33;2:7:736:274:223:257;12:7:441:433:38:31,1,SAFE,5.643
149,0,3,2:586:445:38:33:0.6792;7:437:432:42:34:0.1582;7:742:275:217:256:0.9321,3,1:2:586:445:38:33;2:7:742:275:217:256;12:7:437:432:42:34,1,SAFE,5.420
150,0,2,2:585:446:40:32:0.7402;7:746:275:213:255:0.9346,2,1:2:585:446:40:32;2:7:746:275:213:255,1,SAFE,6.172
151,0,4,2:586:446:40:33:0.7690;7:430:432:43:33:0.2281;7:751:275:208:256:0.9448;7:756:412:523:185:0.1255,2,1:2:586:446:40:33;2:7:751:275:208:256,1,SAFE,5.365
152,0,3,2:587:446:39:33:0.7676;7:756:276:203:254:0.9531;7:1035:412:244:193:0.1968,2,1:2:587:446:39:33;2:7:756:276:203:254,1,SAFE,8.119
153,0,4,2:484:452:15:11:0.2255;2:586:448:41:30:0.7622;7:760:275:199:255:0.9512;7:1072:412:207:192:0.2744,2,1:2:586:448:41:30;2:7:760:275:199:255,1,SAFE,inf
154,0,4,2:479:452:19:10:0.2213;2:587:446:39:33:0.7852;7:418:431:48:35:0.2830;7:767:275:192:255:0.9473,3,1:2:587:446:39:33;2:7:767:275:192:255;12:7:418:431:48:35,1,SAFE,inf
155,0,3,2:588:447:40:33:0.8105;7:414:431:50:36:0.3577;7:774:275:185:255:0.9468,3,1:2:588:447:40:33;2:7:774:275:185:255;12:7:414:431:50:36,1,SAFE,inf
156,0,4,2:474:452:19:12:0.2255;2:588:447:40:33:0.8267;5:410:430:50:38:0.3191;7:781:274:178:255:0.9565,3,1:2:588:447:40:33;2:7:781:274:178:255;12:5:410:430:50:38,1,SAFE,inf
157,0,2,2:588:447:40:33:0.8408;7:788:275:171:254:0.8789,2,1:2:588:447:40:33;2:7:788:275:171:254,1,SAFE,inf
158,0,4,2:469:452:22:12:0.3381;2:589:447:40:33:0.8530;7:400:428:56:41:0.3738;7:796:275:163:255:0.8999,3,1:2:589:447:40:33;2:7:796:275:163:255;12:7:400:428:56:41,1,SAFE,inf
159,0,4,2:466:452:19:11:0.2554;2:589:446:40:34:0.8608;7:395:427:57:42:0.5059;7:804:4:475:659:0.9385,3,1:2:589:446:40:34;2:7:804:4:475:659;12:7:395:427:57:42,1,SAFE,16.241
160,0,5,2:463:452:22:12:0.2830;2:508:449:15:10:0.2737;2:589:446:40:33:0.8428;7:388:427:62:43:0.3923;7:813:5:466:674:0.9258,4,1:2:589:446:40:33;2:7:813:5:466:674;12:7:388:427:62:43;14:2:463:452:22:12,1,SAFE,19.191
161,0,5,2:460:451:26:13:0.2295;2:489:451:14:10:0.2451;2:507:449:17:10:0.3364;2:590:446:40:33:0.8848;7:826:6:453:695:0.9092,3,1:2:590:446:40:33;2:7:826:6:453:695;14:2:460:451:26:13,1,SAFE,25.411
162,0,5,2:456:451:27:13:0.3123;2:503:449:13:10:0.2281;2:590:446:40:33:0.8613;7:377:425:66:45:0.2554;7:837:274:122:257:0.8843,4,1:2:590:446:40:33;2:7:837:274:122:257;12:7:377:425:66:45;14:2:456:451:27:13,1,SAFE,20.140
163,0,5,2:452:452:24:13:0.3503;2:503:449:14:10:0.3943;2:590:446:41:33:0.8154;7:370:423:69:46:0.4980;7:850:4:429:636:0.9424,3,1:2:590:446:41:33;12:7:370:423:69:46;14:2:452:452:24:13,1,SAFE,16.680
164,0,6,2:447:451:23:13:0.3293;2:484:450:16:10:0.4207;2:501:447:16:11:0.4207;2:591:445:40:34:0.8389;5:363:422:73:47:0.4648;7:863:6:416:628:0.9355,4,1:2:591:445:40:34;12:5:363:422:73:47;14:2:447:451:23:13;15:2:501:447:16:11,1,SAFE,10.797
165,0,7,2:444:452:19:13:0.3416;2:480:450:17:10:0.3721;2:500:448:15:11:0.3923;2:591:445:41:34:0.7944;7:352:421:79:49:0.6226;7:461:438:25:22:0.3025;7:880:6:399:640:0.9390,5,1:2:591:445:41:34;12:7:352:421:79:49;14:2:444:452:19:13;15:2:500:448:15:11;16:7:880:6:399:640,1,SAFE,10.445
166,0,6,2:341:446:46:25:0.5059;2:439:452:21:13:0.3811;2:476:451:16:10:0.4092;2:499:448:16:11:0.3140;2:591:445:41:34:0.8291;7:898:4:381:639:0.9346,6,1:2:591:445:41:34;12:2:341:446:46:25;14:2:439:452:21:13;15:2:499:448:16:11;16:7:898:4:381:639;17:2:476:451:16:10,1,SAFE,8.423
167,0,7,2:326:446:51:26:0.5640;2:436:452:21:13:0.3523;2:502:449:14:10:0.4148;2:521:449:12:10:0.2612;2:592:445:40:35:0.8447;5:331:419:93:51:0.5371;7:917:7:362:630:0.8682,5,1:2:592:445:40:35;12:2:326:446:51:26;14:2:436:452:21:13;15:2:502:449:14:10;16:7:917:7:362:630,1,SAFE,6.241
168,0,6,2:320:447:44:26:0.3557;2:431:452:22:13:0.4036;2:495:449:11:10:0.2268;2:505:449:10:10:0.2186;2:592:445:42:35:0.8081;7:938:4:341:653:0.8579,5,1:2:592:445:42:35;12:2:320:447:44:26;14:2:431:452:22:13;15:2:505:449:10:10;16:7:938:4:341:653,1,SAFE,8.785
169,0,7,2:295:450:35:25:0.1919;2:427:452:23:14:0.3999;2:492:449:15:12:0.3398;2:518:450:16:10:0.3523;2:593:446:41:34:0.7446;7:320:418:94:58:0.2893;7:967:5:312:659:0.8740,5,1:2:593:446:41:34;12:7:320:418:94:58;14:2:427:452:23:14;15:2:492:449:15:12;16:7:967:5:312:659,1,SAFE,9.024
170,0,8,2:274:454:35:23:0.2173;2:306:448:36:28:0.2018;2:421:451:24:17:0.5869;2:490:449:14:12:0.3721;2:502:450:14:10:0.2466;2:594:446:40:33:0.7446;7:450:438:32:26:0.2351;7:996:4:283:665:0.8257,5,1:2:594:446:40:33;12:2:306:448:36:28;14:2:421:451:24:17;15:2:490:449:14:12;16:7:996:4:283:665,1,SAFE,12.159
171,0,8,2:252:445:77:35:0.3811;2:414:452:26:16:0.5869;2:466:452:16:11:0.2200;2:488:449:15:12:0.4688;2:502:450:14:10:0.2186;2:594:446:40:33:0.7734;7:294:415:112:59:0.1208;7:1032:3:247:670:0.8301,5,1:2:594:446:40:33;12:2:252:445:77:35;14:2:414:452:26:16;15:2:488:449:15:12;16:7:1032:3:247:670,1,SAFE,18.632
172,0,8,2:224:448:59:34:0.3074;2:409:452:28:16:0.6387;2:457:453:23:11:0.2690;2:487:449:15:12:0.4844;2:518:450:15:10:0.4282;2:594:446:41:33:0.7339;2:1076:2:203:678:0.4072;7:446:437:30:27:0.2069,6,1:2:594:446:41:33;12:2:224:448:59:34;14:2:409:452:28:16;15:2:487:449:15:12;16:2:1076:2:203:678;17:2:457:453:23:11,1,SAFE,39.841
173,0,8,2:193:448:80:38:0.4302;2:403:452:27:18:0.6167;2:485:449:15:12:0.5908;2:504:451:12:10:0.2338;2:595:446:40:33:0.7388;2:689:521:28:11:0.2372;7:443:438:34:27:0.3540;7:1128:3:151:653:0.3811,6,1:2:595:446:40:33;12:2:193:448:80:38;14:2:403:452:27:18;15:2:485:449:15:12;16:7:1128:3:151:653;17:7:443:438:34:27,1,SAFE,inf
174,0,6,2:156:446:102:41:0.4688;2:395:452:31:18:0.6372;2:482:449:17:12:0.4688;2:595:446:40:34:0.7188;7:440:437:33:28:0.5508;7:1205:48:74:590:0.2227,6,1:2:595:446:40:34;12:2:156:446:102:41;14:2:395:452:31:18;15:2:482:449:17:12;16:7:1205:48:74:590;17:7:440:437:33:28,1,SAFE,inf
175,0,7,2:111:446:116:45:0.7476;2:387:452:33:20:0.7153;2:479:449:17:13:0.4321;2:499:451:15:10:0.2783;2:595:446:41:34:0.7388;7:320:413:59:62:0.5566;7:437:437:35:28:0.3867,5,1:2:595:446:41:34;12:2:111:446:116:45;14:2:387:452:33:20;15:2:479:449:17:13;17:7:437:437:35:28,1,SAFE,inf
176,0,8,2:58:444:136:53:0.7295;2:379:452:35:20:0.6245;2:477:449:18:13:0.4111;2:492:452:18:10:0.3123;2:514:450:17:10:0.4475;2:596:446:41:34:0.7563;7:320:414:51:61:0.3242;7:433:436:35:30:0.6021,5,1:2:596:446:41:34;12:2:58:444:136:53;14:2:379:452:35:20;15:2:477:449:18:13;17:7:433:436:35:30,1,SAFE,inf
177,0,5,2:7:440:144:62:0.6372;2:369:452:38:21:0.6245;2:476:449:16:14:0.2568;2:596:447:41:33:0.7505;7:431:437:35:29:0.4456,5,1:2:596:447:41:33;12:2:7:440:144:62;14:2:369:452:38:21;15:2:476:449:16:14;17:7:431:437:35:29,1,SAFE,inf
178,0,8,2:0:431:101:81:0.3948;2:358:452:40:21:0.7124;2:472:448:17:15:0.3887;2:489:452:17:10:0.2422;2:508:450:21:10:0.4727;2:597:447:41:33:0.7827;7:320:416:34:61:0.2120;7:427:437:35:29:0.3025,5,1:2:597:447:41:33;12:2:0:431:101:81;14:2:358:452:40:21;15:2:472:448:17:15;17:7:427:437:35:29,1,SAFE,inf
179,0,5,2:0:436:33:72:0.1624;2:347:451:43:22:0.7202;2:470:449:18:13:0.3647;2:597:447:41:33:0.8115;7:423:436:37:30:0.4226,5,1:2:597:447:41:33;12:2:0:436:33:72;14:2:347:451:43:22;15:2:470:449:18:13;17:7:423:436:37:30,1,SAFE,inf
180,0,6,2:335:451:44:22:0.6406;2:428:453:29:13:0.2861;2:468:449:18:14:0.2766;2:511:450:17:10:0.3074;2:597:446:40:33:0.8164;7:125:393:213:96:0.3970,4,1:2:597:446:40:33;14:2:335:451:44:22;15:2:468:449:18:14;17:2:428:453:29:13,1,SAFE,inf
181,0,7,2:322:450:46:24:0.7075;2:428:451:24:15:0.3757;2:464:448:18:14:0.2766;2:501:450:15:10:0.3293;2:505:449:22:11:0.3398;2:597:446:40:33:0.7866;7:90:387:235:104:0.3325,4,1:2:597:446:40:33;14:2:322:450:46:24;15:2:464:448:18:14;17:2:428:451:24:15,1,SAFE,inf
182,0,4,2:320:449:37:27:0.6460;2:510:449:16:10:0.2338;2:598:446:39:33:0.7881;7:410:431:39:35:0.3979,3,1:2:598:446:39:33;14:2:320:449:37:27;17:7:410:431:39:35,1,SAFE,inf
183,0,4,2:320:449:23:27:0.5234;2:499:449:25:10:0.4092;2:598:446:40:34:0.7661;7:406:432:40:34:0.5391,4,1:2:598:446:40:34;14:2:320:449:23:27;17:7:406:432:40:34;18:2:499:449:25:10,1,SAFE,inf
184,0,5,2:266:449:64:29:0.5757;2:455:448:21:15:0.2720;2:499:449:19:10:0.2910;2:599:446:39:34:0.7075;7:401:431:42:35:0.5234,5,1:2:599:446:39:34;14:2:266:449:64:29;15:2:455:448:21:15;17:7:401:431:42:35;18:2:499:449:19:10,1,SAFE,44.708
185,0,6,2:246:447:67:33:0.6636;2:452:448:21:15:0.3174;2:477:452:17:10:0.2069;2:498:449:25:10:0.2451;2:599:446:40:34:0.8208;7:396:431:43:36:0.5679,5,1:2:599:446:40:34;14:2:246:447:67:33;15:2:452:448:21:15;17:7:396:431:43:36;18:2:498:449:25:10,1,SAFE,34.773
186,0,7,2:218:447:76:35:0.2991;2:448:447:21:16:0.3774;2:503:449:14:10:0.2451;2:511:449:12:10:0.3025;2:592:450:9:12:0.2173;2:599:446:40:33:0.8057;7:392:430:40:37:0.5620,5,1:2:599:446:40:33;14:2:218:447:76:35;15:2:448:447:21:16;17:7:392:430:40:37;18:2:511:449:12:10,1,SAFE,inf
187,0,6,2:185:449:87:35:0.4377;2:444:448:24:16:0.4263;2:492:449:14:10:0.3242;2:507:449:16:10:0.3123;2:599:446:41:34:0.8066;7:385:429:47:39:0.5078,5,1:2:599:446:41:34;14:2:185:449:87:35;15:2:444:448:24:16;17:7:385:429:47:39;18:2:507:449:16:10,1,SAFE,inf
188,0,5,2:154:449:91:37:0.3293;2:440:447:25:18:0.5000;2:510:448:12:11:0.3259;2:599:446:41:35:0.8115;7:380:428:50:41:0.5098,5,1:2:599:446:41:35;14:2:154:449:91:37;15:2:440:447:25:18;17:7:380:428:50:41;18:2:510:448:12:11,1,SAFE,28.985
189,0,7,2:127:447:91:40:0.3943;2:436:447:26:18:0.4609;2:492:449:16:10:0.2422;2:509:447:12:12:0.3452;2:589:451:11:11:0.2268;2:599:446:41:34:0.7637;7:375:428:50:40:0.4207,5,1:2:599:446:41:34;14:2:127:447:91:40;15:2:436:447:26:18;17:7:375:428:50:40;18:2:509:447:12:12,1,SAFE,18.599
190,0,7,2:53:447:131:46:0.3311;2:431:446:26:19:0.5601;2:466:451:16:11:0.2240;2:486:450:13:10:0.2268;2:507:447:14:11:0.3960;2:600:446:41:33:0.8208;7:367:427:54:43:0.7056,5,1:2:600:446:41:33;14:2:53:447:131:46;15:2:431:446:26:19;17:7:367:427:54:43;18:2:507:447:14:11,1,SAFE,19.739
191,0,6,2:0:445:141:53:0.2991;2:427:446:26:19:0.6318;2:507:448:12:10:0.3293;2:600:447:41:32:0.8345;7:357:426:60:43:0.6514;7:463:444:22:17:0.1404,5,1:2:600:447:41:32;14:2:0:445:141:53;15:2:427:446:26:19;17:7:357:426:60:43;18:2:507:448:12:10,1,SAFE,36.102
192,0,8,2:1:444:85:55:0.1561;2:346:448:44:24:0.7534;2:421:446:27:20:0.5430;2:483:450:13:10:0.2134;2:503:448:15:11:0.3091;2:600:447:41:32:0.8042;7:348:425:64:44:0.5815;7:460:441:23:21:0.2524,5,1:2:600:447:41:32;14:2:1:444:85:55;15:2:421:446:27:20;17:7:348:425:64:44;18:2:503:448:15:11,1,SAFE,inf
193,0,5,2:415:445:27:21:0.5312;2:457:451:24:12:0.3123;2:504:448:13:11:0.2568;2:600:447:41:33:0.7866;7:335:425:72:47:0.7446,4,1:2:600:447:41:33;15:2:415:445:27:21;17:7:335:425:72:47;18:2:504:448:13:11,1,SAFE,inf
194,0,4,2:410:446:30:21:0.4263;2:454:451:24:12:0.2323;2:600:447:41:33:0.8042;7:326:424:77:48:0.7720,3,1:2:600:447:41:33;15:2:410:446:30:21;17:7:326:424:77:48,1,SAFE,inf
195,0,5,2:404:445:32:22:0.6909;2:449:450:25:14:0.2847;2:502:448:12:10:0.3208;2:599:446:41:34:0.7026;7:323:422:74:48:0.7139,5,1:2:599:446:41:34;15:2:404:445:32:22;17:7:323:422:74:48;18:2:502:448:12:10;19:2:449:450:25:14,1,SAFE,inf
196,0,6,2:397:445:29:22:0.6074;2:445:452:20:12:0.4883;2:475:450:14:10:0.2240;2:501:448:12:10:0.2018;2:599:446:42:34:0.7563;7:321:421:69:51:0.8335,5,1:2:599:446:42:34;15:2:397:445:29:22;17:7:321:421:69:51;18:2:501:448:12:10;19:2:445:452:20:12,1,SAFE,inf
197,0,7,2:275:454:26:21:0.1412;2:390:444:33:23:0.5078;2:442:452:20:12:0.3174;2:474:450:14:10:0.2847;2:500:448:12:10:0.2351;2:599:446:41:34:0.7339;7:320:420:64:52:0.7056,5,1:2:599:446:41:34;15:2:390:444:33:23;17:7:320:420:64:52;18:2:474:450:14:10;19:2:442:452:20:12,1,SAFE,inf
198,0,7,2:254:453:35:23:0.2407;2:382:444:37:24:0.5527;2:438:451:19:13:0.4785;2:484:449:14:10:0.2173;2:586:452:12:10:0.3057;2:599:446:41:34:0.7534;7:320:419:57:52:0.7534,5,1:2:599:446:41:34;15:2:382:444:37:24;17:7:320:419:57:52;18:2:484:449:14:10;19:2:438:451:19:13,1,SAFE,inf
199,0,7,2:232:453:41:26:0.1603;2:241:449:62:30:0.1417;2:373:444:39:26:0.5312;2:433:451:21:14:0.4514;2:497:448:13:10:0.2338;2:599:446:41:34:0.7759;7:320:418:50:54:0.7202,5,1:2:599:446:41:34;15:2:373:444:39:26;17:7:320:418:50:54;18:2:497:448:13:10;19:2:433:451:21:14,1,SAFE,inf
200,0,7,2:205:449:78:33:0.3684;2:364:443:44:27:0.5234;2:429:452:21:13:0.5098;2:495:448:13:11:0.2910;2:598:446:43:34:0.8140;7:320:417:42:55:0.6567;7:444:439:22:22:0.4111,5,1:2:598:446:43:34;15:2:364:443:44:27;17:7:320:417:42:55;18:2:495:448:13:11;19:2:429:452:21:13,1,SAFE,30.570
201,0,10,2:171:455:34:28:0.1036;2:354:443:47:28:0.5640;2:425:451:21:14:0.5547;2:463:450:21:12:0.2598;2:478:449:14:11:0.2379;2:493:448:14:11:0.4207;2:598:446:42:34:0.7959;7:260:421:46:52:0.1348;7:320:417:34:56:0.5776;7:441:438:23:23:0.4727,5,1:2:598:446:42:34;15:2:354:443:47:28;17:7:320:417:34:56;18:2:493:448:14:11;19:2:425:451:21:14,1,SAFE,33.551
202,0,9,2:137:444:99:42:0.4922;2:344:441:49:30:0.5850;2:419:450:21:14:0.3503;2:460:450:16:11:0.2991;2:475:448:17:11:0.2737;2:492:447:14:11:0.4922;2:598:446:42:34:0.7983;7:243:413:105:62:0.8345;7:438:438:22:24:0.3667,5,1:2:598:446:42:34;15:2:344:441:49:30;18:2:492:447:14:11;19:2:419:450:21:14;20:7:438:438:22:24,1,SAFE,20.298
203,0,8,2:92:443:117:45:0.6494;2:332:440:52:31:0.5098;2:413:450:24:15:0.4263;2:458:450:14:10:0.2379;2:490:447:14:12:0.2659;2:598:446:42:34:0.7842;7:227:410:109:66:0.8398;7:434:438:24:24:0.3040,6,1:2:598:446:42:34;15:2:332:440:52:31;18:2:490:447:14:12;19:2:413:450:24:15;20:7:434:438:24:24;21:7:227:410:109:66,1,SAFE,10.689
204,0,8,2:37:443:139:49:0.6206;2:320:440:54:32:0.5757;2:408:450:24:15:0.5679;2:454:451:14:10:0.2056;2:489:447:14:12:0.4167;2:598:446:42:34:0.7812;7:208:408:119:69:0.7124;7:431:437:24:25:0.4551,7,1:2:598:446:42:34;15:2:320:440:54:32;18:2:489:447:14:12;19:2:408:450:24:15;20:7:431:437:24:25;21:7:208:408:119:69;22:2:37:443:139:49,1,SAFE,8.612
205,0,9,2:1:441:134:55:0.6299;2:401:450:25:16:0.3174;2:451:451:15:10:0.2583;2:486:447:15:12:0.4883;2:586:451:10:10:0.2186;2:598:446:41:34:0.7881;7:187:407:129:71:0.5664;7:320:440:44:31:0.4668;7:428:437:23:25:0.4551,7,1:2:598:446:41:34;15:7:320:440:44:31;18:2:486:447:15:12;19:2:401:450:25:16;20:7:428:437:23:25;21:7:187:407:129:71;22:2:1:441:134:55,1,SAFE,8.841
206,0,8,2:0:417:85:82:0.2737;2:394:450:26:17:0.4092;2:469:448:13:12:0.2108;2:485:447:15:11:0.4941;2:598:446:41:34:0.8091;7:163:403:139:77:0.6030;7:320:438:32:36:0.4883;7:425:436:25:26:0.3259,7,1:2:598:446:41:34;15:7:320:438:32:36;18:2:485:447:15:11;19:2:394:450:26:17;20:7:425:436:25:26;21:7:163:403:139:77;22:2:0:417:85:82,1,SAFE,12.411
207,0,6,2:385:450:30:17:0.4534;2:446:451:13:10:0.2422;2:484:447:14:12:0.4961;2:599:446:40:34:0.7231;7:138:401:151:80:0.6387;7:320:437:19:33:0.3738,5,1:2:599:446:40:34;15:7:320:437:19:33;18:2:484:447:14:12;19:2:385:450:30:17;21:7:138:401:151:80,1,SAFE,24.074
208,0,8,2:380:447:34:20:0.3999;2:459:448:18:12:0.2018;2:482:447:14:11:0.2798;2:584:451:11:10:0.2227;2:598:446:41:34:0.7993;7:109:398:165:86:0.4241;7:245:436:80:40:0.1592;7:416:433:34:30:0.3469,6,1:2:598:446:41:34;15:7:245:436:80:40;18:2:482:447:14:11;19:2:380:447:34:20;20:7:416:433:34:30;21:7:109:398:165:86,1,SAFE,44.708
209,0,5,2:583:450:12:11:0.2861;2:597:446:41:33:0.7534;7:77:394:229:92:0.4448;7:370:450:33:18:0.3831;7:480:446:15:13:0.2554,4,1:2:597:446:41:33;18:7:480:446:15:13;19:7:370:450:33:18;21:7:77:394:229:92,1,SAFE,inf
210,0,8,2:193:432:97:47:0.7251;2:361:448:37:21:0.3469;2:456:448:17:12:0.2268;2:477:446:16:12:0.3157;2:583:450:11:12:0.2147;2:596:446:42:33:0.7798;7:39:389:203:99:0.7632;7:409:433:27:30:0.3943,6,1:2:596:446:42:33;15:2:193:432:97:47;18:2:477:446:16:12;19:2:361:448:37:21;20:7:409:433:27:30;21:7:39:389:203:99,1,SAFE,inf
211,0,7,2:159:432:110:52:0.6304;2:351:449:36:21:0.5254;2:451:447:18:14:0.2466;2:596:446:42:33:0.7944;7:0:385:221:104:0.7666;7:404:433:43:31:0.4226;7:476:445:16:14:0.3811,6,1:2:596:446:42:33;15:2:159:432:110:52;18:7:476:445:16:14;19:2:351:449:36:21;20:7:404:433:43:31;21:7:0:385:221:104,1,SAFE,inf
212,0,7,2:118:431:127:53:0.5542;2:341:448:42:22:0.5718;2:596:446:41:33:0.7881;7:1:380:196:112:0.6465;7:400:433:46:32:0.5601;7:447:446:20:15:0.2108;7:474:445:15:14:0.2766,6,1:2:596:446:41:33;15:2:118:431:127:53;18:7:474:445:15:14;19:2:341:448:42:22;20:7:400:433:46:32;21:7:1:380:196:112,1,SAFE,inf
213,0,7,2:69:428:148:59:0.6992;2:329:448:45:23:0.4922;2:595:446:41:33:0.7993;7:0:372:171:120:0.4150;7:395:432:28:32:0.4092;7:443:445:21:16:0.2323;7:471:444:16:15:0.2942,6,1:2:595:446:41:33;15:2:69:428:148:59;18:7:471:444:16:15;19:2:329:448:45:23;20:7:395:432:28:32;21:7:0:372:171:120,1,SAFE,inf
214,0,6,2:9:426:174:67:0.5186;2:320:448:44:23:0.6636;2:439:447:21:14:0.3008;2:594:446:41:33:0.7217;7:390:431:49:35:0.4785;7:469:445:16:14:0.2751,5,1:2:594:446:41:33;15:2:9:426:174:67;18:7:469:445:16:14;19:2:320:448:44:23;20:7:390:431:49:35,1,SAFE,inf
215,0,6,2:303:446:47:25:0.4570;2:593:446:42:33:0.7251;7:0:424:144:71:0.3379;7:385:430:48:36:0.4961;7:435:445:23:16:0.2255;7:467:444:16:15:0.2043,5,1:2:593:446:42:33;15:7:0:424:144:71;18:7:467:444:16:15;19:2:303:446:47:25;20:7:385:430:48:36,1,SAFE,inf
216,0,5,2:286:446:54:26:0.6738;2:431:446:23:16:0.3630;2:592:446:42:34:0.7202;7:379:430:51:36:0.5195;7:464:444:17:15:0.3433,4,1:2:592:446:42:34;18:7:464:444:17:15;19:2:286:446:54:26;20:7:379:430:51:36,1,SAFE,inf
217,0,5,2:268:446:59:27:0.6978;2:591:446:43:34:0.7446;7:373:429:55:37:0.5850;7:428:445:23:17:0.3611;7:462:445:16:14:0.3091,5,1:2:591:446:43:34;18:7:462:445:16:14;19:2:268:446:59:27;20:7:373:429:55:37;23:7:428:445:23:17,1,SAFE,inf
218,0,6,2:249:446:64:28:0.6792;2:389:448:31:17:0.4263;2:459:444:16:15:0.3594;2:591:446:43:34:0.8174;7:367:429:31:37:0.3999;7:423:445:24:17:0.2583,5,1:2:591:446:43:34;18:2:459:444:16:15;19:2:249:446:64:28;20:7:367:429:31:37;23:7:423:445:24:17,1,SAFE,inf
219,0,5,2:225:446:71:30:0.6133;2:591:445:42:35:0.8521;7:361:428:57:38:0.4436;7:418:444:26:18:0.2295;7:456:443:18:16:0.3452,5,1:2:591:445:42:35;18:7:456:443:18:16;19:2:225:446:71:30;20:7:361:428:57:38;23:7:418:444:26:18,1,SAFE,46.043
220,0,5,2:201:448:75:31:0.4321;2:591:445:41:35:0.8115;7:354:428:61:39:0.4824;7:414:445:25:16:0.3025;7:453:443:18:16:0.2213,5,1:2:591:445:41:35;18:7:453:443:18:16;19:2:201:448:75:31;20:7:354:428:61:39;23:7:414:445:25:16,1,SAFE,15.948
221,0,5,2:172:447:83:35:0.6689;2:367:448:31:18:0.4131;2:591:445:40:34:0.8154;7:409:444:26:19:0.2422;7:450:443:19:16:0.2925,5,1:2:591:445:40:34;18:7:450:443:19:16;19:2:172:447:83:35;20:2:367:448:31:18;23:7:409:444:26:19,1,SAFE,12.680
222,0,6,2:136:446:96:39:0.6958;2:357:447:34:20:0.5679;2:590:446:41:33:0.8081;7:341:427:31:40:0.2705;7:404:444:26:19:0.2644;7:447:443:20:16:0.3208,5,1:2:590:446:41:33;18:7:447:443:20:16;19:2:136:446:96:39;20:2:357:447:34:20;23:7:404:444:26:19,1,SAFE,13.763
223,0,5,2:92:446:113:43:0.6582;2:348:448:36:19:0.4707;2:588:445:42:34:0.8335;7:397:444:27:19:0.2942;7:443:443:21:17:0.3523,5,1:2:588:445:42:34;18:7:443:443:21:17;19:2:92:446:113:43;20:2:348:448:36:19;23:7:397:444:27:19,1,SAFE,10.868
224,0,5,2:42:446:134:45:0.4092;2:336:449:39:20:0.7188;2:587:445:43:34:0.8198;7:390:445:31:20:0.2227;7:440:444:21:18:0.4475,5,1:2:587:445:43:34;18:7:440:444:21:18;19:2:42:446:134:45;20:2:336:449:39:20;23:7:390:445:31:20,1,SAFE,11.654
225,0,5,2:2:446:135:50:0.6807;2:325:449:42:21:0.4282;2:585:445:44:35:0.8174;7:372:446:41:20:0.1144;7:437:444:20:16:0.3850,5,1:2:585:445:44:35;18:7:437:444:20:16;19:2:2:446:135:50;20:2:325:449:42:21;23:7:372:446:41:20,1,SAFE,10.191
226,0,5,2:2:446:88:50:0.4980;2:320:450:36:21:0.3057;2:374:447:35:19:0.1321;2:585:446:42:34:0.8008;7:433:444:21:18:0.4707,5,1:2:585:446:42:34;18:7:433:444:21:18;19:2:2:446:88:50;20:2:320:450:36:21;23:2:374:447:35:19,1,SAFE,12.131
227,0,3,2:584:446:42:34:0.7812;7:294:424:83:46:0.1432;7:429:443:23:18:0.4187,3,1:2:584:446:42:34;18:7:429:443:23:18;20:7:294:424:83:46,1,SAFE,15.739
228,0,4,2:320:450:13:20:0.3904;2:359:446:38:21:0.1019;2:583:446:43:34:0.7759;7:425:443:24:19:0.5659,4,1:2:583:446:43:34;18:7:425:443:24:19;20:2:359:446:38:21;23:2:320:450:13:20,1,SAFE,24.127
229,0,3,2:266:448:55:24:0.1656;2:583:446:42:34:0.7959;7:421:443:24:18:0.4055,3,1:2:583:446:42:34;18:7:421:443:24:18;23:2:266:448:55:24,1,SAFE,inf
230,0,3,2:582:446:42:33:0.8501;7:245:417:62:56:0.2673;7:416:442:25:20:0.4961,3,1:2:582:446:42:33;18:7:416:442:25:20;23:7:245:417:62:56,1,SAFE,inf
231,0,4,2:225:448:66:26:0.1587;2:341:446:36:22:0.1495;2:582:445:41:34:0.8623;7:411:442:27:20:0.4805,3,1:2:582:445:41:34;18:7:411:442:27:20;23:2:225:448:66:26,1,SAFE,inf
232,0,4,2:203:448:70:28:0.3831;2:580:445:42:35:0.8750;7:321:442:47:27:0.2690;7:406:441:26:21:0.5815,3,1:2:580:445:42:35;18:7:406:441:26:21;23:2:203:448:70:28,1,SAFE,inf
233,0,4,2:172:451:77:27:0.3311;2:579:446:42:34:0.8579;7:320:442:38:27:0.2186;7:401:442:29:21:0.5815,3,1:2:579:446:42:34;18:7:401:442:29:21;23:2:172:451:77:27,1,SAFE,inf
234,0,5,0:1024:484:11:31:0.2101;2:140:448:92:34:0.6040;2:578:446:41:33:0.8643;7:320:441:28:30:0.3311;7:395:441:26:21:0.5737,3,1:2:578:446:41:33;18:7:395:441:26:21;23:2:140:448:92:34,1,SAFE,inf
235,0,5,0:1064:488:12:28:0.1473;2:104:448:100:35:0.6206;2:303:445:36:25:0.1907;2:577:446:41:33:0.8740;7:390:441:24:21:0.5815,3,1:2:577:446:41:33;18:7:390:441:24:21;23:2:104:448:100:35,1,SAFE,inf
236,0,5,2:57:447:120:41:0.6758;2:288:444:39:26:0.2200;2:576:446:42:34:0.8511;7:155:408:150:70:0.1987;7:383:441:25:23:0.5039,3,1:2:576:446:42:34;18:7:383:441:25:23;23:2:57:447:120:41,1,SAFE,inf
237,0,5,0:1173:494:14:41:0.2917;2:10:448:130:42:0.5640;2:574:446:43:34:0.8599;7:130:408:166:75:0.3364;7:377:441:27:23:0.5757,3,1:2:574:446:43:34;18:7:377:441:27:23;23:2:10:448:130:42,1,SAFE,inf
238,0,5,0:1246:502:20:45:0.2437;2:0:449:97:44:0.5815;2:574:446:42:34:0.8389;7:100:406:180:78:0.5420;7:370:441:28:24:0.5234,4,1:2:574:446:42:34;18:7:370:441:28:24;23:2:0:449:97:44;24:7:100:406:180:78,1,SAFE,inf
239,0,4,2:0:449:50:48:0.5581;2:573:446:42:34:0.8696;7:205:441:79:37:0.1045;7:362:441:29:24:0.6372,4,1:2:573:446:42:34;18:7:362:441:29:24;23:2:0:449:50:48;24:7:205:441:79:37,1,SAFE,inf
240,0,3,2:572:446:42:34:0.8760;7:37:401:214:88:0.2742;7:355:440:31:26:0.4377,3,1:2:572:446:42:34;18:7:355:440:31:26;24:7:37:401:214:88,1,SAFE,inf
241,0,4,2:75:455:56:32:0.1561;2:143:450:64:32:0.1056;2:571:445:42:35:0.8418;7:346:440:30:26:0.4514,3,1:2:571:445:42:35;18:7:346:440:30:26;24:2:75:455:56:32,1,SAFE,39.841
242,0,5,2:39:454:67:35:0.2173;2:108:434:73:49:0.1836;2:148:438:75:43:0.3701;2:569:445:43:34:0.7759;7:337:440:33:27:0.5796,3,1:2:569:445:43:34;18:7:337:440:33:27;24:2:39:454:67:35,1,SAFE,35.112
243,0,4,2:27:458:42:33:0.2108;2:71:434:77:51:0.1576;2:568:446:42:34:0.7744;7:330:437:48:34:0.4688,3,1:2:568:446:42:34;18:7:330:437:48:34;24:2:27:458:42:33,1,SAFE,31.387
244,0,6,2:0:460:22:30:0.2925;2:18:436:89:53:0.1931;2:343:447:29:24:0.1442;2:436:452:16:10:0.4302;2:568:446:41:34:0.8418;7:321:435:48:34:0.4397,3,1:2:568:446:41:34;18:7:321:435:48:34;24:2:0:460:22:30,1,SAFE,28.376
245,0,5,2:322:451:39:19:0.1471;2:432:450:18:11:0.4148;2:566:445:42:34:0.8276;7:0:400:146:96:0.2218;7:307:435:48:34:0.4207,2,1:2:566:445:42:34;18:7:307:435:48:34,1,SAFE,inf
246,0,4,2:0:430:106:60:0.1019;2:428:451:17:10:0.3887;2:566:445:42:33:0.8374;7:294:433:58:36:0.4805,3,1:2:566:445:42:33;18:7:294:433:58:36;25:2:428:451:17:10,1,SAFE,inf
247,0,3,2:424:451:19:10:0.4456;2:565:445:41:33:0.8784;7:281:433:62:37:0.4590,3,1:2:565:445:41:33;18:7:281:433:62:37;25:2:424:451:19:10,1,SAFE,inf
248,0,4,2:420:451:19:11:0.4207;2:564:445:41:33:0.7842;7:268:433:43:37:0.3293;7:290:432:42:40:0.1432,3,1:2:564:445:41:33;18:7:268:433:43:37;25:2:420:451:19:11,1,SAFE,inf
249,0,3,2:416:450:19:12:0.4766;2:562:445:42:33:0.8140;7:252:431:62:40:0.2659,3,1:2:562:445:42:33;18:7:252:431:62:40;25:2:416:450:19:12,1,SAFE,inf
250,0,3,2:411:450:21:11:0.5156;2:561:444:42:34:0.8457;7:236:429:73:43:0.4397,3,1:2:561:444:42:34;18:7:236:429:73:43;25:2:411:450:21:11,1,SAFE,inf
251,0,3,2:407:450:22:12:0.4495;2:559:444:43:35:0.8335;7:214:428:82:46:0.3831,3,1:2:559:444:43:35;18:7:214:428:82:46;25:2:407:450:22:12,1,SAFE,inf
252,0,3,2:401:450:23:13:0.3259;2:558:444:44:35:0.8511;7:194:427:88:51:0.4438,3,1:2:558:444:44:35;18:7:194:427:88:51;25:2:401:450:23:13,1,SAFE,inf
253,0,4,2:397:450:22:12:0.3381;2:557:445:43:34:0.8291;7:172:430:59:45:0.3923;7:197:426:68:52:0.3276,3,1:2:557:445:43:34;18:7:197:426:68:52;25:2:397:450:22:12,1,SAFE,inf
254,0,3,2:391:451:23:12:0.2910;2:557:445:42:34:0.8799;7:143:425:107:58:0.5176,3,1:2:557:445:42:34;18:7:143:425:107:58;25:2:391:451:23:12,1,SAFE,inf
255,0,3,2:384:451:25:12:0.2583;2:555:445:43:35:0.8540;7:111:425:118:59:0.4233,3,1:2:555:445:43:35;18:7:111:425:118:59;25:2:384:451:25:12,1,SAFE,35.575
256,0,3,2:379:451:23:12:0.2815;2:554:445:43:35:0.8398;7:76:421:132:67:0.4031,3,1:2:554:445:43:35;18:7:76:421:132:67;25:2:379:451:23:12,1,SAFE,13.330
257,0,3,2:372:451:29:15:0.3469;2:552:445:44:35:0.7690;7:33:419:149:70:0.3755,3,1:2:552:445:44:35;18:7:33:419:149:70;25:2:372:451:29:15,1,SAFE,10.298
258,0,3,2:365:451:30:17:0.3452;2:553:446:41:34:0.7690;7:1:418:152:74:0.3469,3,1:2:553:446:41:34;18:7:1:418:152:74;25:2:365:451:30:17,1,SAFE,10.596
259,0,3,2:357:451:31:16:0.3364;2:551:446:43:35:0.8091;7:0:414:121:81:0.2793,3,1:2:551:446:43:35;18:7:0:414:121:81;25:2:357:451:31:16,1,SAFE,8.821
260,0,3,2:350:451:31:17:0.3345;2:516:499:15:12:0.3523;2:550:446:43:34:0.7124,2,1:2:550:446:43:34;25:2:350:451:31:17,1,SAFE,9.300
261,0,2,2:340:451:32:16:0.3738;2:549:445:42:35:0.7505,2,1:2:549:445:42:35;25:2:340:451:32:16,1,SAFE,10.220
262,0,3,2:331:452:35:15:0.4397;2:503:505:20:18:0.2240;2:548:446:43:34:0.8965,2,1:2:548:446:43:34;25:2:331:452:35:15,1,SAFE,16.624
263,0,2,2:320:452:40:20:0.5352;2:546:445:44:35:0.8398,2,1:2:546:445:44:35;25:2:320:452:40:20,1,SAFE,24.400
264,0,2,2:311:451:41:18:0.5776;2:545:445:44:35:0.8057,2,1:2:545:445:44:35;25:2:311:451:41:18,1,SAFE,inf
265,0,2,2:301:452:39:18:0.3757;2:545:446:43:34:0.7661,2,1:2:545:446:43:34;25:2:301:452:39:18,1,SAFE,inf
266,0,2,2:320:451:13:19:0.3091;2:543:446:44:34:0.7959,2,1:2:543:446:44:34;25:2:320:451:13:19,1,SAFE,inf
267,0,2,2:271:451:51:21:0.4941;2:542:446:44:34:0.7720,1,1:2:542:446:44:34,1,SAFE,inf
268,0,3,2:257:451:54:22:0.5039;2:508:493:13:10:0.2295;2:541:446:44:34:0.7690,1,1:2:541:446:44:34,1,SAFE,inf
269,0,2,2:240:450:57:24:0.5566;2:542:445:42:35:0.7773,2,1:2:542:445:42:35;26:2:240:450:57:24,1,SAFE,inf
270,0,2,2:221:451:63:25:0.4534;2:540:445:43:34:0.7944,2,1:2:540:445:43:34;26:2:221:451:63:25,1,SAFE,inf
271,0,2,2:202:450:67:26:0.4341;2:539:445:43:35:0.8208,2,1:2:539:445:43:35;26:2:202:450:67:26,1,SAFE,inf
272,0,3,2:177:447:73:31:0.5488;2:480:504:24:17:0.2302;2:538:445:44:35:0.8833,2,1:2:538:445:44:35;26:2:177:447:73:31,1,SAFE,inf
273,0,3,2:148:448:81:30:0.3381;2:418:451:16:10:0.3191;2:537:445:44:34:0.8491,2,1:2:537:445:44:34;26:2:148:448:81:30,1,SAFE,inf
274,0,3,2:117:449:91:29:0.3108;2:414:451:17:10:0.4377;2:536:444:44:36:0.8740,2,1:2:536:444:44:36;26:2:117:449:91:29,1,SAFE,27.307
275,0,4,2:80:453:85:26:0.1225;2:116:450:70:30:0.2281;2:410:450:18:10:0.3486;2:535:444:44:36:0.8633,3,1:2:535:444:44:36;26:2:116:450:70:30;27:2:410:450:18:10,1,SAFE,18.277
276,0,3,2:62:447:91:34:0.1598;2:407:450:17:11:0.4072;2:535:443:43:36:0.8481,3,1:2:535:443:43:36;26:2:62:447:91:34;27:2:407:450:17:11,1,SAFE,10.928
277,0,3,2:13:446:105:36:0.2310;2:402:450:19:11:0.3540;2:534:443:43:35:0.8589,3,1:2:534:443:43:35;26:2:13:446:105:36;27:2:402:450:19:11,1,SAFE,12.601
278,0,3,2:0:446:79:37:0.4436;2:398:450:20:12:0.5566;2:534:444:43:34:0.8311,3,1:2:534:444:43:34;26:2:0:446:79:37;27:2:398:450:20:12,1,SAFE,14.879
279,0,3,2:0:446:32:37:0.1394;2:394:450:21:12:0.3738;2:533:443:43:36:0.8042,3,1:2:533:443:43:36;26:2:0:446:32:37;27:2:394:450:21:12,1,SAFE,9.902
280,0,2,2:390:450:21:12:0.2893;2:532:444:44:34:0.7881,2,1:2:532:444:44:34;27:2:390:450:21:12,1,SAFE,15.599
281,0,2,2:383:450:22:12:0.3242;2:531:444:44:34:0.7490,2,1:2:531:444:44:34;27:2:383:450:22:12,1,SAFE,36.731
282,0,2,2:379:450:19:12:0.2173;2:531:443:44:34:0.7388,2,1:2:531:443:44:34;27:2:379:450:19:12,1,SAFE,inf
283,0,2,2:371:449:27:14:0.2517;2:530:444:43:33:0.7646,2,1:2:530:444:43:33;27:2:371:449:27:14,1,SAFE,inf
284,0,2,2:365:449:26:14:0.3943;2:530:443:43:34:0.7690,2,1:2:530:443:43:34;27:2:365:449:26:14,1,SAFE,inf
285,0,2,2:358:448:27:15:0.4785;2:529:442:44:35:0.7734,2,1:2:529:442:44:35;27:2:358:448:27:15,1,SAFE,inf
286,0,2,2:348:448:34:17:0.2012;2:528:442:45:35:0.8232,2,1:2:528:442:45:35;27:2:348:448:34:17,1,SAFE,inf
287,0,2,2:344:448:30:15:0.2539;2:528:442:44:34:0.7905,2,1:2:528:442:44:34;27:2:344:448:30:15,1,SAFE,inf
288,0,1,2:527:443:45:34:0.8154,1,1:2:527:443:45:34,1,SAFE,inf
289,0,3,2:458:447:13:10:0.2437;2:526:443:45:34:0.8242;7:327:448:31:18:0.2751,2,1:2:526:443:45:34;27:7:327:448:31:18,1,SAFE,inf
290,0,2,2:317:449:35:18:0.3433;2:526:443:44:35:0.8032,2,1:2:526:443:44:35;27:2:317:449:35:18,1,SAFE,inf
291,0,2,2:307:448:35:19:0.2598;2:525:443:45:35:0.8188,2,1:2:525:443:45:35;27:2:307:448:35:19,1,SAFE,inf
292,0,2,2:525:443:44:35:0.8066;7:320:448:13:18:0.2437,2,1:2:525:443:44:35;27:7:320:448:13:18,1,SAFE,34.923
293,0,2,2:282:448:41:20:0.3523;2:525:443:44:35:0.8164,2,1:2:525:443:44:35;27:2:282:448:41:20,1,SAFE,31.331
294,0,3,2:268:448:43:20:0.3345;2:417:449:17:10:0.4111;2:524:444:45:34:0.8091,2,1:2:524:444:45:34;27:2:268:448:43:20,1,SAFE,16.857
295,0,3,2:252:447:46:24:0.3416;2:413:449:15:10:0.4844;2:524:444:45:35:0.7969,2,1:2:524:444:45:35;27:2:252:447:46:24,1,SAFE,15.239
296,0,3,2:235:446:51:25:0.3259;2:409:449:18:10:0.4131;2:524:443:44:36:0.7905,3,1:2:524:443:44:36;27:2:235:446:51:25;28:2:409:449:18:10,1,SAFE,11.121
297,0,3,2:216:446:55:25:0.2720;2:399:449:24:11:0.3867;2:524:443:44:36:0.7891,3,1:2:524:443:44:36;27:2:216:446:55:25;28:2:399:449:24:11,1,SAFE,9.250
298,0,4,2:194:447:62:25:0.4590;2:400:449:20:11:0.4207;2:440:447:17:11:0.3503;2:523:444:44:35:0.7944,3,1:2:523:444:44:35;27:2:194:447:62:25;28:2:400:449:20:11,1,SAFE,13.605
299,0,4,2:172:448:64:24:0.3433;2:383:450:33:10:0.4226;2:439:448:17:10:0.4131;2:523:443:44:36:0.7622,3,1:2:523:443:44:36;27:2:172:448:64:24;28:2:383:450:33:10,1,SAFE,12.615
300,0,4,2:144:450:70:25:0.3040;2:375:451:20:11:0.2524;2:436:448:17:11:0.2925;2:522:444:45:36:0.7661,4,1:2:522:444:45:36;27:2:144:450:70:25;28:2:375:451:20:11;29:2:436:448:17:11,1,SAFE,9.639
301,0,4,2:113:447:79:32:0.2783;2:371:450:36:11:0.5547;2:432:448:19:11:0.4922;2:521:444:45:36:0.7432,4,1:2:521:444:45:36;27:2:113:447:79:32;28:2:371:450:36:11;29:2:432:448:19:11,1,SAFE,7.987
302,0,4,2:77:448:85:32:0.2379;2:366:450:37:12:0.5581;2:430:448:19:12:0.4148;2:521:444:45:36:0.7104,4,1:2:521:444:45:36;27:2:77:448:85:32;28:2:366:450:37:12;29:2:430:448:19:12,1,SAFE,8.416
303,0,4,2:31:446:101:37:0.3738;2:361:450:37:13:0.4514;2:428:448:17:11:0.3999;2:521:444:45:36:0.7153,4,1:2:521:444:45:36;27:2:31:446:101:37;28:2:361:450:37:13;29:2:428:448:17:11,1,SAFE,9.405
304,0,3,2:357:450:36:13:0.5757;2:425:448:18:11:0.4263;2:520:445:46:35:0.7339,3,1:2:520:445:46:35;28:2:357:450:36:13;29:2:425:448:18:11,1,SAFE,15.015
305,0,4,2:0:444:51:41:0.5098;2:350:450:37:14:0.6426;2:422:448:20:12:0.4514;2:520:445:45:35:0.7324,4,1:2:520:445:45:35;27:2:0:444:51:41;28:2:350:450:37:14;29:2:422:448:20:12,1,SAFE,20.579
306,0,3,2:344:450:38:14:0.6460;2:419:448:19:12:0.2766;2:521:445:44:35:0.7402,3,1:2:521:445:44:35;28:2:344:450:38:14;29:2:419:448:19:12,1,SAFE,32.690
307,0,3,2:337:450:37:14:0.5352;2:415:448:21:12:0.3757;2:521:445:44:35:0.7734,3,1:2:521:445:44:35;28:2:337:450:37:14;29:2:415:448:21:12,1,SAFE,inf
308,0,3,2:328:449:39:15:0.4746;2:412:447:21:12:0.3594;2:521:445:44:35:0.7744,3,1:2:521:445:44:35;28:2:328:449:39:15;29:2:412:447:21:12,1,SAFE,inf
309,0,3,2:321:450:37:16:0.2830;2:521:445:44:35:0.7690;7:408:448:21:12:0.2568,3,1:2:521:445:44:35;28:2:321:450:37:16;29:7:408:448:21:12,1,SAFE,inf
310,0,3,2:309:448:40:19:0.3191;2:404:448:23:12:0.2847;2:521:445:45:34:0.7578,3,1:2:521:445:45:34;28:2:309:448:40:19;29:2:404:448:23:12,1,SAFE,inf
311,0,3,2:298:449:43:18:0.3140;2:520:445:45:35:0.7827;7:399:447:23:14:0.2925,3,1:2:520:445:45:35;28:2:298:449:43:18;29:7:399:447:23:14,1,SAFE,inf
312,0,3,2:320:451:13:15:0.2437;2:519:446:46:35:0.7993;7:395:447:23:15:0.2108,3,1:2:519:446:46:35;28:2:320:451:13:15;29:7:395:447:23:15,1,SAFE,inf
313,0,2,2:267:449:57:18:0.4055;2:519:445:46:35:0.7842,1,1:2:519:445:46:35,1,SAFE,inf
314,0,2,2:250:448:67:22:0.4629;2:519:445:47:36:0.7402,1,1:2:519:445:47:36,1,SAFE,inf
315,0,3,2:230:449:75:21:0.3684;2:519:445:47:35:0.7461;7:381:447:27:15:0.3057,3,1:2:519:445:47:35;29:7:381:447:27:15;30:2:230:449:75:21,1,SAFE,inf
316,0,3,2:211:447:86:24:0.3630;2:519:445:47:35:0.7690;7:374:446:28:16:0.2437,3,1:2:519:445:47:35;29:7:374:446:28:16;30:2:211:447:86:24,1,SAFE,inf
317,0,3,2:187:448:99:23:0.2612;2:370:447:30:16:0.3174;2:519:445:47:35:0.8008,3,1:2:519:445:47:35;29:2:370:447:30:16;30:2:187:448:99:23,1,SAFE,inf
318,0,4,2:161:448:79:25:0.2200;2:240:452:38:16:0.1545;2:362:445:32:18:0.3577;2:519:445:47:35:0.8057,3,1:2:519:445:47:35;29:2:362:445:32:18;30:2:161:448:79:25,1,SAFE,inf
319,0,5,0:854:477:13:31:0.1221;2:141:448:75:25:0.2766;2:217:452:48:18:0.3364;2:520:445:46:35:0.8042;7:353:445:35:19:0.3174,3,1:2:520:445:46:35;29:7:353:445:35:19;30:2:141:448:75:25,1,SAFE,inf
320,0,5,0:878:478:15:36:0.5718;2:105:449:88:25:0.2568;2:200:452:53:19:0.4016;2:520:445:46:35:0.8032;7:346:445:37:20:0.2422,3,1:2:520:445:46:35;29:7:346:445:37:20;30:2:105:449:88:25,1,SAFE,inf
321,0,4,2:46:447:115:32:0.3311;2:180:452:57:19:0.3999;2:521:445:45:35:0.7798;7:338:445:39:20:0.3140,4,1:2:521:445:45:35;29:7:338:445:39:20;30:2:46:447:115:32;31:2:180:452:57:19,1,SAFE,inf
322,0,5,0:947:484:14:44:0.1461;2:13:447:116:30:0.3174;2:162:452:60:19:0.3960;2:329:444:40:21:0.4036;2:520:445:47:35:0.8164,4,1:2:520:445:47:35;29:2:329:444:40:21;30:2:13:447:116:30;31:2:162:452:60:19,1,SAFE,inf
323,1,1,2:552:453:46:35:0.5527,0,,-1,NONE,inf
324,0,1,2:550:453:44:35:0.5098,0,,-1,NONE,inf
325,0,1,2:548:454:44:33:0.6670,1,32:2:548:454:44:33,-1,NONE,inf
326,0,1,2:545:453:45:34:0.6245,1,32:2:545:453:45:34,-1,NONE,inf
327,0,1,2:543:453:44:34:0.6875,1,32:2:543:453:44:34,-1,NONE,inf
328,0,1,2:542:454:44:33:0.7534,1,32:2:542:454:44:33,-1,NONE,inf
329,0,1,2:540:453:46:34:0.6260,1,32:2:540:453:46:34,-1,NONE,inf
330,0,1,2:539:453:45:34:0.6841,1,32:2:539:453:45:34,-1,NONE,inf
331,0,1,2:537:452:46:35:0.6567,1,32:2:537:452:46:35,-1,NONE,inf
332,0,1,2:537:453:44:34:0.7056,1,32:2:537:453:44:34,-1,NONE,inf
333,0,1,2:536:453:44:33:0.7310,1,32:2:536:453:44:33,-1,NONE,inf
334,0,1,2:536:453:43:33:0.6826,1,32:2:536:453:43:33,-1,NONE,inf
335,0,1,2:535:453:44:33:0.5718,1,32:2:535:453:44:33,-1,NONE,inf
336,0,1,2:534:452:42:32:0.5078,1,32:2:534:452:42:32,-1,NONE,inf
337,0,1,2:533:453:44:33:0.5371,1,32:2:533:453:44:33,-1,NONE,inf
338,0,1,2:532:453:44:33:0.5156,1,32:2:532:453:44:33,-1,NONE,inf
339,0,1,2:532:453:43:33:0.6206,1,32:2:532:453:43:33,32,SAFE,inf
340,0,1,2:533:453:42:32:0.6074,1,32:2:533:453:42:32,32,SAFE,inf
341,0,1,2:532:453:42:33:0.6548,1,32:2:532:453:42:33,32,SAFE,inf
342,0,1,2:532:453:42:33:0.5962,1,32:2:532:453:42:33,32,SAFE,inf
343,0,1,2:532:453:42:32:0.6479,1,32:2:532:453:42:32,32,SAFE,inf
344,0,1,2:532:453:41:33:0.6772,1,32:2:532:453:41:33,32,SAFE,inf
345,0,1,2:532:453:42:33:0.6514,1,32:2:532:453:42:33,32,SAFE,inf
346,0,1,2:532:454:42:32:0.6113,1,32:2:532:454:42:32,32,SAFE,inf
347,0,1,2:532:453:41:32:0.6074,1,32:2:532:453:41:32,32,SAFE,inf
348,0,2,2:532:454:41:31:0.6021;5:813:429:144:49:0.2295,1,32:2:532:454:41:31,32,SAFE,inf
349,0,1,2:532:453:41:32:0.6582,1,32:2:532:453:41:32,32,SAFE,inf
350,0,1,2:533:453:40:31:0.6689,1,32:2:533:453:40:31,32,SAFE,inf
351,0,1,2:533:453:40:31:0.6860,1,32:2:533:453:40:31,32,SAFE,inf
352,0,1,2:533:453:40:31:0.6943,1,32:2:533:453:40:31,32,SAFE,inf
353,0,1,2:533:453:41:31:0.7646,1,32:2:533:453:41:31,32,SAFE,inf
354,0,1,2:533:453:41:30:0.8105,1,32:2:533:453:41:30,32,SAFE,inf
355,0,1,2:534:453:40:30:0.8105,1,32:2:534:453:40:30,32,SAFE,inf
356,0,1,2:534:453:40:31:0.8198,1,32:2:534:453:40:31,32,SAFE,inf
357,0,1,2:534:453:41:30:0.8301,1,32:2:534:453:41:30,32,SAFE,inf
358,0,1,2:535:453:40:30:0.8408,1,32:2:535:453:40:30,32,SAFE,inf
359,0,1,2:536:453:39:30:0.8354,1,32:2:536:453:39:30,32,SAFE,inf
360,0,1,2:537:452:39:31:0.7852,1,32:2:537:452:39:31,32,SAFE,inf
361,0,1,2:537:452:38:31:0.7251,1,32:2:537:452:38:31,32,SAFE,inf
362,0,1,2:537:452:39:31:0.7041,1,32:2:537:452:39:31,32,SAFE,inf
363,0,1,2:538:451:39:31:0.6909,1,32:2:538:451:39:31,32,SAFE,inf
364,0,1,2:539:451:38:30:0.7075,1,32:2:539:451:38:30,32,SAFE,inf
365,0,1,2:539:451:38:30:0.7168,1,32:2:539:451:38:30,32,SAFE,inf
366,0,1,2:540:451:38:30:0.7388,1,32:2:540:451:38:30,32,SAFE,inf
367,0,1,2:541:451:37:30:0.7646,1,32:2:541:451:37:30,32,SAFE,inf
368,0,1,2:541:451:38:30:0.7676,1,32:2:541:451:38:30,32,SAFE,inf
369,0,1,2:541:451:38:30:0.7339,1,32:2:541:451:38:30,32,SAFE,inf
370,0,1,2:541:452:37:29:0.7295,1,32:2:541:452:37:29,32,SAFE,inf
371,0,1,2:542:451:37:29:0.7153,1,32:2:542:451:37:29,32,SAFE,inf
372,0,1,2:542:451:37:29:0.7090,1,32:2:542:451:37:29,32,SAFE,inf
373,0,1,2:543:451:37:29:0.7075,1,32:2:543:451:37:29,32,SAFE,inf
374,0,2,2:543:451:37:29:0.7734;7:1018:364:261:151:0.2524,1,32:2:543:451:37:29,32,SAFE,inf
375,0,2,2:544:451:36:29:0.7593;7:1136:363:143:153:0.1699,1,32:2:544:451:36:29,32,SAFE,inf
376,0,2,2:544:450:36:29:0.7661;7:1037:365:242:149:0.2153,1,32:2:544:450:36:29,32,SAFE,inf
377,0,2,2:544:450:37:29:0.7744;7:634:423:125:48:0.2268,1,32:2:544:450:37:29,32,SAFE,inf
378,0,2,2:544:450:38:29:0.7690;7:634:421:126:49:0.3057,1,32:2:544:450:38:29,32,SAFE,inf
379,0,2,2:544:449:37:29:0.7549;7:635:420:126:49:0.2338,1,32:2:544:449:37:29,32,SAFE,inf
380,0,1,2:545:449:36:29:0.7798,1,32:2:545:449:36:29,32,SAFE,inf
381,0,2,2:545:448:36:30:0.7593;7:1056:311:223:206:0.2289,1,32:2:545:448:36:30,32,SAFE,inf
382,0,3,2:545:448:36:30:0.7676;7:964:416:75:68:0.1510;7:1062:318:217:199:0.2659,1,32:2:545:448:36:30,32,SAFE,inf
383,0,5,2:543:447:11:12:0.3025;2:545:449:36:29:0.7734;7:631:417:135:52:0.2186;7:933:414:111:72:0.2554;7:1063:313:216:205:0.3098,1,32:2:545:449:36:29,32,SAFE,inf
384,0,5,2:542:447:12:12:0.2690;2:544:449:36:29:0.8018;7:631:417:136:50:0.2018;7:957:413:88:72:0.1733;7:1068:309:211:211:0.2644,1,32:2:544:449:36:29,32,SAFE,30.620
385,0,5,2:541:447:12:11:0.3242;2:544:449:36:28:0.7827;5:619:417:149:50:0.1074;7:989:412:61:72:0.2598;7:1077:313:202:205:0.1437,2,32:2:544:449:36:28;33:2:541:447:12:11,32,SAFE,inf
386,0,4,2:540:447:12:12:0.3259;2:544:448:36:29:0.8091;7:628:415:143:52:0.1136;7:997:410:59:76:0.3276,2,32:2:544:448:36:29;33:2:540:447:12:12,32,SAFE,inf
387,0,4,2:540:447:12:12:0.2598;2:544:448:36:28:0.8198;7:634:415:136:53:0.2480;7:1006:410:54:75:0.1432,2,32:2:544:448:36:28;33:2:540:447:12:12,32,SAFE,inf
388,0,3,2:539:447:11:13:0.3381;2:543:448:35:29:0.8164;7:633:414:137:55:0.2959,2,32:2:543:448:35:29;33:2:539:447:11:13,32,SAFE,inf
389,0,5,0:825:422:33:59:0.1089;0:922:425:23:66:0.1263;2:539:447:11:14:0.3174;2:543:448:35:29:0.8057;7:631:414:140:54:0.3887,2,32:2:543:448:35:29;33:2:539:447:11:14,32,SAFE,inf
390,0,3,2:538:447:12:14:0.2878;2:543:448:35:28:0.8364;7:629:414:144:55:0.3328,2,32:2:543:448:35:28;33:2:538:447:12:14,32,SAFE,inf
391,0,3,2:537:447:12:13:0.2629;2:543:448:34:29:0.8374;7:626:414:148:55:0.3943,3,32:2:543:448:34:29;33:2:537:447:12:13;34:7:626:414:148:55,32,SAFE,inf
392,0,3,2:537:447:12:13:0.2338;2:543:448:34:29:0.8276;7:624:414:151:55:0.2069,3,32:2:543:448:34:29;33:2:537:447:12:13;34:7:624:414:151:55,32,SAFE,inf
393,0,2,2:543:448:34:29:0.8032;7:833:412:121:77:0.2108,1,32:2:543:448:34:29,32,SAFE,inf
394,0,2,2:542:450:35:27:0.7798;7:832:410:127:81:0.2861,2,32:2:542:450:35:27;34:7:832:410:127:81,32,SAFE,inf
395,0,2,2:542:450:35:28:0.7827;7:630:414:149:54:0.1285,1,32:2:542:450:35:28,32,SAFE,inf
396,0,5,0:1024:452:23:51:0.1716;2:535:447:11:14:0.2366;2:542:450:35:28:0.7930;7:623:413:156:57:0.1067;7:1106:312:173:303:0.1422,1,32:2:542:450:35:28,32,SAFE,inf
397,0,3,0:1032:460:22:45:0.1060;2:541:450:35:29:0.6875;7:619:413:165:62:0.2837,1,32:2:541:450:35:29,32,SAFE,inf
398,0,2,2:541:450:35:29:0.6226;7:619:414:167:61:0.4207,1,32:2:541:450:35:29,32,SAFE,inf
399,0,4,0:1022:458:22:48:0.2759;2:540:451:36:28:0.6514;2:1110:476:46:32:0.1144;7:618:414:169:60:0.3811,1,32:2:540:451:36:28,32,SAFE,inf
400,0,2,2:541:451:35:29:0.6895;7:618:414:171:60:0.4341,2,32:2:541:451:35:29;35:7:618:414:171:60,32,SAFE,inf
401,0,2,2:541:451:35:29:0.6279;7:617:414:174:61:0.3469,2,32:2:541:451:35:29;35:7:617:414:174:61,32,SAFE,inf
402,0,4,2:532:450:12:12:0.2200;2:540:451:35:29:0.6299;7:624:413:167:62:0.4766;7:879:416:80:76:0.2186,2,32:2:540:451:35:29;35:7:624:413:167:62,32,SAFE,inf
403,0,2,2:541:452:34:28:0.6440;7:618:413:179:64:0.3701,2,32:2:541:452:34:28;35:7:618:413:179:64,32,SAFE,inf
404,0,4,2:531:450:12:13:0.2394;2:540:452:35:28:0.7007;7:617:414:177:63:0.5508;7:884:417:75:80:0.4358,2,32:2:540:452:35:28;35:7:617:414:177:63,32,SAFE,inf
405,0,4,2:530:450:13:13:0.2629;2:540:453:35:27:0.6943;7:618:413:178:65:0.5488;7:850:345:109:152:0.2480,2,32:2:540:453:35:27;35:7:618:413:178:65,32,SAFE,inf
406,0,3,2:540:453:35:27:0.7280;7:617:413:180:64:0.4187;7:890:417:69:81:0.2629,2,32:2:540:453:35:27;35:7:617:413:180:64,32,SAFE,inf
407,0,3,2:540:453:35:27:0.7026;7:617:413:181:65:0.4397;7:853:340:106:158:0.2234,2,32:2:540:453:35:27;35:7:617:413:181:65,32,SAFE,inf
408,0,2,2:540:453:34:27:0.7881;7:617:413:184:64:0.3503,2,32:2:540:453:34:27;35:7:617:413:184:64,32,SAFE,inf
409,0,1,2:540:453:34:28:0.7930,1,32:2:540:453:34:28,32,SAFE,inf
410,0,2,2:540:453:34:27:0.7622;7:617:412:187:65:0.3320,2,32:2:540:453:34:27;35:7:617:412:187:65,32,SAFE,inf
411,0,2,2:540:453:34:27:0.7944;7:616:412:191:65:0.5352,2,32:2:540:453:34:27;35:7:616:412:191:65,32,SAFE,inf
412,0,2,2:540:453:33:26:0.7993;7:615:412:194:66:0.3108,2,32:2:540:453:33:26;35:7:615:412:194:66,32,SAFE,inf
413,0,3,2:526:450:12:14:0.2629;2:540:453:33:27:0.7842;7:616:412:196:66:0.3398,2,32:2:540:453:33:27;35:7:616:412:196:66,32,SAFE,inf
414,0,3,2:526:450:12:13:0.3157;2:540:453:33:26:0.7959;7:616:411:194:66:0.3201,2,32:2:540:453:33:26;35:7:616:411:194:66,32,SAFE,inf
415,0,4,0:305:458:11:27:0.1196;2:525:450:12:13:0.2134;2:540:453:33:26:0.7607;7:616:411:198:67:0.2358,2,32:2:540:453:33:26;35:7:616:411:198:67,32,SAFE,inf
416,0,2,2:540:453:33:26:0.7578;7:616:410:199:67:0.4980,2,32:2:540:453:33:26;35:7:616:410:199:67,32,SAFE,inf
417,0,2,2:540:453:32:26:0.7593;7:616:411:204:67:0.3208,2,32:2:540:453:32:26;35:7:616:411:204:67,32,SAFE,inf
418,0,4,0:290:459:15:27:0.1086;2:540:453:32:26:0.7578;7:616:410:205:69:0.3960;7:816:420:105:56:0.2480,2,32:2:540:453:32:26;35:7:616:410:205:69,32,SAFE,inf
419,0,3,0:287:459:13:27:0.1101;2:540:452:32:27:0.7168;7:617:408:205:71:0.4609,2,32:2:540:452:32:27;35:7:617:408:205:71,32,SAFE,inf
420,0,5,2:523:449:13:14:0.2705;2:539:452:32:27:0.7202;7:321:405:82:62:0.2379;7:617:407:207:71:0.3132;7:876:419:47:54:0.2351,2,32:2:539:452:32:27;35:7:617:407:207:71,32,SAFE,inf
421,0,6,0:274:463:15:24:0.1348;2:523:449:12:14:0.2480;2:539:452:32:27:0.6943;7:321:406:81:61:0.2644;7:617:407:212:71:0.2220;7:879:418:47:56:0.2644,2,32:2:539:452:32:27;35:7:617:407:212:71,32,SAFE,inf
422,0,6,0:269:463:14:24:0.1045;2:523:449:12:13:0.3242;2:538:452:33:27:0.7104;7:321:405:80:62:0.3943;7:616:407:217:71:0.2473;7:881:417:42:57:0.2524,2,32:2:538:452:33:27;35:7:616:407:217:71,32,SAFE,inf
423,0,5,2:522:448:12:14:0.2407;2:538:451:33:27:0.7153;5:610:405:222:73:0.3684;7:321:405:79:62:0.5195;7:883:417:48:55:0.2240,2,32:2:538:451:33:27;35:5:610:405:222:73,32,SAFE,inf
424,0,5,0:258:464:16:23:0.1005;0:1206:467:25:68:0.1639;2:538:451:33:27:0.8301;5:615:404:224:73:0.2213;7:320:404:79:62:0.2524,3,32:2:538:451:33:27;35:5:615:404:224:73;36:7:320:404:79:62,32,SAFE,24.755
425,0,4,0:253:462:14:26:0.1466;2:538:451:32:27:0.8267;7:940:411:19:67:0.3611;7:1206:427:73:110:0.1207,1,32:2:538:451:32:27,32,SAFE,15.472
426,0,3,2:538:451:32:27:0.8174;7:321:403:77:62:0.2847;7:941:410:18:69:0.2673,2,32:2:538:451:32:27;36:7:321:403:77:62,32,SAFE,11.252
427,0,3,2:537:451:34:27:0.7905;5:616:401:228:78:0.2798;7:892:415:48:54:0.2673,3,32:2:537:451:34:27;35:5:616:401:228:78;37:7:892:415:48:54,32,SAFE,12.378
428,0,2,2:537:451:33:27:0.7881;5:617:401:235:78:0.3831,2,32:2:537:451:33:27;35:5:617:401:235:78,32,SAFE,9.902
429,0,3,0:225:464:18:26:0.1353;2:537:450:33:27:0.7734;5:619:398:235:80:0.2147,2,32:2:537:450:33:27;35:5:619:398:235:80,32,SAFE,11.252
430,0,4,2:519:447:12:14:0.2069;2:536:451:34:27:0.7827;7:320:431:22:35:0.2200;7:634:401:218:77:0.1804,2,32:2:536:451:34:27;35:7:634:401:218:77,32,SAFE,13.753
431,0,4,2:518:447:13:14:0.2861;2:536:451:34:27:0.7812;7:320:430:33:37:0.2737;7:609:397:350:104:0.2207,3,32:2:536:451:34:27;35:7:609:397:350:104;36:7:320:430:33:37,32,SAFE,19.042
432,0,2,2:518:448:13:14:0.2480;2:536:451:34:27:0.7734,1,32:2:536:451:34:27,32,SAFE,35.364
433,0,3,2:536:451:34:27:0.7812;7:320:401:73:65:0.2659;7:907:412:51:58:0.3469,3,32:2:536:451:34:27;35:7:907:412:51:58;36:7:320:401:73:65,32,SAFE,inf
434,0,3,2:536:451:33:27:0.7827;7:320:401:72:65:0.5137;7:623:398:246:80:0.1009,2,32:2:536:451:33:27;36:7:320:401:72:65,32,SAFE,inf
435,0,2,2:536:451:33:27:0.7852;7:320:401:71:65:0.4055,2,32:2:536:451:33:27;36:7:320:401:71:65,32,SAFE,inf
436,0,4,2:516:448:15:15:0.2568;2:536:452:34:26:0.7959;5:621:393:259:88:0.2227;7:320:402:70:64:0.2583,3,32:2:536:452:34:26;36:7:320:402:70:64;37:2:516:448:15:15,32,SAFE,inf
437,0,2,2:516:449:14:14:0.2268;2:536:452:33:26:0.7891,1,32:2:536:452:33:26,32,SAFE,inf
438,0,2,2:536:453:34:25:0.8042;7:622:392:334:91:0.4187,1,32:2:536:453:34:25,32,SAFE,inf
439,0,2,2:536:453:33:25:0.7959;7:620:391:338:92:0.4377,1,32:2:536:453:33:25,32,SAFE,inf
440,0,4,2:514:449:15:15:0.2532;2:536:453:33:25:0.7944;7:320:403:67:64:0.2255;7:621:390:335:94:0.4648,2,32:2:536:453:33:25;38:7:621:390:335:94,32,SAFE,inf
441,0,4,2:514:449:15:16:0.2173;2:536:453:33:26:0.7944;5:623:391:274:93:0.5117;7:320:403:67:65:0.2338,2,32:2:536:453:33:26;38:5:623:391:274:93,32,SAFE,inf
442,0,4,2:514:449:15:16:0.2351;2:536:452:33:27:0.7720;7:320:403:65:64:0.2379;7:620:390:338:96:0.3923,2,32:2:536:452:33:27;38:7:620:390:338:96,32,SAFE,inf
443,0,4,2:514:449:15:15:0.2207;2:536:453:33:26:0.7534;7:320:403:63:64:0.3208;7:622:388:287:98:0.7041,3,32:2:536:453:33:26;36:7:320:403:63:64;38:7:622:388:287:98,32,SAFE,inf
444,0,4,2:514:449:14:15:0.2407;2:536:453:33:26:0.7578;7:320:404:62:63:0.6074;7:623:388:290:99:0.6895,3,32:2:536:453:33:26;36:7:320:404:62:63;38:7:623:388:290:99,32,SAFE,inf
445,0,3,2:513:449:16:15:0.2437;2:536:453:33:26:0.7676;7:624:386:297:101:0.7007,2,32:2:536:453:33:26;38:7:624:386:297:101,32,SAFE,inf
446,0,4,2:513:449:16:15:0.2050;2:536:453:33:26:0.7188;7:320:404:61:63:0.7388;7:625:387:323:102:0.7646,3,32:2:536:453:33:26;36:7:320:404:61:63;38:7:625:387:323:102,32,SAFE,inf
447,0,3,2:536:453:33:26:0.6958;7:320:404:61:63:0.3452;7:626:386:313:103:0.7446,3,32:2:536:453:33:26;36:7:320:404:61:63;38:7:626:386:313:103,32,SAFE,inf
448,0,3,2:536:453:33:26:0.6860;7:320:404:61:63:0.6040;7:628:385:330:103:0.6670,3,32:2:536:453:33:26;36:7:320:404:61:63;38:7:628:385:330:103,32,SAFE,inf
449,0,4,2:512:449:15:15:0.2081;2:536:453:33:26:0.6655;7:320:404:61:63:0.2910;7:628:384:328:104:0.7168,3,32:2:536:453:33:26;36:7:320:404:61:63;38:7:628:384:328:104,32,SAFE,inf
450,0,4,2:511:449:16:15:0.2437;2:536:453:33:26:0.6670;7:320:403:59:64:0.2798;7:629:383:323:106:0.7007,3,32:2:536:453:33:26;36:7:320:403:59:64;38:7:629:383:323:106,32,SAFE,21.581
451,0,2,2:537:454:33:25:0.6689;7:631:382:327:108:0.2712,2,32:2:537:454:33:25;38:7:631:382:327:108,32,SAFE,39.208
452,0,4,2:512:450:15:14:0.2268;2:537:454:33:25:0.6724;7:320:404:54:64:0.2612;7:631:379:328:112:0.4341,3,32:2:537:454:33:25;36:7:320:404:54:64;38:7:631:379:328:112,32,SAFE,inf
453,0,2,2:537:453:33:25:0.6245;5:632:378:327:113:0.4922,2,32:2:537:453:33:25;38:5:632:378:327:113,32,SAFE,inf
454,0,3,2:510:448:18:16:0.2006;2:538:453:32:25:0.6479;5:633:377:326:114:0.3943,2,32:2:538:453:32:25;38:5:633:377:326:114,32,SAFE,inf
455,0,3,2:510:448:18:16:0.2140;2:538:453:32:25:0.6387;5:634:379:325:112:0.4036,2,32:2:538:453:32:25;38:5:634:379:325:112,32,SAFE,inf
456,0,2,2:538:452:32:26:0.6909;5:636:375:323:117:0.4785,2,32:2:538:452:32:26;38:5:636:375:323:117,32,SAFE,inf
457,0,2,2:538:452:32:26:0.6387;7:635:374:324:119:0.5195,2,32:2:538:452:32:26;38:7:635:374:324:119,32,SAFE,inf
458,0,2,2:539:452:31:25:0.6841;7:637:374:322:119:0.6226,2,32:2:539:452:31:25;38:7:637:374:322:119,32,SAFE,inf
459,0,2,2:539:452:31:26:0.7104;7:639:371:320:123:0.5601,2,32:2:539:452:31:26;38:7:639:371:320:123,32,SAFE,inf
460,0,2,2:540:452:31:25:0.7188;7:640:372:319:122:0.5156,2,32:2:540:452:31:25;38:7:640:372:319:122,32,SAFE,inf
461,0,3,2:540:452:32:25:0.7202;7:320:402:51:63:0.4648;7:641:366:318:128:0.5254,3,32:2:540:452:32:25;36:7:320:402:51:63;38:7:641:366:318:128,32,SAFE,inf
462,0,2,2:540:452:32:25:0.6738;7:642:367:317:127:0.6958,2,32:2:540:452:32:25;38:7:642:367:317:127,32,SAFE,inf
463,0,2,2:540:452:33:25:0.7139;7:644:367:315:131:0.2458,2,32:2:540:452:33:25;38:7:644:367:315:131,32,SAFE,inf
464,0,2,2:540:452:33:26:0.6826;7:645:373:314:123:0.3923,2,32:2:540:452:33:26;38:7:645:373:314:123,32,SAFE,inf
465,0,4,2:540:451:34:26:0.7402;2:992:484:70:30:0.1724;7:320:401:49:64:0.4167;7:645:368:314:129:0.5039,3,32:2:540:451:34:26;36:7:320:401:49:64;38:7:645:368:314:129,32,SAFE,21.655
466,0,3,2:540:451:34:26:0.7339;7:320:401:48:65:0.3040;7:646:365:313:131:0.6001,3,32:2:540:451:34:26;36:7:320:401:48:65;38:7:646:365:313:131,32,SAFE,18.324
467,0,3,2:541:451:33:26:0.7153;7:320:401:47:65:0.4167;7:648:364:311:133:0.5488,3,32:2:541:451:33:26;36:7:320:401:47:65;38:7:648:364:311:133,32,SAFE,17.015
468,0,3,2:541:451:34:26:0.6978;7:320:401:47:65:0.4824;7:649:363:310:133:0.6318,3,32:2:541:451:34:26;36:7:320:401:47:65;38:7:649:363:310:133,32,SAFE,17.015
469,0,3,2:542:452:33:26:0.6943;7:320:402:46:64:0.4824;7:651:360:308:138:0.7139,3,32:2:542:452:33:26;36:7:320:402:46:64;38:7:651:360:308:138,32,SAFE,18.324
470,0,3,2:542:452:33:26:0.6689;7:320:403:46:64:0.3774;7:652:359:307:139:0.8291,3,32:2:542:452:33:26;36:7:320:403:46:64;38:7:652:359:307:139,32,SAFE,21.655
471,0,4,2:543:452:32:26:0.6758;7:320:403:45:64:0.4358;7:656:357:303:142:0.6704;7:1182:378:97:110:0.3328,3,32:2:543:452:32:26;36:7:320:403:45:64;38:7:656:357:303:142,32,SAFE,14.888
472,0,4,2:543:452:33:25:0.6958;7:320:403:44:64:0.3503;7:656:356:303:143:0.7231;7:1194:378:85:109:0.3345,3,32:2:543:452:33:25;36:7:320:403:44:64;38:7:656:356:303:143,32,SAFE,17.015
473,0,4,2:544:452:32:25:0.6958;7:320:403:43:64:0.2056;7:659:353:300:147:0.7534;7:1206:376:73:112:0.1981,3,32:2:544:452:32:25;36:7:320:403:43:64;38:7:659:353:300:147,32,SAFE,47.641
474,0,4,2:544:452:32:26:0.6860;7:320:402:43:65:0.3174;7:661:350:298:151:0.7759;7:1219:373:60:115:0.2108,3,32:2:544:452:32:26;36:7:320:402:43:65;38:7:661:350:298:151,32,SAFE,21.655
475,0,3,2:545:452:32:25:0.6494;7:320:402:43:65:0.4321;7:662:350:297:152:0.4629,3,32:2:545:452:32:25;36:7:320:402:43:65;38:7:662:350:297:152,32,SAFE,inf
476,0,3,2:545:452:32:26:0.7056;7:320:402:42:65:0.3594;7:664:349:295:154:0.5254,3,32:2:545:452:32:26;36:7:320:402:42:65;38:7:664:349:295:154,32,SAFE,inf
477,0,3,2:546:452:31:25:0.7056;7:320:402:41:65:0.5098;7:667:350:292:153:0.4358,3,32:2:546:452:31:25;36:7:320:402:41:65;38:7:667:350:292:153,32,SAFE,inf
478,0,3,2:546:452:31:25:0.7139;5:667:312:612:199:0.6689;7:320:401:40:65:0.4475,3,32:2:546:452:31:25;36:7:320:401:40:65;38:5:667:312:612:199,32,SAFE,inf
479,0,3,2:546:452:32:25:0.6724;7:320:402:39:64:0.3008;7:670:348:289:154:0.2437,3,32:2:546:452:32:25;36:7:320:402:39:64;38:7:670:348:289:154,32,SAFE,inf
480,0,4,2:511:447:19:16:0.2081;2:547:452:31:25:0.7231;7:320:401:39:65:0.2612;7:673:346:286:158:0.5869,3,32:2:547:452:31:25;36:7:320:401:39:65;38:7:673:346:286:158,32,SAFE,inf
481,0,4,2:512:447:18:16:0.2056;2:548:452:30:25:0.7402;7:320:401:38:65:0.2056;7:676:343:283:160:0.5601,3,32:2:548:452:30:25;36:7:320:401:38:65;38:7:676:343:283:160,32,SAFE,inf
482,0,3,2:548:452:30:24:0.7280;7:320:401:37:65:0.3091;7:678:340:281:163:0.5371,3,32:2:548:452:30:24;36:7:320:401:37:65;38:7:678:340:281:163,32,SAFE,inf
483,0,3,2:548:452:31:24:0.7646;7:320:401:37:64:0.2200;7:682:343:277:161:0.3577,3,32:2:548:452:31:24;36:7:320:401:37:64;38:7:682:343:277:161,32,SAFE,inf
484,0,4,2:512:447:18:16:0.2031;2:548:452:32:25:0.7490;7:320:400:37:66:0.2213;7:683:336:276:170:0.6040,3,32:2:548:452:32:25;36:7:320:400:37:66;38:7:683:336:276:170,32,SAFE,inf
485,0,3,2:549:451:31:26:0.7202;7:320:400:37:65:0.3416;7:686:333:273:174:0.7217,3,32:2:549:451:31:26;36:7:320:400:37:65;38:7:686:333:273:174,32,SAFE,inf
486,0,3,2:549:451:32:26:0.7505;7:320:399:37:66:0.2720;7:687:331:272:178:0.6299,3,32:2:549:451:32:26;36:7:320:399:37:66;38:7:687:331:272:178,32,SAFE,inf
487,0,2,2:549:451:32:26:0.7402;7:691:333:268:177:0.6167,2,32:2:549:451:32:26;38:7:691:333:268:177,32,SAFE,inf
488,0,3,2:511:447:19:17:0.2281;2:550:451:33:26:0.7373;7:694:328:265:182:0.6001,2,32:2:550:451:33:26;38:7:694:328:265:182,32,SAFE,34.636
489,0,3,2:551:451:32:25:0.7505;7:320:401:33:63:0.3140;7:697:328:262:182:0.5679,3,32:2:551:451:32:25;36:7:320:401:33:63;38:7:697:328:262:182,32,SAFE,21.736
490,0,4,2:512:445:18:18:0.2338;2:551:450:32:25:0.7417;7:320:401:33:62:0.4036;7:701:324:258:191:0.7153,3,32:2:551:450:32:25;36:7:320:401:33:62;38:7:701:324:258:191,32,SAFE,29.625
491,0,4,2:512:445:19:18:0.2942;2:551:451:32:24:0.7402;7:320:401:32:62:0.3293;7:704:321:255:194:0.7388,3,32:2:551:451:32:24;36:7:320:401:32:62;38:7:704:321:255:194,32,SAFE,40.812
492,0,4,2:512:445:19:17:0.3242;2:551:450:33:25:0.6909;7:320:401:31:62:0.3091;7:708:320:251:202:0.7563,3,32:2:551:450:33:25;36:7:320:401:31:62;38:7:708:320:251:202,32,SAFE,48.034
493,0,4,2:512:445:19:17:0.3057;2:551:450:33:25:0.6226;2:909:451:89:65:0.1016;7:713:320:246:200:0.7773,2,32:2:551:450:33:25;38:7:713:320:246:200,32,SAFE,inf
494,0,3,2:512:445:19:17:0.3647;2:551:450:33:25:0.6074;7:716:314:243:212:0.7417,3,32:2:551:450:33:25;38:7:716:314:243:212;39:2:512:445:19:17,32,SAFE,inf
495,0,3,2:512:445:19:17:0.3577;2:552:450:32:25:0.6670;7:721:314:238:213:0.7339,3,32:2:552:450:32:25;38:7:721:314:238:213;39:2:512:445:19:17,32,SAFE,inf
496,0,4,2:512:445:19:17:0.4036;2:552:450:33:25:0.6860;7:320:400:27:63:0.2018;7:724:308:235:219:0.8320,3,32:2:552:450:33:25;38:7:724:308:235:219;39:2:512:445:19:17,32,SAFE,inf
497,0,4,2:512:444:19:18:0.2751;2:553:449:32:26:0.6992;7:320:399:25:64:0.2161;7:728:303:231:225:0.8984,3,32:2:553:449:32:26;38:7:728:303:231:225;39:2:512:444:19:18,32,SAFE,inf
498,0,5,2:512:445:19:17:0.2766;2:554:449:32:26:0.6245;2:627:451:16:16:0.2268;7:320:399:25:64:0.4321;7:732:299:227:228:0.9019,4,32:2:554:449:32:26;36:7:320:399:25:64;38:7:732:299:227:228;39:2:512:445:19:17,32,SAFE,inf
499,0,3,2:555:449:31:26:0.6318;7:320:399:24:63:0.2783;7:737:291:222:236:0.8911,3,32:2:555:449:31:26;36:7:320:399:24:63;38:7:737:291:222:236,32,SAFE,inf
500,0,4,2:555:449:32:25:0.5352;2:628:449:16:18:0.2255;7:320:398:23:63:0.4688;7:742:300:217:229:0.8438,3,32:2:555:449:32:25;36:7:320:398:23:63;38:7:742:300:217:229,32,SAFE,inf
501,0,3,2:555:448:31:25:0.4824;7:159:410:67:56:0.1136;7:747:293:212:234:0.8335,2,32:2:555:448:31:25;38:7:747:293:212:234,32,SAFE,inf
502,0,4,2:512:442:19:19:0.2466;2:555:448:32:25:0.5137;7:158:409:63:57:0.1710;7:753:286:206:242:0.8623,2,32:2:555:448:32:25;38:7:753:286:206:242,32,SAFE,38.649
503,0,4,2:512:442:19:18:0.2830;2:556:448:32:25:0.6167;2:630:448:16:17:0.2240;7:760:285:199:245:0.8726,3,32:2:556:448:32:25;38:7:760:285:199:245;39:2:512:442:19:18,32,SAFE,21.261
504,0,3,2:512:442:19:18:0.2451;2:556:448:32:24:0.5850;7:767:282:192:248:0.7993,3,32:2:556:448:32:24;38:7:767:282:192:248;39:2:512:442:19:18,32,SAFE,inf
505,0,3,2:557:448:32:25:0.5981;2:631:447:16:17:0.2043;7:776:278:183:253:0.7983,2,32:2:557:448:32:25;38:7:776:278:183:253,32,SAFE,inf
506,0,2,2:557:448:33:25:0.6387;7:782:275:177:256:0.8008,2,32:2:557:448:33:25;38:7:782:275:177:256,32,SAFE,inf
507,0,2,2:558:448:33:24:0.6602;7:791:275:168:257:0.8696,2,32:2:558:448:33:24;38:7:791:275:168:257,32,SAFE,inf
508,0,2,2:558:448:33:24:0.6548;7:801:275:158:256:0.8481,2,32:2:558:448:33:24;38:7:801:275:158:256,32,SAFE,inf
509,0,6,2:511:442:19:18:0.2186;2:558:448:33:24:0.6704;2:630:447:20:18:0.2466;7:132:402:63:60:0.1201;7:720:434:49:38:0.2255;7:812:185:467:414:0.8970,2,32:2:558:448:33:24;38:7:812:185:467:414,32,SAFE,inf
510,0,4,2:511:442:20:18:0.2213;2:559:447:32:25:0.6372;2:630:447:21:18:0.2407;7:823:171:456:431:0.8950,2,32:2:559:447:32:25;38:7:823:171:456:431,32,SAFE,inf
511,0,4,2:559:447:32:25:0.6060;2:630:447:22:18:0.3293;5:721:433:51:39:0.2069;7:834:152:445:417:0.8926,2,32:2:559:447:32:25;38:7:834:152:445:417,32,SAFE,inf
512,0,4,2:559:447:32:25:0.6021;2:631:446:22:18:0.2830;5:724:432:50:40:0.2847;7:848:148:431:428:0.8613,2,32:2:559:447:32:25;38:7:848:148:431:428,32,SAFE,inf
513,0,5,2:509:441:22:19:0.2644;2:559:447:33:25:0.6548;2:632:446:22:17:0.2338;7:726:432:51:40:0.3345;7:862:139:417:451:0.8926,3,32:2:559:447:33:25;38:7:862:139:417:451;39:2:509:441:22:19,32,SAFE,inf
514,0,5,2:295:442:37:22:0.1348;2:509:441:21:19:0.3276;2:560:447:32:25:0.6318;5:880:276:79:254:0.8530;7:726:432:53:39:0.2893,3,32:2:560:447:32:25;38:5:880:276:79:254;39:2:509:441:21:19,32,SAFE,inf
515,0,3,2:508:441:23:19:0.3259;2:560:447:32:25:0.6226;7:895:127:384:482:0.8843,2,32:2:560:447:32:25;39:2:508:441:23:19,32,SAFE,inf
516,0,5,2:506:441:26:18:0.3701;2:560:447:33:25:0.6895;7:726:431:57:41:0.4207;7:778:427:106:54:0.1113;7:914:125:365:488:0.8833,2,32:2:560:447:33:25;39:2:506:441:26:18,32,SAFE,28.608
517,0,6,2:502:441:30:19:0.3540;2:560:447:33:25:0.6943;2:635:445:21:20:0.2295;7:728:430:59:42:0.2644;7:783:426:111:54:0.1357;7:936:96:343:514:0.7339,3,32:2:560:447:33:25;39:2:502:441:30:19;40:7:936:96:343:514,32,SAFE,19.072
518,0,6,2:504:442:28:18:0.2673;2:561:447:32:25:0.6318;2:636:446:20:18:0.2554;2:728:434:57:39:0.1907;7:783:429:116:53:0.1196;7:959:66:320:560:0.7153,3,32:2:561:447:32:25;39:2:504:442:28:18;40:7:959:66:320:560,32,SAFE,14.304
519,0,4,2:273:444:45:20:0.1041;2:562:447:31:25:0.6094;7:700:431:92:41:0.2043;7:986:26:293:613:0.6426,2,32:2:562:447:31:25;40:7:986:26:293:613,32,SAFE,19.072
520,0,4,2:503:442:28:18:0.2316;2:562:447:31:25:0.6206;2:735:433:55:39:0.1721;5:1016:35:263:622:0.6060,2,32:2:562:447:31:25;40:5:1016:35:263:622,32,SAFE,15.258
521,0,3,2:507:440:24:21:0.4055;2:562:448:32:23:0.3887;2:636:446:23:19:0.3259,3,32:2:562:448:32:23;39:2:507:440:24:21;41:2:636:446:23:19,32,SAFE,inf
522,0,3,2:508:441:22:19:0.3123;2:562:447:33:25:0.4902;2:636:445:24:21:0.3503,2,32:2:562:447:33:25;39:2:508:441:22:19,32,SAFE,inf
523,0,3,2:508:441:21:20:0.2690;2:562:448:31:23:0.4321;2:637:445:23:20:0.3667,2,32:2:562:448:31:23;39:2:508:441:21:20,32,SAFE,inf
524,0,4,2:121:446:42:24:0.1316;2:507:441:23:20:0.3887;2:562:448:32:23:0.4131;2:637:445:24:19:0.2861,3,32:2:562:448:32:23;39:2:507:441:23:20;42:2:637:445:24:19,32,SAFE,inf
525,0,2,2:563:448:32:25:0.4551;2:637:445:25:20:0.5156,2,32:2:563:448:32:25;42:2:637:445:25:20,32,SAFE,inf
526,0,2,2:563:447:32:26:0.5273;2:637:445:25:20:0.4805,2,32:2:563:447:32:26;42:2:637:445:25:20,32,SAFE,inf
527,0,4,2:505:442:22:20:0.2161;2:563:447:32:26:0.4785;2:636:445:27:20:0.4092;5:76:342:238:130:0.1339,2,32:2:563:447:32:26;42:2:636:445:27:20,32,SAFE,inf
528,0,3,2:502:439:28:24:0.1016;2:563:448:32:25:0.4863;2:637:444:27:22:0.3157,2,32:2:563:448:32:25;42:2:637:444:27:22,32,SAFE,inf
529,0,3,2:563:448:32:26:0.4668;2:636:445:28:21:0.2554;5:63:341:249:132:0.1248,2,32:2:563:448:32:26;42:2:636:445:28:21,32,SAFE,20.276
530,0,3,2:563:448:32:25:0.5757;2:636:445:29:21:0.2466;5:60:336:247:137:0.1213,2,32:2:563:448:32:25;42:2:636:445:29:21,32,SAFE,15.748
531,0,3,2:563:448:32:26:0.5601;2:639:445:26:21:0.2798;7:884:415:75:72:0.4055,2,32:2:563:448:32:26;42:2:639:445:26:21,32,SAFE,9.340
532,0,4,2:73:443:50:26:0.1056;2:563:448:33:26:0.5869;2:642:445:24:22:0.3074;7:887:416:72:74:0.2598,2,32:2:563:448:33:26;42:2:642:445:24:22,32,SAFE,6.829
533,0,3,2:564:448:32:25:0.6299;2:643:445:24:21:0.2422;7:890:416:69:72:0.2081,2,32:2:564:448:32:25;42:2:643:445:24:21,32,SAFE,6.570
534,0,2,2:564:448:33:25:0.6514;2:644:445:23:22:0.3311,2,32:2:564:448:33:25;42:2:644:445:23:22,32,SAFE,6.329
535,0,2,2:564:448:33:25:0.6460;2:644:445:24:22:0.3276,2,32:2:564:448:33:25;42:2:644:445:24:22,32,SAFE,6.105
536,0,4,2:564:448:33:25:0.6567;2:645:445:24:21:0.3091;7:2:330:290:142:0.1490;7:324:413:59:51:0.2134,2,32:2:564:448:33:25;42:2:645:445:24:21,32,SAFE,10.186
537,0,2,2:564:448:33:25:0.6187;2:645:444:24:22:0.2281,2,32:2:564:448:33:25;42:2:645:444:24:22,32,SAFE,10.523
538,0,2,2:565:448:32:25:0.6206;2:646:445:24:22:0.2255,2,32:2:565:448:32:25;42:2:646:445:24:22,32,SAFE,48.796
539,0,2,2:565:448:33:25:0.6426;2:646:447:24:22:0.1437,2,32:2:565:448:33:25;42:2:646:447:24:22,32,SAFE,inf
540,0,2,2:565:448:33:25:0.6001;2:647:446:23:23:0.1656,2,32:2:565:448:33:25;42:2:647:446:23:23,32,SAFE,inf
541,0,2,2:565:448:33:25:0.3831;2:647:446:24:22:0.1005,2,32:2:565:448:33:25;42:2:647:446:24:22,32,SAFE,inf
542,0,2,2:565:448:33:25:0.4131;2:648:446:24:22:0.1067,2,32:2:565:448:33:25;42:2:648:446:24:22,32,SAFE,inf
543,0,3,2:565:448:33:25:0.5547;2:647:444:26:23:0.2466;7:495:442:23:20:0.2200,2,32:2:565:448:33:25;42:2:647:444:26:23,32,SAFE,inf
544,0,3,2:565:448:34:26:0.5508;2:648:446:26:21:0.1074;7:0:443:68:34:0.1122,2,32:2:565:448:34:26;42:2:648:446:26:21,32,SAFE,inf
545,0,2,2:566:448:33:26:0.5293;2:648:446:27:22:0.1013,2,32:2:566:448:33:26;42:2:648:446:27:22,32,SAFE,inf
546,0,1,2:566:449:33:25:0.5830,1,32:2:566:449:33:25,32,SAFE,inf
547,0,2,0:0:443:14:32:0.1783;2:566:448:33:26:0.5962,1,32:2:566:448:33:26,32,SAFE,14.888
548,0,2,2:566:448:33:26:0.5508;7:720:426:210:62:0.2213,1,32:2:566:448:33:26,32,SAFE,11.910
549,0,2,2:567:449:32:25:0.5410;7:721:426:212:63:0.4131,1,32:2:567:449:32:25,32,SAFE,14.888
550,0,2,2:567:449:33:25:0.4436;7:320:407:28:61:0.2134,1,32:2:567:449:33:25,32,SAFE,19.851
551,0,2,2:567:449:34:25:0.3794;7:320:406:25:62:0.3469,1,32:2:567:449:34:25,32,SAFE,29.776
552,0,3,2:482:439:33:24:0.1067;2:568:449:33:25:0.4707;7:736:423:216:70:0.3469,1,32:2:568:449:33:25,32,SAFE,inf
553,0,3,2:482:439:34:24:0.1074;2:568:449:33:26:0.5981;7:738:421:221:71:0.3557,1,32:2:568:449:33:26,32,SAFE,34.030
554,0,2,2:568:449:33:25:0.5698;7:742:423:217:66:0.2502,2,32:2:568:449:33:25;43:7:742:423:217:66,32,SAFE,inf
555,0,4,0:1213:456:19:63:0.1246;2:568:450:33:24:0.5908;2:656:446:27:26:0.1246;7:485:442:27:22:0.2081,1,32:2:568:450:33:24,32,SAFE,inf
556,0,2,2:568:450:33:25:0.6167;2:656:446:29:26:0.1907,1,32:2:568:450:33:25,32,SAFE,inf
557,0,2,2:568:450:34:25:0.4785;2:657:447:27:29:0.1582,1,32:2:568:450:34:25,32,SAFE,inf
558,0,2,2:568:450:34:25:0.5312;7:482:442:23:23:0.3008,1,32:2:568:450:34:25,32,SAFE,inf
559,0,4,2:568:450:34:25:0.5117;2:658:445:29:30:0.1213;7:0:350:81:137:0.1278;7:481:442:22:23:0.2200,1,32:2:568:450:34:25,32,SAFE,inf
560,0,3,2:570:451:34:24:0.5410;2:658:444:32:30:0.2720;7:481:442:21:22:0.2629,1,32:2:570:451:34:24,32,SAFE,inf
561,0,2,2:570:450:35:25:0.5928;2:659:444:30:30:0.1353,1,32:2:570:450:35:25,32,SAFE,inf
562,0,2,2:570:450:33:25:0.3923;2:661:445:30:29:0.3074,1,32:2:570:450:33:25,32,SAFE,inf
563,0,2,2:571:451:33:24:0.4436;2:661:445:33:30:0.2783,1,32:2:571:451:33:24,32,SAFE,inf
564,0,3,2:571:451:34:25:0.4036;2:661:445:34:30:0.2766;7:226:400:76:71:0.1968,2,32:2:571:451:34:25;44:2:661:445:34:30,32,SAFE,inf
565,0,3,2:473:440:25:24:0.1476;2:571:452:35:23:0.2480;2:662:446:33:29:0.4055,2,32:2:571:452:35:23;44:2:662:446:33:29,32,SAFE,inf
566,0,3,2:473:439:25:26:0.1289;2:572:451:33:24:0.2720;2:663:446:33:28:0.4824,2,32:2:572:451:33:24;44:2:663:446:33:28,32,SAFE,inf
567,0,4,0:890:533:68:72:0.1013;2:572:451:35:25:0.5566;2:664:446:34:29:0.5928;7:473:443:24:24:0.2081,2,32:2:572:451:35:25;44:2:664:446:34:29,32,SAFE,inf
568,0,4,2:471:440:25:26:0.1968;2:572:452:36:24:0.6670;2:665:447:35:28:0.5508;7:0:325:203:148:0.1860,2,32:2:572:452:36:24;44:2:665:447:35:28,32,SAFE,inf
569,0,4,2:469:440:27:27:0.2480;2:572:452:35:24:0.5273;2:666:445:35:31:0.4805;7:0:326:201:144:0.2532,2,32:2:572:452:35:24;44:2:666:445:35:31,32,SAFE,inf
570,0,4,2:573:452:35:25:0.5312;2:668:446:34:31:0.3721;7:1:326:197:147:0.2238;7:470:443:26:24:0.2861,2,32:2:573:452:35:25;44:2:668:446:34:31,32,SAFE,inf
571,0,5,2:574:452:35:25:0.4436;2:670:446:33:30:0.3667;7:1:327:191:147:0.2445;7:127:395:144:84:0.1482;7:469:443:27:25:0.2925,2,32:2:574:452:35:25;44:2:670:446:33:30,32,SAFE,inf
572,0,5,2:121:447:96:34:0.1246;2:575:452:35:24:0.7153;2:671:445:34:31:0.3794;7:180:396:87:82:0.1790;7:450:442:46:27:0.3398,2,32:2:575:452:35:24;44:2:671:445:34:31,32,SAFE,inf
573,0,5,2:576:452:34:24:0.5679;2:671:446:37:30:0.3594;7:0:328:186:150:0.2588;7:117:394:145:87:0.1506;7:466:443:31:25:0.3345,2,32:2:576:452:34:24;44:2:671:446:37:30,32,SAFE,inf
574,0,6,2:109:447:94:36:0.1339;2:576:452:35:26:0.5098;2:672:445:37:31:0.1981;7:1:328:182:149:0.4446;7:299:412:60:60:0.1531;7:447:442:50:28:0.2200,2,32:2:576:452:35:26;44:2:672:445:37:31,32,SAFE,25.976
575,1,2,2:555:407:56:49:0.8823;7:639:355:100:97:0.4785,0,,-1,NONE,inf
576,0,2,2:555:407:56:49:0.8765;7:639:354:102:98:0.5312,0,,-1,NONE,inf
577,0,2,2:555:408:56:48:0.8760;7:639:354:102:99:0.4436,2,45:2:555:408:56:48;46:7:639:354:102:99,-1,NONE,inf
578,0,2,2:555:408:56:48:0.8716;7:640:353:102:100:0.4707,2,45:2:555:408:56:48;46:7:640:353:102:100,-1,NONE,inf
579,0,2,2:555:408:56:48:0.8765;7:640:353:104:101:0.4922,2,45:2:555:408:56:48;46:7:640:353:104:101,-1,NONE,inf
580,0,2,2:555:408:57:48:0.8882;7:640:352:105:103:0.4167,2,45:2:555:408:57:48;46:7:640:352:105:103,-1,NONE,inf
581,0,2,2:555:408:56:49:0.8931;5:640:352:107:103:0.4883,2,45:2:555:408:56:49;46:5:640:352:107:103,-1,NONE,inf
582,0,2,2:555:408:57:49:0.8950;5:640:352:108:104:0.6167,2,45:2:555:408:57:49;46:5:640:352:108:104,-1,NONE,inf
583,0,2,2:555:408:57:49:0.8901;5:641:351:108:104:0.7549,2,45:2:555:408:57:49;46:5:641:351:108:104,-1,NONE,inf
584,0,2,2:555:408:57:49:0.8887;5:641:351:110:104:0.7026,2,45:2:555:408:57:49;46:5:641:351:110:104,-1,NONE,inf
585,0,2,2:555:408:57:49:0.8901;5:641:351:112:105:0.4883,2,45:2:555:408:57:49;46:5:641:351:112:105,-1,NONE,inf
586,0,2,2:555:408:57:49:0.8862;5:642:349:112:107:0.4341,2,45:2:555:408:57:49;46:5:642:349:112:107,-1,NONE,inf
587,0,2,2:555:409:57:49:0.8911;5:642:349:114:108:0.3684,2,45:2:555:409:57:49;46:5:642:349:114:108,-1,NONE,inf
588,0,2,2:555:408:57:50:0.8882;7:643:348:115:109:0.3364,2,45:2:555:408:57:50;46:7:643:348:115:109,-1,NONE,inf
589,0,2,2:555:408:57:50:0.8882;7:643:347:116:110:0.3311,2,45:2:555:408:57:50;46:7:643:347:116:110,-1,NONE,inf
590,0,2,2:555:408:57:50:0.8857;7:643:347:118:110:0.3630,2,45:2:555:408:57:50;46:7:643:347:118:110,-1,NONE,inf
591,0,2,2:555:408:57:50:0.8872;5:645:348:118:110:0.2612,2,45:2:555:408:57:50;46:5:645:348:118:110,-1,NONE,inf
592,0,2,2:555:407:57:51:0.8887;5:643:346:121:112:0.2583,2,45:2:555:407:57:51;46:5:643:346:121:112,-1,NONE,inf
593,0,2,2:555:408:57:50:0.8843;5:643:345:123:113:0.2018,2,45:2:555:408:57:50;46:5:643:345:123:113,-1,NONE,inf
594,0,2,2:555:408:58:50:0.8862;2:643:344:125:114:0.2861,2,45:2:555:408:58:50;46:2:643:344:125:114,-1,NONE,inf
595,0,2,2:555:408:58:50:0.8926;5:643:344:126:115:0.3123,2,45:2:555:408:58:50;46:5:643:344:126:115,-1,NONE,inf
596,0,2,2:555:408:58:50:0.8882;7:643:343:129:117:0.3345,2,45:2:555:408:58:50;46:7:643:343:129:117,-1,NONE,inf
597,0,2,2:555:409:58:50:0.8916;7:644:343:130:118:0.2720,2,45:2:555:409:58:50;46:7:644:343:130:118,-1,NONE,inf
598,0,2,2:556:409:58:50:0.8901;7:644:341:132:120:0.3630,2,45:2:556:409:58:50;46:7:644:341:132:120,-1,NONE,inf
599,0,2,2:555:409:59:50:0.8940;5:645:341:132:121:0.3630,2,45:2:555:409:59:50;46:5:645:341:132:121,-1,NONE,inf
600,0,2,2:556:410:58:50:0.8887;7:644:340:135:122:0.4902,2,45:2:556:410:58:50;46:7:644:340:135:122,-1,NONE,inf
601,0,2,2:556:410:58:49:0.8950;5:645:339:137:123:0.4302,2,45:2:556:410:58:49;46:5:645:339:137:123,-1,NONE,inf
602,0,3,2:556:410:58:50:0.8926;2:619:419:16:12:0.2018;7:646:338:139:126:0.4131,2,45:2:556:410:58:50;46:7:646:338:139:126,-1,NONE,inf
603,0,2,2:556:409:58:51:0.8887;7:645:337:141:128:0.4282,2,45:2:556:409:58:51;46:7:645:337:141:128,-1,NONE,inf
604,0,2,2:556:410:58:50:0.8862;7:646:336:143:129:0.4824,2,45:2:556:410:58:50;46:7:646:336:143:129,-1,NONE,inf
605,0,3,2:556:409:58:51:0.8823;2:620:419:15:12:0.2422;7:648:336:143:129:0.5273,2,45:2:556:409:58:51;46:7:648:336:143:129,-1,NONE,inf
606,0,2,2:556:410:58:50:0.8799;2:621:420:14:11:0.2120,1,45:2:556:410:58:50,-1,NONE,inf
607,0,3,2:556:409:58:51:0.8799;2:621:420:14:11:0.2974;7:651:334:147:131:0.4243,2,45:2:556:409:58:51;46:7:651:334:147:131,-1,NONE,inf
608,0,2,2:556:409:58:51:0.8926;2:621:419:14:12:0.3433,1,45:2:556:409:58:51,-1,NONE,inf
609,0,3,2:556:409:59:51:0.8970;2:620:419:16:12:0.3242;5:652:332:150:135:0.4282,2,45:2:556:409:59:51;46:5:652:332:150:135,-1,NONE,inf
610,0,3,2:556:408:59:52:0.8862;2:620:419:15:11:0.2751;5:653:331:152:136:0.5156,3,45:2:556:408:59:52;46:5:653:331:152:136;47:2:620:419:15:11,-1,NONE,inf
611,0,2,2:556:408:59:52:0.8848;5:653:329:154:139:0.4358,2,45:2:556:408:59:52;46:5:653:329:154:139,-1,NONE,inf
612,0,2,2:556:407:59:53:0.8696;5:653:328:157:139:0.6133,2,45:2:556:407:59:53;46:5:653:328:157:139,-1,NONE,inf
613,0,2,2:557:408:59:51:0.8740;5:654:327:159:140:0.5737,2,45:2:557:408:59:51;46:5:654:327:159:140,-1,NONE,inf
614,0,2,2:557:407:59:52:0.8682;5:654:326:162:140:0.6602,2,45:2:557:407:59:52;46:5:654:326:162:140,-1,NONE,inf
615,0,2,2:557:407:59:52:0.8765;5:655:324:164:144:0.5078,2,45:2:557:407:59:52;46:5:655:324:164:144,-1,NONE,inf
616,0,2,2:558:408:59:52:0.8965;5:655:323:167:144:0.6548,2,45:2:558:408:59:52;46:5:655:323:167:144,-1,NONE,inf
617,0,2,2:558:408:59:52:0.8955;5:656:322:171:147:0.6333,2,45:2:558:408:59:52;46:5:656:322:171:147,-1,NONE,inf
618,0,2,2:558:408:59:52:0.9004;5:657:321:175:150:0.6724,2,45:2:558:408:59:52;46:5:657:321:175:150,-1,NONE,inf
619,0,2,2:558:408:60:53:0.8970;5:659:320:176:153:0.5830,2,45:2:558:408:60:53;46:5:659:320:176:153,-1,NONE,inf
620,0,2,2:558:408:60:53:0.8975;5:658:319:180:153:0.5312,2,45:2:558:408:60:53;46:5:658:319:180:153,-1,NONE,inf
621,0,2,2:558:408:60:53:0.8716;5:658:317:183:156:0.3433,2,45:2:558:408:60:53;46:5:658:317:183:156,-1,NONE,inf
622,0,3,2:559:408:59:53:0.8696;2:622:420:17:11:0.2295;5:659:316:185:157:0.4243,2,45:2:559:408:59:53;46:5:659:316:185:157,-1,NONE,inf
623,0,3,2:559:408:59:53:0.8569;2:622:420:17:11:0.2783;5:660:314:188:160:0.4495,2,45:2:559:408:59:53;46:5:660:314:188:160,-1,NONE,inf
624,0,3,2:559:408:59:52:0.8774;2:622:419:17:12:0.3311;5:660:312:193:163:0.4207,2,45:2:559:408:59:52;46:5:660:312:193:163,-1,NONE,inf
625,0,3,2:560:407:59:53:0.8774;2:622:419:17:12:0.3345;5:661:311:196:164:0.4321,2,45:2:560:407:59:53;46:5:661:311:196:164,-1,NONE,inf
626,0,3,2:560:408:59:52:0.8706;2:622:420:18:11:0.3057;5:661:309:200:167:0.4551,3,45:2:560:408:59:52;46:5:661:309:200:167;48:2:622:420:18:11,-1,NONE,inf
627,0,3,2:560:407:60:53:0.8540;2:623:419:16:11:0.2366;5:663:308:206:168:0.4922,3,45:2:560:407:60:53;46:5:663:308:206:168;48:2:623:419:16:11,-1,NONE,inf
628,0,2,2:561:407:61:53:0.8706;5:664:305:208:170:0.4805,2,45:2:561:407:61:53;46:5:664:305:208:170,-1,NONE,inf
629,0,3,2:562:407:60:53:0.8765;2:622:419:18:11:0.2006;5:670:304:208:173:0.4758,2,45:2:562:407:60:53;46:5:670:304:208:173,-1,NONE,inf
630,0,3,2:562:407:61:53:0.8560;2:623:419:18:11:0.2783;5:667:301:216:177:0.3811,3,45:2:562:407:61:53;46:5:667:301:216:177;48:2:623:419:18:11,-1,NONE,inf
631,0,3,2:563:406:60:54:0.8652;2:624:419:16:11:0.2690;5:672:301:215:178:0.3684,3,45:2:563:406:60:54;46:5:672:301:215:178;48:2:624:419:16:11,-1,NONE,inf
632,0,3,2:563:407:60:53:0.8608;2:625:420:15:10:0.2134;7:669:296:223:183:0.2751,3,45:2:563:407:60:53;46:7:669:296:223:183;48:2:625:420:15:10,-1,NONE,inf
633,0,3,2:563:407:60:53:0.8501;2:625:420:15:10:0.2056;5:673:298:227:181:0.5688,3,45:2:563:407:60:53;46:5:673:298:227:181;48:2:625:420:15:10,-1,NONE,inf
634,0,2,2:563:406:61:54:0.8613;7:672:291:232:190:0.2629,2,45:2:563:406:61:54;46:7:672:291:232:190,-1,NONE,inf
635,0,2,2:564:406:60:54:0.8589;2:625:419:16:10:0.2510,2,45:2:564:406:60:54;48:2:625:419:16:10,-1,NONE,inf
636,0,3,2:564:406:61:54:0.8672;2:625:419:16:10:0.2268;7:672:287:247:195:0.2847,3,45:2:564:406:61:54;46:7:672:287:247:195;48:2:625:419:16:10,-1,NONE,inf
637,0,2,2:564:407:62:54:0.8750;7:674:285:251:200:0.4111,2,45:2:564:407:62:54;46:7:674:285:251:200,-1,NONE,inf
638,0,2,2:564:407:63:54:0.8765;7:675:282:257:203:0.5000,2,45:2:564:407:63:54;46:7:675:282:257:203,-1,NONE,inf
639,0,1,2:565:407:62:54:0.8774,1,45:2:565:407:62:54,-1,NONE,inf
640,0,2,2:565:407:62:55:0.8696;7:675:280:272:210:0.2487,1,45:2:565:407:62:55,-1,NONE,inf
641,0,1,2:565:407:62:54:0.8774,1,45:2:565:407:62:54,-1,NONE,inf
642,0,2,2:565:408:63:54:0.8760;7:678:275:281:218:0.5449,2,45:2:565:408:63:54;46:7:678:275:281:218,-1,NONE,inf
643,0,2,2:566:408:62:54:0.8716;7:679:275:280:219:0.6318,2,45:2:566:408:62:54;46:7:679:275:280:219,-1,NONE,inf
644,0,2,2:566:408:62:54:0.8608;7:680:275:279:220:0.3066,2,45:2:566:408:62:54;46:7:680:275:279:220,-1,NONE,inf
645,0,2,2:566:408:62:54:0.8672;7:681:275:278:221:0.3831,2,45:2:566:408:62:54;46:7:681:275:278:221,-1,NONE,inf
646,0,2,2:566:408:63:55:0.8589;7:682:275:277:222:0.7310,2,45:2:566:408:63:55;46:7:682:275:277:222,-1,NONE,inf
647,0,2,2:566:409:63:54:0.8511;7:684:274:275:226:0.6460,2,45:2:566:409:63:54;46:7:684:274:275:226,-1,NONE,inf
648,0,2,2:566:408:63:55:0.8623;7:684:274:275:226:0.7534,2,45:2:566:408:63:55;46:7:684:274:275:226,-1,NONE,inf
649,0,2,2:566:408:63:55:0.8428;7:685:274:274:228:0.7788,2,45:2:566:408:63:55;46:7:685:274:274:228,-1,NONE,inf
650,0,2,2:566:409:63:54:0.8188;7:686:274:273:228:0.7339,2,45:2:566:409:63:54;46:7:686:274:273:228,-1,NONE,inf
651,0,2,2:566:408:63:55:0.7920;7:687:274:272:226:0.7842,2,45:2:566:408:63:55;46:7:687:274:272:226,-1,NONE,inf
652,0,3,0:781:418:32:77:0.1412;2:566:408:63:55:0.8091;7:688:275:271:228:0.6245,2,45:2:566:408:63:55;46:7:688:275:271:228,-1,NONE,inf
653,0,2,2:566:408:63:55:0.8242;7:688:274:271:229:0.6187,2,45:2:566:408:63:55;46:7:688:274:271:229,-1,NONE,inf
654,0,2,2:566:408:63:55:0.8301;7:688:274:271:233:0.8081,2,45:2:566:408:63:55;46:7:688:274:271:233,-1,NONE,inf
655,0,2,2:566:407:64:56:0.8257;7:691:274:268:230:0.7563,2,45:2:566:407:64:56;46:7:691:274:268:230,-1,NONE,inf
656,0,1,2:565:407:64:56:0.8311,1,45:2:565:407:64:56,-1,NONE,inf
657,0,2,2:565:407:64:56:0.8267;7:692:274:267:232:0.3611,2,45:2:565:407:64:56;46:7:692:274:267:232,-1,NONE,inf
658,0,2,2:565:407:64:57:0.8242;7:695:274:264:237:0.3979,2,45:2:565:407:64:57;46:7:695:274:264:237,-1,NONE,inf
659,0,2,2:565:407:64:57:0.8276;7:696:274:263:241:0.7812,2,45:2:565:407:64:57;46:7:696:274:263:241,-1,NONE,inf
660,0,2,2:564:407:65:58:0.8311;7:696:274:263:242:0.8335,2,45:2:564:407:65:58;46:7:696:274:263:242,-1,NONE,inf
661,0,2,2:564:406:65:59:0.8301;7:697:274:262:242:0.7852,2,45:2:564:406:65:59;46:7:697:274:262:242,-1,NONE,inf
662,0,2,2:564:406:65:58:0.8438;7:698:274:261:248:0.8032,2,45:2:564:406:65:58;46:7:698:274:261:248,-1,NONE,inf
663,0,2,2:564:407:65:58:0.8569;7:698:275:261:245:0.8428,2,45:2:564:407:65:58;46:7:698:275:261:245,-1,NONE,inf
664,0,2,2:563:406:66:59:0.8623;5:701:275:258:248:0.4590,2,45:2:563:406:66:59;46:5:701:275:258:248,-1,NONE,inf
665,0,2,2:563:406:66:60:0.8599;5:701:275:258:250:0.5830,2,45:2:563:406:66:60;46:5:701:275:258:250,-1,NONE,inf
666,0,2,2:563:406:65:59:0.8643;7:703:275:256:251:0.7217,2,45:2:563:406:65:59;46:7:703:275:256:251,-1,NONE,inf
667,0,2,2:562:406:66:59:0.8608;7:703:275:256:251:0.7388,2,45:2:562:406:66:59;46:7:703:275:256:251,-1,NONE,inf
668,0,2,2:562:406:66:59:0.8579;7:704:275:255:252:0.7720,2,45:2:562:406:66:59;46:7:704:275:255:252,-1,NONE,inf
669,0,2,2:561:405:67:60:0.8599;7:705:275:254:253:0.6621,2,45:2:561:405:67:60;46:7:705:275:254:253,-1,NONE,inf
670,0,2,2:561:405:67:61:0.8589;7:706:275:253:253:0.7852,2,45:2:561:405:67:61;46:7:706:275:253:253,-1,NONE,inf
671,0,2,2:560:405:68:61:0.8672;7:707:275:252:253:0.7476,2,45:2:560:405:68:61;46:7:707:275:252:253,-1,NONE,inf
672,0,2,2:559:405:69:61:0.8579;7:709:275:250:253:0.7505,2,45:2:559:405:69:61;46:7:709:275:250:253,-1,NONE,inf
673,0,2,2:559:405:69:61:0.8599;7:710:275:249:253:0.7402,2,45:2:559:405:69:61;46:7:710:275:249:253,-1,NONE,inf
674,0,2,2:559:405:68:61:0.8687;7:714:275:245:253:0.8008,2,45:2:559:405:68:61;46:7:714:275:245:253,-1,NONE,inf
675,0,2,2:559:405:68:61:0.8789;7:715:276:244:252:0.8457,2,45:2:559:405:68:61;46:7:715:276:244:252,-1,NONE,inf
676,0,2,2:558:404:69:61:0.8706;7:718:275:241:254:0.8364,2,45:2:558:404:69:61;46:7:718:275:241:254,-1,NONE,inf
677,0,2,2:558:404:69:61:0.8662;7:720:275:239:254:0.7578,2,45:2:558:404:69:61;46:7:720:275:239:254,-1,NONE,inf
678,0,2,2:557:404:70:62:0.8569;7:720:275:239:253:0.8418,2,45:2:557:404:70:62;46:7:720:275:239:253,-1,NONE,inf
679,0,2,2:557:404:70:62:0.8540;7:722:274:237:253:0.8154,2,45:2:557:404:70:62;46:7:722:274:237:253,-1,NONE,inf
680,0,2,2:557:404:70:63:0.8540;7:723:275:236:255:0.7959,2,45:2:557:404:70:63;46:7:723:275:236:255,-1,NONE,inf
681,0,2,2:557:404:70:63:0.8491;7:725:275:234:253:0.8481,2,45:2:557:404:70:63;46:7:725:275:234:253,-1,NONE,inf
682,0,2,2:556:405:70:62:0.8418;7:725:274:234:253:0.7676,2,45:2:556:405:70:62;46:7:725:274:234:253,-1,NONE,inf
683,0,2,2:556:404:70:63:0.8364;7:728:275:231:253:0.8726,2,45:2:556:404:70:63;46:7:728:275:231:253,-1,NONE,inf
684,0,2,2:556:405:70:63:0.8481;7:730:274:229:255:0.8530,2,45:2:556:405:70:63;46:7:730:274:229:255,-1,NONE,inf
685,0,2,2:555:404:72:64:0.8511;7:731:274:228:256:0.8501,2,45:2:555:404:72:64;46:7:731:274:228:256,-1,NONE,inf
686,0,2,2:555:404:72:64:0.8540;7:734:274:225:256:0.8857,2,45:2:555:404:72:64;46:7:734:274:225:256,-1,NONE,inf
687,0,2,2:555:404:72:64:0.8501;7:737:275:222:255:0.8633,2,45:2:555:404:72:64;46:7:737:275:222:255,-1,NONE,inf
688,0,2,2:554:404:73:64:0.8447;7:739:275:220:252:0.8491,2,45:2:554:404:73:64;46:7:739:275:220:252,-1,NONE,inf
689,0,2,2:554:404:73:64:0.8354;7:743:275:216:253:0.8818,2,45:2:554:404:73:64;46:7:743:275:216:253,-1,NONE,inf
690,0,2,2:554:404:72:64:0.8398;7:745:276:214:251:0.8926,2,45:2:554:404:72:64;46:7:745:276:214:251,-1,NONE,inf
691,0,2,2:554:404:73:64:0.8428;7:748:275:211:253:0.9272,2,45:2:554:404:73:64;46:7:748:275:211:253,-1,NONE,inf
692,0,2,2:554:404:73:64:0.8428;7:751:275:208:253:0.9136,2,45:2:554:404:73:64;46:7:751:275:208:253,-1,NONE,inf
693,0,2,2:554:404:73:64:0.8398;7:753:275:206:253:0.9082,2,45:2:554:404:73:64;46:7:753:275:206:253,-1,NONE,inf
694,0,2,2:554:403:73:65:0.8374;7:755:275:204:254:0.8730,2,45:2:554:403:73:65;46:7:755:275:204:254,45,SAFE,16.046
695,0,2,2:554:403:74:65:0.8354;7:761:275:198:256:0.9277,2,45:2:554:403:74:65;46:7:761:275:198:256,45,SAFE,14.507
696,0,2,2:554:403:75:65:0.8335;7:764:275:195:257:0.9155,2,45:2:554:403:75:65;46:7:764:275:195:257,45,SAFE,13.850
697,0,2,2:554:403:76:65:0.8408;7:768:275:191:257:0.8765,2,45:2:554:403:76:65;46:7:768:275:191:257,45,SAFE,17.117
698,0,2,2:554:403:75:65:0.8481;7:772:274:187:256:0.8926,2,45:2:554:403:75:65;46:7:772:274:187:256,45,SAFE,18.766
699,0,2,2:554:403:76:65:0.8428;7:776:274:183:255:0.9072,2,45:2:554:403:76:65;46:7:776:274:183:255,45,SAFE,22.318
700,0,2,2:554:403:76:65:0.8418;7:780:274:179:245:0.8931,2,45:2:554:403:76:65;46:7:780:274:179:245,45,SAFE,21.521
701,0,2,2:554:403:77:65:0.8501;7:793:274:166:250:0.8975,2,45:2:554:403:77:65;46:7:793:274:166:250,45,SAFE,21.521
702,0,2,2:554:404:77:65:0.8530;7:790:274:169:252:0.9243,2,45:2:554:404:77:65;46:7:790:274:169:252,45,SAFE,22.318
703,0,2,2:555:404:76:66:0.8447;7:794:274:165:253:0.9448,2,45:2:555:404:76:66;46:7:794:274:165:253,45,SAFE,18.894
704,0,2,2:555:404:76:67:0.8481;7:800:274:159:254:0.9312,2,45:2:555:404:76:67;46:7:800:274:159:254,45,SAFE,14.488
705,0,2,2:555:404:77:67:0.8569;7:807:274:152:255:0.8335,2,45:2:555:404:77:67;46:7:807:274:152:255,45,SAFE,12.467
706,0,2,2:556:405:78:66:0.8530;7:811:274:148:256:0.8833,2,45:2:556:405:78:66;46:7:811:274:148:256,45,SAFE,13.292
707,0,2,2:556:405:79:67:0.8599;7:827:274:132:256:0.8682,2,45:2:556:405:79:67;46:7:827:274:132:256,45,SAFE,12.784
708,0,2,2:557:405:79:68:0.8696;7:828:274:131:258:0.8550,2,45:2:557:405:79:68;46:7:828:274:131:258,45,SAFE,11.440
709,0,2,2:557:405:80:68:0.8784;7:834:274:125:258:0.8174,2,45:2:557:405:80:68;46:7:834:274:125:258,45,SAFE,9.672
710,0,2,2:558:405:80:69:0.8760;7:842:275:117:257:0.8008,2,45:2:558:405:80:69;46:7:842:275:117:257,45,SAFE,7.970
711,0,2,2:558:405:81:69:0.8682;7:849:0:430:615:0.8540,2,45:2:558:405:81:69;46:7:849:0:430:615,45,SAFE,7.084
712,0,2,2:560:405:80:69:0.8613;7:859:275:100:256:0.8018,2,45:2:560:405:80:69;46:7:859:275:100:256,45,SAFE,6.646
713,0,2,2:561:405:79:70:0.8789;7:868:5:411:626:0.9131,1,45:2:561:405:79:70,45,SAFE,6.091
714,0,2,2:562:404:79:71:0.8696;7:877:5:402:630:0.9224,1,45:2:562:404:79:71,45,SAFE,5.539
715,0,2,2:563:405:80:70:0.8662;7:889:4:390:630:0.9175,2,45:2:563:405:80:70;49:7:889:4:390:630,45,SAFE,5.654
716,0,2,2:563:404:81:70:0.8521;7:901:1:378:628:0.8750,2,45:2:563:404:81:70;49:7:901:1:378:628,45,SAFE,6.052
717,0,2,2:564:404:80:70:0.8662;7:915:3:364:634:0.8774,2,45:2:564:404:80:70;49:7:915:3:364:634,45,SAFE,6.864
718,0,2,2:565:404:81:71:0.8911;7:928:2:351:635:0.8784,2,45:2:565:404:81:71;49:7:928:2:351:635,45,SAFE,7.048
719,0,2,2:565:404:82:71:0.8882;7:942:4:337:627:0.8730,2,45:2:565:404:82:71;49:7:942:4:337:627,45,SAFE,6.985
720,0,2,2:566:404:82:71:0.8862;7:960:4:319:628:0.8198,2,45:2:566:404:82:71;49:7:960:4:319:628,45,SAFE,7.234
721,0,2,2:568:404:81:71:0.8799;7:979:4:300:625:0.8398,2,45:2:568:404:81:71;49:7:979:4:300:625,45,SAFE,8.756
722,0,2,2:569:405:82:70:0.8926;7:997:4:282:619:0.7842,2,45:2:569:405:82:70;49:7:997:4:282:619,45,SAFE,11.817
723,0,2,2:571:405:81:71:0.8901;7:1019:3:260:632:0.7339,2,45:2:571:405:81:71;49:7:1019:3:260:632,45,SAFE,13.574
724,0,2,2:572:405:82:71:0.8950;5:1045:4:234:632:0.6113,2,45:2:572:405:82:71;49:5:1045:4:234:632,45,SAFE,17.215
725,0,2,2:572:405:84:71:0.8926;7:1073:1:206:635:0.7734,2,45:2:572:405:84:71;49:7:1073:1:206:635,45,SAFE,19.847
726,0,2,2:574:405:83:72:0.8916;5:1106:3:173:637:0.5776,2,45:2:574:405:83:72;49:5:1106:3:173:637,45,SAFE,19.957
727,0,3,2:443:416:18:11:0.2134;2:575:405:83:72:0.8872;7:1146:9:133:592:0.3850,2,45:2:575:405:83:72;49:7:1146:9:133:592,45,SAFE,22.089
728,0,2,2:576:404:83:73:0.8706;7:1184:57:95:547:0.3032,2,45:2:576:404:83:73;49:7:1184:57:95:547,45,SAFE,17.083
729,0,2,0:1227:35:52:571:0.1427;2:578:404:83:74:0.8672,1,45:2:578:404:83:74,45,SAFE,11.154
730,0,1,2:579:404:84:74:0.8774,1,45:2:579:404:84:74,45,SAFE,9.598
731,0,1,2:580:404:85:74:0.8789,1,45:2:580:404:85:74,45,SAFE,8.867
732,0,1,2:582:404:85:74:0.8682,1,45:2:582:404:85:74,45,SAFE,8.664
733,0,1,2:583:405:85:74:0.8862,1,45:2:583:405:85:74,45,SAFE,8.048
734,0,1,2:585:405:86:74:0.8833,1,45:2:585:405:86:74,45,SAFE,7.772
735,0,1,2:586:405:87:75:0.9014,1,45:2:586:405:87:75,45,SAFE,7.209
736,0,1,2:588:405:87:75:0.8809,1,45:2:588:405:87:75,-1,NONE,inf
737,0,1,2:590:405:88:76:0.8438,1,45:2:590:405:88:76,-1,NONE,inf
738,0,1,2:592:405:87:76:0.8311,1,45:2:592:405:87:76,-1,NONE,inf
739,0,1,2:595:405:86:77:0.8130,1,45:2:595:405:86:77,-1,NONE,inf
740,0,1,2:596:405:88:77:0.8042,1,45:2:596:405:88:77,-1,NONE,inf
741,0,1,2:597:404:89:76:0.8291,1,45:2:597:404:89:76,-1,NONE,inf
742,0,1,2:600:404:89:77:0.8257,1,45:2:600:404:89:77,-1,NONE,inf
743,0,1,2:602:404:90:78:0.8633,1,45:2:602:404:90:78,-1,NONE,inf
744,0,1,2:603:404:91:78:0.8438,1,45:2:603:404:91:78,-1,NONE,inf
745,0,1,2:605:404:91:78:0.7358,1,45:2:605:404:91:78,-1,NONE,inf
746,0,1,2:608:404:91:79:0.7339,1,45:2:608:404:91:79,-1,NONE,inf
747,0,1,2:610:404:92:80:0.6187,1,45:2:610:404:92:80,-1,NONE,inf
748,0,1,2:611:404:94:80:0.6621,1,45:2:611:404:94:80,-1,NONE,inf
749,0,1,2:614:404:94:80:0.7563,1,45:2:614:404:94:80,-1,NONE,inf
750,0,1,2:615:404:96:81:0.7759,1,45:2:615:404:96:81,-1,NONE,inf
751,0,1,2:617:404:97:82:0.7124,1,45:2:617:404:97:82,-1,NONE,inf
752,0,1,2:618:405:100:81:0.7490,1,45:2:618:405:100:81,-1,NONE,inf
753,0,1,2:623:404:96:83:0.6094,1,45:2:623:404:96:83,-1,NONE,inf
754,0,1,2:624:405:99:81:0.6582,1,45:2:624:405:99:81,-1,NONE,inf
755,0,1,2:624:405:101:82:0.7744,1,45:2:624:405:101:82,-1,NONE,inf
756,0,1,2:624:405:104:83:0.8608,1,45:2:624:405:104:83,-1,NONE,inf
757,0,1,2:624:405:108:83:0.8091,1,45:2:624:405:108:83,-1,NONE,inf
758,0,1,2:626:405:108:83:0.8223,1,45:2:626:405:108:83,-1,NONE,inf
759,0,1,2:624:405:113:84:0.8623,1,45:2:624:405:113:84,-1,NONE,inf
760,0,1,2:625:404:115:86:0.8408,1,45:2:625:404:115:86,-1,NONE,inf
761,0,1,2:643:403:99:87:0.7075,1,45:2:643:403:99:87,-1,NONE,inf
762,0,1,2:638:402:109:88:0.8066,1,45:2:638:402:109:88,-1,NONE,inf
763,0,1,2:624:402:126:88:0.7734,1,45:2:624:402:126:88,-1,NONE,inf
764,0,1,2:637:401:116:89:0.7520,1,45:2:637:401:116:89,-1,NONE,inf
765,0,1,2:646:401:109:90:0.8608,1,45:2:646:401:109:90,-1,NONE,inf
766,0,1,2:649:402:109:90:0.8457,1,45:2:649:402:109:90,-1,NONE,inf
767,0,1,2:650:402:112:90:0.8623,1,45:2:650:402:112:90,-1,NONE,inf
768,0,1,2:654:403:111:90:0.6426,1,45:2:654:403:111:90,-1,NONE,inf
769,0,1,2:655:402:112:92:0.6226,1,45:2:655:402:112:92,-1,NONE,inf
770,0,1,2:659:403:112:92:0.6479,1,45:2:659:403:112:92,-1,NONE,inf
771,0,1,2:661:403:113:91:0.8057,1,45:2:661:403:113:91,-1,NONE,inf
772,0,1,2:663:402:115:92:0.8726,1,45:2:663:402:115:92,-1,NONE,inf
773,0,1,2:664:402:117:93:0.9360,1,45:2:664:402:117:93,-1,NONE,inf
774,0,1,2:666:401:118:94:0.9106,1,45:2:666:401:118:94,-1,NONE,inf
775,0,1,2:668:401:119:95:0.9185,1,45:2:668:401:119:95,-1,NONE,inf
776,0,1,2:670:401:120:95:0.9209,1,45:2:670:401:120:95,-1,NONE,inf
777,0,1,2:671:401:123:95:0.9360,1,45:2:671:401:123:95,-1,NONE,inf
778,0,1,2:673:400:125:97:0.9238,1,45:2:673:400:125:97,-1,NONE,inf
779,0,1,2:676:400:124:97:0.9380,1,45:2:676:400:124:97,-1,NONE,inf
780,0,1,2:678:400:126:98:0.9429,1,45:2:678:400:126:98,-1,NONE,inf
781,0,1,2:679:400:129:98:0.9141,1,45:2:679:400:129:98,-1,NONE,inf
782,0,1,2:680:401:131:98:0.9253,1,45:2:680:401:131:98,-1,NONE,inf
783,0,1,2:684:401:131:99:0.9312,1,45:2:684:401:131:99,-1,NONE,inf
784,0,1,2:684:401:134:100:0.9302,1,45:2:684:401:134:100,-1,NONE,inf
785,0,1,2:688:400:133:101:0.9302,1,45:2:688:400:133:101,-1,NONE,inf
786,0,1,2:689:400:135:101:0.9277,1,45:2:689:400:135:101,-1,NONE,inf
787,0,1,2:691:400:137:102:0.9238,1,45:2:691:400:137:102,-1,NONE,inf
788,0,1,2:692:400:140:103:0.9150,1,45:2:692:400:140:103,-1,NONE,inf
789,0,1,2:695:399:141:104:0.9111,1,45:2:695:399:141:104,-1,NONE,inf
790,0,1,2:697:398:143:107:0.9204,1,45:2:697:398:143:107,-1,NONE,inf
791,0,1,2:699:398:145:107:0.9214,1,45:2:699:398:145:107,-1,NONE,inf
792,0,1,2:702:398:147:108:0.9214,1,45:2:702:398:147:108,-1,NONE,inf
793,0,1,2:704:398:148:109:0.9150,1,45:2:704:398:148:109,-1,NONE,inf
794,0,1,2:705:398:152:110:0.9189,1,45:2:705:398:152:110,-1,NONE,inf
795,0,1,2:708:398:152:111:0.9248,1,45:2:708:398:152:111,-1,NONE,inf
796,0,1,2:710:398:155:111:0.9287,1,45:2:710:398:155:111,-1,NONE,inf
797,0,1,2:712:397:158:113:0.9277,1,45:2:712:397:158:113,-1,NONE,inf
798,0,1,2:714:398:161:112:0.9229,1,45:2:714:398:161:112,-1,NONE,inf
799,0,1,2:715:398:164:114:0.9316,1,45:2:715:398:164:114,-1,NONE,inf
800,0,1,2:717:398:167:115:0.9380,1,45:2:717:398:167:115,-1,NONE,inf
801,0,1,2:719:398:170:116:0.9434,1,45:2:719:398:170:116,-1,NONE,inf
802,0,1,2:722:398:171:117:0.9443,1,45:2:722:398:171:117,-1,NONE,inf
803,0,1,2:724:398:175:118:0.9473,1,45:2:724:398:175:118,-1,NONE,inf
804,0,1,2:727:397:177:120:0.9429,1,45:2:727:397:177:120,-1,NONE,inf
805,0,1,2:728:397:180:121:0.9473,1,45:2:728:397:180:121,-1,NONE,inf
806,0,1,2:731:396:184:123:0.9468,1,45:2:731:396:184:123,-1,NONE,inf
807,0,1,2:733:396:187:125:0.9497,1,45:2:733:396:187:125,-1,NONE,inf
808,0,1,2:736:396:188:127:0.9468,1,45:2:736:396:188:127,-1,NONE,inf
809,0,1,2:738:395:194:128:0.9546,1,45:2:738:395:194:128,-1,NONE,inf
810,0,1,2:741:395:196:129:0.9512,1,45:2:741:395:196:129,-1,NONE,inf
811,0,1,2:744:395:200:129:0.9585,1,45:2:744:395:200:129,-1,NONE,inf
812,0,1,2:747:394:203:131:0.9580,1,45:2:747:394:203:131,-1,NONE,inf
813,0,1,2:748:394:208:133:0.9604,1,45:2:748:394:208:133,-1,NONE,inf
814,0,1,2:752:394:207:135:0.9551,1,45:2:752:394:207:135,-1,NONE,inf
815,0,1,2:755:393:204:136:0.9517,1,45:2:755:393:204:136,-1,NONE,inf
816,0,1,2:757:392:202:137:0.9565,1,45:2:757:392:202:137,-1,NONE,inf
817,0,1,2:759:392:200:137:0.9526,1,45:2:759:392:200:137,-1,NONE,inf
818,0,1,2:762:391:197:139:0.9556,1,45:2:762:391:197:139,-1,NONE,inf
819,0,1,2:766:390:193:140:0.9492,1,45:2:766:390:193:140,-1,NONE,inf
820,0,1,2:768:390:191:139:0.9453,1,45:2:768:390:191:139,-1,NONE,inf
821,0,1,2:771:389:188:142:0.9448,1,45:2:771:389:188:142,-1,NONE,inf
822,0,1,2:776:388:183:143:0.9468,1,45:2:776:388:183:143,-1,NONE,inf
823,0,1,2:778:389:181:142:0.9468,1,45:2:778:389:181:142,-1,NONE,inf
824,0,1,2:781:388:178:143:0.9473,1,45:2:781:388:178:143,-1,NONE,inf
825,0,1,2:785:388:174:143:0.9399,1,45:2:785:388:174:143,-1,NONE,inf
826,0,1,2:789:388:170:143:0.9331,1,45:2:789:388:170:143,-1,NONE,inf
827,0,1,2:792:388:167:143:0.9370,1,45:2:792:388:167:143,-1,NONE,inf
828,0,1,2:797:387:162:144:0.9341,1,45:2:797:387:162:144,-1,NONE,inf
829,0,1,2:800:387:159:144:0.9385,1,45:2:800:387:159:144,-1,NONE,inf
830,0,1,2:804:386:155:145:0.9351,1,45:2:804:386:155:145,-1,NONE,inf
831,0,1,2:808:386:151:145:0.9370,1,45:2:808:386:151:145,-1,NONE,inf
832,0,1,2:813:386:146:146:0.9336,1,45:2:813:386:146:146,-1,NONE,inf
833,0,1,2:817:385:142:146:0.9326,1,45:2:817:385:142:146,-1,NONE,inf
834,0,1,2:821:385:138:147:0.9336,1,45:2:821:385:138:147,-1,NONE,inf
835,0,1,2:826:385:133:147:0.9214,1,45:2:826:385:133:147,-1,NONE,inf
836,0,1,2:831:384:128:147:0.9238,1,45:2:831:384:128:147,-1,NONE,inf
837,0,1,2:835:384:124:148:0.9111,1,45:2:835:384:124:148,-1,NONE,inf
838,0,1,2:840:383:119:148:0.8999,1,45:2:840:383:119:148,-1,NONE,inf
839,0,1,2:845:383:114:147:0.9204,1,45:2:845:383:114:147,-1,NONE,inf
840,0,1,2:851:383:108:147:0.9131,1,45:2:851:383:108:147,-1,NONE,inf
841,0,1,2:855:385:104:144:0.9106,1,45:2:855:385:104:144,-1,NONE,inf
842,0,1,2:860:386:99:145:0.8989,1,45:2:860:386:99:145,-1,NONE,inf
843,0,1,2:865:390:94:141:0.8862,1,45:2:865:390:94:141,-1,NONE,inf
844,0,1,2:871:392:88:138:0.8481,1,45:2:871:392:88:138,-1,NONE,inf
845,0,1,2:877:396:82:134:0.8174,1,45:2:877:396:82:134,-1,NONE,inf
846,0,1,2:882:400:77:130:0.8569,1,45:2:882:400:77:130,-1,NONE,inf
847,0,1,2:890:405:69:127:0.8398,1,45:2:890:405:69:127,-1,NONE,inf
848,0,1,2:893:408:66:123:0.8154,1,45:2:893:408:66:123,-1,NONE,inf
849,0,1,2:901:370:378:228:0.8799,1,45:2:901:370:378:228,-1,NONE,inf
850,0,1,2:907:369:372:233:0.8833,1,45:2:907:369:372:233,-1,NONE,inf
851,0,1,2:916:367:363:233:0.8457,1,45:2:916:367:363:233,-1,NONE,inf
852,0,1,2:923:367:356:236:0.8662,1,45:2:923:367:356:236,-1,NONE,inf
853,0,1,2:931:365:348:245:0.8740,1,45:2:931:365:348:245,-1,NONE,inf
854,0,1,2:938:365:341:234:0.8320,1,45:2:938:365:341:234,-1,NONE,inf
855,0,1,2:944:362:335:249:0.7534,1,45:2:944:362:335:249,-1,NONE,inf
856,0,1,2:953:361:326:251:0.7852,1,45:2:953:361:326:251,-1,NONE,inf
857,0,1,2:961:361:318:234:0.6060,1,45:2:961:361:318:234,-1,NONE,inf
858,0,1,2:970:361:309:241:0.7231,1,45:2:970:361:309:241,-1,NONE,inf
859,0,1,2:980:359:299:233:0.8398,1,45:2:980:359:299:233,-1,NONE,inf
860,0,1,2:991:358:288:236:0.7827,1,45:2:991:358:288:236,-1,NONE,inf
861,0,1,2:1001:356:278:240:0.8408,1,45:2:1001:356:278:240,-1,NONE,inf
862,0,1,2:1011:356:268:244:0.7578,1,45:2:1011:356:268:244,-1,NONE,inf
863,0,1,2:1021:360:258:237:0.7402,1,45:2:1021:360:258:237,-1,NONE,inf
864,0,1,2:1034:363:245:265:0.8491,1,45:2:1034:363:245:265,-1,NONE,inf
865,0,1,2:1046:367:233:257:0.8491,1,45:2:1046:367:233:257,-1,NONE,inf
866,0,1,2:1060:372:219:243:0.8447,1,45:2:1060:372:219:243,-1,NONE,inf
867,0,1,2:1077:384:202:212:0.7612,1,45:2:1077:384:202:212,-1,NONE,inf
868,0,1,2:1091:397:188:198:0.8022,1,45:2:1091:397:188:198,-1,NONE,inf
869,0,1,2:1107:410:172:190:0.7290,1,45:2:1107:410:172:190,-1,NONE,inf
870,0,1,2:1123:423:156:175:0.6084,1,45:2:1123:423:156:175,-1,NONE,inf
871,0,1,2:1143:443:136:186:0.4609,1,45:2:1143:443:136:186,-1,NONE,inf
872,0,1,2:1162:458:117:139:0.6152,1,45:2:1162:458:117:139,-1,NONE,inf
873,0,1,2:1185:472:94:133:0.5962,1,45:2:1185:472:94:133,-1,NONE,inf
874,0,0,,0,,-1,NONE,inf
875,0,1,0:1233:498:46:134:0.1382,0,,-1,NONE,inf
876,0,0,,0,,-1,NONE,inf
877,0,0,,0,,-1,NONE,inf
878,0,0,,0,,-1,NONE,inf
879,0,0,,0,,-1,NONE,inf
880,0,0,,0,,-1,NONE,inf
881,0,0,,0,,-1,NONE,inf
882,0,0,,0,,-1,NONE,inf
883,0,0,,0,,-1,NONE,inf
884,0,0,,0,,-1,NONE,inf
885,0,0,,0,,-1,NONE,inf
886,0,0,,0,,-1,NONE,inf
887,0,0,,0,,-1,NONE,inf
888,0,0,,0,,-1,NONE,inf
889,0,0,,0,,-1,NONE,inf
890,0,0,,0,,-1,NONE,inf
891,0,0,,0,,-1,NONE,inf
892,0,0,,0,,-1,NONE,inf
893,0,0,,0,,-1,NONE,inf
894,0,0,,0,,-1,NONE,inf
895,0,0,,0,,-1,NONE,inf
896,0,0,,0,,-1,NONE,inf
897,0,0,,0,,-1,NONE,inf
898,0,0,,0,,-1,NONE,inf
899,0,0,,0,,-1,NONE,inf
900,0,0,,0,,-1,NONE,inf
901,0,0,,0,,-1,NONE,inf
902,0,0,,0,,-1,NONE,inf
903,0,0,,0,,-1,NONE,inf
904,0,0,,0,,-1,NONE,inf
905,0,0,,0,,-1,NONE,inf
906,0,0,,0,,-1,NONE,inf
907,0,0,,0,,-1,NONE,inf
908,0,0,,0,,-1,NONE,inf
909,0,0,,0,,-1,NONE,inf
910,0,0,,0,,-1,NONE,inf
911,0,0,,0,,-1,NONE,inf
912,0,0,,0,,-1,NONE,inf
913,0,0,,0,,-1,NONE,inf
914,0,0,,0,,-1,NONE,inf
915,0,0,,0,,-1,NONE,inf
916,0,0,,0,,-1,NONE,inf
917,0,0,,0,,-1,NONE,inf
918,0,0,,0,,-1,NONE,inf
919,0,0,,0,,-1,NONE,inf
920,0,0,,0,,-1,NONE,inf
921,0,0,,0,,-1,NONE,inf
922,0,0,,0,,-1,NONE,inf
923,0,0,,0,,-1,NONE,inf
924,0,0,,0,,-1,NONE,inf
925,0,0,,0,,-1,NONE,inf
926,0,0,,0,,-1,NONE,inf
927,0,0,,0,,-1,NONE,inf
928,0,0,,0,,-1,NONE,inf
929,0,0,,0,,-1,NONE,inf
930,0,0,,0,,-1,NONE,inf
931,0,0,,0,,-1,NONE,inf
932,0,0,,0,,-1,NONE,inf
933,0,0,,0,,-1,NONE,inf
934,0,0,,0,,-1,NONE,inf
935,0,0,,0,,-1,NONE,inf
936,0,0,,0,,-1,NONE,inf
937,0,0,,0,,-1,NONE,inf
938,0,1,7:818:337:61:67:0.3557,0,,-1,NONE,inf
939,0,0,,0,,-1,NONE,inf
940,0,0,,0,,-1,NONE,inf
941,0,0,,0,,-1,NONE,inf
942,0,0,,0,,-1,NONE,inf
943,0,0,,0,,-1,NONE,inf
944,0,1,7:847:326:71:75:0.2878,0,,-1,NONE,inf
945,0,1,7:852:324:74:77:0.2847,0,,-1,NONE,inf
946,0,0,,0,,-1,NONE,inf
947,0,0,,0,,-1,NONE,inf
948,0,0,,0,,-1,NONE,inf
949,0,0,,0,,-1,NONE,inf
950,0,0,,0,,-1,NONE,inf
951,0,0,,0,,-1,NONE,inf
952,0,0,,0,,-1,NONE,inf
953,0,0,,0,,-1,NONE,inf
954,0,0,,0,,-1,NONE,inf
955,0,0,,0,,-1,NONE,inf
956,0,0,,0,,-1,NONE,inf
957,0,0,,0,,-1,NONE,inf
958,0,0,,0,,-1,NONE,inf
959,0,0,,0,,-1,NONE,inf
960,0,0,,0,,-1,NONE,inf
961,0,0,,0,,-1,NONE,inf
962,0,0,,0,,-1,NONE,inf
963,0,1,7:1034:248:147:146:0.1353,0,,-1,NONE,inf
964,0,0,,0,,-1,NONE,inf
965,0,1,7:1073:230:167:191:0.2294,0,,-1,NONE,inf
966,0,1,7:1094:224:179:196:0.2203,0,,-1,NONE,inf
967,0,0,,0,,-1,NONE,inf
968,0,0,,0,,-1,NONE,inf
969,0,1,7:1172:195:107:283:0.4824,0,,-1,NONE,inf
970,0,1,7:1202:186:77:290:0.4282,0,,-1,NONE,inf
971,0,0,,0,,-1,NONE,inf
972,0,0,,0,,-1,NONE,inf
973,0,0,,0,,-1,NONE,inf
974,0,0,,0,,-1,NONE,inf
975,0,1,2:607:418:11:10:0.2069,0,,-1,NONE,inf
976,0,0,,0,,-1,NONE,inf
977,0,0,,0,,-1,NONE,inf
978,0,0,,0,,-1,NONE,inf
979,0,0,,0,,-1,NONE,inf
980,0,0,,0,,-1,NONE,inf
981,0,0,,0,,-1,NONE,inf
982,0,0,,0,,-1,NONE,inf
983,0,0,,0,,-1,NONE,inf
984,0,0,,0,,-1,NONE,inf
985,0,0,,0,,-1,NONE,inf
986,0,0,,0,,-1,NONE,inf
987,0,0,,0,,-1,NONE,inf
988,0,0,,0,,-1,NONE,inf
989,0,0,,0,,-1,NONE,inf
990,0,0,,0,,-1,NONE,inf
991,0,0,,0,,-1,NONE,inf
992,0,0,,0,,-1,NONE,inf
993,0,0,,0,,-1,NONE,inf
994,0,0,,0,,-1,NONE,inf
995,0,0,,0,,-1,NONE,inf
996,0,0,,0,,-1,NONE,inf
997,0,0,,0,,-1,NONE,inf
998,0,0,,0,,-1,NONE,inf
999,0,0,,0,,-1,NONE,inf
1000,0,0,,0,,-1,NONE,inf
1001,0,0,,0,,-1,NONE,inf
1002,0,0,,0,,-1,NONE,inf
1003,0,0,,0,,-1,NONE,inf
1004,0,0,,0,,-1,NONE,inf
1005,0,0,,0,,-1,NONE,inf
1006,0,0,,0,,-1,NONE,inf
1007,0,0,,0,,-1,NONE,inf
1008,0,0,,0,,-1,NONE,inf
1009,0,0,,0,,-1,NONE,inf
1010,0,0,,0,,-1,NONE,inf
1011,1,5,7:362:391:168:75:0.5488;7:527:382:100:83:0.5737;7:740:389:71:47:0.1404;7:754:368:205:121:0.2903;7:794:427:223:63:0.3748,0,,-1,NONE,inf
1012,0,4,7:363:392:169:74:0.6929;7:528:382:101:83:0.9014;7:619:331:340:160:0.2942;7:785:427:242:62:0.2561,0,,-1,NONE,inf
1013,0,5,7:365:391:100:75:0.5908;7:529:381:101:84:0.8569;7:627:396:117:68:0.2173;7:804:426:235:63:0.3721;7:913:374:189:104:0.1146,3,50:7:529:381:101:84;51:7:804:426:235:63;52:7:365:391:100:75,-1,NONE,inf
1014,0,5,5:913:371:198:112:0.1190;7:365:391:101:75:0.6792;7:530:380:105:85:0.8418;7:778:397:181:95:0.2323;7:817:427:232:63:0.2428,3,50:7:530:380:105:85;51:7:817:427:232:63;52:7:365:391:101:75,-1,NONE,inf
1015,0,4,2:402:438:54:25:0.1052;5:916:366:268:119:0.4277;7:532:380:103:84:0.6724;7:823:425:241:65:0.1232,3,50:7:532:380:103:84;51:5:916:366:268:119;52:2:402:438:54:25,-1,NONE,inf
1016,0,5,5:937:362:263:114:0.5249;7:366:390:101:75:0.5981;7:534:379:102:83:0.3025;7:717:382:101:54:0.1884;7:811:426:269:66:0.1409,2,50:7:534:379:102:83;51:5:937:362:263:114,-1,NONE,inf
1017,0,5,2:401:438:59:26:0.1848;5:938:360:275:120:0.4592;7:536:378:102:84:0.4055;7:756:381:70:51:0.1824;7:806:423:290:71:0.2542,2,50:7:536:378:102:84;51:5:938:360:275:120,-1,NONE,inf
1018,0,6,5:955:355:277:132:0.5205;7:367:389:103:77:0.4629;7:538:377:105:87:0.5566;7:720:380:111:59:0.2783;7:792:396:167:97:0.3943;7:815:424:294:71:0.1532,3,50:7:538:377:105:87;51:5:955:355:277:132;53:7:792:396:167:97,-1,NONE,inf
1019,0,6,5:956:355:300:133:0.1406;7:368:389:104:77:0.6094;7:539:375:106:89:0.7788;7:722:379:113:78:0.3667;7:786:332:173:161:0.3320;7:814:422:310:72:0.1373,3,50:7:539:375:106:89;51:5:956:355:300:133;53:7:786:332:173:161,-1,NONE,inf
1020,0,5,5:965:352:313:139:0.2129;7:368:389:106:77:0.4263;7:541:375:108:90:0.8857;7:770:378:70:54:0.2006;7:797:395:162:98:0.3149,4,50:7:541:375:108:90;51:5:965:352:313:139;53:7:797:395:162:98;54:7:368:389:106:77,-1,NONE,inf
1021,0,5,5:374:387:103:79:0.2612;7:545:374:107:90:0.4883;7:776:377:74:58:0.2323;7:801:328:158:165:0.2043;7:862:419:308:78:0.1003,4,50:7:545:374:107:90;51:7:862:419:308:78;53:7:801:328:158:165;54:5:374:387:103:79,-1,NONE,inf
1022,0,4,5:376:388:103:78:0.2942;7:547:373:110:91:0.6978;7:779:376:78:59:0.2310;7:815:405:144:88:0.2050,3,50:7:547:373:110:91;53:7:815:405:144:88;54:5:376:388:103:78,-1,NONE,inf
1023,0,5,5:378:388:105:78:0.3684;7:552:372:109:91:0.7852;7:784:375:79:56:0.2583;7:839:408:120:84:0.2720;7:891:347:388:152:0.3577,4,50:7:552:372:109:91;51:7:891:347:388:152;53:7:839:408:120:84;54:5:378:388:105:78,-1,NONE,inf
1024,0,4,7:381:386:105:81:0.4377;7:555:371:110:91:0.7139;7:747:374:117:83:0.4746;7:854:400:105:96:0.3757,4,50:7:555:371:110:91;53:7:854:400:105:96;54:7:381:386:105:81;55:7:747:374:117:83,-1,NONE,inf
1025,0,4,7:383:386:105:81:0.4668;7:558:370:112:94:0.7637;7:665:374:209:87:0.3660;7:822:326:137:159:0.2379,4,50:7:558:370:112:94;53:7:822:326:137:159;54:7:383:386:105:81;55:7:665:374:209:87,-1,NONE,inf
1026,0,4,7:385:385:107:82:0.3594;7:561:368:115:95:0.8569;7:763:371:115:64:0.1082;7:914:361:365:144:0.2247,4,50:7:561:368:115:95;53:7:914:361:365:144;54:7:385:385:107:82;55:7:763:371:115:64,-1,NONE,inf
1027,0,4,7:390:385:107:82:0.2690;7:566:368:114:95:0.8291;7:806:372:80:76:0.1582;7:894:441:59:36:0.2018,3,50:7:566:368:114:95;54:7:390:385:107:82;55:7:806:372:80:76,-1,NONE,inf
1028,0,4,5:393:385:105:82:0.3416;7:570:366:115:97:0.8613;7:769:368:128:89:0.5981;7:905:333:374:176:0.4551,4,50:7:570:366:115:97;53:7:905:333:374:176;54:5:393:385:105:82;55:7:769:368:128:89,-1,NONE,inf
1029,0,4,7:394:383:108:85:0.4727;7:573:365:118:100:0.8760;7:815:369:88:76:0.2281;7:925:441:34:45:0.3557,3,50:7:573:365:118:100;54:7:394:383:108:85;55:7:815:369:88:76,-1,NONE,inf
1030,0,4,7:399:382:107:86:0.4844;7:577:364:119:101:0.8335;7:687:367:223:93:0.6177;7:912:324:367:192:0.1603,3,50:7:577:364:119:101;54:7:399:382:107:86;55:7:687:367:223:93,-1,NONE,inf
1031,0,4,7:402:382:108:87:0.5352;7:582:363:120:102:0.8530;7:833:365:84:81:0.1968;7:904:304:375:211:0.5117,3,50:7:582:363:120:102;54:7:402:382:108:87;55:7:904:304:375:211,-1,NONE,inf
1032,0,4,7:407:382:107:87:0.5195;7:586:362:123:102:0.8335;7:842:364:83:90:0.1105;7:916:306:363:211:0.3345,3,50:7:586:362:123:102;54:7:407:382:107:87;55:7:916:306:363:211,-1,NONE,inf
1033,0,4,7:410:382:106:88:0.4668;7:591:362:124:102:0.8398;7:849:364:83:85:0.1412;7:909:299:370:216:0.5737,3,50:7:591:362:124:102;54:7:410:382:106:88;55:7:909:299:370:216,-1,NONE,inf
1034,0,4,5:415:381:106:90:0.4456;7:598:361:122:103:0.8130;7:713:364:233:97:0.5386;7:936:305:343:214:0.2935,3,50:7:598:361:122:103;54:5:415:381:106:90;55:7:936:305:343:214,-1,NONE,inf
1035,0,4,7:417:380:109:91:0.5117;7:602:360:126:105:0.8057;7:861:363:96:90:0.2847;7:1009:439:100:64:0.1815,3,50:7:602:360:126:105;54:7:417:380:109:91;55:7:1009:439:100:64,-1,NONE,inf
1036,0,4,7:422:379:106:91:0.5215;7:606:361:129:104:0.8066;7:871:361:91:93:0.2673;7:961:294:318:224:0.2302,3,50:7:606:361:129:104;54:7:422:379:106:91;56:7:871:361:91:93,-1,NONE,inf
1037,0,4,7:425:379:110:91:0.5928;7:612:357:129:109:0.7676;7:878:361:97:92:0.2407;7:1065:441:91:44:0.1023,3,50:7:612:357:129:109;54:7:425:379:110:91;56:7:878:361:97:92,-1,NONE,inf
1038,0,4,7:431:378:106:92:0.3684;7:616:357:134:109:0.8301;7:738:377:115:86:0.1442;7:1089:440:91:46:0.1217,2,50:7:616:357:134:109;54:7:431:378:106:92,-1,NONE,inf
1039,0,4,7:433:378:112:93:0.6929;7:623:355:134:112:0.8623;7:750:358:239:105:0.4031;7:1112:440:99:50:0.1348,3,50:7:623:355:134:112;54:7:433:378:112:93;56:7:750:358:239:105,-1,NONE,inf
1040,0,3,7:440:376:112:95:0.5698;7:628:356:137:112:0.7441;7:901:359:104:93:0.1624,3,50:7:628:356:137:112;54:7:440:376:112:95;56:7:901:359:104:93,-1,NONE,inf
1041,0,3,7:443:377:113:94:0.6567;7:634:353:140:114:0.7485;7:769:359:246:105:0.5049,3,50:7:634:353:140:114;54:7:443:377:113:94;56:7:769:359:246:105,-1,NONE,inf
1042,0,3,7:448:376:114:96:0.7788;7:640:353:141:117:0.7505;7:776:359:254:105:0.2854,3,50:7:640:353:141:117;54:7:448:376:114:96;56:7:776:359:254:105,-1,NONE,inf
1043,0,3,7:454:375:114:97:0.5928;7:646:352:145:116:0.7993;7:928:356:113:99:0.2056,3,50:7:646:352:145:116;54:7:454:375:114:97;56:7:928:356:113:99,-1,NONE,inf
1044,0,3,7:458:373:199:99:0.2917;7:653:350:147:120:0.6963;7:775:356:278:110:0.4495,3,50:7:653:350:147:120;54:7:458:373:199:99;56:7:775:356:278:110,-1,NONE,inf
1045,0,5,0:1151:406:33:79:0.3081;2:351:441:17:11:0.2134;7:464:373:117:99:0.4668;7:660:348:149:123:0.8125;7:803:355:263:111:0.5273,3,50:7:660:348:149:123;54:7:464:373:117:99;56:7:803:355:263:111,54,SAFE,inf
1046,0,4,0:1166:369:40:118:0.2727;7:467:371:118:101:0.3904;7:665:347:154:125:0.7881;7:806:353:274:117:0.5020,3,50:7:665:347:154:125;54:7:467:371:118:101;56:7:806:353:274:117,54,SAFE,inf
1047,0,4,0:1201:392:32:97:0.1412;7:473:374:117:98:0.4341;7:671:344:157:128:0.8135;7:811:354:286:113:0.6221,3,50:7:671:344:157:128;54:7:473:374:117:98;56:7:811:354:286:113,54,SAFE,inf
1048,0,4,7:495:429:100:46:0.3503;7:678:343:163:129:0.8291;7:833:353:277:118:0.6167;7:1108:384:171:66:0.2074,3,50:7:678:343:163:129;54:7:495:429:100:46;56:7:833:353:277:118,54,SAFE,inf
1049,0,4,7:482:369:124:106:0.7812;7:686:343:162:128:0.8374;7:831:347:295:124:0.5601;7:1120:392:99:58:0.1803,3,50:7:686:343:162:128;54:7:482:369:124:106;56:7:831:347:295:124,54,SAFE,inf
1050,0,5,0:1267:367:12:46:0.1321;7:488:369:122:106:0.6958;7:695:342:166:130:0.8540;7:841:345:299:125:0.5410;7:1137:391:98:60:0.2585,3,50:7:695:342:166:130;54:7:488:369:122:106;56:7:841:345:299:125,54,SAFE,inf
1051,0,4,7:494:368:126:106:0.7866;7:700:340:172:133:0.8618;7:1068:349:90:112:0.1412;7:1152:385:124:66:0.1267,3,50:7:700:340:172:133;54:7:494:368:126:106;56:7:1068:349:90:112,-1,NONE,inf
1052,0,5,7:498:369:125:106:0.7661;7:506:398:214:75:0.1550;7:708:338:175:136:0.8706;7:1068:346:108:116:0.1045;7:1169:390:100:61:0.2220,3,50:7:708:338:175:136;54:7:498:369:125:106;56:7:1169:390:100:61,54,SAFE,9.052
1053,0,4,7:505:367:124:107:0.7744;7:715:338:181:139:0.9160;7:884:370:179:103:0.1884;7:1188:392:91:61:0.1571,3,50:7:715:338:181:139;54:7:505:367:124:107;56:7:1188:392:91:61,54,SAFE,4.337
1054,0,6,2:401:439:14:12:0.2101;7:511:365:127:111:0.7075;7:516:399:215:76:0.1097;7:724:335:182:140:0.8906;7:888:369:192:104:0.1076;7:1205:392:74:64:0.1072,3,50:7:724:335:182:140;54:7:511:365:127:111;56:7:1205:392:74:64,54,SAFE,3.014
1055,0,4,2:1226:396:53:60:0.1566;7:514:365:131:111:0.7881;7:730:333:228:145:0.9028;7:903:370:188:105:0.2111,3,50:7:730:333:228:145;54:7:514:365:131:111;56:2:1226:396:53:60,-1,NONE,inf
1056,0,3,7:520:364:131:112:0.7798;7:737:332:215:146:0.9155;7:917:338:331:139:0.5928,2,50:7:737:332:215:146;54:7:520:364:131:112,54,SAFE,2.391
1057,0,5,2:418:439:12:11:0.2120;7:526:364:130:114:0.7461;7:746:329:213:151:0.9438;7:928:372:196:105:0.1897;7:1116:339:158:127:0.3918,2,50:7:746:329:213:151;54:7:526:364:130:114,54,DANGER,1.965
1058,0,3,7:531:363:134:116:0.7007;7:754:328:205:154:0.9512;7:1128:338:151:128:0.1471,2,50:7:754:328:205:154;54:7:531:363:134:116,54,SAFE,inf
1059,0,4,2:925:432:142:48:0.1459;7:538:363:133:116:0.7026;7:761:326:198:156:0.9468;7:1209:392:70:78:0.1848,2,50:7:761:326:198:156;54:7:538:363:133:116,54,SAFE,inf
1060,0,2,7:539:361:137:118:0.7788;7:767:324:192:160:0.9395,2,50:7:767:324:192:160;54:7:539:361:137:118,54,SAFE,inf
1061,0,2,7:544:359:139:121:0.8374;7:775:323:184:163:0.9312,2,50:7:775:323:184:163;54:7:544:359:139:121,54,SAFE,inf
1062,0,4,2:440:438:16:12:0.2379;7:549:358:141:123:0.8057;7:783:322:176:164:0.9346;7:990:362:289:127:0.1813,2,50:7:783:322:176:164;54:7:549:358:141:123,54,SAFE,inf
1063,0,4,2:320:417:43:44:0.2031;7:553:356:143:127:0.8130;7:791:319:168:169:0.9604;7:989:371:290:118:0.2783,2,50:7:791:319:168:169;54:7:553:356:143:127,54,SAFE,inf
1064,0,4,2:449:438:16:11:0.2554;7:559:356:144:128:0.7983;7:802:316:243:169:0.8818;7:1028:370:215:118:0.1726,2,50:7:802:316:243:169;54:7:559:356:144:128,54,SAFE,inf
1065,0,3,7:563:353:146:131:0.8730;7:807:316:152:173:0.8950;7:1137:374:133:116:0.1147,2,50:7:807:316:152:173;54:7:563:353:146:131,-1,NONE,inf
1066,0,4,2:320:410:45:53:0.2240;7:569:354:147:130:0.7646;7:814:313:145:179:0.8706;7:1150:377:129:116:0.1229,2,50:7:814:313:145:179;54:7:569:354:147:130,-1,NONE,inf
1067,0,5,0:635:353:86:90:0.2140;2:461:438:12:10:0.2268;7:571:352:152:133:0.8540;7:822:310:137:183:0.9131;7:1171:378:108:114:0.1388,2,50:7:822:310:137:183;54:7:571:352:152:133,-1,NONE,inf
1068,0,5,0:638:351:91:85:0.1052;2:466:437:13:10:0.2637;7:577:350:155:136:0.8560;7:831:314:128:182:0.6792;7:1182:376:97:132:0.1432,2,50:7:831:314:128:182;54:7:577:350:155:136,-1,NONE,inf
1069,0,4,2:469:438:13:10:0.2480;7:581:348:158:138:0.8223;7:840:311:119:185:0.8267;7:1198:376:81:126:0.1729,2,50:7:840:311:119:185;54:7:581:348:158:138,-1,NONE,inf
1070,0,4,2:320:405:55:59:0.3557;2:473:438:15:10:0.2568;7:584:347:163:140:0.8589;7:847:315:112:183:0.8042,2,50:7:847:315:112:183;54:7:584:347:163:140,-1,NONE,inf
1071,0,3,2:320:402:64:62:0.5332;7:588:346:166:143:0.8799;7:856:318:103:174:0.7983,2,50:7:856:318:103:174;54:7:588:346:166:143,-1,NONE,inf
1072,0,4,2:320:403:64:60:0.5000;2:482:437:13:10:0.2959;7:594:345:168:146:0.8623;7:865:318:94:173:0.5869,3,50:7:865:318:94:173;54:7:594:345:168:146;57:2:320:403:64:60,-1,NONE,inf
1073,0,3,2:320:402:65:64:0.2893;7:599:343:172:148:0.8301;7:875:324:84:167:0.6860,3,50:7:875:324:84:167;54:7:599:343:172:148;57:2:320:402:65:64,-1,NONE,inf
1074,0,3,2:489:436:15:11:0.3557;7:602:342:178:150:0.8501;7:888:291:389:221:0.7969,2,50:7:888:291:389:221;54:7:602:342:178:150,-1,NONE,inf
1075,0,3,2:493:436:13:11:0.2407;7:605:339:185:154:0.8633;7:896:287:383:227:0.8799,2,50:7:896:287:383:227;54:7:605:339:185:154,-1,NONE,inf
1076,0,4,2:320:401:67:63:0.2480;2:496:435:17:12:0.2783;7:611:336:188:158:0.9268;7:905:282:374:236:0.8955,2,50:7:905:282:374:236;54:7:611:336:188:158,-1,NONE,inf
1077,0,4,2:500:437:13:10:0.3999;7:615:335:193:160:0.9058;7:817:401:48:66:0.1571;7:912:279:367:240:0.8911,3,50:7:912:279:367:240;54:7:615:335:193:160;58:2:500:437:13:10,-1,NONE,inf
1078,0,5,0:27:316:16:32:0.1120;7:617:333:199:162:0.9214;7:821:400:51:61:0.1699;7:874:336:85:150:0.4036;7:923:274:356:248:0.8408,2,50:7:923:274:356:248;54:7:617:333:199:162,-1,NONE,inf
1079,0,5,7:621:331:207:166:0.8613;7:823:401:61:67:0.2366;7:880:390:52:82:0.2095;7:914:341:45:147:0.2063;7:935:270:344:255:0.8589,2,50:7:935:270:344:255;54:7:621:331:207:166,-1,NONE,inf
1080,0,3,2:510:436:13:10:0.2422;7:627:329:209:169:0.9180;7:941:265:338:263:0.7969,2,50:7:941:265:338:263;54:7:627:329:209:169,-1,NONE,inf
1081,0,4,7:630:329:211:172:0.9058;7:840:402:56:70:0.3630;7:894:389:65:88:0.3074;7:958:260:321:272:0.8105,2,50:7:958:260:321:272;54:7:630:329:211:172,-1,NONE,inf
1082,0,5,2:516:436:13:10:0.3398;7:632:324:222:178:0.9204;7:848:402:51:64:0.1268;7:900:390:59:85:0.3904;7:958:256:321:279:0.8608,3,50:7:958:256:321:279;54:7:632:324:222:178;58:2:516:436:13:10,-1,NONE,inf
1083,0,5,0:44:312:22:26:0.1052;0:982:447:25:48:0.1144;7:636:321:227:184:0.9321;7:907:391:52:87:0.3701;7:964:246:315:292:0.7373,3,50:7:964:246:315:292;54:7:636:321:227:184;59:7:907:391:52:87,-1,NONE,inf
1084,0,5,2:522:436:14:10:0.2568;7:638:318:244:189:0.9331;7:862:403:50:68:0.1184;7:913:392:46:85:0.6133;7:983:248:296:294:0.8105,4,50:7:983:248:296:294;54:7:638:318:244:189;58:2:522:436:14:10;59:7:913:392:46:85,-1,NONE,inf
1085,0,4,2:524:436:14:10:0.4263;7:642:316:244:192:0.9409;7:921:388:78:89:0.4231;7:990:250:289:298:0.8311,4,50:7:990:250:289:298;54:7:642:316:244:192;58:2:524:436:14:10;59:7:921:388:78:89,-1,NONE,inf
1086,0,3,0:1012:448:34:52:0.1023;7:644:314:250:197:0.9365;7:929:253:350:296:0.4495,2,50:7:929:253:350:296;54:7:644:314:250:197,-1,NONE,inf
1087,0,4,0:1029:452:29:46:0.1531;7:650:312:257:200:0.9575;7:933:392:26:92:0.2517;7:1015:257:264:297:0.7056,3,50:7:1015:257:264:297;54:7:650:312:257:200;59:7:933:392:26:92,-1,NONE,inf
1088,0,4,0:1041:452:29:50:0.1603;7:654:309:265:204:0.9541;7:937:388:85:93:0.1451;7:1021:261:258:273:0.6494,3,50:7:1021:261:258:273;54:7:654:309:265:204;59:7:937:388:85:93,-1,NONE,inf
1089,0,4,0:1055:453:29:49:0.2153;2:534:436:13:10:0.2612;7:657:303:277:214:0.9258;7:1047:262:232:270:0.6826,3,50:7:1047:262:232:270;54:7:657:303:277:214;58:2:534:436:13:10,-1,NONE,inf
1090,0,4,2:536:436:15:10:0.2006;7:659:300:290:216:0.9531;7:954:383:107:108:0.1921;7:1044:265:235:259:0.7153,3,50:7:1044:265:235:259;54:7:659:300:290:216;58:2:536:436:15:10,-1,NONE,inf
1091,0,2,7:660:296:296:223:0.9395;7:1055:268:224:257:0.7690,2,50:7:1055:268:224:257;54:7:660:296:296:223,-1,NONE,inf
1092,0,5,2:511:452:21:11:0.2539;2:538:436:13:10:0.2766;7:662:291:297:226:0.9419;7:974:421:104:70:0.1345;7:1065:268:214:260:0.7476,3,50:7:1065:268:214:260;54:7:662:291:297:226;58:2:538:436:13:10,-1,NONE,inf
1093,0,4,2:538:435:13:10:0.3025;2:940:470:37:27:0.1412;7:665:286:294:232:0.9487;7:1077:270:202:255:0.7563,3,50:7:1077:270:202:255;54:7:665:286:294:232;58:2:538:435:13:10,-1,NONE,inf
1094,0,5,2:538:435:13:10:0.2925;2:561:413:48:37:0.1045;2:952:474:39:26:0.1316;7:667:280:292:236:0.9482;7:1086:271:193:250:0.8081,3,50:7:1086:271:193:250;54:7:667:280:292:236;58:2:538:435:13:10,-1,NONE,inf
1095,0,3,2:967:474:37:26:0.1981;7:667:276:292:246:0.9380;7:1090:272:189:253:0.7505,2,50:7:1090:272:189:253;54:7:667:276:292:246,-1,NONE,inf
1096,0,5,2:512:451:18:12:0.2281;2:980:478:42:24:0.1255;7:668:274:291:247:0.9370;7:1028:422:61:60:0.1023;7:1109:272:170:255:0.7539,2,50:7:1109:272:170:255;54:7:668:274:291:247,-1,NONE,inf
1097,0,2,7:668:274:291:247:0.9048;7:1124:271:155:256:0.7207,2,50:7:1124:271:155:256;54:7:668:274:291:247,-1,NONE,inf
1098,0,3,7:667:274:292:249:0.9390;7:838:426:221:103:0.1381;7:1127:273:152:259:0.5908,2,50:7:1127:273:152:259;54:7:667:274:292:249,-1,NONE,inf
1099,0,3,2:540:435:12:10:0.3157;7:670:274:289:249:0.8823;7:1133:275:146:248:0.5015,3,50:7:1133:275:146:248;54:7:670:274:289:249;58:2:540:435:12:10,-1,NONE,inf
1100,0,3,2:1049:477:52:40:0.3345;7:672:274:287:253:0.8999;7:1119:277:160:252:0.4766,2,50:7:1119:277:160:252;54:7:672:274:287:253,-1,NONE,inf
1101,0,3,2:474:423:56:45:0.1120;7:672:274:287:253:0.9165;7:1160:276:119:265:0.2981,2,50:7:1160:276:119:265;54:7:672:274:287:253,-1,NONE,inf
1102,0,3,2:498:437:33:32:0.1229;7:675:274:284:256:0.8887;7:1149:328:130:201:0.3850,2,50:7:1149:328:130:201;54:7:675:274:284:256,-1,NONE,inf
1103,0,2,7:672:274:287:257:0.9312;7:1192:352:87:173:0.3157,2,50:7:1192:352:87:173;54:7:672:274:287:257,-1,NONE,inf
1104,0,3,2:538:437:14:10:0.3904;7:677:274:282:256:0.8481;7:1239:355:40:162:0.2252,3,50:7:1239:355:40:162;54:7:677:274:282:256;58:2:538:437:14:10,-1,NONE,inf
1105,0,2,2:538:437:14:10:0.4397;7:678:274:281:256:0.8560,2,54:7:678:274:281:256;58:2:538:437:14:10,-1,NONE,inf
1106,0,2,2:537:437:14:11:0.3381;7:677:274:282:255:0.8789,2,54:7:677:274:282:255;58:2:537:437:14:11,-1,NONE,inf
1107,0,2,2:537:437:14:11:0.3979;7:682:274:277:255:0.7090,2,54:7:682:274:277:255;58:2:537:437:14:11,-1,NONE,inf
1108,0,2,2:536:437:15:11:0.3831;7:682:275:277:255:0.9126,2,54:7:682:275:277:255;58:2:536:437:15:11,-1,NONE,inf
1109,0,2,2:536:437:15:10:0.3293;7:688:127:591:463:0.9058,2,54:7:688:127:591:463;58:2:536:437:15:10,-1,NONE,inf
1110,0,3,2:536:438:15:10:0.3867;2:1071:482:208:121:0.1833;7:682:275:277:256:0.9307,2,54:7:682:275:277:256;58:2:536:438:15:10,-1,NONE,inf
1111,0,2,2:535:437:16:12:0.4207;7:681:274:278:256:0.8560,2,54:7:681:274:278:256;58:2:535:437:16:12,-1,NONE,inf
1112,0,3,2:535:438:15:11:0.2186;2:1171:487:108:125:0.2903;7:684:275:275:255:0.9238,2,54:7:684:275:275:255;58:2:535:438:15:11,-1,NONE,inf
1113,0,1,7:685:274:274:257:0.8872,1,54:7:685:274:274:257,-1,NONE,inf
1114,0,2,2:534:438:12:10:0.2227;7:685:275:274:255:0.8809,1,54:7:685:275:274:255,-1,NONE,inf
1115,0,1,7:687:275:272:254:0.8818,1,54:7:687:275:272:254,-1,NONE,inf
1116,0,1,7:694:6:584:644:0.9136,1,54:7:694:6:584:644,-1,NONE,inf
1117,0,3,0:29:298:21:54:0.1082;2:479:436:40:31:0.2213;7:694:4:584:648:0.9263,1,54:7:694:4:584:648,-1,NONE,inf
1118,0,2,2:534:439:13:10:0.2705;7:693:274:266:255:0.8472,2,54:7:693:274:266:255;58:2:534:439:13:10,-1,NONE,inf
1119,0,2,2:534:439:13:10:0.2081;7:693:274:266:255:0.7827,2,54:7:693:274:266:255;58:2:534:439:13:10,-1,NONE,inf
1120,0,1,7:700:2:579:665:0.8696,1,54:7:700:2:579:665,-1,NONE,inf
1121,0,2,2:533:439:13:10:0.2255;7:697:0:582:666:0.8511,1,54:7:697:0:582:666,-1,NONE,inf
1122,0,1,7:701:2:578:667:0.8374,1,54:7:701:2:578:667,-1,NONE,inf
1123,0,1,7:707:7:571:648:0.8560,1,54:7:707:7:571:648,-1,NONE,inf
1124,0,1,7:704:274:255:256:0.8345,1,54:7:704:274:255:256,-1,NONE,inf
1125,0,1,7:707:275:252:256:0.8491,1,54:7:707:275:252:256,-1,NONE,inf
1126,0,1,7:711:4:568:656:0.8335,1,54:7:711:4:568:656,-1,NONE,inf
1127,0,1,7:712:274:247:256:0.8081,1,54:7:712:274:247:256,-1,NONE,inf
1128,0,1,7:716:274:243:255:0.8091,1,54:7:716:274:243:255,-1,NONE,inf
1129,0,2,0:10:294:25:60:0.1204;7:719:274:240:256:0.9243,1,54:7:719:274:240:256,-1,NONE,inf
1130,0,1,7:722:275:237:255:0.9160,1,54:7:722:275:237:255,-1,NONE,inf
1131,0,1,7:726:275:233:255:0.9131,1,54:7:726:275:233:255,-1,NONE,inf
1132,0,2,1:739:449:33:58:0.1217;7:729:275:230:254:0.8589,1,54:7:729:275:230:254,-1,NONE,inf
1133,0,2,0:7:293:23:58:0.1226;7:734:275:225:254:0.8521,1,54:7:734:275:225:254,-1,NONE,inf
1134,0,1,7:736:275:223:254:0.8608,1,54:7:736:275:223:254,-1,NONE,inf
1135,0,1,7:739:275:220:255:0.6992,1,54:7:739:275:220:255,-1,NONE,inf
1136,0,2,2:404:466:28:11:0.2598;7:742:3:537:591:0.7773,1,54:7:742:3:537:591,-1,NONE,inf
1137,0,2,2:403:467:26:10:0.2690;7:744:10:535:592:0.8335,1,54:7:744:10:535:592,-1,NONE,inf
1138,0,1,7:747:11:532:616:0.8799,1,54:7:747:11:532:616,-1,NONE,inf
1139,0,1,7:744:274:215:256:0.7944,1,54:7:744:274:215:256,-1,NONE,inf
1140,0,1,7:749:274:210:255:0.8833,1,54:7:749:274:210:255,-1,NONE,inf
1141,0,1,7:752:274:207:255:0.8823,1,54:7:752:274:207:255,-1,NONE,inf
1142,0,1,7:755:274:204:255:0.8975,1,54:7:755:274:204:255,-1,NONE,inf
1143,0,2,2:758:428:45:62:0.5869;7:772:274:187:256:0.9106,1,54:7:772:274:187:256,-1,NONE,inf
1144,0,2,2:375:467:26:14:0.2031;7:765:274:194:256:0.9038,1,54:7:765:274:194:256,-1,NONE,inf
1145,0,2,2:331:425:103:61:0.1268;7:752:11:527:653:0.9277,1,54:7:752:11:527:653,-1,NONE,inf
1146,0,2,2:765:423:57:71:0.6167;7:803:274:156:258:0.8931,1,54:7:803:274:156:258,-1,NONE,inf
1147,0,3,2:460:460:27:20:0.4243;2:767:421:62:74:0.6353;7:816:274:143:257:0.8726,1,54:7:816:274:143:257,-1,NONE,inf
1148,0,3,2:460:460:25:21:0.5020;2:770:418:68:79:0.6636;7:825:274:134:257:0.8589,2,54:7:825:274:134:257;60:2:770:418:68:79,-1,NONE,inf
1149,0,3,2:460:459:25:22:0.3887;2:774:418:81:81:0.6279;7:837:274:122:257:0.7759,3,54:7:837:274:122:257;60:2:774:418:81:81;61:2:460:459:25:22,-1,NONE,inf
1150,0,2,2:777:418:91:81:0.6309;7:848:274:111:257:0.7920,2,54:7:848:274:111:257;60:2:777:418:91:81,-1,NONE,inf
1151,0,4,2:368:471:48:20:0.2018;2:450:461:32:20:0.3328;2:780:420:101:80:0.6021;7:861:274:98:257:0.8931,3,54:7:861:274:98:257;60:2:780:420:101:80;61:2:450:461:32:20,-1,NONE,inf
1152,0,3,2:362:471:52:21:0.3191;2:784:415:112:85:0.6943;7:874:93:405:574:0.9004,2,54:7:874:93:405:574;60:2:784:415:112:85,-1,NONE,inf
1153,0,3,0:1228:3:51:188:0.1014;2:786:420:125:82:0.6533;7:891:63:388:593:0.8857,2,54:7:891:63:388:593;60:2:786:420:125:82,-1,NONE,inf
1154,0,3,2:346:473:62:23:0.2524;2:789:419:137:85:0.7090;7:905:49:374:613:0.9019,3,54:7:905:49:374:613;60:2:789:419:137:85;61:2:346:473:62:23,-1,NONE,inf
1155,0,2,2:793:418:143:88:0.7373;7:924:14:355:644:0.8848,2,54:7:924:14:355:644;60:2:793:418:143:88,-1,NONE,inf
1156,0,3,2:796:418:148:90:0.8267;7:866:391:93:84:0.3242;7:949:0:330:655:0.8633,2,54:7:949:0:330:655;60:2:796:418:148:90,-1,NONE,inf
1157,0,3,2:800:418:152:92:0.6792;7:868:391:91:93:0.5410;7:968:4:311:657:0.9014,2,54:7:968:4:311:657;60:2:800:418:152:92,-1,NONE,inf
1158,0,3,2:803:417:156:94:0.6514;7:880:390:136:107:0.1960;7:996:4:283:658:0.7202,2,54:7:996:4:283:658;60:2:803:417:156:94,-1,NONE,inf
1159,0,3,2:807:419:152:95:0.5508;7:882:390:152:101:0.3376;7:1025:3:254:661:0.8579,3,54:7:1025:3:254:661;60:2:807:419:152:95;62:7:882:390:152:101,-1,NONE,inf
1160,0,4,2:810:418:149:97:0.8140;7:0:328:292:183:0.1353;7:883:391:187:100:0.2861;7:1061:4:218:662:0.8320,3,54:7:1061:4:218:662;60:2:810:418:149:97;62:7:883:391:187:100,-1,NONE,inf
1161,0,3,2:816:417:174:101:0.6641;7:889:389:232:105:0.2185;7:1101:7:178:655:0.5757,3,54:7:1101:7:178:655;60:2:816:417:174:101;62:7:889:389:232:105,-1,NONE,inf
1162,0,3,2:819:398:140:121:0.7168;7:886:390:287:112:0.3469;7:1143:7:136:653:0.4844,3,54:7:1143:7:136:653;60:2:819:398:140:121;62:7:886:390:287:112,-1,NONE,inf
1163,0,3,2:825:416:186:106:0.7593;5:892:387:345:110:0.1329;5:1208:19:71:643:0.1299,3,54:5:1208:19:71:643;60:2:825:416:186:106;62:5:892:387:345:110,-1,NONE,inf
1164,0,1,2:830:415:192:110:0.6758,1,60:2:830:415:192:110,-1,NONE,inf
1165,0,1,2:833:414:200:115:0.7666,1,60:2:833:414:200:115,-1,NONE,inf
1166,0,2,2:406:474:50:26:0.1447;2:839:414:202:116:0.7334,1,60:2:839:414:202:116,-1,NONE,inf
1167,0,1,2:844:413:209:118:0.6494,1,60:2:844:413:209:118,-1,NONE,inf
1168,0,1,7:849:393:110:137:0.4668,1,60:7:849:393:110:137,-1,NONE,inf
1169,0,2,2:123:438:294:166:0.1120;7:854:394:105:138:0.7075,1,60:7:854:394:105:138,-1,NONE,inf
1170,0,1,2:860:411:239:128:0.6377,1,60:2:860:411:239:128,-1,NONE,inf
1171,0,1,2:865:410:246:130:0.7827,1,60:2:865:410:246:130,-1,NONE,inf
1172,0,1,2:872:409:258:136:0.8452,1,60:2:872:409:258:136,-1,NONE,inf
1173,0,2,2:878:407:269:142:0.8477;5:894:382:385:129:0.3540,2,60:2:878:407:269:142;62:5:894:382:385:129,-1,NONE,inf
1174,0,3,2:64:414:36:33:0.1541;2:886:406:281:148:0.8613;5:895:381:384:125:0.5796,2,60:2:886:406:281:148;62:5:895:381:384:125,-1,NONE,inf
1175,0,2,2:893:405:293:151:0.8403;7:908:382:125:88:0.1124,2,60:2:893:405:293:151;62:7:908:382:125:88,-1,NONE,inf
1176,0,2,2:897:402:313:158:0.8022;5:912:381:367:114:0.3074,1,60:2:897:402:313:158,-1,NONE,inf
1177,0,1,2:905:397:329:166:0.8188,1,60:2:905:397:329:166,-1,NONE,inf
1178,0,3,2:912:396:351:171:0.8350;7:0:300:130:141:0.3879;7:924:376:264:105:0.1321,1,60:2:912:396:351:171,-1,NONE,inf
1179,0,1,2:924:390:355:187:0.8311,1,60:2:924:390:355:187,-1,NONE,inf
1180,0,1,2:933:385:346:195:0.8672,1,60:2:933:385:346:195,-1,NONE,inf
1181,0,1,2:946:387:333:191:0.8501,1,60:2:946:387:333:191,-1,NONE,inf
1182,0,2,2:955:389:324:200:0.8643;7:0:285:80:185:0.1550,1,60:2:955:389:324:200,-1,NONE,inf
1183,0,2,2:965:389:314:208:0.8208;7:952:375:282:115:0.1076,1,60:2:965:389:314:208,-1,NONE,inf
1184,0,3,0:0:276:56:171:0.1034;2:977:389:302:216:0.7798;7:957:374:307:117:0.2554,1,60:2:977:389:302:216,-1,NONE,inf
1185,0,3,0:0:274:40:176:0.5073;2:987:389:292:225:0.8521;7:957:372:318:121:0.3384,1,60:2:987:389:292:225,-1,NONE,inf
1186,0,3,0:0:277:25:144:0.1550;2:1004:389:275:225:0.8652;7:961:370:318:123:0.3762,1,60:2:1004:389:275:225,-1,NONE,inf
1187,0,2,2:1017:390:262:207:0.8013;7:968:369:310:125:0.4688,2,60:2:1017:390:262:207;63:7:968:369:310:125,-1,NONE,inf
1188,0,2,2:1034:395:245:191:0.7280;7:972:369:306:124:0.7310,2,60:2:1034:395:245:191;63:7:972:369:306:124,-1,NONE,inf
1189,0,2,2:1048:406:231:189:0.7661;7:977:369:302:129:0.8394,2,60:2:1048:406:231:189;63:7:977:369:302:129,-1,NONE,inf
1190,0,2,2:1066:423:213:172:0.8364;7:982:368:297:130:0.8130,2,60:2:1066:423:213:172;63:7:982:368:297:130,-1,NONE,inf
1191,0,2,2:1085:432:194:170:0.8208;7:985:367:294:131:0.8667,2,60:2:1085:432:194:170;63:7:985:367:294:131,-1,NONE,inf
1192,0,2,2:1105:451:174:160:0.8188;7:992:366:287:133:0.8574,2,60:2:1105:451:174:160;63:7:992:366:287:133,-1,NONE,inf
1193,0,2,2:1128:468:151:143:0.8740;7:998:366:281:136:0.8760,2,60:2:1128:468:151:143;63:7:998:366:281:136,-1,NONE,inf
1194,0,2,2:1151:490:128:127:0.7900;7:1000:364:279:140:0.8369,2,60:2:1151:490:128:127;63:7:1000:364:279:140,-1,NONE,inf
1195,0,2,2:1180:495:99:127:0.7070;7:1007:362:272:143:0.8613,2,60:2:1180:495:99:127;63:7:1007:362:272:143,-1,NONE,inf
1196,0,2,2:1209:503:70:117:0.6792;7:1015:362:264:144:0.7192,2,60:2:1209:503:70:117;63:7:1015:362:264:144,-1,NONE,inf
1197,0,2,2:1245:510:34:88:0.7295;7:1017:357:262:147:0.8560,2,60:2:1245:510:34:88;63:7:1017:357:262:147,-1,NONE,inf
1198,0,1,7:1025:356:254:151:0.7900,1,63:7:1025:356:254:151,-1,NONE,inf
1199,0,1,7:1031:354:248:153:0.8647,1,63:7:1031:354:248:153,-1,NONE,inf
1200,0,1,7:1036:353:243:153:0.8545,1,63:7:1036:353:243:153,-1,NONE,inf
1201,0,1,7:1041:352:238:154:0.6958,1,63:7:1041:352:238:154,-1,NONE,inf
1202,0,1,7:1049:350:230:155:0.6567,1,63:7:1049:350:230:155,-1,NONE,inf
1203,0,1,7:1058:346:221:160:0.7969,1,63:7:1058:346:221:160,-1,NONE,inf
1204,0,2,5:1064:346:215:161:0.6465;7:0:363:181:104:0.1182,1,63:5:1064:346:215:161,-1,NONE,inf
1205,0,2,7:0:364:151:101:0.1146;7:1072:345:207:160:0.6377,1,63:7:1072:345:207:160,-1,NONE,inf
1206,0,3,2:520:439:12:10:0.2281;7:1:373:81:84:0.1045;7:1079:341:200:168:0.6929,1,63:7:1079:341:200:168,-1,NONE,inf
1207,0,2,2:519:439:12:10:0.2510;5:1088:341:190:164:0.7002,1,63:5:1088:341:190:164,-1,NONE,inf
1208,0,3,2:519:439:13:10:0.2861;5:1095:337:184:174:0.7944;7:0:369:119:94:0.1030,1,63:5:1095:337:184:174,-1,NONE,inf
1209,0,2,2:519:439:11:10:0.2240;5:1105:336:174:175:0.8086,1,63:5:1105:336:174:175,-1,NONE,inf
1210,0,1,5:1114:335:165:179:0.8604,1,63:5:1114:335:165:179,-1,NONE,inf
1211,0,1,5:1125:333:154:183:0.8076,1,63:5:1125:333:154:183,-1,NONE,inf
1212,0,1,5:1134:332:145:186:0.8169,1,63:5:1134:332:145:186,-1,NONE,inf
1213,0,1,5:1144:324:135:192:0.8066,1,63:5:1144:324:135:192,-1,NONE,inf
1214,0,1,5:1154:326:125:188:0.7617,1,63:5:1154:326:125:188,-1,NONE,inf
1215,0,1,5:1166:326:113:190:0.8071,1,63:5:1166:326:113:190,-1,NONE,inf
1216,0,1,5:1179:320:100:196:0.8330,1,63:5:1179:320:100:196,-1,NONE,inf
1217,0,1,5:1188:327:91:189:0.5610,1,63:5:1188:327:91:189,-1,NONE,inf
1218,0,1,7:1203:330:76:186:0.6548,1,63:7:1203:330:76:186,-1,NONE,inf
1219,0,2,2:0:542:53:51:0.2783;7:1215:341:64:175:0.3418,1,63:7:1215:341:64:175,-1,NONE,inf
1220,0,1,7:1231:344:48:174:0.2480,1,63:7:1231:344:48:174,-1,NONE,inf
1221,0,0,,0,,-1,NONE,inf
1222,0,0,,0,,-1,NONE,inf
1223,0,0,,0,,-1,NONE,inf
1224,0,0,,0,,-1,NONE,inf
1225,0,0,,0,,-1,NONE,inf
1226,0,0,,0,,-1,NONE,inf
1227,0,0,,0,,-1,NONE,inf
1228,0,0,,0,,-1,NONE,inf
1229,0,1,2:30:446:40:25:0.1034,0,,-1,NONE,inf
1230,0,1,2:1:444:60:27:0.1646,0,,-1,NONE,inf
1231,0,1,2:0:443:53:30:0.2351,0,,-1,NONE,inf
1232,0,0,,0,,-1,NONE,inf
1233,0,0,,0,,-1,NONE,inf
1234,0,0,,0,,-1,NONE,inf
1235,0,0,,0,,-1,NONE,inf
1236,0,0,,0,,-1,NONE,inf
1237,0,0,,0,,-1,NONE,inf
1238,0,1,2:521:444:14:10:0.3259,0,,-1,NONE,inf
1239,0,0,,0,,-1,NONE,inf
1240,0,1,2:522:445:13:10:0.3091,0,,-1,NONE,inf
1241,0,0,,0,,-1,NONE,inf
1242,0,0,,0,,-1,NONE,inf
1243,0,0,,0,,-1,NONE,inf
1244,0,0,,0,,-1,NONE,inf
1245,0,0,,0,,-1,NONE,inf
1246,0,0,,0,,-1,NONE,inf
1247,0,0,,0,,-1,NONE,inf
1248,0,0,,0,,-1,NONE,inf
1249,0,0,,0,,-1,NONE,inf
1250,0,1,2:530:442:13:10:0.2323,0,,-1,NONE,inf
1251,0,0,,0,,-1,NONE,inf
1252,0,0,,0,,-1,NONE,inf
