frame,sceneChanged,numDetections,detections,numTracks,tracks,activeLeadId,riskLevel,ttc
1,0,5,2:254:452:65:30:0.6227;2:380:452:35:21:0.5693;2:563:447:40:31:0.7642;7:433:451:20:16:0.3880;7:604:418:46:53:0.4920,0,,-1,NONE,inf
2,0,5,2:227:453:74:31:0.4697;2:370:452:37:22:0.5495;2:427:452:25:16:0.4028;2:563:447:40:31:0.7468;7:602:418:49:54:0.6214,0,,-1,NONE,inf
3,0,5,2:202:453:79:33:0.5037;2:359:451:40:23:0.6290;2:421:452:25:17:0.4080;2:563:447:39:31:0.7694;7:604:418:48:53:0.6131,5,1:2:563:447:39:31;2:7:604:418:48:53;3:2:359:451:40:23;4:2:202:453:79:33;5:2:421:452:25:17,-1,NONE,inf
4,0,5,2:163:466:49:23:0.1896;2:347:450:44:24:0.7137;2:415:452:23:17:0.4221;2:563:447:39:31:0.7684;7:608:418:42:51:0.6154,5,1:2:563:447:39:31;2:7:608:418:42:51;3:2:347:450:44:24;4:2:163:466:49:23;5:2:415:452:23:17,-1,NONE,inf
5,0,5,2:128:452:101:41:0.8054;2:333:450:50:25:0.5130;2:409:452:28:16:0.3639;2:563:447:39:31:0.7625;7:608:418:43:51:0.6375,5,1:2:563:447:39:31;2:7:608:418:43:51;3:2:333:450:50:25;4:2:128:452:101:41;5:2:409:452:28:16,-1,NONE,inf
6,0,5,2:79:452:122:45:0.7980;2:319:450:53:28:0.5509;2:401:450:30:18:0.3543;2:563:446:39:32:0.7792;7:608:418:43:51:0.6622,5,1:2:563:446:39:32;2:7:608:418:43:51;3:2:319:450:53:28;4:2:79:452:122:45;5:2:401:450:30:18,-1,NONE,inf
7,0,6,2:18:449:143:51:0.8051;2:303:451:56:28:0.5753;2:356:449:41:23:0.1450;2:393:451:31:20:0.4819;2:563:446:39:32:0.7986;7:609:418:43:51:0.6324,5,1:2:563:446:39:32;2:7:609:418:43:51;3:2:303:451:56:28;4:2:18:449:143:51;5:2:393:451:31:20,-1,NONE,inf
8,0,6,2:0:449:119:57:0.8342;2:283:450:56:31:0.5753;2:385:451:32:19:0.5036;2:563:446:39:32:0.7915;7:337:454:21:21:0.2124;7:609:417:43:51:0.6352,5,1:2:563:446:39:32;2:7:609:417:43:51;3:2:283:450:56:31;4:2:0:449:119:57;5:2:385:451:32:19,-1,NONE,inf
9,0,6,2:0:450:62:54:0.4802;2:261:450:54:32:0.5439;2:376:451:33:20:0.5239;2:563:446:39:32:0.7720;7:321:454:29:20:0.3552;7:609:416:44:53:0.6725,5,1:2:563:446:39:32;2:7:609:416:44:53;3:2:261:450:54:32;4:2:0:450:62:54;5:2:376:451:33:20,-1,NONE,inf
10,0,6,2:235:451:66:31:0.5284;2:275:458:31:26:0.1408;2:303:453:33:24:0.2501;2:365:451:36:21:0.4542;2:563:446:39:32:0.7598;7:609:415:44:53:0.7647,4,1:2:563:446:39:32;2:7:609:415:44:53;3:2:235:451:66:31;5:2:365:451:36:21,-1,NONE,inf
11,0,6,2:207:449:78:37:0.7127;2:284:451:45:28:0.5606;2:353:450:39:23:0.5512;2:563:446:39:32:0.7772;2:691:519:48:26:0.1006;7:609:415:44:53:0.7498,5,1:2:563:446:39:32;2:7:609:415:44:53;3:2:207:449:78:37;5:2:353:450:39:23;6:2:284:451:45:28,-1,NONE,inf
12,0,5,2:169:449:89:40:0.8095;2:268:452:50:28:0.6639;2:340:450:41:26:0.5561;2:563:446:39:32:0.7859;7:609:415:45:53:0.7617,5,1:2:563:446:39:32;2:7:609:415:45:53;3:2:169:449:89:40;5:2:340:450:41:26;6:2:268:452:50:28,-1,NONE,inf
13,0,6,2:127:448:101:47:0.8457;2:253:454:50:28:0.5252;2:295:450:38:28:0.1119;2:324:451:48:28:0.4936;2:563:446:39:32:0.7797;7:610:415:44:54:0.7456,5,1:2:563:446:39:32;2:7:610:415:44:54;3:2:127:448:101:47;5:2:324:451:48:28;6:2:253:454:50:28,-1,NONE,inf
14,0,5,2:72:448:122:52:0.8733;2:234:456:55:26:0.6251;2:308:449:51:32:0.5852;2:563:446:39:32:0.7996;7:610:414:45:55:0.7426,5,1:2:563:446:39:32;2:7:610:414:45:55;3:2:72:448:122:52;5:2:308:449:51:32;6:2:234:456:55:26,-1,NONE,inf
15,0,5,2:3:447:147:55:0.8839;2:211:454:61:30:0.6865;2:291:451:54:30:0.5520;2:563:446:39:32:0.7822;7:610:414:46:55:0.7811,5,1:2:563:446:39:32;2:7:610:414:46:55;3:2:3:447:147:55;5:2:291:451:54:30;6:2:211:454:61:30,-1,NONE,inf
16,0,5,2:0:446:97:65:0.7847;2:188:454:61:30:0.7548;2:269:449:61:34:0.7424;2:563:446:39:32:0.7761;7:610:414:47:55:0.7453,5,1:2:563:446:39:32;2:7:610:414:47:55;3:2:0:446:97:65;5:2:269:449:61:34;6:2:188:454:61:30,-1,NONE,inf
17,0,5,2:0:444:29:67:0.4062;2:159:454:73:32:0.6617;2:242:451:66:33:0.4664;2:562:447:40:29:0.7766;7:611:414:47:56:0.7558,5,1:2:562:447:40:29;2:7:611:414:47:56;3:2:0:444:29:67;5:2:242:451:66:33;6:2:159:454:73:32,1,SAFE,inf
18,0,4,2:127:455:81:33:0.8458;2:213:451:75:35:0.5369;2:562:447:40:29:0.7869;7:611:413:47:56:0.6924,4,1:2:562:447:40:29;2:7:611:413:47:56;5:2:213:451:75:35;6:2:127:455:81:33,1,SAFE,inf
19,0,5,2:90:454:90:35:0.6797;2:175:448:89:43:0.6491;2:521:447:10:11:0.2060;2:563:446:39:31:0.7732;7:611:413:48:56:0.6716,4,1:2:563:446:39:31;2:7:611:413:48:56;5:2:175:448:89:43;6:2:90:454:90:35,1,SAFE,inf
20,0,5,2:47:453:99:42:0.8709;2:139:448:96:45:0.8220;2:520:447:11:11:0.2621;2:563:446:39:32:0.7927;7:611:412:48:57:0.6775,4,1:2:563:446:39:32;2:7:611:412:48:57;5:2:139:448:96:45;6:2:47:453:99:42,1,SAFE,inf
21,0,5,2:1:453:96:43:0.4540;2:91:447:108:48:0.4068;2:563:446:39:31:0.7838;2:1133:469:32:19:0.1404;7:612:411:48:58:0.7108,4,1:2:563:446:39:31;2:7:612:411:48:58;5:2:91:447:108:48;6:2:1:453:96:43,1,SAFE,inf
22,0,6,2:0:450:54:52:0.1835;2:475:451:16:10:0.3409;2:520:446:11:12:0.2578;2:563:446:39:31:0.7899;2:1187:471:38:20:0.1431;7:612:411:49:58:0.6707,3,1:2:563:446:39:31;2:7:612:411:49:58;6:2:0:450:54:52,1,SAFE,inf
23,0,4,2:0:445:99:64:0.7954;2:519:445:12:13:0.2288;2:563:446:39:31:0.7856;7:612:410:50:59:0.4324,3,1:2:563:446:39:31;2:7:612:410:50:59;6:2:0:445:99:64,1,SAFE,inf
24,0,4,2:469:451:18:10:0.3547;2:518:446:12:12:0.2094;2:562:446:40:31:0.8073;7:613:410:49:59:0.3665,2,1:2:562:446:40:31;2:7:613:410:49:59,1,SAFE,inf
25,0,3,2:467:450:17:11:0.3409;2:562:446:40:31:0.8122;7:613:410:50:59:0.4166,2,1:2:562:446:40:31;2:7:613:410:50:59,1,SAFE,inf
26,0,3,2:463:450:19:11:0.4527;2:562:445:40:31:0.7939;7:592:410:72:60:0.3350,3,1:2:562:445:40:31;2:7:592:410:72:60;7:2:463:450:19:11,1,SAFE,inf
27,0,3,2:460:449:19:12:0.3971;2:562:444:40:32:0.7967;7:613:408:51:62:0.4871,3,1:2:562:444:40:32;2:7:613:408:51:62;7:2:460:449:19:12,1,SAFE,inf
28,0,3,2:457:449:21:12:0.4390;2:562:444:40:32:0.8138;7:614:408:51:62:0.5497,3,1:2:562:444:40:32;2:7:614:408:51:62;7:2:457:449:21:12,1,SAFE,33.808
29,0,3,2:454:450:19:11:0.3889;2:562:445:40:31:0.8124;7:614:408:52:62:0.6285,3,1:2:562:445:40:31;2:7:614:408:52:62;7:2:454:450:19:11,1,SAFE,19.742
30,0,3,2:449:450:21:12:0.3218;2:562:445:40:31:0.8202;7:614:407:53:63:0.6926,3,1:2:562:445:40:31;2:7:614:407:53:63;7:2:449:450:21:12,1,SAFE,13.311
31,0,3,2:446:449:22:14:0.4821;2:562:445:40:31:0.8076;7:614:407:54:64:0.7316,3,1:2:562:445:40:31;2:7:614:407:54:64;7:2:446:449:22:14,1,SAFE,9.709
32,0,3,2:442:449:23:14:0.4289;2:562:445:40:31:0.8153;7:614:407:54:64:0.6646,3,1:2:562:445:40:31;2:7:614:407:54:64;7:2:442:449:23:14,1,SAFE,20.013
33,0,3,2:437:450:25:14:0.4842;2:562:445:40:31:0.8222;7:615:406:54:65:0.7544,3,1:2:562:445:40:31;2:7:615:406:54:65;7:2:437:450:25:14,1,SAFE,inf
34,0,5,2:433:450:25:14:0.4999;2:512:445:12:14:0.2177;2:528:446:11:12:0.2207;2:562:445:40:31:0.8279;7:615:406:55:65:0.6893,3,1:2:562:445:40:31;2:7:615:406:55:65;7:2:433:450:25:14,1,SAFE,inf
35,0,3,2:428:450:24:14:0.4812;2:562:445:40:31:0.8361;7:615:406:56:65:0.7337,3,1:2:562:445:40:31;2:7:615:406:56:65;7:2:428:450:24:14,1,SAFE,inf
36,0,3,2:422:450:27:15:0.5815;2:562:445:40:31:0.8293;7:616:406:56:65:0.7940,3,1:2:562:445:40:31;2:7:616:406:56:65;7:2:422:450:27:15,1,SAFE,inf
37,0,3,2:415:449:31:16:0.4558;2:562:445:40:31:0.8240;7:616:405:56:66:0.8069,3,1:2:562:445:40:31;2:7:616:405:56:66;7:2:415:449:31:16,1,SAFE,inf
38,0,3,2:409:450:32:16:0.4535;2:562:445:40:32:0.8200;7:616:405:57:67:0.7548,3,1:2:562:445:40:32;2:7:616:405:57:67;7:2:409:450:32:16,1,SAFE,inf
39,0,3,2:403:450:30:16:0.5727;2:561:446:41:31:0.7974;7:617:405:57:67:0.7606,3,1:2:561:446:41:31;2:7:617:405:57:67;7:2:403:450:30:16,1,SAFE,inf
40,0,3,2:396:451:32:16:0.5629;2:562:446:40:31:0.7991;7:617:405:59:68:0.7547,3,1:2:562:446:40:31;2:7:617:405:59:68;7:2:396:451:32:16,1,SAFE,inf
41,0,4,2:388:451:30:17:0.4693;2:409:455:14:12:0.2338;2:561:447:41:29:0.7920;7:617:405:60:69:0.8183,3,1:2:561:447:41:29;2:7:617:405:60:69;7:2:388:451:30:17,1,SAFE,inf
42,0,4,2:379:451:35:17:0.5863;2:562:446:39:32:0.7828;7:506:443:16:16:0.2184;7:618:404:60:70:0.8086,3,1:2:562:446:39:32;2:7:618:404:60:70;7:2:379:451:35:17,1,SAFE,inf
43,0,3,2:368:450:39:19:0.4591;2:561:446:40:31:0.7825;7:618:404:60:71:0.7947,3,1:2:561:446:40:31;2:7:618:404:60:71;7:2:368:450:39:19,1,SAFE,inf
44,0,3,2:360:451:38:19:0.5191;2:562:446:39:32:0.7513;7:619:403:61:72:0.8086,3,1:2:562:446:39:32;2:7:619:403:61:72;7:2:360:451:38:19,1,SAFE,inf
45,0,4,2:347:450:45:22:0.4513;2:561:446:40:31:0.7616;2:598:450:10:14:0.2316;7:619:403:62:72:0.7726,3,1:2:561:446:40:31;2:7:619:403:62:72;7:2:347:450:45:22,1,SAFE,inf
46,0,4,2:335:449:48:24:0.5544;2:562:446:39:31:0.7456;2:598:450:11:14:0.2612;7:620:402:61:73:0.7784,3,1:2:562:446:39:31;2:7:620:402:61:73;7:2:335:449:48:24,1,SAFE,inf
47,0,4,2:321:451:50:24:0.6182;2:562:446:39:32:0.7217;2:598:450:11:13:0.3422;7:620:402:63:73:0.8415,3,1:2:562:446:39:32;2:7:620:402:63:73;7:2:321:451:50:24,1,SAFE,33.066
48,0,4,2:305:452:55:23:0.4205;2:562:446:39:32:0.7365;2:597:450:12:13:0.3690;7:621:402:64:73:0.8442,3,1:2:562:446:39:32;2:7:621:402:64:73;7:2:305:452:55:23,1,SAFE,21.019
49,0,4,2:284:450:61:27:0.4654;2:562:446:39:32:0.7413;2:597:450:12:14:0.4210;7:622:401:63:74:0.8400,4,1:2:562:446:39:32;2:7:622:401:63:74;7:2:284:450:61:27;8:2:597:450:12:14,1,SAFE,16.257
50,0,6,2:264:449:67:30:0.6241;2:523:447:11:12:0.2528;2:562:446:39:32:0.7375;2:597:450:12:12:0.4452;7:498:442:18:18:0.3105;7:622:400:64:76:0.8275,4,1:2:562:446:39:32;2:7:622:400:64:76;7:2:264:449:67:30;8:2:597:450:12:12,1,SAFE,13.880
51,0,6,2:240:448:74:34:0.6683;2:521:447:12:12:0.2933;2:561:447:41:30:0.7487;2:597:450:12:12:0.3919;7:498:442:18:18:0.3193;7:622:400:65:76:0.8906,4,1:2:561:447:41:30;2:7:622:400:65:76;7:2:240:448:74:34;8:2:597:450:12:12,1,SAFE,32.436
52,0,6,2:211:449:84:35:0.6839;2:521:447:10:12:0.3674;2:561:447:41:30:0.7650;2:597:451:12:11:0.3868;7:497:442:19:19:0.3764;7:623:400:65:77:0.8421,5,1:2:561:447:41:30;2:7:623:400:65:77;7:2:211:449:84:35;8:2:597:451:12:11;9:7:497:442:19:19,1,SAFE,inf
53,0,6,2:177:448:95:39:0.7753;2:520:447:11:12:0.3852;2:561:447:42:30:0.7545;2:597:451:13:12:0.3976;7:496:442:18:18:0.3165;7:623:399:67:79:0.8227,5,1:2:561:447:42:30;2:7:623:399:67:79;7:2:177:448:95:39;8:2:597:451:13:12;9:7:496:442:18:18,1,SAFE,inf
54,0,6,2:136:449:112:41:0.7944;2:520:447:10:12:0.2995;2:561:447:42:30:0.7594;2:597:451:13:11:0.3951;7:496:442:18:18:0.2233;7:623:398:69:80:0.8246,6,1:2:561:447:42:30;2:7:623:398:69:80;7:2:136:449:112:41;8:2:597:451:13:11;9:7:496:442:18:18;10:2:520:447:10:12,1,SAFE,inf
55,0,6,2:87:449:129:44:0.7474;2:520:447:10:12:0.2804;2:561:446:41:31:0.7577;2:597:450:13:12:0.3707;7:494:442:16:18:0.2319;7:624:397:69:81:0.8204,6,1:2:561:446:41:31;2:7:624:397:69:81;7:2:87:449:129:44;8:2:597:450:13:12;9:7:494:442:16:18;10:2:520:447:10:12,1,SAFE,inf
56,0,5,2:23:448:160:50:0.7295;2:519:447:11:13:0.2504;2:561:446:41:31:0.7779;2:597:450:13:12:0.3458;7:625:396:70:82:0.8394,5,1:2:561:446:41:31;2:7:625:396:70:82;7:2:23:448:160:50;8:2:597:450:13:12;10:2:519:447:11:13,1,SAFE,inf
57,0,4,2:0:447:135:52:0.8037;2:561:446:41:31:0.7748;2:597:450:13:12:0.4258;7:625:395:72:83:0.8021,4,1:2:561:446:41:31;2:7:625:395:72:83;7:2:0:447:135:52;8:2:597:450:13:12,1,SAFE,inf
58,0,5,2:0:446:77:55:0.7221;2:561:445:41:32:0.7638;2:597:450:13:11:0.4524;7:490:441:20:19:0.2134;7:625:395:72:83:0.8409,4,1:2:561:445:41:32;2:7:625:395:72:83;7:2:0:446:77:55;8:2:597:450:13:11,1,SAFE,inf
59,0,4,2:562:446:40:31:0.7855;2:597:450:14:11:0.4585;7:490:441:16:19:0.3127;7:626:394:72:83:0.8591,4,1:2:562:446:40:31;2:7:626:394:72:83;8:2:597:450:14:11;9:7:490:441:16:19,1,SAFE,inf
60,0,4,2:562:445:40:31:0.7935;2:597:450:14:12:0.3614;7:489:440:20:20:0.2851;7:626:392:74:85:0.8757,4,1:2:562:445:40:31;2:7:626:392:74:85;8:2:597:450:14:12;9:7:489:440:20:20,1,SAFE,inf
61,0,3,2:562:445:40:31:0.7982;2:597:449:14:12:0.4083;7:627:391:75:86:0.8995,3,1:2:562:445:40:31;2:7:627:391:75:86;8:2:597:449:14:12,1,SAFE,inf
62,0,4,2:562:445:40:31:0.7622;2:597:449:14:13:0.4234;7:486:440:20:19:0.2041;7:627:391:77:86:0.8731,3,1:2:562:445:40:31;2:7:627:391:77:86;8:2:597:449:14:13,1,SAFE,inf
63,0,4,2:563:445:39:30:0.7358;2:597:449:15:13:0.4714;7:485:440:20:21:0.3083;7:628:391:77:87:0.7910,4,1:2:563:445:39:30;2:7:628:391:77:87;8:2:597:449:15:13;9:7:485:440:20:21,1,SAFE,inf
64,0,4,2:564:445:38:31:0.7574;2:597:449:15:13:0.4561;7:483:440:17:21:0.4031;7:628:389:79:89:0.8108,4,1:2:564:445:38:31;2:7:628:389:79:89;8:2:597:449:15:13;9:7:483:440:17:21,1,SAFE,46.026
65,0,5,0:515:441:12:19:0.1207;2:564:445:39:31:0.7559;2:597:449:15:13:0.4112;7:482:440:20:20:0.4750;7:628:389:82:90:0.8199,4,1:2:564:445:39:31;2:7:628:389:82:90;8:2:597:449:15:13;9:7:482:440:20:20,1,SAFE,16.760
66,0,5,0:515:442:11:18:0.1142;2:564:445:39:31:0.7703;2:598:449:14:13:0.4317;7:481:439:24:22:0.4741;7:629:388:83:91:0.8476,4,1:2:564:445:39:31;2:7:629:388:83:91;8:2:598:449:14:13;9:7:481:439:24:22,1,SAFE,21.864
67,0,4,2:565:445:38:30:0.7629;2:598:450:14:12:0.4383;7:480:440:17:21:0.4082;7:629:387:84:93:0.8388,4,1:2:565:445:38:30;2:7:629:387:84:93;8:2:598:450:14:12;9:7:480:440:17:21,1,SAFE,inf
68,0,4,2:565:445:38:31:0.7614;2:597:450:15:12:0.4356;7:478:439:17:22:0.3849;7:631:387:83:93:0.7900,4,1:2:565:445:38:31;2:7:631:387:83:93;8:2:597:450:15:12;9:7:478:439:17:22,1,SAFE,inf
69,0,4,2:565:446:38:30:0.7645;2:598:450:14:12:0.3410;7:476:439:24:22:0.4561;7:632:386:85:94:0.7935,4,1:2:565:446:38:30;2:7:632:386:85:94;8:2:598:450:14:12;9:7:476:439:24:22,1,SAFE,inf
70,0,4,2:565:445:38:31:0.7735;2:599:450:13:12:0.2651;7:475:439:19:22:0.4241;7:631:385:88:96:0.8146,4,1:2:565:445:38:31;2:7:631:385:88:96;8:2:599:450:13:12;9:7:475:439:19:22,1,SAFE,inf
71,0,4,2:565:445:38:31:0.7790;2:599:450:14:12:0.2875;7:474:439:17:22:0.3722;7:631:384:91:97:0.8458,4,1:2:565:445:38:31;2:7:631:384:91:97;8:2:599:450:14:12;9:7:474:439:17:22,1,SAFE,inf
72,0,4,2:565:445:38:30:0.7709;2:599:450:14:12:0.2388;7:472:439:20:22:0.4762;7:632:383:91:98:0.8712,4,1:2:565:445:38:30;2:7:632:383:91:98;8:2:599:450:14:12;9:7:472:439:20:22,1,SAFE,inf
73,0,5,2:511:443:14:18:0.1181;2:566:445:38:30:0.7797;7:470:439:17:22:0.4227;7:596:425:42:43:0.1076;7:633:382:93:99:0.8195,4,1:2:566:445:38:30;2:7:633:382:93:99;8:7:596:425:42:43;9:7:470:439:17:22,1,SAFE,inf
74,0,5,2:566:445:38:31:0.7761;7:467:438:28:25:0.4294;7:508:442:16:18:0.2408;7:597:425:42:50:0.1580;7:632:381:96:102:0.8600,4,1:2:566:445:38:31;2:7:632:381:96:102;8:7:597:425:42:50;9:7:467:438:28:25,1,SAFE,inf
75,0,5,2:566:445:38:32:0.7806;7:466:438:24:25:0.3775;7:507:443:16:17:0.2656;7:597:425:43:49:0.2137;7:634:380:97:103:0.8551,4,1:2:566:445:38:32;2:7:634:380:97:103;8:7:597:425:43:49;9:7:466:438:24:25,1,SAFE,inf
76,0,5,2:567:445:37:30:0.7887;7:464:439:19:23:0.4146;7:506:442:17:18:0.2872;7:598:425:42:37:0.2083;7:636:379:96:103:0.8169,4,1:2:567:445:37:30;2:7:636:379:96:103;8:7:598:425:42:37;9:7:464:439:19:23,1,SAFE,inf
77,0,5,2:567:445:38:30:0.7897;7:462:438:20:24:0.2711;7:506:442:16:18:0.2054;7:598:425:43:38:0.2380;7:637:377:99:105:0.7879,4,1:2:567:445:38:30;2:7:637:377:99:105;8:7:598:425:43:38;9:7:462:438:20:24,1,SAFE,inf
78,0,5,2:540:448:13:10:0.2011;2:566:445:39:30:0.8015;2:603:451:11:11:0.2099;7:460:438:19:24:0.3473;7:637:376:101:107:0.7796,4,1:2:566:445:39:30;2:7:637:376:101:107;8:2:603:451:11:11;9:7:460:438:19:24,1,SAFE,inf
79,0,4,2:567:445:38:30:0.8177;2:603:451:11:12:0.2264;7:458:437:20:26:0.3980;7:637:375:104:108:0.8454,3,1:2:567:445:38:30;2:7:637:375:104:108;9:7:458:437:20:26,1,SAFE,inf
80,0,5,2:540:448:13:10:0.2157;2:567:445:38:30:0.8091;2:603:450:12:12:0.2776;7:455:437:35:26:0.4324;7:639:373:105:110:0.8675,3,1:2:567:445:38:30;2:7:639:373:105:110;9:7:455:437:35:26,1,SAFE,inf
81,0,4,2:567:445:39:30:0.7958;2:603:450:12:12:0.2370;7:452:436:33:27:0.4721;7:639:372:108:111:0.8691,3,1:2:567:445:39:30;2:7:639:372:108:111;9:7:452:436:33:27,1,SAFE,inf
82,0,5,2:540:448:14:10:0.2002;2:567:445:40:32:0.8003;2:603:450:11:12:0.2389;7:449:435:32:29:0.5250;7:640:370:110:116:0.8797,3,1:2:567:445:40:32;2:7:640:370:110:116;9:7:449:435:32:29,1,SAFE,inf
83,0,6,2:568:445:38:30:0.7643;5:500:441:18:19:0.2709;7:447:436:23:28:0.5083;7:463:434:21:29:0.2843;7:600:424:45:38:0.1151;7:640:369:113:117:0.8679,3,1:2:568:445:38:30;2:7:640:369:113:117;9:7:447:436:23:28,1,SAFE,inf
84,0,4,2:567:445:40:32:0.7603;5:499:440:16:20:0.2144;7:445:434:37:30:0.6236;7:642:368:112:118:0.8516,3,1:2:567:445:40:32;2:7:642:368:112:118;9:7:445:434:37:30,1,SAFE,inf
85,0,4,2:568:445:39:32:0.7676;5:498:440:17:20:0.2648;7:442:433:39:31:0.6086;7:642:367:113:120:0.8820,3,1:2:568:445:39:32;2:7:642:367:113:120;9:7:442:433:39:31,1,SAFE,17.210
86,0,4,2:568:446:40:31:0.7410;7:439:433:40:32:0.7287;7:496:440:20:20:0.3006;7:642:366:120:122:0.9126,3,1:2:568:446:40:31;2:7:642:366:120:122;9:7:439:433:40:32,1,SAFE,13.141
87,0,4,2:569:446:39:31:0.7112;7:436:433:41:32:0.7445;7:495:440:20:20:0.3460;7:644:364:122:124:0.9051,3,1:2:569:446:39:31;2:7:644:364:122:124;9:7:436:433:41:32,1,SAFE,15.148
88,0,4,2:569:446:39:31:0.6929;7:432:431:44:34:0.7914;7:494:439:22:21:0.3967;7:645:362:125:127:0.9104,4,1:2:569:446:39:31;2:7:645:362:125:127;9:7:432:431:44:34;11:7:494:439:22:21,1,SAFE,19.076
89,0,4,2:569:447:39:30:0.6893;5:494:439:21:20:0.3534;7:429:431:45:35:0.6273;7:645:360:129:129:0.9236,4,1:2:569:447:39:30;2:7:645:360:129:129;9:7:429:431:45:35;11:5:494:439:21:20,1,SAFE,25.754
90,0,4,2:569:446:39:31:0.7356;7:425:430:47:36:0.7354;7:492:439:23:21:0.3505;7:646:358:131:132:0.9172,4,1:2:569:446:39:31;2:7:646:358:131:132;9:7:425:430:47:36;11:7:492:439:23:21,1,SAFE,12.422
91,0,5,2:569:446:40:31:0.7619;2:606:450:9:13:0.2376;5:491:439:23:21:0.3548;7:421:429:49:37:0.6413;7:647:356:135:133:0.9139,4,1:2:569:446:40:31;2:7:647:356:135:133;9:7:421:429:49:37;11:5:491:439:23:21,1,SAFE,14.224
92,0,5,2:570:446:39:31:0.7658;2:606:450:9:13:0.2432;5:490:439:22:21:0.4350;7:418:430:49:37:0.7492;7:648:354:137:136:0.8967,4,1:2:570:446:39:31;2:7:648:354:137:136;9:7:418:430:49:37;11:5:490:439:22:21,1,SAFE,17.668
93,0,4,2:570:446:39:31:0.7866;5:489:439:23:21:0.4242;7:414:429:51:39:0.7922;7:649:353:138:138:0.8985,4,1:2:570:446:39:31;2:7:649:353:138:138;9:7:414:429:51:39;11:5:489:439:23:21,1,SAFE,25.389
94,0,5,2:570:445:40:32:0.8219;2:607:450:9:13:0.2025;5:487:438:24:22:0.4892;7:410:428:52:39:0.8006;7:649:350:146:140:0.9143,4,1:2:570:445:40:32;2:7:649:350:146:140;9:7:410:428:52:39;11:5:487:438:24:22,1,SAFE,23.557
95,0,5,2:570:445:40:32:0.8165;2:607:450:9:13:0.2372;7:403:428:57:40:0.6932;7:486:438:24:22:0.3180;7:650:348:150:143:0.9360,4,1:2:570:445:40:32;2:7:650:348:150:143;9:7:403:428:57:40;11:7:486:438:24:22,1,SAFE,25.902
96,0,4,2:570:445:40:32:0.7969;5:485:438:24:22:0.4302;7:399:427:58:41:0.6848;7:651:347:153:145:0.9380,4,1:2:570:445:40:32;2:7:651:347:153:145;9:7:399:427:58:41;11:5:485:438:24:22,1,SAFE,35.901
97,0,4,2:570:445:40:32:0.7998;5:483:437:25:23:0.3660;7:394:427:59:42:0.7489;7:651:345:159:148:0.9413,4,1:2:570:445:40:32;2:7:651:345:159:148;9:7:394:427:59:42;11:5:483:437:25:23,1,SAFE,15.277
98,0,4,2:570:445:39:32:0.7890;5:480:437:27:24:0.3854;7:387:425:63:45:0.8000;7:653:343:162:152:0.9485,4,1:2:570:445:39:32;2:7:653:343:162:152;9:7:387:425:63:45;11:5:480:437:27:24,1,SAFE,20.921
99,0,4,2:570:445:39:32:0.7677;7:382:425:65:45:0.7654;7:480:438:25:23:0.5044;7:651:340:170:154:0.9580,4,1:2:570:445:39:32;2:7:651:340:170:154;9:7:382:425:65:45;11:7:480:438:25:23,1,SAFE,12.740
100,0,4,2:571:445:39:32:0.7263;5:478:438:27:23:0.5361;7:376:424:68:47:0.7631;7:651:338:175:159:0.9565,4,1:2:571:445:39:32;2:7:651:338:175:159;9:7:376:424:68:47;11:5:478:438:27:23,1,SAFE,9.158
101,0,4,2:571:445:39:32:0.7299;7:369:423:71:48:0.8137;7:476:437:27:24:0.4918;7:652:335:180:163:0.9525,4,1:2:571:445:39:32;2:7:652:335:180:163;9:7:369:423:71:48;11:7:476:437:27:24,1,SAFE,8.873
102,0,4,2:571:445:39:32:0.7121;7:362:421:74:50:0.8124;7:474:437:28:24:0.4184;7:652:331:188:169:0.9436,4,1:2:571:445:39:32;2:7:652:331:188:169;9:7:362:421:74:50;11:7:474:437:28:24,1,SAFE,8.864
103,0,4,2:572:445:39:32:0.7186;7:354:421:78:50:0.8410;7:472:437:29:24:0.3748;7:653:329:193:171:0.9420,4,1:2:572:445:39:32;2:7:653:329:193:171;9:7:354:421:78:50;11:7:472:437:29:24,1,SAFE,9.130
104,0,5,2:572:445:39:32:0.7158;7:346:419:83:54:0.8646;7:470:436:30:26:0.3752;7:514:444:15:15:0.2594;7:654:325:199:177:0.9396,4,1:2:572:445:39:32;2:7:654:325:199:177;9:7:346:419:83:54;11:7:470:436:30:26,1,SAFE,13.376
105,0,6,2:528:446:19:14:0.2162;2:573:446:38:32:0.7779;5:468:437:31:26:0.3511;7:338:419:86:54:0.8610;7:513:444:16:15:0.2762;7:657:321:203:182:0.9509,4,1:2:573:446:38:32;2:7:657:321:203:182;9:7:338:419:86:54;11:5:468:437:31:26,1,SAFE,16.348
106,0,6,2:512:444:16:16:0.3533;2:530:447:17:12:0.2330;2:573:446:39:32:0.8017;5:466:436:31:27:0.3380;7:327:418:92:56:0.8484;7:658:319:210:187:0.9396,4,1:2:573:446:39:32;2:7:658:319:210:187;9:7:327:418:92:56;11:5:466:436:31:27,1,SAFE,22.636
107,0,5,2:511:444:17:15:0.3579;2:573:446:39:33:0.8086;5:464:436:32:27:0.3903;7:319:416:96:57:0.5844;7:659:315:217:191:0.9492,4,1:2:573:446:39:33;2:7:659:315:217:191;9:7:319:416:96:57;11:5:464:436:32:27,1,SAFE,21.348
108,0,7,2:528:446:18:13:0.2526;2:573:446:39:33:0.8075;7:307:415:102:59:0.6032;7:462:435:32:28:0.4248;7:511:443:17:17:0.3261;7:600:423:69:57:0.1698;7:659:312:226:194:0.9425,5,1:2:573:446:39:33;2:7:659:312:226:194;9:7:307:415:102:59;11:7:462:435:32:28;12:7:511:443:17:17,1,SAFE,23.355
109,0,7,2:534:449:12:10:0.2226;2:573:446:40:33:0.8040;7:296:414:106:62:0.5758;7:459:436:34:28:0.4499;7:510:443:17:17:0.3939;7:599:424:70:53:0.2085;7:660:308:232:203:0.9417,5,1:2:573:446:40:33;2:7:660:308:232:203;9:7:296:414:106:62;11:7:459:436:34:28;12:7:510:443:17:17,1,SAFE,16.867
110,0,7,2:527:448:14:10:0.2317;2:535:449:11:10:0.2477;2:573:446:40:33:0.8105;7:282:413:116:65:0.7484;7:457:435:34:29:0.4645;7:508:443:18:17:0.3997;7:662:303:242:208:0.9411,5,1:2:573:446:40:33;2:7:662:303:242:208;9:7:282:413:116:65;11:7:457:435:34:29;12:7:508:443:18:17,1,SAFE,13.801
111,0,7,2:533:447:13:11:0.2906;2:573:446:40:33:0.8040;7:269:411:123:68:0.7152;7:454:435:36:29:0.3644;7:508:442:18:18:0.4800;7:597:423:75:54:0.1185;7:662:298:251:214:0.9305,5,1:2:573:446:40:33;2:7:662:298:251:214;9:7:269:411:123:68;11:7:454:435:36:29;12:7:508:442:18:18,1,SAFE,12.145
112,0,7,2:526:447:12:12:0.2769;2:535:448:10:10:0.2899;2:573:446:40:33:0.8150;5:451:434:37:30:0.3707;7:251:407:134:73:0.6676;7:506:442:19:18:0.4213;7:665:294:258:219:0.9318,5,1:2:573:446:40:33;2:7:665:294:258:219;9:7:251:407:134:73;11:5:451:434:37:30;12:7:506:442:19:18,1,SAFE,11.245
113,0,6,2:525:448:12:10:0.2074;2:573:446:40:33:0.8137;5:449:434:37:30:0.4005;7:235:406:143:77:0.7156;7:506:442:19:18:0.4938;7:667:289:268:227:0.9033,5,1:2:573:446:40:33;2:7:667:289:268:227;9:7:235:406:143:77;11:5:449:434:37:30;12:7:506:442:19:18,1,SAFE,10.843
114,0,5,2:574:446:39:33:0.8484;5:446:434:38:31:0.4022;7:215:403:155:83:0.5402;7:505:442:19:18:0.4467;7:668:283:280:234:0.9068,5,1:2:574:446:39:33;2:7:668:283:280:234;9:7:215:403:155:83;11:5:446:434:38:31;12:7:505:442:19:18,1,SAFE,10.843
115,0,5,2:574:446:39:33:0.8435;5:443:433:39:32:0.3584;7:193:400:168:86:0.5081;7:504:441:19:19:0.2986;7:669:277:293:242:0.8692,5,1:2:574:446:39:33;2:7:669:277:293:242;9:7:193:400:168:86;11:5:443:433:39:32;12:7:504:441:19:19,1,SAFE,11.245
116,0,6,2:525:448:13:11:0.2380;2:574:446:39:32:0.8489;7:320:408:31:68:0.3775;7:440:432:41:32:0.4451;7:502:441:20:19:0.3963;7:669:270:305:250:0.8635,5,1:2:574:446:39:32;2:7:669:270:305:250;9:7:320:408:31:68;11:7:440:432:41:32;12:7:502:441:20:19,1,SAFE,16.867
117,0,5,2:575:446:38:32:0.8540;7:144:394:199:95:0.6357;7:437:432:41:33:0.4039;7:501:440:21:20:0.2786;7:671:264:319:259:0.8792,4,1:2:575:446:38:32;2:7:671:264:319:259;11:7:437:432:41:33;12:7:501:440:21:20,1,SAFE,33.735
118,0,5,2:575:446:39:31:0.8442;7:113:391:218:100:0.7244;7:433:431:44:34:0.2387;7:500:440:21:20:0.2512;7:672:255:334:269:0.8545,4,1:2:575:446:39:31;2:7:672:255:334:269;11:7:433:431:44:34;12:7:500:440:21:20,1,SAFE,inf
119,0,5,2:575:446:40:31:0.8419;7:75:386:246:106:0.4964;7:431:431:43:33:0.2403;7:499:440:20:19:0.3740;7:673:246:352:283:0.8806,5,1:2:575:446:40:31;2:7:673:246:352:283;11:7:431:431:43:33;12:7:499:440:20:19;13:7:75:386:246:106,1,SAFE,inf
120,0,5,2:575:446:39:31:0.8490;7:34:382:273:115:0.6549;7:427:430:44:36:0.2302;7:497:440:22:19:0.2781;7:673:238:370:290:0.8810,5,1:2:575:446:39:31;2:7:673:238:370:290;11:7:427:430:44:36;12:7:497:440:22:19;13:7:34:382:273:115,1,SAFE,inf
121,0,4,2:576:446:39:31:0.8363;7:422:429:46:38:0.3349;7:496:440:22:20:0.2027;7:675:229:391:303:0.8968,4,1:2:576:446:39:31;2:7:675:229:391:303;11:7:422:429:46:38;12:7:496:440:22:20,1,SAFE,inf
122,0,4,2:577:446:38:31:0.8082;7:0:369:278:132:0.5349;7:417:429:51:39:0.4970;7:677:218:413:316:0.8600,4,1:2:577:446:38:31;2:7:677:218:413:316;11:7:417:429:51:39;13:7:0:369:278:132,1,SAFE,inf
123,0,3,2:577:446:39:32:0.8330;7:414:429:51:40:0.4405;7:679:207:437:331:0.9249,3,1:2:577:446:39:32;2:7:679:207:437:331;11:7:414:429:51:40,1,SAFE,inf
124,0,3,2:577:446:39:32:0.7901;7:408:429:54:42:0.5074;7:681:194:464:347:0.9115,3,1:2:577:446:39:32;2:7:681:194:464:347;11:7:408:429:54:42,1,SAFE,inf
125,0,3,2:577:446:40:33:0.8028;7:404:428:56:42:0.3925;7:683:180:497:364:0.9151,3,1:2:577:446:40:33;2:7:683:180:497:364;11:7:404:428:56:42,1,SAFE,inf
126,0,3,2:578:446:39:33:0.7875;7:400:428:57:42:0.2850;7:685:163:522:388:0.9246,3,1:2:578:446:39:33;2:7:685:163:522:388;11:7:400:428:57:42,1,SAFE,inf
127,0,3,2:578:446:39:33:0.7504;7:393:427:60:43:0.4855;7:686:146:559:409:0.8726,3,1:2:578:446:39:33;2:7:686:146:559:409;11:7:393:427:60:43,1,SAFE,inf
128,0,4,2:486:440:23:21:0.1229;2:579:446:38:33:0.7892;7:387:427:64:41:0.3448;7:686:126:592:435:0.9070,3,1:2:579:446:38:33;2:7:686:126:592:435;11:7:387:427:64:41,1,SAFE,21.443
129,0,4,2:579:446:39:33:0.8146;7:0:356:94:150:0.1864;7:384:425:62:45:0.3529;7:688:103:591:463:0.9414,3,1:2:579:446:39:33;2:7:688:103:591:463;11:7:384:425:62:45,1,SAFE,10.722
130,0,4,2:578:446:40:32:0.8024;7:0:355:50:143:0.1560;7:375:424:67:47:0.4118;7:689:77:590:498:0.9404,3,1:2:578:446:40:32;2:7:689:77:590:498;11:7:375:424:67:47,1,SAFE,8.558
131,0,4,2:579:445:39:32:0.7801;7:369:423:71:47:0.1546;7:481:439:26:23:0.2926;7:690:45:589:536:0.9360,4,1:2:579:445:39:32;2:7:690:45:589:536;11:7:369:423:71:47;12:7:481:439:26:23,1,SAFE,8.520
132,0,4,2:479:438:27:24:0.1273;2:579:446:40:31:0.7976;5:362:423:74:50:0.3282;7:691:14:588:575:0.9238,4,1:2:579:446:40:31;2:7:691:14:588:575;11:5:362:423:74:50;12:2:479:438:27:24,1,SAFE,10.626
133,0,5,2:478:437:29:25:0.2486;2:509:450:14:10:0.2284;2:580:446:39:31:0.7887;7:353:421:79:51:0.3640;7:692:6:587:593:0.9154,4,1:2:580:446:39:31;2:7:692:6:587:593;11:7:353:421:79:51;12:2:478:437:29:25,1,SAFE,21.253
134,0,4,2:581:446:38:31:0.7926;5:346:420:82:53:0.4646;7:476:438:27:23:0.2053;7:695:6:584:605:0.9277,4,1:2:581:446:38:31;2:7:695:6:584:605;11:5:346:420:82:53;12:7:476:438:27:23,1,SAFE,inf
135,0,4,2:474:437:28:25:0.2701;2:581:446:39:31:0.7445;7:337:419:87:54:0.3200;7:696:5:583:614:0.9401,4,1:2:581:446:39:31;2:7:696:5:583:614;11:7:337:419:87:54;12:2:474:437:28:25,1,SAFE,inf
136,0,4,2:472:436:28:26:0.1687;2:581:446:39:32:0.7281;5:327:416:90:57:0.3386;7:701:6:578:625:0.9371,4,1:2:581:446:39:32;2:7:701:6:578:625;11:5:327:416:90:57;12:2:472:436:28:26,1,SAFE,inf
137,0,4,2:469:435:29:27:0.1532;2:581:447:39:28:0.7192;7:315:415:97:59:0.4804;7:711:5:568:647:0.8990,4,1:2:581:447:39:28;2:7:711:5:568:647;11:7:315:415:97:59;12:2:469:435:29:27,1,SAFE,inf
138,0,3,2:581:446:39:29:0.7366;7:305:414:103:60:0.4407;7:706:6:572:670:0.9372,3,1:2:581:446:39:29;2:7:706:6:572:670;11:7:305:414:103:60,1,SAFE,inf
139,0,4,2:581:445:40:32:0.7273;7:320:413:81:63:0.2883;7:465:435:32:26:0.3181;7:708:5:570:683:0.9414,4,1:2:581:445:40:32;2:7:708:5:570:683;11:7:320:413:81:63;12:7:465:435:32:26,1,SAFE,inf
140,0,4,2:582:445:39:32:0.7570;7:278:409:116:67:0.2558;7:462:435:34:26:0.3247;7:711:5:567:677:0.9352,4,1:2:582:445:39:32;2:7:711:5:567:677;11:7:278:409:116:67;12:7:462:435:34:26,1,SAFE,inf
141,0,2,2:582:444:39:33:0.7971;7:714:6:564:664:0.9315,2,1:2:582:444:39:33;2:7:714:6:564:664,1,SAFE,inf
142,0,3,2:582:444:40:33:0.7982;7:457:434:34:27:0.2514;7:721:6:557:683:0.9266,3,1:2:582:444:40:33;2:7:721:6:557:683;12:7:457:434:34:27,1,SAFE,inf
143,0,2,2:582:444:40:33:0.8199;7:721:5:557:669:0.9197,2,1:2:582:444:40:33;2:7:721:5:557:669,1,SAFE,28.697
144,0,2,2:582:444:41:33:0.7953;7:724:5:555:660:0.9444,2,1:2:582:444:41:33;2:7:724:5:555:660,1,SAFE,9.132
145,0,3,2:584:445:40:32:0.7493;7:449:433:36:29:0.3272;7:727:4:552:676:0.9046,3,1:2:584:445:40:32;2:7:727:4:552:676;12:7:449:433:36:29,1,SAFE,7.421
146,0,4,2:496:450:13:10:0.3555;2:584:445:40:32:0.7297;7:447:434:36:31:0.1124;7:731:4:547:687:0.8747,3,1:2:584:445:40:32;2:7:731:4:547:687;12:7:447:434:36:31,1,SAFE,6.250
147,0,3,2:585:445:38:33:0.7262;7:443:433:38:31:0.2164;7:736:2:543:623:0.9015,3,1:2:585:445:38:33;2:7:736:2:543:623;12:7:443:433:38:31,1,SAFE,5.521
148,0,3,2:585:445:39:33:0.7203;7:441:433:38:31:0.2164;7:737:2:541:571:0.8699,3,1:2:585:445:39:33;2:7:737:2:541:571;12:7:441:433:38:31,1,SAFE,5.114
149,0,3,2:586:445:38:33:0.6888;7:437:432:42:33:0.1582;7:739:2:540:584:0.8668,3,1:2:586:445:38:33;2:7:739:2:540:584;12:7:437:432:42:33,1,SAFE,4.920
150,0,3,2:585:446:40:32:0.7418;5:434:433:42:32:0.2190;7:745:1:534:605:0.8488,3,1:2:585:446:40:32;2:7:745:1:534:605;12:5:434:433:42:32,1,SAFE,5.517
151,0,3,2:586:446:40:33:0.7758;7:430:432:43:33:0.2165;7:750:2:529:610:0.8789,3,1:2:586:446:40:33;2:7:750:2:529:610;12:7:430:432:43:33,1,SAFE,4.852
152,0,3,2:587:446:39:33:0.7708;7:426:432:45:34:0.2071;7:756:3:523:601:0.8339,3,1:2:587:446:39:33;2:7:756:3:523:601;12:7:426:432:45:34,1,SAFE,8.828
153,0,3,2:484:452:14:11:0.2199;2:586:448:41:30:0.7756;7:762:6:517:594:0.8704,2,1:2:586:448:41:30;2:7:762:6:517:594,1,SAFE,14.203
154,0,4,2:479:452:19:10:0.2393;2:587:446:39:33:0.7882;7:418:430:48:36:0.2951;7:766:6:513:600:0.9069,3,1:2:587:446:39:33;2:7:766:6:513:600;12:7:418:430:48:36,1,SAFE,18.125
155,0,3,2:588:447:40:33:0.8078;7:414:431:50:36:0.3609;7:769:5:510:606:0.9133,3,1:2:588:447:40:33;2:7:769:5:510:606;12:7:414:431:50:36,1,SAFE,27.288
156,0,4,2:474:452:19:12:0.2352;2:588:447:40:33:0.8280;5:410:430:51:38:0.3095;7:780:5:499:628:0.9188,3,1:2:588:447:40:33;2:7:780:5:499:628;12:5:410:430:51:38,1,SAFE,24.287
157,0,3,2:472:453:15:10:0.2160;2:588:447:40:33:0.8398;7:788:4:491:627:0.9145,2,1:2:588:447:40:33;2:7:788:4:491:627,1,SAFE,21.881
158,0,4,2:469:452:22:12:0.3491;2:588:447:41:33:0.8541;7:400:428:56:41:0.3712;7:797:6:482:636:0.9268,3,1:2:588:447:41:33;2:7:797:6:482:636;12:7:400:428:56:41,1,SAFE,19.908
159,0,4,2:466:452:19:11:0.2689;2:589:446:40:34:0.8579;7:395:427:57:42:0.5086;7:804:4:475:658:0.9386,3,1:2:589:446:40:34;2:7:804:4:475:658;12:7:395:427:57:42,1,SAFE,12.966
160,0,5,2:463:452:22:11:0.3055;2:508:449:15:10:0.3015;2:589:446:40:33:0.8414;7:388:427:62:43:0.3786;7:813:5:466:674:0.9259,4,1:2:589:446:40:33;2:7:813:5:466:674;12:7:388:427:62:43;14:2:463:452:22:11,1,SAFE,19.191
161,0,5,2:460:451:26:13:0.2329;2:489:451:14:10:0.2471;2:507:449:17:10:0.3563;2:590:446:40:33:0.8845;7:826:6:453:695:0.9087,3,1:2:590:446:40:33;2:7:826:6:453:695;14:2:460:451:26:13,1,SAFE,42.020
162,0,4,2:456:451:28:13:0.3060;2:503:448:13:11:0.2428;2:590:446:40:33:0.8561;7:835:5:444:692:0.9283,3,1:2:590:446:40:33;2:7:835:5:444:692;14:2:456:451:28:13,1,SAFE,inf
163,0,6,2:452:452:24:13:0.3560;2:503:449:14:10:0.3953;2:520:449:13:10:0.2094;2:590:446:41:33:0.8094;7:370:423:69:46:0.4803;7:850:4:429:636:0.9415,5,1:2:590:446:41:33;2:7:850:4:429:636;12:7:370:423:69:46;14:2:452:452:24:13;15:2:503:449:14:10,1,SAFE,inf
164,0,6,2:447:451:24:13:0.3350;2:484:450:16:10:0.4153;2:501:447:16:11:0.4153;2:591:445:40:34:0.8406;5:363:422:73:47:0.4513;7:863:6:416:628:0.9363,5,1:2:591:445:40:34;2:7:863:6:416:628;12:5:363:422:73:47;14:2:447:451:24:13;15:2:501:447:16:11,1,SAFE,32.893
165,0,7,2:444:452:19:13:0.3350;2:480:450:17:10:0.3618;2:500:448:15:11:0.3672;2:591:445:40:34:0.7991;7:353:421:79:49:0.6474;7:461:438:25:22:0.2664;7:880:6:399:639:0.9379,5,1:2:591:445:40:34;2:7:880:6:399:639;12:7:353:421:79:49;14:2:444:452:19:13;15:2:500:448:15:11,1,SAFE,inf
166,0,7,2:439:452:21:13:0.3811;2:459:450:19:13:0.2031;2:476:451:16:10:0.4035;2:499:448:16:11:0.3211;2:591:445:41:34:0.8307;7:341:420:86:51:0.5915;7:898:3:381:636:0.9362,6,1:2:591:445:41:34;2:7:898:3:381:636;12:7:341:420:86:51;14:2:439:452:21:13;15:2:499:448:16:11;16:2:476:451:16:10,1,SAFE,39.372
167,0,6,2:326:446:51:26:0.5760;2:436:452:21:13:0.3587;2:520:449:13:10:0.2568;2:592:445:40:35:0.8475;5:331:419:93:51:0.5014;7:917:7:362:630:0.8768,5,1:2:592:445:40:35;2:7:917:7:362:630;12:5:331:419:93:51;14:2:436:452:21:13;15:2:520:449:13:10,1,SAFE,19.474
168,0,6,2:431:452:22:13:0.4251;2:495:449:11:10:0.2274;2:505:449:10:10:0.2271;2:592:445:42:35:0.7996;7:311:417:107:53:0.4081;7:939:4:340:651:0.8671,4,1:2:592:445:42:35;2:7:939:4:340:651;12:7:311:417:107:53;14:2:431:452:22:13,1,SAFE,8.785
169,0,8,2:295:450:35:25:0.1965;2:427:452:23:14:0.4053;2:492:449:15:12:0.3569;2:505:450:11:10:0.2043;2:518:450:16:10:0.3671;2:593:446:41:34:0.7444;7:320:418:94:58:0.2657;7:967:4:312:657:0.8823,6,1:2:593:446:41:34;2:7:967:4:312:657;12:7:320:418:94:58;14:2:427:452:23:14;15:2:518:450:16:10;16:2:492:449:15:12,1,SAFE,9.024
170,0,8,2:274:453:35:24:0.2153;2:305:448:37:28:0.2176;2:421:451:24:17:0.5852;2:490:449:14:12:0.3784;2:503:450:13:10:0.2584;2:594:446:40:33:0.7420;7:450:438:32:26:0.2562;7:996:4:283:666:0.8267,5,1:2:594:446:40:33;2:7:996:4:283:666;12:2:305:448:37:28;14:2:421:451:24:17;16:2:503:450:13:10,1,SAFE,12.159
171,0,8,2:252:445:76:35:0.3838;2:414:452:26:16:0.5880;2:466:452:16:11:0.2286;2:488:449:15:12:0.4771;2:502:450:14:10:0.2300;2:594:446:40:33:0.7798;7:294:415:112:59:0.1270;7:1032:3:247:669:0.8372,5,1:2:594:446:40:33;2:7:1032:3:247:669;12:2:252:445:76:35;14:2:414:452:26:16;16:2:502:450:14:10,1,SAFE,18.632
172,0,8,2:224:447:63:35:0.3101;2:409:452:27:16:0.6419;2:457:453:23:11:0.2653;2:487:449:15:12:0.4862;2:518:450:15:10:0.4401;2:594:446:41:33:0.7374;2:1076:1:203:686:0.4312;7:446:438:30:26:0.2154,6,1:2:594:446:41:33;2:2:1076:1:203:686;12:2:224:447:63:35;14:2:409:452:27:16;16:2:518:450:15:10;17:2:487:449:15:12,1,SAFE,39.841
173,0,8,2:193:447:79:39:0.4285;2:403:452:27:18:0.6062;2:485:449:15:12:0.5798;2:503:451:13:10:0.2420;2:595:446:40:33:0.7373;2:689:521:28:11:0.2674;7:443:438:34:27:0.3490;7:1128:3:151:653:0.3874,6,1:2:595:446:40:33;2:7:1128:3:151:653;12:2:193:447:79:39;14:2:403:452:27:18;16:2:503:451:13:10;17:2:485:449:15:12,1,SAFE,inf
174,0,6,2:156:446:102:41:0.5056;2:395:452:31:18:0.6297;2:482:449:17:12:0.4594;2:595:446:40:34:0.7226;7:440:437:33:28:0.5498;7:1205:45:74:594:0.2119,5,1:2:595:446:40:34;2:7:1205:45:74:594;12:2:156:446:102:41;14:2:395:452:31:18;17:2:482:449:17:12,1,SAFE,inf
175,0,8,2:111:446:116:44:0.7545;2:387:452:33:20:0.7177;2:479:449:17:13:0.4261;2:494:451:15:11:0.2290;2:499:451:16:10:0.2836;2:595:446:41:34:0.7391;7:320:413:59:62:0.5383;7:437:437:35:28:0.3725,6,1:2:595:446:41:34;12:2:111:446:116:44;14:2:387:452:33:20;16:2:499:451:16:10;17:2:479:449:17:13;18:7:437:437:35:28,1,SAFE,inf
176,0,9,2:59:444:135:52:0.7197;2:379:452:35:20:0.6239;2:477:449:18:13:0.4057;2:492:452:18:10:0.3122;2:501:452:15:10:0.2708;2:514:450:17:10:0.4454;2:596:446:41:34:0.7587;7:223:407:150:75:0.3004;7:433:436:35:30:0.5873,7,1:2:596:446:41:34;12:2:59:444:135:52;14:2:379:452:35:20;15:2:514:450:17:10;16:2:501:452:15:10;17:2:477:449:18:13;18:7:433:436:35:30,1,SAFE,inf
177,0,6,2:8:440:144:62:0.6443;2:369:452:38:21:0.6256;2:476:449:16:14:0.2545;2:596:447:41:33:0.7411;7:320:415:43:60:0.2200;7:430:437:36:29:0.4333,5,1:2:596:447:41:33;12:2:8:440:144:62;14:2:369:452:38:21;17:2:476:449:16:14;18:7:430:437:36:29,1,SAFE,inf
178,0,8,2:0:439:101:71:0.3886;2:358:452:40:21:0.7153;2:472:449:17:14:0.4022;2:489:452:17:10:0.2663;2:508:450:21:10:0.4662;2:597:447:41:33:0.7771;7:320:416:34:61:0.2260;7:427:437:35:29:0.3014,7,1:2:597:447:41:33;12:2:0:439:101:71;14:2:358:452:40:21;15:2:508:450:21:10;16:2:489:452:17:10;17:2:472:449:17:14;18:7:427:437:35:29,1,SAFE,inf
179,0,6,2:0:436:33:71:0.1491;2:347:451:43:22:0.7186;2:470:449:18:13:0.3786;2:507:450:21:10:0.4394;2:597:447:41:33:0.8062;7:423:436:37:30:0.4245,6,1:2:597:447:41:33;12:2:0:436:33:71;14:2:347:451:43:22;15:2:507:450:21:10;17:2:470:449:18:13;18:7:423:436:37:30,1,SAFE,inf
180,0,6,2:335:451:44:22:0.6273;2:428:453:29:13:0.2982;2:468:449:18:14:0.2740;2:511:450:16:10:0.2991;2:597:446:40:33:0.8203;7:125:393:213:95:0.3290,5,1:2:597:446:40:33;14:2:335:451:44:22;15:2:511:450:16:10;17:2:468:449:18:14;18:2:428:453:29:13,1,SAFE,inf
181,0,7,2:322:450:46:24:0.7145;2:428:451:24:15:0.3373;2:464:448:18:14:0.2660;2:501:450:14:10:0.3423;2:505:449:22:11:0.3331;2:597:446:40:33:0.7887;7:89:387:237:103:0.2981,6,1:2:597:446:40:33;14:2:322:450:46:24;15:2:505:449:22:11;16:2:501:450:14:10;17:2:464:448:18:14;18:2:428:451:24:15,1,SAFE,inf
182,0,4,2:303:450:54:24:0.5044;2:511:449:15:10:0.2231;2:598:446:39:33:0.7925;7:410:431:39:35:0.3773,4,1:2:598:446:39:33;14:2:303:450:54:24;15:2:511:449:15:10;18:7:410:431:39:35,1,SAFE,inf
183,0,4,2:287:448:59:28:0.3541;2:499:449:25:10:0.4069;2:598:446:40:34:0.7607;7:406:432:40:34:0.5419,4,1:2:598:446:40:34;14:2:287:448:59:28;15:2:499:449:25:10;18:7:406:432:40:34,1,SAFE,inf
184,0,5,2:266:449:64:29:0.5385;2:455:448:21:15:0.2597;2:499:449:18:10:0.3043;2:599:446:39:34:0.7018;7:402:432:40:35:0.5151,5,1:2:599:446:39:34;14:2:266:449:64:29;15:2:499:449:18:10;17:2:455:448:21:15;18:7:402:432:40:35,1,SAFE,44.708
185,0,6,2:245:447:68:33:0.6506;2:452:448:21:15:0.3049;2:477:452:17:10:0.2025;2:497:449:26:10:0.2287;2:599:446:40:34:0.8216;7:396:431:43:36:0.5708,5,1:2:599:446:40:34;14:2:245:447:68:33;15:2:497:449:26:10;17:2:452:448:21:15;18:7:396:431:43:36,1,SAFE,34.773
186,0,7,2:218:447:76:35:0.2557;2:448:447:21:16:0.3602;2:503:449:13:10:0.2528;2:511:449:12:10:0.2888;2:592:450:9:12:0.2309;2:599:446:40:33:0.8086;7:392:430:40:37:0.5535,6,1:2:599:446:40:33;14:2:218:447:76:35;15:2:503:449:13:10;16:2:511:449:12:10;17:2:448:447:21:16;18:7:392:430:40:37,1,SAFE,inf
187,0,6,2:185:449:87:35:0.3841;2:444:448:24:16:0.4110;2:492:449:14:10:0.3194;2:507:449:16:10:0.2954;2:599:446:41:34:0.8118;7:385:429:47:39:0.5125,6,1:2:599:446:41:34;14:2:185:449:87:35;15:2:492:449:14:10;16:2:507:449:16:10;17:2:444:448:24:16;18:7:385:429:47:39,1,SAFE,inf
188,0,5,2:154:449:91:37:0.3063;2:440:447:25:18:0.4869;2:510:448:12:11:0.3249;2:599:446:41:35:0.8104;7:380:428:50:41:0.5101,5,1:2:599:446:41:35;14:2:154:449:91:37;16:2:510:448:12:11;17:2:440:447:25:18;18:7:380:428:50:41,1,SAFE,28.985
189,0,7,2:135:447:83:40:0.3938;2:436:447:26:18:0.4349;2:492:449:16:10:0.2503;2:509:447:12:12:0.3261;2:589:451:11:11:0.2351;2:599:446:41:34:0.7734;7:375:428:50:40:0.4246,6,1:2:599:446:41:34;14:2:135:447:83:40;15:2:492:449:16:10;16:2:509:447:12:12;17:2:436:447:26:18;18:7:375:428:50:40,1,SAFE,18.599
190,0,7,2:54:447:130:46:0.3187;2:431:446:26:19:0.5481;2:466:451:16:11:0.2216;2:486:450:12:10:0.2338;2:507:447:14:11:0.3872;2:600:446:41:33:0.8259;7:367:427:54:43:0.6975,6,1:2:600:446:41:33;14:2:54:447:130:46;15:2:486:450:12:10;16:2:507:447:14:11;17:2:431:446:26:19;18:7:367:427:54:43,1,SAFE,19.739
191,0,6,2:1:445:140:53:0.2807;2:427:446:26:19:0.6109;2:507:447:12:11:0.3066;2:600:447:41:32:0.8350;7:357:426:60:44:0.6662;7:463:444:22:17:0.1388,6,1:2:600:447:41:32;14:2:1:445:140:53;15:7:463:444:22:17;16:2:507:447:12:11;17:2:427:446:26:19;18:7:357:426:60:44,1,SAFE,36.102
192,0,8,2:1:445:85:54:0.1162;2:346:448:44:24:0.7559;2:421:446:27:20:0.5303;2:483:450:13:10:0.2126;2:504:448:14:10:0.3049;2:600:447:41:32:0.7992;7:348:426:64:43:0.5809;7:460:441:23:21:0.2314,6,1:2:600:447:41:32;14:2:1:445:85:54;15:7:460:441:23:21;16:2:504:448:14:10;17:2:421:446:27:20;18:7:348:426:64:43,1,SAFE,inf
193,0,5,2:415:445:27:21:0.5273;2:457:452:20:11:0.2991;2:504:448:13:11:0.2597;2:600:447:41:33:0.7803;7:335:425:72:47:0.7517,5,1:2:600:447:41:33;15:2:457:452:20:11;16:2:504:448:13:11;17:2:415:445:27:21;18:7:335:425:72:47,1,SAFE,inf
194,0,4,2:410:446:30:21:0.4271;2:454:451:24:12:0.2249;2:599:446:42:34:0.8040;7:326:424:76:48:0.7746,4,1:2:599:446:42:34;15:2:454:451:24:12;17:2:410:446:30:21;18:7:326:424:76:48,1,SAFE,inf
195,0,6,2:404:445:32:22:0.6935;2:449:450:25:14:0.2857;2:476:450:12:10:0.2019;2:502:448:12:10:0.3150;2:599:446:41:34:0.7079;7:310:424:88:47:0.2543,5,1:2:599:446:41:34;15:2:449:450:25:14;16:2:502:448:12:10;17:2:404:445:32:22;18:7:310:424:88:47,1,SAFE,inf
196,0,6,2:293:446:60:26:0.1015;2:397:445:29:22:0.6106;2:445:452:20:12:0.4964;2:475:450:14:10:0.2220;2:599:446:42:34:0.7548;7:321:421:69:51:0.8288,4,1:2:599:446:42:34;15:2:445:452:20:12;17:2:397:445:29:22;18:7:321:421:69:51,1,SAFE,inf
197,0,8,2:275:453:27:22:0.1595;2:390:444:33:23:0.5030;2:442:452:20:12:0.3291;2:474:450:14:10:0.2985;2:500:448:12:10:0.2376;2:586:452:11:10:0.2016;2:599:446:41:34:0.7360;7:320:420:64:52:0.7020,5,1:2:599:446:41:34;15:2:442:452:20:12;16:2:474:450:14:10;17:2:390:444:33:23;18:7:320:420:64:52,1,SAFE,inf
198,0,7,2:254:452:35:24:0.2487;2:382:444:37:24:0.5447;2:438:451:19:13:0.4838;2:484:449:14:10:0.2167;2:586:452:12:10:0.3235;2:598:446:42:34:0.7582;7:320:419:57:52:0.7571,5,1:2:598:446:42:34;15:2:438:451:19:13;16:2:484:449:14:10;17:2:382:444:37:24;18:7:320:419:57:52,1,SAFE,inf
199,0,6,2:232:452:45:27:0.1679;2:373:444:39:25:0.5238;2:433:451:21:14:0.4417;2:497:448:13:10:0.2144;2:598:446:42:34:0.7716;7:291:416:81:55:0.3641,5,1:2:598:446:42:34;15:2:433:451:21:14;16:2:497:448:13:10;17:2:373:444:39:25;18:7:291:416:81:55,1,SAFE,inf
200,0,8,2:205:448:78:34:0.3912;2:364:443:44:27:0.5267;2:429:452:21:13:0.5008;2:495:448:13:11:0.2780;2:586:453:12:11:0.2082;2:598:446:43:34:0.8147;7:275:416:88:56:0.5507;7:444:439:21:22:0.3899,5,1:2:598:446:43:34;15:2:429:452:21:13;16:2:495:448:13:11;17:2:364:443:44:27;18:7:275:416:88:56,1,SAFE,27.850
201,0,9,2:171:454:34:29:0.1067;2:354:443:47:28:0.5712;2:425:451:21:14:0.5593;2:463:450:22:12:0.2557;2:477:449:15:11:0.2369;2:493:448:14:11:0.4093;2:598:446:42:34:0.7936;7:259:415:96:59:0.6317;7:441:438:23:23:0.4711,5,1:2:598:446:42:34;15:2:425:451:21:14;16:2:493:448:14:11;17:2:354:443:47:28;18:7:259:415:96:59,1,SAFE,33.551
202,0,9,2:137:444:99:42:0.5041;2:344:441:49:30:0.5720;2:419:451:21:13:0.3549;2:460:450:16:11:0.3026;2:475:448:17:11:0.2756;2:492:447:14:11:0.4805;2:598:446:42:34:0.7980;7:243:413:105:61:0.8464;7:438:438:22:24:0.3571,6,1:2:598:446:42:34;15:2:419:451:21:13;16:2:492:447:14:11;17:2:344:441:49:30;18:7:243:413:105:61;19:7:438:438:22:24,1,SAFE,21.705
203,0,8,2:92:443:117:45:0.6451;2:332:440:52:31:0.5156;2:413:450:24:15:0.4248;2:458:450:14:10:0.2480;2:490:447:14:12:0.2453;2:598:446:42:34:0.7811;7:227:410:109:66:0.8343;7:434:438:24:24:0.2816,7,1:2:598:446:42:34;15:2:413:450:24:15;16:2:490:447:14:12;17:2:332:440:52:31;18:7:227:410:109:66;19:7:434:438:24:24;20:2:92:443:117:45,1,SAFE,11.473
204,0,8,2:37:443:139:49:0.6174;2:316:440:57:32:0.4751;2:408:450:24:15:0.5776;2:453:451:15:10:0.2046;2:489:447:14:12:0.4188;2:598:446:42:34:0.7818;7:208:408:119:69:0.7089;7:431:437:24:24:0.4605,7,1:2:598:446:42:34;15:2:408:450:24:15;16:2:489:447:14:12;17:2:316:440:57:32;18:7:208:408:119:69;19:7:431:437:24:24;20:2:37:443:139:49,1,SAFE,9.387
205,0,9,2:0:441:135:55:0.6400;2:299:440:64:33:0.3690;2:401:450:24:16:0.3229;2:451:451:15:10:0.2873;2:486:447:15:12:0.4839;2:586:451:10:10:0.2129;2:598:446:42:34:0.7930;7:187:407:130:71:0.5504;7:428:437:23:25:0.4345,7,1:2:598:446:42:34;15:2:401:450:24:16;16:2:486:447:15:12;17:2:299:440:64:33;18:7:187:407:130:71;19:7:428:437:23:25;20:2:0:441:135:55,1,SAFE,9.967
206,0,8,2:0:417:85:83:0.2794;2:283:439:70:36:0.3163;2:394:450:26:16:0.4058;2:469:448:13:12:0.2220;2:485:447:15:11:0.4965;2:598:446:41:34:0.8101;7:163:402:139:78:0.6084;7:424:436:26:26:0.2945,7,1:2:598:446:41:34;15:2:394:450:26:16;16:2:485:447:15:11;17:2:283:439:70:36;18:7:163:402:139:78;19:7:424:436:26:26;20:2:0:417:85:83,1,SAFE,15.481
207,0,6,2:385:450:30:17:0.4532;2:446:451:13:10:0.2619;2:484:447:14:12:0.4965;2:599:446:40:34:0.7475;7:138:401:151:80:0.6307;7:320:437:19:33:0.3573,6,1:2:599:446:40:34;15:2:385:450:30:17;16:2:484:447:14:12;17:7:320:437:19:33;18:7:138:401:151:80;21:2:446:451:13:10,1,SAFE,44.708
208,0,8,2:380:447:34:20:0.3973;2:459:448:18:12:0.2128;2:482:447:14:11:0.2649;2:584:451:11:10:0.2192;2:598:446:41:34:0.8062;7:109:398:165:86:0.4505;7:245:436:80:40:0.1662;7:416:433:34:30:0.3485,5,1:2:598:446:41:34;15:2:380:447:34:20;16:2:482:447:14:11;18:7:109:398:165:86;21:7:416:433:34:30,1,SAFE,inf
209,0,5,2:583:450:12:11:0.2809;2:597:446:41:33:0.7658;7:77:394:228:92:0.4641;7:370:450:33:18:0.3887;7:480:446:15:13:0.2457,4,1:2:597:446:41:33;15:7:370:450:33:18;16:7:480:446:15:13;18:7:77:394:228:92,1,SAFE,inf
210,0,8,2:193:432:97:48:0.7423;2:361:448:37:21:0.3587;2:456:448:17:12:0.2270;2:477:446:16:12:0.3023;2:583:451:11:11:0.2113;2:596:446:42:33:0.7860;7:39:389:203:98:0.7762;7:409:433:28:30:0.3893,5,1:2:596:446:42:33;15:2:361:448:37:21;16:2:477:446:16:12;18:7:39:389:203:98;19:7:409:433:28:30,1,SAFE,inf
211,0,8,2:159:431:111:52:0.6493;2:351:449:36:21:0.5152;2:451:447:18:14:0.2555;2:584:450:10:10:0.2012;2:596:445:42:34:0.7982;7:0:385:221:104:0.7818;7:404:433:43:31:0.4105;7:476:445:16:14:0.4012,5,1:2:596:445:42:34;15:2:351:449:36:21;16:7:476:445:16:14;18:7:0:385:221:104;19:7:404:433:43:31,1,SAFE,inf
212,0,7,2:118:431:127:53:0.5609;2:341:448:42:22:0.5681;2:596:446:41:33:0.7898;7:1:380:196:112:0.6451;7:400:433:27:31:0.5365;7:447:446:20:15:0.2101;7:474:445:15:14:0.2767,6,1:2:596:446:41:33;15:2:341:448:42:22;16:7:474:445:15:14;18:7:1:380:196:112;19:7:400:433:27:31;22:2:118:431:127:53,1,SAFE,inf
213,0,7,2:69:428:148:59:0.6937;2:329:448:45:23:0.5018;2:595:446:41:33:0.8085;7:0:372:171:120:0.4243;7:395:432:27:32:0.4257;7:443:445:21:16:0.2393;7:472:444:15:15:0.2988,6,1:2:595:446:41:33;15:2:329:448:45:23;16:7:472:444:15:15;18:7:0:372:171:120;19:7:395:432:27:32;22:2:69:428:148:59,1,SAFE,inf
214,0,6,2:10:426:174:66:0.5319;2:316:447:45:24:0.4978;2:439:446:21:15:0.2947;2:594:446:41:33:0.7237;7:390:431:49:34:0.4428;7:469:445:16:14:0.2697,5,1:2:594:446:41:33;15:2:316:447:45:24;16:7:469:445:16:14;19:7:390:431:49:34;22:2:10:426:174:66,1,SAFE,inf
215,0,6,2:303:446:48:24:0.4629;2:434:445:23:16:0.2191;2:593:446:42:33:0.7252;7:0:424:144:71:0.2898;7:385:430:48:35:0.4419;7:467:444:16:15:0.2067,5,1:2:593:446:42:33;15:2:303:446:48:24;16:7:467:444:16:15;19:7:385:430:48:35;22:7:0:424:144:71,1,SAFE,inf
216,0,5,2:286:446:54:26:0.6936;2:431:446:23:16:0.3574;2:592:446:42:34:0.7255;7:379:430:51:36:0.4875;7:464:444:17:15:0.3387,4,1:2:592:446:42:34;15:2:286:446:54:26;16:7:464:444:17:15;19:7:379:430:51:36,1,SAFE,inf
217,0,5,2:268:446:59:27:0.7165;2:591:446:43:34:0.7581;7:373:429:55:37:0.5510;7:428:445:23:17:0.3379;7:462:445:16:14:0.3038,4,1:2:591:446:43:34;15:2:268:446:59:27;16:7:462:445:16:14;19:7:373:429:55:37,1,SAFE,inf
218,0,6,2:249:446:64:28:0.7037;2:389:448:31:17:0.4342;2:458:444:17:15:0.3404;2:591:446:43:34:0.8159;7:367:429:31:37:0.3835;7:422:445:25:17:0.2601,5,1:2:591:446:43:34;15:2:249:446:64:28;16:2:458:444:17:15;19:7:367:429:31:37;23:7:422:445:25:17,1,SAFE,inf
219,0,5,2:225:445:71:32:0.6348;2:591:445:42:35:0.8483;7:361:428:57:38:0.4031;7:418:444:26:18:0.2249;7:456:443:18:16:0.3424,5,1:2:591:445:42:35;15:2:225:445:71:32;16:7:456:443:18:16;19:7:361:428:57:38;23:7:418:444:26:18,1,SAFE,inf
220,0,5,2:201:448:75:31:0.4696;2:376:448:27:17:0.3796;2:591:445:41:35:0.8052;7:414:444:25:17:0.3071;7:453:443:18:16:0.2083,5,1:2:591:445:41:35;15:2:201:448:75:31;16:7:453:443:18:16;19:2:376:448:27:17;23:7:414:444:25:17,1,SAFE,17.758
221,0,5,2:172:447:83:35:0.6723;2:367:448:31:17:0.4130;2:591:445:40:34:0.8174;7:409:444:26:18:0.2427;7:450:443:19:16:0.2969,5,1:2:591:445:40:34;15:2:172:447:83:35;16:7:450:443:19:16;19:2:367:448:31:17;23:7:409:444:26:18,1,SAFE,14.435
222,0,6,2:136:446:96:39:0.6951;2:357:447:34:20:0.5585;2:590:446:41:33:0.8125;7:341:427:31:40:0.2480;7:404:444:26:19:0.2657;7:447:443:20:16:0.3133,5,1:2:590:446:41:33;15:2:136:446:96:39;16:7:447:443:20:16;19:2:357:447:34:20;23:7:404:444:26:19,1,SAFE,16.701
223,0,5,2:92:445:113:44:0.6584;2:348:448:36:19:0.4733;2:588:445:42:34:0.8323;7:397:444:27:19:0.3251;7:443:443:21:17:0.3475,5,1:2:588:445:42:34;15:2:92:445:113:44;16:7:443:443:21:17;19:2:348:448:36:19;23:7:397:444:27:19,1,SAFE,13.151
224,0,5,2:43:446:134:46:0.4122;2:336:449:39:20:0.7136;2:587:445:43:34:0.8190;7:390:444:29:20:0.2152;7:440:444:21:18:0.4383,5,1:2:587:445:43:34;15:2:43:446:134:46;16:7:440:444:21:18;19:2:336:449:39:20;23:7:390:444:29:20,1,SAFE,15.006
225,0,5,2:1:446:136:50:0.6783;2:325:449:42:21:0.4591;2:585:446:44:34:0.8137;7:373:446:40:20:0.1178;7:437:444:20:16:0.3717,5,1:2:585:446:44:34;15:2:1:446:136:50;16:7:437:444:20:16;19:2:325:449:42:21;23:7:373:446:40:20,1,SAFE,18.504
226,0,5,2:2:446:88:50:0.4613;2:320:450:36:21:0.3102;2:374:447:35:19:0.1156;2:585:446:42:34:0.7991;7:433:444:21:18:0.4600,5,1:2:585:446:42:34;15:2:2:446:88:50;16:7:433:444:21:18;19:2:320:450:36:21;23:2:374:447:35:19,1,SAFE,15.671
227,0,3,2:584:446:42:34:0.7816;7:294:423:83:47:0.1403;7:429:443:23:18:0.4049,3,1:2:584:446:42:34;16:7:429:443:23:18;19:7:294:423:83:47,1,SAFE,20.823
228,0,4,2:320:450:13:20:0.4127;2:359:446:39:21:0.1011;2:583:446:43:34:0.7793;7:425:443:24:19:0.5610,4,1:2:583:446:43:34;16:7:425:443:24:19;19:2:359:446:39:21;23:2:320:450:13:20,1,SAFE,34.440
229,0,3,2:266:448:55:24:0.1733;2:583:446:42:34:0.8045;7:421:443:24:18:0.3847,3,1:2:583:446:42:34;16:7:421:443:24:18;23:2:266:448:55:24,1,SAFE,inf
230,0,3,2:582:446:42:33:0.8496;7:245:417:62:56:0.3109;7:416:442:24:20:0.4941,3,1:2:582:446:42:33;16:7:416:442:24:20;23:7:245:417:62:56,1,SAFE,inf
231,0,4,2:225:448:66:26:0.1334;2:340:445:37:23:0.1291;2:582:445:41:34:0.8584;7:411:442:27:20:0.4619,3,1:2:582:445:41:34;16:7:411:442:27:20;23:2:225:448:66:26,1,SAFE,inf
232,0,4,2:203:448:70:28:0.3856;2:580:445:42:35:0.8694;7:321:442:47:27:0.2784;7:406:442:26:20:0.5724,3,1:2:580:445:42:35;16:7:406:442:26:20;23:2:203:448:70:28,1,SAFE,inf
233,0,4,2:172:450:77:28:0.3191;2:579:446:42:34:0.8625;7:320:442:38:27:0.2372;7:401:442:29:21:0.5817,3,1:2:579:446:42:34;16:7:401:442:29:21;23:2:172:450:77:28,1,SAFE,inf
234,0,5,0:1024:484:11:31:0.2248;2:140:448:91:34:0.5875;2:578:446:42:33:0.8662;7:320:441:28:30:0.3105;7:395:441:26:21:0.5333,3,1:2:578:446:42:33;16:7:395:441:26:21;23:2:140:448:91:34,1,SAFE,inf
235,0,5,0:1064:487:12:29:0.1620;2:104:448:100:35:0.6177;2:303:444:36:26:0.1899;2:577:446:42:33:0.8760;7:390:441:24:21:0.5450,3,1:2:577:446:42:33;16:7:390:441:24:21;23:2:104:448:100:35,1,SAFE,inf
236,0,5,2:57:447:121:41:0.6795;2:288:443:39:27:0.2311;2:576:446:42:34:0.8561;7:155:408:150:71:0.2131;7:383:441:25:23:0.5043,3,1:2:576:446:42:34;16:7:383:441:25:23;23:2:57:447:121:41,1,SAFE,inf
237,0,5,0:1173:494:14:41:0.3330;2:11:448:128:41:0.5658;2:574:446:43:34:0.8624;7:130:408:166:75:0.3473;7:377:441:27:23:0.5606,3,1:2:574:446:43:34;16:7:377:441:27:23;23:2:11:448:128:41,1,SAFE,inf
238,0,5,0:1246:502:20:45:0.2402;2:0:449:97:43:0.5740;2:574:446:42:34:0.8414;7:100:406:180:78:0.5411;7:369:441:29:24:0.5264,4,1:2:574:446:42:34;16:7:369:441:29:24;23:2:0:449:97:43;24:7:100:406:180:78,1,SAFE,inf
239,0,4,2:0:449:50:48:0.5436;2:573:446:42:34:0.8682;7:204:441:80:37:0.1114;7:362:441:29:24:0.6522,4,1:2:573:446:42:34;16:7:362:441:29:24;23:2:0:449:50:48;24:7:204:441:80:37,1,SAFE,inf
240,0,3,2:572:446:43:34:0.8753;7:37:401:214:88:0.3074;7:355:440:30:26:0.4471,3,1:2:572:446:43:34;16:7:355:440:30:26;24:7:37:401:214:88,1,SAFE,inf
241,0,4,2:75:455:56:32:0.1577;2:571:446:42:34:0.8531;7:144:437:103:44:0.1419;7:347:440:29:26:0.5065,3,1:2:571:446:42:34;16:7:347:440:29:26;24:7:144:437:103:44,1,SAFE,inf
242,0,6,2:39:454:67:35:0.2113;2:108:434:74:49:0.1856;2:147:438:77:43:0.3867;2:355:445:30:26:0.1538;2:569:445:43:34:0.7803;7:337:440:33:27:0.6189,3,1:2:569:445:43:34;16:7:337:440:33:27;24:2:147:438:77:43,1,SAFE,inf
243,0,5,2:0:459:58:33:0.1041;2:26:458:43:33:0.2156;2:71:434:79:51:0.1730;2:568:446:42:34:0.7853;7:330:437:48:34:0.4613,3,1:2:568:446:42:34;16:7:330:437:48:34;24:2:71:434:79:51,1,SAFE,inf
244,0,5,2:0:460:22:30:0.2811;2:17:436:90:53:0.1766;2:436:452:16:10:0.4336;2:568:446:41:34:0.8443;7:319:436:52:34:0.4260,3,1:2:568:446:41:34;16:7:319:436:52:34;24:2:17:436:90:53,1,SAFE,43.801
245,0,5,2:432:451:18:10:0.4037;2:566:445:42:34:0.8300;7:0:400:146:96:0.2194;7:307:435:48:34:0.4330;7:320:450:41:20:0.1469,3,1:2:566:445:42:34;16:7:307:435:48:34;24:7:0:400:146:96,1,SAFE,inf
246,0,4,2:0:429:106:62:0.1041;2:428:451:17:10:0.3902;2:566:445:42:33:0.8360;7:294:433:58:36:0.4742,4,1:2:566:445:42:33;16:7:294:433:58:36;24:2:0:429:106:62;25:2:428:451:17:10,1,SAFE,inf
247,0,3,2:424:451:19:10:0.4400;2:565:445:41:33:0.8790;7:281:433:62:37:0.4780,3,1:2:565:445:41:33;16:7:281:433:62:37;25:2:424:451:19:10,1,SAFE,inf
248,0,4,2:420:451:19:11:0.4264;2:564:445:41:33:0.7917;7:268:433:42:37:0.3333;7:292:433:40:38:0.1415,3,1:2:564:445:41:33;16:7:268:433:42:37;25:2:420:451:19:11,1,SAFE,inf
249,0,3,2:416:450:19:12:0.4768;2:562:445:42:33:0.8117;7:252:431:65:40:0.2674,3,1:2:562:445:42:33;16:7:252:431:65:40;25:2:416:450:19:12,1,SAFE,inf
250,0,4,2:411:450:21:11:0.5143;2:561:444:42:34:0.8487;7:235:433:48:38:0.4403;7:257:429:53:43:0.3466,3,1:2:561:444:42:34;16:7:257:429:53:43;25:2:411:450:21:11,1,SAFE,inf
251,0,3,2:407:450:22:12:0.4629;2:559:444:43:35:0.8320;7:214:429:82:45:0.4018,2,1:2:559:444:43:35;25:2:407:450:22:12,1,SAFE,inf
252,0,3,2:401:450:23:13:0.3269;2:558:444:44:35:0.8513;7:194:427:87:50:0.4468,3,1:2:558:444:44:35;25:2:401:450:23:13;26:7:194:427:87:50,1,SAFE,inf
253,0,4,2:397:450:22:12:0.3389;2:557:445:43:34:0.8306;7:172:430:59:45:0.3975;7:196:426:69:52:0.3388,4,1:2:557:445:43:34;16:7:172:430:59:45;25:2:397:450:22:12;26:7:196:426:69:52,1,SAFE,inf
254,0,3,2:391:451:23:12:0.2900;2:557:445:42:34:0.8757;7:143:425:107:58:0.5332,3,1:2:557:445:42:34;25:2:391:451:23:12;26:7:143:425:107:58,1,SAFE,46.439
255,0,3,2:385:451:24:12:0.2521;2:555:445:43:35:0.8547;7:111:425:118:59:0.4417,3,1:2:555:445:43:35;25:2:385:451:24:12;26:7:111:425:118:59,1,SAFE,20.069
256,0,3,2:379:451:24:12:0.2664;2:554:445:43:35:0.8441;7:76:422:132:66:0.3929,3,1:2:554:445:43:35;25:2:379:451:24:12;26:7:76:422:132:66,1,SAFE,13.330
257,0,3,2:373:451:27:14:0.3338;2:553:445:43:35:0.7728;7:33:419:149:69:0.3658,3,1:2:553:445:43:35;25:2:373:451:27:14;26:7:33:419:149:69,1,SAFE,10.298
258,0,3,2:365:451:30:17:0.3654;2:553:446:42:34:0.7729;7:1:417:152:75:0.3515,3,1:2:553:446:42:34;25:2:365:451:30:17;26:7:1:417:152:75,1,SAFE,10.596
259,0,3,2:357:451:31:16:0.3515;2:551:446:43:35:0.8230;7:0:414:120:81:0.2693,3,1:2:551:446:43:35;25:2:357:451:31:16;26:7:0:414:120:81,1,SAFE,8.821
260,0,3,2:350:451:31:17:0.3573;2:516:499:15:12:0.3401;2:550:446:43:34:0.7321,2,1:2:550:446:43:34;25:2:350:451:31:17,1,SAFE,9.300
261,0,2,2:340:451:32:16:0.3866;2:549:445:42:35:0.7571,2,1:2:549:445:42:35;25:2:340:451:32:16,1,SAFE,10.220
262,0,3,2:354:454:15:13:0.2003;2:503:505:20:18:0.2138;2:548:446:43:34:0.8947,2,1:2:548:446:43:34;25:2:354:454:15:13,1,SAFE,16.624
263,0,2,2:320:451:40:21:0.5467;2:546:445:44:35:0.8365,2,1:2:546:445:44:35;25:2:320:451:40:21,1,SAFE,24.400
264,0,2,2:311:451:41:18:0.5718;2:545:445:44:35:0.8062,2,1:2:545:445:44:35;25:2:311:451:41:18,1,SAFE,inf
265,0,2,2:300:452:40:18:0.3821;2:545:446:43:34:0.7716,2,1:2:545:446:43:34;25:2:300:452:40:18,1,SAFE,inf
266,0,2,2:287:452:44:19:0.4382;2:543:446:44:34:0.8021,2,1:2:543:446:44:34;25:2:287:452:44:19,1,SAFE,inf
267,0,2,2:271:451:51:21:0.4979;2:542:446:44:34:0.7788,2,1:2:542:446:44:34;25:2:271:451:51:21,1,SAFE,inf
268,0,3,2:257:451:54:22:0.5189;2:508:493:14:10:0.2552;2:541:446:44:34:0.7679,2,1:2:541:446:44:34;25:2:257:451:54:22,1,SAFE,inf
269,0,2,2:240:450:57:24:0.5580;2:542:445:42:35:0.7857,2,1:2:542:445:42:35;25:2:240:450:57:24,1,SAFE,inf
270,0,2,2:221:451:63:25:0.4560;2:540:445:43:34:0.8020,2,1:2:540:445:43:34;25:2:221:451:63:25,1,SAFE,inf
271,0,2,2:202:449:67:27:0.4324;2:539:445:43:35:0.8311,2,1:2:539:445:43:35;25:2:202:449:67:27,1,SAFE,inf
272,0,3,2:176:447:74:31:0.5464;2:480:504:24:17:0.2112;2:538:445:44:35:0.8854,2,1:2:538:445:44:35;25:2:176:447:74:31,1,SAFE,inf
273,0,3,2:148:448:81:30:0.3368;2:418:451:16:10:0.2919;2:537:445:44:34:0.8458,2,1:2:537:445:44:34;25:2:148:448:81:30,1,SAFE,inf
274,0,3,2:117:448:91:30:0.3086;2:414:451:16:10:0.4262;2:536:444:44:36:0.8832,2,1:2:536:444:44:36;25:2:117:448:91:30,1,SAFE,27.307
275,0,4,2:80:452:83:27:0.1165;2:114:450:71:29:0.2146;2:410:450:18:10:0.3507;2:535:444:44:36:0.8711,2,1:2:535:444:44:36;25:2:114:450:71:29,1,SAFE,18.277
276,0,3,2:51:448:97:33:0.1555;2:407:450:17:11:0.4004;2:535:443:44:36:0.8570,3,1:2:535:443:44:36;25:2:51:448:97:33;27:2:407:450:17:11,1,SAFE,10.928
277,0,3,2:12:446:106:36:0.2078;2:402:450:19:11:0.3582;2:534:443:43:35:0.8590,3,1:2:534:443:43:35;25:2:12:446:106:36;27:2:402:450:19:11,1,SAFE,12.601
278,0,3,2:0:446:79:37:0.4472;2:398:450:20:12:0.5461;2:534:443:43:35:0.8381,3,1:2:534:443:43:35;25:2:0:446:79:37;27:2:398:450:20:12,1,SAFE,11.245
279,0,3,2:0:446:32:37:0.1460;2:394:450:21:12:0.3681;2:533:443:43:36:0.8064,3,1:2:533:443:43:36;25:2:0:446:32:37;27:2:394:450:21:12,1,SAFE,8.361
280,0,2,2:390:450:21:13:0.2777;2:532:443:44:35:0.7991,2,1:2:532:443:44:35;27:2:390:450:21:13,1,SAFE,9.868
281,0,2,2:384:450:20:13:0.3177;2:531:444:44:34:0.7547,2,1:2:531:444:44:34;27:2:384:450:20:13,1,SAFE,17.167
282,0,2,2:379:450:19:12:0.2131;2:531:443:44:34:0.7402,2,1:2:531:443:44:34;27:2:379:450:19:12,1,SAFE,inf
283,0,2,2:373:450:24:12:0.2376;2:530:444:43:34:0.7726,2,1:2:530:444:43:34;27:2:373:450:24:12,1,SAFE,inf
284,0,2,2:365:449:26:14:0.3728;2:530:443:43:34:0.7881,2,1:2:530:443:43:34;27:2:365:449:26:14,1,SAFE,inf
285,0,2,2:358:448:27:15:0.4726;2:529:442:44:35:0.7865,2,1:2:529:442:44:35;27:2:358:448:27:15,1,SAFE,inf
286,0,2,2:348:448:34:17:0.2020;2:528:442:45:35:0.8306,2,1:2:528:442:45:35;27:2:348:448:34:17,1,SAFE,inf
287,0,2,2:344:448:30:15:0.2460;2:528:442:44:34:0.7962,2,1:2:528:442:44:34;27:2:344:448:30:15,1,SAFE,inf
288,0,1,2:527:443:45:34:0.8241,1,1:2:527:443:45:34,1,SAFE,inf
289,0,3,2:459:447:12:10:0.2395;2:526:443:45:34:0.8292;7:327:448:31:18:0.2458,1,1:2:526:443:45:34,1,SAFE,inf
290,0,2,2:317:449:35:18:0.3179;2:526:443:44:35:0.8089,2,1:2:526:443:44:35;27:2:317:449:35:18,1,SAFE,inf
291,0,2,2:306:448:36:19:0.2506;2:525:443:45:35:0.8253,2,1:2:525:443:45:35;27:2:306:448:36:19,1,SAFE,inf
292,0,2,2:295:448:38:19:0.3041;2:525:443:44:35:0.8195,2,1:2:525:443:44:35;27:2:295:448:38:19,1,SAFE,inf
293,0,2,2:282:448:41:20:0.3486;2:525:443:44:35:0.8206,2,1:2:525:443:44:35;27:2:282:448:41:20,1,SAFE,inf
294,0,3,2:268:448:42:21:0.3481;2:417:449:17:10:0.4219;2:524:443:45:35:0.8131,2,1:2:524:443:45:35;27:2:268:448:42:21,1,SAFE,21.487
295,0,3,2:252:447:46:24:0.3450;2:413:449:15:10:0.4851;2:524:444:45:35:0.8024,2,1:2:524:444:45:35;27:2:252:447:46:24,1,SAFE,14.650
296,0,3,2:235:446:51:25:0.3602;2:409:449:18:10:0.3936;2:524:443:44:36:0.7973,3,1:2:524:443:44:36;27:2:235:446:51:25;28:2:409:449:18:10,1,SAFE,11.592
297,0,3,2:217:445:54:26:0.3091;2:400:449:23:10:0.3759;2:524:443:44:36:0.7973,3,1:2:524:443:44:36;27:2:217:445:54:26;28:2:400:449:23:10,1,SAFE,10.188
298,0,4,2:194:447:63:25:0.4829;2:400:449:20:11:0.4136;2:440:447:17:11:0.3480;2:523:443:44:36:0.8016,3,1:2:523:443:44:36;27:2:194:447:63:25;28:2:400:449:20:11,1,SAFE,9.623
299,0,4,2:172:448:64:24:0.3560;2:384:450:32:10:0.4169;2:439:448:17:10:0.4056;2:522:443:45:36:0.7664,3,1:2:522:443:45:36;27:2:172:448:64:24;28:2:384:450:32:10,1,SAFE,9.655
300,0,4,2:145:449:69:26:0.3179;2:375:451:18:11:0.2393;2:436:448:16:11:0.2885;2:522:444:45:36:0.7646,4,1:2:522:444:45:36;27:2:145:449:69:26;28:2:375:451:18:11;29:2:436:448:16:11,1,SAFE,8.202
301,0,4,2:114:448:78:32:0.2856;2:372:450:35:11:0.5446;2:432:448:19:11:0.4876;2:521:444:45:36:0.7394,4,1:2:521:444:45:36;27:2:114:448:78:32;28:2:372:450:35:11;29:2:432:448:19:11,1,SAFE,7.285
302,0,4,2:77:447:85:32:0.2435;2:366:450:37:12:0.5465;2:430:448:19:12:0.4003;2:521:444:45:36:0.7247,4,1:2:521:444:45:36;27:2:77:447:85:32;28:2:366:450:37:12;29:2:430:448:19:12,1,SAFE,8.015
303,0,4,2:31:446:101:37:0.3727;2:361:450:37:13:0.4520;2:428:448:17:11:0.3888;2:521:444:45:36:0.7232,4,1:2:521:444:45:36;27:2:31:446:101:37;28:2:361:450:37:13;29:2:428:448:17:11,1,SAFE,9.421
304,0,3,2:357:450:36:13:0.5722;2:425:448:18:11:0.4227;2:520:445:46:35:0.7467,3,1:2:520:445:46:35;28:2:357:450:36:13;29:2:425:448:18:11,1,SAFE,16.582
305,0,4,2:0:444:51:40:0.5001;2:350:450:37:14:0.6389;2:422:448:20:12:0.4487;2:520:445:45:34:0.7399,4,1:2:520:445:45:34;27:2:0:444:51:40;28:2:350:450:37:14;29:2:422:448:20:12,1,SAFE,inf
306,0,3,2:344:450:38:14:0.6457;2:419:448:19:12:0.2780;2:521:445:44:35:0.7451,3,1:2:521:445:44:35;28:2:344:450:38:14;29:2:419:448:19:12,1,SAFE,inf
307,0,3,2:337:450:37:14:0.5391;2:415:448:21:12:0.3917;2:521:445:44:35:0.7739,3,1:2:521:445:44:35;28:2:337:450:37:14;29:2:415:448:21:12,1,SAFE,inf
308,0,3,2:328:449:39:15:0.4591;2:412:447:21:12:0.3621;2:521:445:44:35:0.7754,3,1:2:521:445:44:35;28:2:328:449:39:15;29:2:412:447:21:12,1,SAFE,inf
309,0,3,2:321:450:37:16:0.2827;2:521:445:44:35:0.7727;7:408:448:20:12:0.2700,3,1:2:521:445:44:35;28:2:321:450:37:16;29:7:408:448:20:12,1,SAFE,inf
310,0,3,2:309:448:40:19:0.3034;2:404:448:22:12:0.2859;2:521:445:45:34:0.7635,3,1:2:521:445:45:34;28:2:309:448:40:19;29:2:404:448:22:12,1,SAFE,inf
311,0,3,2:297:449:44:18:0.3210;2:520:445:45:35:0.7906;7:399:447:23:14:0.2881,3,1:2:520:445:45:35;28:2:297:449:44:18;29:7:399:447:23:14,1,SAFE,inf
312,0,3,2:320:451:13:15:0.2566;2:519:446:46:35:0.8023;7:395:447:23:15:0.2187,3,1:2:519:446:46:35;28:2:320:451:13:15;29:7:395:447:23:15,1,SAFE,inf
313,0,2,2:267:448:57:19:0.4081;2:519:445:46:35:0.7868,1,1:2:519:445:46:35,1,SAFE,inf
314,0,2,2:250:448:67:21:0.4712;2:519:445:46:36:0.7402,1,1:2:519:445:46:36,1,SAFE,inf
315,0,3,2:230:449:74:21:0.3623;2:382:447:27:15:0.2894;2:519:445:47:35:0.7458,3,1:2:519:445:47:35;29:2:382:447:27:15;30:2:230:449:74:21,1,SAFE,inf
316,0,3,2:211:446:86:25:0.3632;2:519:445:47:35:0.7703;7:374:446:28:16:0.2317,3,1:2:519:445:47:35;29:7:374:446:28:16;30:2:211:446:86:25,1,SAFE,inf
317,0,3,2:187:447:99:24:0.2607;2:370:447:30:16:0.3253;2:519:445:47:35:0.8036,3,1:2:519:445:47:35;29:2:370:447:30:16;30:2:187:447:99:24,1,SAFE,inf
318,0,4,2:161:448:78:25:0.2212;2:239:452:39:16:0.1648;2:362:446:32:17:0.3455;2:519:445:47:35:0.8100,3,1:2:519:445:47:35;29:2:362:446:32:17;30:2:161:448:78:25,1,SAFE,32.505
319,0,5,0:854:477:13:31:0.1119;2:140:448:76:24:0.2704;2:217:452:48:18:0.3396;2:520:445:46:35:0.8102;7:353:445:35:19:0.3247,3,1:2:520:445:46:35;29:7:353:445:35:19;30:2:140:448:76:24,1,SAFE,29.451
320,0,5,0:878:479:15:35:0.5643;2:104:449:89:25:0.2577;2:200:452:53:19:0.4125;2:520:445:46:35:0.8029;7:346:445:37:20:0.2519,3,1:2:520:445:46:35;29:7:346:445:37:20;30:2:104:449:89:25,1,SAFE,inf
321,0,4,2:46:447:115:32:0.3347;2:180:452:57:19:0.4102;2:521:445:45:35:0.7828;7:338:445:39:20:0.3220,4,1:2:521:445:45:35;29:7:338:445:39:20;30:2:46:447:115:32;31:2:180:452:57:19,1,SAFE,inf
322,0,5,0:947:484:14:44:0.1230;2:12:447:117:30:0.3150;2:163:452:59:19:0.4117;2:329:444:40:21:0.3870;2:520:445:47:35:0.8222,4,1:2:520:445:47:35;29:2:329:444:40:21;30:2:12:447:117:30;31:2:163:452:59:19,1,SAFE,inf
323,1,1,2:552:453:46:35:0.5769,0,,-1,NONE,inf
324,0,1,2:550:453:44:35:0.5150,0,,-1,NONE,inf
325,0,1,2:548:454:44:33:0.6755,1,32:2:548:454:44:33,-1,NONE,inf
326,0,1,2:545:453:45:34:0.6313,1,32:2:545:453:45:34,-1,NONE,inf
327,0,1,2:543:453:44:34:0.6926,1,32:2:543:453:44:34,-1,NONE,inf
328,0,1,2:542:454:44:33:0.7677,1,32:2:542:454:44:33,-1,NONE,inf
329,0,1,2:540:453:46:34:0.6349,1,32:2:540:453:46:34,-1,NONE,inf
330,0,1,2:539:453:45:34:0.7142,1,32:2:539:453:45:34,-1,NONE,inf
331,0,1,2:537:452:46:35:0.6944,1,32:2:537:452:46:35,-1,NONE,inf
332,0,1,2:537:453:44:34:0.7160,1,32:2:537:453:44:34,-1,NONE,inf
333,0,1,2:536:453:44:33:0.7526,1,32:2:536:453:44:33,-1,NONE,inf
334,0,1,2:536:453:43:33:0.7021,1,32:2:536:453:43:33,-1,NONE,inf
335,0,1,2:535:453:44:33:0.5907,1,32:2:535:453:44:33,-1,NONE,inf
336,0,1,2:534:452:42:32:0.5183,1,32:2:534:452:42:32,-1,NONE,inf
337,0,1,2:533:453:44:32:0.5309,1,32:2:533:453:44:32,-1,NONE,inf
338,0,1,2:532:453:45:32:0.5170,1,32:2:532:453:45:32,-1,NONE,inf
339,0,1,2:533:453:42:33:0.6308,1,32:2:533:453:42:33,32,SAFE,inf
340,0,1,2:533:453:42:32:0.6187,1,32:2:533:453:42:32,32,SAFE,inf
341,0,1,2:532:453:42:33:0.6649,1,32:2:532:453:42:33,32,SAFE,inf
342,0,1,2:532:453:42:33:0.6269,1,32:2:532:453:42:33,32,SAFE,inf
343,0,1,2:532:453:42:32:0.6673,1,32:2:532:453:42:32,32,SAFE,inf
344,0,1,2:532:453:41:33:0.6756,1,32:2:532:453:41:33,32,SAFE,inf
345,0,1,2:532:453:42:33:0.6710,1,32:2:532:453:42:33,32,SAFE,13.012
346,0,1,2:532:453:42:33:0.6225,1,32:2:532:453:42:33,32,SAFE,13.012
347,0,1,2:532:453:41:32:0.5992,1,32:2:532:453:41:32,32,SAFE,44.729
348,0,2,2:532:454:41:31:0.6118;5:814:429:143:49:0.2027,1,32:2:532:454:41:31,32,SAFE,inf
349,0,1,2:532:453:41:32:0.6547,1,32:2:532:453:41:32,32,SAFE,inf
350,0,1,2:533:453:40:31:0.6815,1,32:2:533:453:40:31,32,SAFE,inf
351,0,1,2:533:453:40:31:0.6949,1,32:2:533:453:40:31,32,SAFE,inf
352,0,1,2:533:453:40:31:0.6909,1,32:2:533:453:40:31,32,SAFE,inf
353,0,1,2:533:453:41:31:0.7889,1,32:2:533:453:41:31,32,SAFE,inf
354,0,1,2:533:453:41:30:0.8189,1,32:2:533:453:41:30,32,SAFE,inf
355,0,1,2:533:453:42:30:0.8261,1,32:2:533:453:42:30,32,SAFE,inf
356,0,1,2:533:453:42:31:0.8218,1,32:2:533:453:42:31,32,SAFE,inf
357,0,1,2:534:453:41:30:0.8266,1,32:2:534:453:41:30,32,SAFE,inf
358,0,1,2:535:453:40:30:0.8433,1,32:2:535:453:40:30,32,SAFE,inf
359,0,1,2:535:453:40:30:0.8361,1,32:2:535:453:40:30,32,SAFE,inf
360,0,1,2:537:453:39:30:0.7732,1,32:2:537:453:39:30,32,SAFE,inf
361,0,1,2:537:452:38:31:0.7267,1,32:2:537:452:38:31,32,SAFE,inf
362,0,1,2:537:452:39:31:0.6886,1,32:2:537:452:39:31,32,SAFE,inf
363,0,1,2:538:451:39:31:0.7157,1,32:2:538:451:39:31,32,SAFE,inf
364,0,1,2:539:451:38:30:0.7293,1,32:2:539:451:38:30,32,SAFE,inf
365,0,1,2:539:452:38:29:0.7226,1,32:2:539:452:38:29,32,SAFE,inf
366,0,1,2:540:451:38:30:0.7364,1,32:2:540:451:38:30,32,SAFE,inf
367,0,1,2:540:451:38:30:0.7649,1,32:2:540:451:38:30,32,SAFE,inf
368,0,1,2:541:451:38:30:0.7734,1,32:2:541:451:38:30,32,SAFE,inf
369,0,2,2:541:451:38:30:0.7483;7:622:423:128:45:0.1028,1,32:2:541:451:38:30,32,SAFE,inf
370,0,1,2:541:451:38:30:0.7382,1,32:2:541:451:38:30,32,SAFE,inf
371,0,1,2:542:451:37:29:0.7215,1,32:2:542:451:37:29,32,SAFE,inf
372,0,1,2:542:451:37:29:0.7146,1,32:2:542:451:37:29,32,SAFE,inf
373,0,1,2:542:451:38:29:0.7236,1,32:2:542:451:38:29,32,SAFE,inf
374,0,2,2:543:451:37:29:0.7766;7:1019:364:260:152:0.2657,1,32:2:543:451:37:29,32,SAFE,inf
375,0,2,2:544:451:36:29:0.7678;7:1136:364:143:151:0.1598,1,32:2:544:451:36:29,32,SAFE,inf
376,0,2,2:544:450:37:30:0.7804;7:1036:365:243:148:0.1829,1,32:2:544:450:37:30,32,SAFE,inf
377,0,2,2:544:450:37:29:0.7886;7:634:423:125:48:0.2224,1,32:2:544:450:37:29,32,SAFE,inf
378,0,2,2:544:450:38:29:0.7750;7:634:421:126:49:0.3209,1,32:2:544:450:38:29,32,SAFE,inf
379,0,2,2:544:449:37:29:0.7699;7:635:420:126:49:0.2223,1,32:2:544:449:37:29,32,SAFE,inf
380,0,1,2:545:449:36:29:0.7877,1,32:2:545:449:36:29,32,SAFE,inf
381,0,3,2:545:448:36:30:0.7740;7:632:419:132:51:0.2199;7:1056:311:223:206:0.1768,1,32:2:545:448:36:30,32,SAFE,inf
382,0,3,2:545:448:36:30:0.7836;7:964:416:74:68:0.1507;7:1063:316:216:202:0.2633,1,32:2:545:448:36:30,32,SAFE,inf
383,0,4,2:543:447:11:12:0.2924;2:545:449:36:29:0.7856;7:933:414:111:71:0.2581;7:1062:313:217:205:0.2937,1,32:2:545:449:36:29,32,SAFE,inf
384,0,5,2:542:447:12:12:0.2678;2:545:449:35:29:0.8116;7:630:417:137:51:0.2085;7:958:413:87:72:0.1402;7:1067:310:212:209:0.2348,1,32:2:545:449:35:29,32,SAFE,inf
385,0,5,2:540:447:13:11:0.3304;2:544:449:36:28:0.7900;5:620:417:149:50:0.1132;7:989:412:61:72:0.2716;7:1077:314:202:204:0.1298,1,32:2:544:449:36:28,32,SAFE,inf
386,0,4,2:540:447:12:12:0.3348;2:544:448:36:29:0.8143;7:628:415:143:52:0.1190;7:998:410:58:76:0.3466,1,32:2:544:448:36:29,32,SAFE,inf
387,0,4,2:540:447:12:12:0.2776;2:544:448:36:29:0.8217;7:634:415:136:53:0.2244;7:1006:410:54:75:0.1534,2,32:2:544:448:36:29;33:2:540:447:12:12,32,SAFE,inf
388,0,3,2:539:447:11:13:0.3331;2:543:448:35:28:0.8220;7:633:414:137:55:0.2992,2,32:2:543:448:35:28;33:2:539:447:11:13,32,SAFE,inf
389,0,6,0:826:422:32:59:0.1353;0:923:425:22:66:0.1170;2:539:447:11:14:0.3090;2:543:448:35:29:0.8181;7:631:414:140:55:0.4141;7:829:405:130:83:0.2289,2,32:2:543:448:35:29;33:2:539:447:11:14,32,SAFE,inf
390,0,3,2:538:447:12:14:0.2828;2:543:448:35:29:0.8453;7:626:414:147:55:0.2894,2,32:2:543:448:35:29;33:2:538:447:12:14,32,SAFE,inf
391,0,3,2:537:447:12:13:0.2680;2:543:448:34:29:0.8410;7:625:414:149:55:0.3647,3,32:2:543:448:34:29;33:2:537:447:12:13;34:7:625:414:149:55,32,SAFE,inf
392,0,2,2:537:447:12:13:0.2400;2:543:448:34:29:0.8293,2,32:2:543:448:34:29;33:2:537:447:12:13,32,SAFE,inf
393,0,2,2:543:448:34:29:0.8146;7:834:411:117:78:0.2194,1,32:2:543:448:34:29,32,SAFE,inf
394,0,2,2:542:450:34:27:0.7870;7:832:408:127:83:0.2968,2,32:2:542:450:34:27;34:7:832:408:127:83,32,SAFE,inf
395,0,2,2:542:450:35:28:0.7783;7:630:414:149:55:0.1369,1,32:2:542:450:35:28,32,SAFE,inf
396,0,5,0:1024:452:24:51:0.1685;2:535:447:11:14:0.2333;2:542:450:35:28:0.7856;7:620:414:161:59:0.2343;7:1107:311:172:303:0.1568,1,32:2:542:450:35:28,32,SAFE,inf
397,0,2,2:541:450:35:29:0.6809;7:619:413:164:62:0.4046,1,32:2:541:450:35:29,32,SAFE,inf
398,0,2,2:541:450:35:29:0.6386;7:618:414:168:61:0.4781,1,32:2:541:450:35:29,32,SAFE,inf
399,0,3,0:1022:455:22:51:0.2843;2:540:450:36:30:0.6585;7:617:414:171:61:0.3112,2,32:2:540:450:36:30;35:7:617:414:171:61,32,SAFE,39.797
400,0,3,2:541:451:35:29:0.6846;7:617:414:172:60:0.3854;7:858:415:101:75:0.2223,2,32:2:541:451:35:29;35:7:617:414:172:60,32,SAFE,inf
401,0,2,2:541:451:35:29:0.6175;7:617:414:174:61:0.4457,2,32:2:541:451:35:29;35:7:617:414:174:61,32,SAFE,34.000
402,0,3,2:532:450:12:12:0.2219;2:540:451:35:29:0.6102;7:622:413:169:62:0.4525,2,32:2:540:451:35:29;35:7:622:413:169:62,32,SAFE,22.372
403,0,3,2:532:449:12:14:0.2013;2:541:452:34:28:0.6385;7:618:413:178:64:0.3577,2,32:2:541:452:34:28;35:7:618:413:178:64,32,SAFE,inf
404,0,4,2:531:450:12:13:0.2501;2:540:452:35:28:0.6906;7:617:413:176:64:0.5139;7:884:417:75:81:0.4728,2,32:2:540:452:35:28;35:7:617:413:176:64,32,SAFE,inf
405,0,4,2:530:450:13:13:0.2750;2:540:452:35:28:0.6775;7:618:413:176:64:0.5229;7:850:345:109:152:0.2718,2,32:2:540:452:35:28;35:7:618:413:176:64,32,SAFE,inf
406,0,4,2:529:449:13:14:0.2143;2:540:453:35:27:0.7231;7:617:413:180:64:0.4004;7:889:417:70:81:0.3288,3,32:2:540:453:35:27;35:7:617:413:180:64;36:7:889:417:70:81,32,SAFE,inf
407,0,3,2:540:453:35:27:0.7061;7:617:413:181:65:0.4386;7:852:340:107:159:0.3216,3,32:2:540:453:35:27;35:7:617:413:181:65;36:7:852:340:107:159,32,SAFE,inf
408,0,2,2:540:453:34:27:0.7768;7:617:412:184:65:0.3470,2,32:2:540:453:34:27;35:7:617:412:184:65,32,SAFE,inf
409,0,2,2:540:453:34:28:0.7736;7:618:412:186:65:0.2062,2,32:2:540:453:34:28;35:7:618:412:186:65,32,SAFE,inf
410,0,2,2:540:453:34:27:0.7598;7:617:412:187:65:0.3270,2,32:2:540:453:34:27;35:7:617:412:187:65,32,SAFE,inf
411,0,2,2:540:453:34:27:0.7949;7:615:412:192:65:0.5201,2,32:2:540:453:34:27;35:7:615:412:192:65,32,SAFE,inf
412,0,2,2:540:453:33:26:0.7963;7:615:411:192:67:0.2655,2,32:2:540:453:33:26;35:7:615:411:192:67,32,SAFE,inf
413,0,3,2:526:450:12:14:0.2689;2:540:453:33:27:0.7949;7:616:412:195:66:0.3656,2,32:2:540:453:33:27;35:7:616:412:195:66,32,SAFE,inf
414,0,3,2:526:450:12:13:0.3116;2:540:453:33:26:0.8030;7:615:411:195:66:0.3559,2,32:2:540:453:33:26;35:7:615:411:195:66,32,SAFE,inf
415,0,4,0:304:457:12:28:0.1396;2:525:450:12:13:0.2044;2:540:453:33:26:0.7569;7:616:411:198:67:0.2227,2,32:2:540:453:33:26;35:7:616:411:198:67,32,SAFE,inf
416,0,2,2:540:453:33:26:0.7526;7:617:410:198:67:0.4806,2,32:2:540:453:33:26;35:7:617:410:198:67,32,SAFE,inf
417,0,2,2:540:453:33:26:0.7475;7:617:411:202:67:0.3242,2,32:2:540:453:33:26;35:7:617:411:202:67,32,SAFE,inf
418,0,4,0:290:459:15:27:0.1169;2:540:453:32:26:0.7446;7:616:410:205:69:0.3555;7:816:420:105:56:0.2533,2,32:2:540:453:32:26;35:7:616:410:205:69,32,SAFE,inf
419,0,4,0:287:460:13:26:0.1155;2:540:453:32:26:0.7040;7:617:408:206:71:0.4082;7:817:420:104:54:0.2107,2,32:2:540:453:32:26;35:7:617:408:206:71,32,SAFE,inf
420,0,4,2:523:449:13:14:0.2846;2:539:452:32:27:0.7118;7:617:408:208:70:0.2394;7:876:418:47:54:0.2818,2,32:2:539:452:32:27;35:7:617:408:208:70,32,SAFE,inf
421,0,6,0:274:464:15:23:0.1466;2:523:449:12:14:0.2701;2:539:452:32:27:0.6845;5:617:407:210:71:0.2128;7:321:405:81:61:0.2383;7:879:418:46:56:0.2535,2,32:2:539:452:32:27;35:5:617:407:210:71,32,SAFE,inf
422,0,6,0:269:462:15:26:0.1069;2:523:449:12:13:0.3327;2:538:452:33:27:0.7083;5:616:407:216:71:0.2776;7:321:405:80:62:0.3712;7:881:417:42:57:0.2542,2,32:2:538:452:33:27;35:5:616:407:216:71,32,SAFE,inf
423,0,5,2:522:448:12:14:0.2417;2:538:451:33:27:0.7221;5:611:405:221:73:0.3931;7:320:405:80:62:0.4864;7:883:417:48:55:0.2069,2,32:2:538:451:33:27;35:5:611:405:221:73,32,SAFE,inf
424,0,5,0:257:464:17:23:0.1065;0:1206:466:26:69:0.1922;2:538:451:33:28:0.8338;5:617:404:221:73:0.3088;7:320:404:79:62:0.2511,3,32:2:538:451:33:28;35:5:617:404:221:73;37:7:320:404:79:62,32,SAFE,16.788
425,0,3,0:253:462:14:26:0.1451;2:538:451:33:28:0.8340;7:940:411:19:67:0.3430,1,32:2:538:451:33:28,32,SAFE,8.993
426,0,4,2:538:451:32:28:0.8287;5:618:402:224:75:0.2306;7:321:403:77:62:0.2844;7:941:410:18:69:0.2181,2,32:2:538:451:32:28;37:7:321:403:77:62,32,SAFE,6.292
427,0,3,2:537:451:34:27:0.7949;5:618:402:226:77:0.3004;7:892:415:48:54:0.2028,2,32:2:537:451:34:27;35:5:618:402:226:77,32,SAFE,6.982
428,0,2,2:537:450:33:28:0.7858;5:617:401:235:78:0.4336,2,32:2:537:450:33:28;35:5:617:401:235:78,32,SAFE,5.464
429,0,3,0:225:465:18:25:0.1163;2:537:450:33:27:0.7729;5:619:398:235:80:0.2611,2,32:2:537:450:33:27;35:5:619:398:235:80,32,SAFE,6.274
430,0,3,2:536:451:34:27:0.7766;7:320:431:23:35:0.2243;7:636:401:216:77:0.1673,2,32:2:536:451:34:27;35:7:636:401:216:77,32,SAFE,7.594
431,0,4,2:518:447:13:14:0.2642;2:536:450:34:28:0.7871;7:320:430:32:37:0.2529;7:609:397:350:103:0.2018,3,32:2:536:450:34:28;35:7:609:397:350:103;37:7:320:430:32:37,32,SAFE,7.861
432,0,2,2:518:448:13:14:0.2224;2:536:451:34:27:0.7777,1,32:2:536:451:34:27,32,SAFE,11.422
433,0,3,2:536:451:34:27:0.7826;7:320:402:73:64:0.2455;7:907:412:51:58:0.3618,2,32:2:536:451:34:27;35:7:907:412:51:58,32,SAFE,22.806
434,0,2,2:536:451:33:27:0.7874;7:320:401:71:65:0.4750,1,32:2:536:451:33:27,32,SAFE,inf
435,0,2,2:536:451:33:27:0.7931;7:320:401:71:65:0.4052,1,32:2:536:451:33:27,32,SAFE,inf
436,0,4,2:516:448:15:15:0.2626;2:536:452:33:26:0.8007;5:621:393:259:88:0.2654;7:320:402:70:64:0.2071,2,32:2:536:452:33:26;38:5:621:393:259:88,32,SAFE,inf
437,0,2,2:516:448:14:15:0.2299;2:536:452:33:26:0.7936,1,32:2:536:452:33:26,32,SAFE,inf
438,0,2,2:537:453:33:25:0.7918;7:622:393:333:90:0.3391,1,32:2:537:453:33:25,32,SAFE,inf
439,0,2,2:536:453:33:25:0.7880;7:620:391:336:92:0.4534,1,32:2:536:453:33:25,32,SAFE,inf
440,0,4,2:514:449:15:15:0.2490;2:536:453:33:25:0.7973;7:320:403:67:64:0.2224;7:621:390:321:94:0.4682,2,32:2:536:453:33:25;39:7:621:390:321:94,32,SAFE,inf
441,0,3,2:514:449:15:15:0.2174;2:536:453:33:25:0.7896;5:623:391:274:94:0.5097,2,32:2:536:453:33:25;39:5:623:391:274:94,32,SAFE,inf
442,0,3,2:514:449:15:15:0.2325;2:536:453:33:26:0.7800;7:620:389:338:97:0.3922,2,32:2:536:453:33:26;39:7:620:389:338:97,32,SAFE,inf
443,0,4,2:514:449:15:15:0.2149;2:536:453:33:26:0.7566;7:320:403:63:64:0.2943;7:622:388:287:98:0.6737,2,32:2:536:453:33:26;39:7:622:388:287:98,32,SAFE,inf
444,0,4,2:514:449:14:15:0.2375;2:536:453:33:26:0.7565;7:320:404:62:63:0.6109;7:623:388:292:99:0.6631,2,32:2:536:453:33:26;39:7:623:388:292:99,32,SAFE,inf
445,0,3,2:513:449:16:15:0.2490;2:536:453:33:26:0.7659;7:624:387:298:100:0.6457,2,32:2:536:453:33:26;39:7:624:387:298:100,32,SAFE,inf
446,0,3,2:536:453:33:26:0.7166;7:320:404:62:63:0.7109;7:625:387:317:102:0.7283,2,32:2:536:453:33:26;39:7:625:387:317:102,32,SAFE,inf
447,0,3,2:536:453:33:26:0.6943;7:320:404:61:63:0.3130;7:626:386:315:103:0.7166,2,32:2:536:453:33:26;39:7:626:386:315:103,32,SAFE,inf
448,0,3,2:536:453:33:26:0.6910;7:320:404:61:63:0.5171;7:628:385:330:104:0.6394,3,32:2:536:453:33:26;39:7:628:385:330:104;40:7:320:404:61:63,32,SAFE,inf
449,0,4,2:374:440:47:23:0.1102;2:537:453:32:27:0.6638;7:320:404:61:63:0.2667;7:628:384:328:105:0.7441,3,32:2:537:453:32:27;39:7:628:384:328:105;40:7:320:404:61:63,32,SAFE,23.821
450,0,4,2:511:449:16:15:0.2281;2:537:453:32:26:0.6685;7:320:403:59:64:0.2656;7:629:383:323:107:0.7204,3,32:2:537:453:32:26;39:7:629:383:323:107;40:7:320:403:59:64,32,SAFE,12.047
451,0,3,2:512:450:15:14:0.2012;2:537:454:32:25:0.6602;7:630:380:327:111:0.3442,2,32:2:537:454:32:25;39:7:630:380:327:111,32,SAFE,15.066
452,0,4,2:512:450:15:14:0.2439;2:537:454:33:25:0.6808;5:632:381:327:110:0.4563;7:320:404:54:64:0.2202,2,32:2:537:454:33:25;39:5:632:381:327:110,32,SAFE,18.539
453,0,2,2:537:453:33:26:0.6369;5:633:379:326:112:0.4825,2,32:2:537:453:33:26;39:5:633:379:326:112,32,SAFE,24.094
454,0,3,2:510:448:18:16:0.2240;2:538:453:32:25:0.6205;5:633:377:326:114:0.3670,2,32:2:538:453:32:25;39:5:633:377:326:114,32,SAFE,inf
455,0,3,2:510:448:18:16:0.2326;2:538:453:32:25:0.6309;5:634:378:325:114:0.4084,2,32:2:538:453:32:25;39:5:634:378:325:114,32,SAFE,inf
456,0,3,2:510:448:18:16:0.2067;2:538:452:32:26:0.6903;5:636:376:323:116:0.5259,2,32:2:538:452:32:26;39:5:636:376:323:116,32,SAFE,inf
457,0,2,2:538:452:32:26:0.6411;7:635:374:324:120:0.4808,2,32:2:538:452:32:26;39:7:635:374:324:120,32,SAFE,inf
458,0,2,2:539:452:31:26:0.6712;7:638:374:321:120:0.5607,2,32:2:539:452:31:26;39:7:638:374:321:120,32,SAFE,inf
459,0,2,2:539:452:32:26:0.6933;7:639:372:320:122:0.5299,2,32:2:539:452:32:26;39:7:639:372:320:122,32,SAFE,inf
460,0,2,2:540:452:31:25:0.7121;7:641:373:318:121:0.4656,2,32:2:540:452:31:25;39:7:641:373:318:121,32,SAFE,inf
461,0,3,2:540:452:32:25:0.7058;7:320:402:51:63:0.5160;7:642:372:317:121:0.5972,2,32:2:540:452:32:25;39:7:642:372:317:121,32,SAFE,inf
462,0,2,2:540:452:32:25:0.6623;7:642:367:317:127:0.7038,2,32:2:540:452:32:25;39:7:642:367:317:127,32,SAFE,inf
463,0,2,2:540:452:33:25:0.6897;7:644:368:315:130:0.3013,2,32:2:540:452:33:25;39:7:644:368:315:130,32,SAFE,inf
464,0,2,2:540:452:33:25:0.7195;7:645:373:314:124:0.3821,2,32:2:540:452:33:25;39:7:645:373:314:124,32,SAFE,inf
465,0,4,2:540:451:34:26:0.7343;2:992:484:69:30:0.1663;5:647:363:392:131:0.3926;7:320:401:48:64:0.3744,2,32:2:540:451:34:26;39:5:647:363:392:131,32,SAFE,inf
466,0,3,2:540:451:34:26:0.7369;2:1003:485:70:28:0.1004;7:320:401:48:65:0.2782,1,32:2:540:451:34:26,32,SAFE,inf
467,0,3,2:541:451:33:26:0.7237;5:649:352:457:147:0.3555;7:320:401:47:65:0.4346,3,32:2:541:451:33:26;39:5:649:352:457:147;41:7:320:401:47:65,32,SAFE,inf
468,0,3,2:542:452:33:25:0.6891;5:651:347:506:154:0.4285;7:320:401:47:65:0.4740,3,32:2:542:452:33:25;39:5:651:347:506:154;41:7:320:401:47:65,32,SAFE,inf
469,0,3,2:542:452:33:26:0.7137;5:652:344:496:160:0.4536;7:320:402:46:64:0.4908,3,32:2:542:452:33:26;39:5:652:344:496:160;41:7:320:402:46:64,32,SAFE,inf
470,0,3,2:542:452:33:26:0.6693;5:653:341:508:163:0.5669;7:320:403:46:64:0.3290,3,32:2:542:452:33:26;39:5:653:341:508:163;41:7:320:403:46:64,32,SAFE,inf
471,0,4,2:543:452:32:26:0.6767;5:655:339:516:164:0.6071;7:320:403:45:64:0.4071;7:1182:378:97:109:0.3379,3,32:2:543:452:32:26;39:5:655:339:516:164;41:7:320:403:45:64,32,SAFE,39.701
472,0,4,2:543:452:33:26:0.6956;5:657:335:539:171:0.6293;7:320:403:44:64:0.3319;7:1193:378:86:109:0.3252,3,32:2:543:452:33:26;39:5:657:335:539:171;41:7:320:403:44:64,32,SAFE,19.851
473,0,3,2:544:452:32:26:0.6852;5:658:331:569:176:0.6964;7:1206:376:73:112:0.2081,2,32:2:544:452:32:26;39:5:658:331:569:176,32,SAFE,13.234
474,0,4,2:544:452:32:26:0.6771;5:661:325:588:182:0.7254;7:320:403:43:64:0.2853;7:1219:374:60:115:0.1767,3,32:2:544:452:32:26;39:5:661:325:588:182;41:7:320:403:43:64,32,SAFE,9.925
475,0,3,2:545:452:32:26:0.6359;5:662:321:616:187:0.7360;7:320:402:43:65:0.3815,3,32:2:545:452:32:26;39:5:662:321:616:187;41:7:320:402:43:65,32,SAFE,10.828
476,0,3,2:545:452:32:26:0.7097;5:662:315:617:193:0.8080;7:320:402:42:64:0.3503,3,32:2:545:452:32:26;39:5:662:315:617:193;41:7:320:402:42:64,32,SAFE,12.537
477,0,3,2:546:452:31:25:0.7085;5:665:311:614:199:0.5616;7:320:402:41:64:0.4989,3,32:2:546:452:31:25;39:5:665:311:614:199;41:7:320:402:41:64,32,SAFE,29.776
478,0,3,2:546:451:32:26:0.7162;5:667:311:612:200:0.6470;7:320:401:40:65:0.4460,3,32:2:546:451:32:26;39:5:667:311:612:200;41:7:320:401:40:65,32,SAFE,inf
479,0,3,2:546:451:32:27:0.6638;5:668:307:611:207:0.6000;7:320:402:39:64:0.2934,3,32:2:546:451:32:27;39:5:668:307:611:207;41:7:320:402:39:64,32,SAFE,41.530
480,0,4,2:511:447:19:16:0.2116;2:547:452:31:25:0.7232;5:672:307:607:208:0.6042;7:320:401:39:65:0.2912,3,32:2:547:452:31:25;39:5:672:307:607:208;41:7:320:401:39:65,32,SAFE,inf
481,0,4,2:512:447:18:16:0.2045;2:548:452:30:25:0.7348;5:675:308:604:210:0.6605;7:320:401:38:65:0.2212,3,32:2:548:452:30:25;39:5:675:308:604:210;41:7:320:401:38:65,32,SAFE,inf
482,0,3,2:548:452:30:25:0.7182;5:677:298:602:224:0.6350;7:320:401:37:65:0.3077,3,32:2:548:452:30:25;39:5:677:298:602:224;41:7:320:401:37:65,32,SAFE,inf
483,0,3,2:548:452:31:25:0.7649;5:680:293:599:231:0.4366;7:320:401:37:64:0.2360,3,32:2:548:452:31:25;39:5:680:293:599:231;41:7:320:401:37:64,32,SAFE,inf
484,0,3,2:548:452:32:25:0.7472;7:320:400:37:66:0.2364;7:685:289:594:236:0.5433,3,32:2:548:452:32:25;39:7:685:289:594:236;41:7:320:400:37:66,32,SAFE,inf
485,0,3,2:549:451:31:26:0.7187;5:686:296:593:235:0.4315;7:320:400:36:65:0.3497,3,32:2:549:451:31:26;39:5:686:296:593:235;41:7:320:400:36:65,32,SAFE,inf
486,0,3,2:549:451:32:26:0.7455;7:320:399:37:66:0.2758;7:685:291:594:242:0.6302,3,32:2:549:451:32:26;39:7:685:291:594:242;41:7:320:399:37:66,32,SAFE,inf
487,0,2,2:549:451:32:26:0.7324;5:690:290:589:245:0.4623,2,32:2:549:451:32:26;39:5:690:290:589:245,32,SAFE,inf
488,0,3,2:511:447:19:17:0.2226;2:550:451:33:26:0.7310;7:700:285:579:251:0.6197,2,32:2:550:451:33:26;39:7:700:285:579:251,32,SAFE,inf
489,0,3,2:551:451:32:25:0.7427;5:696:281:583:249:0.5536;7:320:401:33:63:0.3266,3,32:2:551:451:32:25;39:5:696:281:583:249;41:7:320:401:33:63,32,SAFE,inf
490,0,4,2:512:445:18:18:0.2461;2:551:450:32:25:0.7448;7:320:401:33:62:0.4073;7:706:274:573:264:0.5315,3,32:2:551:450:32:25;39:7:706:274:573:264;41:7:320:401:33:62,32,SAFE,inf
491,0,4,2:512:445:19:18:0.2964;2:551:450:32:25:0.7313;7:320:401:32:62:0.3350;7:706:271:573:269:0.5526,3,32:2:551:450:32:25;39:7:706:271:573:269;41:7:320:401:32:62,32,SAFE,inf
492,0,4,2:512:445:19:17:0.3265;2:551:450:32:25:0.6921;7:320:401:31:61:0.3176;7:706:265:573:289:0.3913,3,32:2:551:450:32:25;39:7:706:265:573:289;41:7:320:401:31:61,32,SAFE,inf
493,0,4,2:512:445:19:17:0.3007;2:551:450:33:25:0.6092;2:908:450:120:63:0.1012;7:713:320:246:202:0.7855,2,32:2:551:450:33:25;39:7:713:320:246:202,32,SAFE,inf
494,0,4,0:219:418:21:51:0.1015;2:512:445:19:17:0.3640;2:551:450:33:25:0.6051;7:717:314:242:212:0.6774,3,32:2:551:450:33:25;39:7:717:314:242:212;42:2:512:445:19:17,32,SAFE,inf
495,0,3,2:512:445:19:17:0.3598;2:552:450:32:25:0.6686;7:721:314:238:213:0.7438,3,32:2:552:450:32:25;39:7:721:314:238:213;42:2:512:445:19:17,32,SAFE,inf
496,0,4,2:512:445:19:17:0.3941;2:552:450:33:25:0.6789;7:320:400:27:63:0.2255;7:724:308:235:219:0.8609,3,32:2:552:450:33:25;39:7:724:308:235:219;42:2:512:445:19:17,32,SAFE,inf
497,0,4,2:512:444:19:18:0.2663;2:553:449:32:26:0.6922;7:320:399:25:64:0.2211;7:728:303:231:225:0.9051,3,32:2:553:449:32:26;39:7:728:303:231:225;42:2:512:444:19:18,32,SAFE,inf
498,0,5,2:512:445:18:17:0.2775;2:554:450:32:25:0.6156;2:628:451:15:16:0.2238;7:320:399:25:64:0.4331;7:732:299:227:228:0.9095,4,32:2:554:450:32:25;39:7:732:299:227:228;41:7:320:399:25:64;42:2:512:445:18:17,32,SAFE,inf
499,0,4,2:555:449:31:26:0.6366;2:628:450:16:17:0.2063;7:320:399:24:63:0.2958;7:737:291:222:236:0.9024,3,32:2:555:449:31:26;39:7:737:291:222:236;41:7:320:399:24:63,32,SAFE,inf
500,0,4,2:512:444:19:18:0.2065;2:555:449:31:25:0.5176;7:320:399:22:62:0.4621;7:746:238:530:303:0.3622,3,32:2:555:449:31:25;39:7:746:238:530:303;41:7:320:399:22:62,32,SAFE,inf
501,0,4,2:512:443:19:18:0.2118;2:555:448:32:25:0.5031;7:320:397:22:64:0.2441;7:747:292:212:235:0.8536,3,32:2:555:448:32:25;39:7:747:292:212:235;41:7:320:397:22:64,32,SAFE,inf
502,0,4,2:512:442:19:19:0.2496;2:555:448:33:25:0.5474;5:756:236:522:317:0.3581;7:158:409:62:57:0.1243,2,32:2:555:448:33:25;39:5:756:236:522:317,32,SAFE,inf
503,0,4,2:512:442:18:18:0.2772;2:556:448:32:25:0.6418;2:630:447:16:17:0.2031;7:762:228:517:321:0.2745,3,32:2:556:448:32:25;39:7:762:228:517:321;42:2:512:442:18:18,32,SAFE,inf
504,0,4,2:512:442:18:18:0.2412;2:556:448:32:24:0.6007;7:714:434:61:36:0.2151;7:768:214:511:355:0.6190,3,32:2:556:448:32:24;39:7:768:214:511:355;42:2:512:442:18:18,32,SAFE,inf
505,0,2,2:557:448:32:25:0.6030;7:777:208:502:363:0.5160,2,32:2:557:448:32:25;39:7:777:208:502:363,32,SAFE,inf
506,0,2,2:557:448:33:25:0.6464;7:785:207:494:425:0.8622,2,32:2:557:448:33:25;39:7:785:207:494:425,32,SAFE,inf
507,0,3,2:528:441:60:30:0.3210;2:558:448:33:25:0.6616;7:792:202:487:439:0.8821,2,32:2:558:448:33:25;39:7:792:202:487:439,32,SAFE,inf
508,0,3,2:558:448:33:24:0.6332;7:137:404:61:59:0.1004;7:801:188:478:402:0.9096,2,32:2:558:448:33:24;39:7:801:188:478:402,32,SAFE,inf
509,0,6,2:511:442:19:18:0.2393;2:558:448:33:24:0.6653;2:631:448:19:17:0.2264;7:133:402:62:60:0.1190;7:720:434:49:38:0.2289;7:812:185:467:413:0.9006,2,32:2:558:448:33:24;39:7:812:185:467:413,32,SAFE,inf
510,0,4,2:511:442:20:18:0.2417;2:559:447:32:25:0.6469;2:630:447:21:18:0.2164;7:822:171:457:432:0.9004,2,32:2:559:447:32:25;39:7:822:171:457:432,32,SAFE,inf
511,0,5,2:511:442:20:18:0.2092;2:559:447:32:25:0.6067;2:630:447:22:18:0.3298;5:722:433:49:39:0.2244;7:834:152:445:417:0.8855,2,32:2:559:447:32:25;39:7:834:152:445:417,32,SAFE,inf
512,0,5,2:510:441:21:19:0.2417;2:559:447:32:25:0.6024;2:631:446:22:19:0.2627;5:724:432:50:39:0.2001;7:848:148:431:430:0.8623,2,32:2:559:447:32:25;39:7:848:148:431:430,32,SAFE,inf
513,0,4,2:509:441:22:19:0.2999;2:559:447:33:25:0.6574;7:726:432:51:40:0.3408;7:862:139:417:452:0.8910,4,32:2:559:447:33:25;39:7:862:139:417:452;42:2:509:441:22:19;43:7:726:432:51:40,32,SAFE,inf
514,0,5,2:295:442:37:22:0.1376;2:509:441:21:19:0.3303;2:560:447:32:25:0.6360;7:726:432:53:39:0.2992;7:879:137:400:458:0.9051,4,32:2:560:447:32:25;39:7:879:137:400:458;42:2:509:441:21:19;43:7:726:432:53:39,32,SAFE,inf
515,0,3,2:508:441:23:19:0.3343;2:560:447:32:25:0.6176;7:895:127:384:484:0.8875,3,32:2:560:447:32:25;39:7:895:127:384:484;42:2:508:441:23:19,32,SAFE,inf
516,0,5,2:505:441:26:18:0.3740;2:560:447:33:25:0.6964;7:726:431:57:41:0.4485;7:779:427:105:54:0.1223;7:914:125:365:488:0.8817,4,32:2:560:447:33:25;39:7:914:125:365:488;42:2:505:441:26:18;43:7:726:431:57:41,32,SAFE,38.144
517,0,6,2:502:441:30:19:0.3521;2:560:447:33:25:0.6908;2:635:445:21:20:0.2082;7:728:430:59:42:0.4058;7:782:426:112:54:0.1561;7:936:95:343:516:0.7659,4,32:2:560:447:33:25;39:7:936:95:343:516;42:2:502:441:30:19;43:7:728:430:59:42,32,SAFE,25.429
518,0,6,2:504:442:27:18:0.2839;2:561:447:32:25:0.6231;2:636:446:20:18:0.2385;7:728:431:61:40:0.2672;7:783:429:116:53:0.1339;7:959:66:320:563:0.7366,4,32:2:561:447:32:25;39:7:959:66:320:563;42:2:504:442:27:18;43:7:728:431:61:40,32,SAFE,19.072
519,0,3,2:562:447:31:25:0.6017;7:700:431:93:41:0.2395;7:986:26:293:615:0.6420,3,32:2:562:447:31:25;39:7:986:26:293:615;43:7:700:431:93:41,32,SAFE,32.695
520,0,4,2:503:442:28:18:0.2523;2:562:447:31:25:0.6098;5:1016:35:263:621:0.6386;7:709:431:88:41:0.2308,4,32:2:562:447:31:25;39:5:1016:35:263:621;42:2:503:442:28:18;43:7:709:431:88:41,32,SAFE,25.429
521,0,3,2:507:441:24:20:0.3857;2:562:448:32:23:0.3660;2:636:445:23:20:0.3658,2,32:2:562:448:32:23;42:2:507:441:24:20,32,SAFE,inf
522,0,3,2:508:441:22:19:0.3059;2:562:447:33:25:0.4653;2:636:445:24:20:0.3878,2,32:2:562:447:33:25;42:2:508:441:22:19,32,SAFE,inf
523,0,3,2:508:441:20:20:0.2655;2:562:447:33:25:0.4122;2:637:445:23:19:0.3882,3,32:2:562:447:33:25;42:2:508:441:20:20;44:2:637:445:23:19,32,SAFE,inf
524,0,4,2:121:446:42:24:0.1190;2:507:441:22:20:0.3469;2:562:448:32:23:0.3889;2:637:445:24:19:0.2963,3,32:2:562:448:32:23;42:2:507:441:22:20;44:2:637:445:24:19,32,SAFE,inf
525,0,2,2:563:447:32:26:0.4276;2:637:445:25:19:0.4861,2,32:2:563:447:32:26;44:2:637:445:25:19,32,SAFE,inf
526,0,2,2:563:447:32:26:0.5063;2:637:445:25:20:0.4132,2,32:2:563:447:32:26;44:2:637:445:25:20,32,SAFE,inf
527,0,4,2:505:442:22:19:0.2021;2:563:447:32:26:0.4196;2:637:445:26:20:0.3369;5:77:343:238:128:0.1045,2,32:2:563:447:32:26;44:2:637:445:26:20,32,SAFE,32.320
528,0,2,2:563:448:31:25:0.4611;2:638:445:25:21:0.3254,2,32:2:563:448:31:25;44:2:638:445:25:21,32,SAFE,27.627
529,0,3,2:82:445:63:25:0.1044;2:563:448:32:25:0.4529;2:639:445:24:21:0.2451,2,32:2:563:448:32:25;44:2:639:445:24:21,32,SAFE,24.125
530,0,3,2:563:448:32:25:0.5856;2:638:445:26:21:0.2281;5:60:336:247:137:0.1404,2,32:2:563:448:32:25;44:2:638:445:26:21,32,SAFE,21.410
531,0,3,2:563:448:32:25:0.5673;2:639:445:26:21:0.3128;7:884:415:75:72:0.3764,2,32:2:563:448:32:25;44:2:639:445:26:21,32,SAFE,19.245
532,0,4,2:72:445:51:24:0.1024;2:563:448:33:25:0.6158;2:642:445:24:21:0.3117;7:886:416:73:74:0.2123,2,32:2:563:448:33:25;44:2:642:445:24:21,32,SAFE,17.477
533,0,3,2:564:448:32:25:0.6429;2:644:445:23:21:0.2707;7:889:416:70:72:0.2083,2,32:2:564:448:32:25;44:2:644:445:23:21,32,SAFE,16.007
534,0,2,2:564:448:32:25:0.6791;2:645:445:22:22:0.3814,2,32:2:564:448:32:25;44:2:645:445:22:22,32,SAFE,14.765
535,0,2,2:564:448:32:25:0.6849;2:644:445:24:22:0.3562,2,32:2:564:448:32:25;44:2:644:445:24:22,32,SAFE,13.701
536,0,3,2:564:448:32:25:0.6784;2:645:445:24:20:0.3306;7:2:330:290:142:0.1501,2,32:2:564:448:32:25;44:2:645:445:24:20,32,SAFE,inf
537,0,3,2:564:448:33:25:0.6375;2:645:445:24:21:0.2449;7:0:327:288:146:0.1128,2,32:2:564:448:33:25;44:2:645:445:24:21,32,SAFE,inf
538,0,3,2:29:445:74:28:0.1001;2:564:448:33:25:0.5697;2:646:445:24:22:0.2841,2,32:2:564:448:33:25;44:2:646:445:24:22,32,SAFE,inf
539,0,2,2:565:448:32:25:0.5738;2:646:446:24:23:0.1944,2,32:2:565:448:32:25;44:2:646:446:24:23,32,SAFE,inf
540,0,2,2:565:448:33:25:0.5691;2:647:446:23:23:0.2087,2,32:2:565:448:33:25;44:2:647:446:23:23,32,SAFE,inf
541,0,2,2:565:448:33:25:0.4182;2:647:446:24:22:0.1206,2,32:2:565:448:33:25;44:2:647:446:24:22,32,SAFE,inf
542,0,2,2:565:448:34:25:0.4856;2:645:444:28:23:0.2399,2,32:2:565:448:34:25;44:2:645:444:28:23,32,SAFE,inf
543,0,3,2:565:448:33:25:0.5705;2:647:444:26:23:0.3043;7:495:442:23:20:0.2366,2,32:2:565:448:33:25;44:2:647:444:26:23,32,SAFE,inf
544,0,3,2:565:448:34:26:0.5834;2:648:445:26:22:0.1085;7:0:443:68:34:0.1146,2,32:2:565:448:34:26;44:2:648:445:26:22,32,SAFE,34.030
545,0,2,2:566:448:33:26:0.5302;2:648:446:27:22:0.1094,2,32:2:566:448:33:26;44:2:648:446:27:22,32,SAFE,18.324
546,0,1,2:566:449:33:25:0.6109,1,32:2:566:449:33:25,32,SAFE,21.655
547,0,2,0:0:443:14:33:0.1728;2:566:448:34:26:0.5928,1,32:2:566:448:34:26,32,SAFE,14.888
548,0,1,2:566:448:33:26:0.4866,1,32:2:566:448:33:26,32,SAFE,11.910
549,0,2,2:566:449:34:25:0.5822;7:722:426:211:63:0.4018,1,32:2:566:449:34:25,32,SAFE,14.888
550,0,2,2:567:449:33:25:0.4881;7:320:408:28:60:0.2627,1,32:2:567:449:33:25,32,SAFE,19.851
551,0,2,2:567:449:34:25:0.3969;7:320:407:25:61:0.3597,1,32:2:567:449:34:25,32,SAFE,29.776
552,0,3,2:482:439:34:24:0.1173;2:567:449:33:25:0.5238;7:735:423:216:69:0.2835,1,32:2:567:449:33:25,32,SAFE,inf
553,0,2,2:568:449:33:26:0.6136;7:738:422:221:70:0.2787,1,32:2:568:449:33:26,32,SAFE,34.030
554,0,3,2:568:449:33:26:0.5933;2:655:446:27:25:0.1157;7:485:442:28:22:0.2046,1,32:2:568:449:33:26,32,SAFE,26.467
555,0,4,0:1213:455:19:64:0.1332;2:568:450:34:25:0.6037;2:656:446:27:26:0.1413;7:485:442:27:22:0.2023,1,32:2:568:450:34:25,32,SAFE,inf
556,0,2,2:568:449:34:26:0.6399;2:656:446:29:26:0.2059,1,32:2:568:449:34:26,32,SAFE,inf
557,0,2,2:568:450:34:25:0.5316;2:656:447:28:29:0.1605,1,32:2:568:450:34:25,32,SAFE,inf
558,0,2,2:568:450:34:25:0.5529;7:482:442:23:23:0.2952,1,32:2:568:450:34:25,32,SAFE,inf
559,0,4,2:569:450:34:25:0.5482;2:658:445:29:30:0.1138;7:0:350:81:137:0.1406;7:481:442:22:23:0.2117,1,32:2:569:450:34:25,32,SAFE,inf
560,0,3,2:569:450:35:25:0.5748;2:658:444:31:31:0.3097;7:481:442:22:22:0.2807,1,32:2:569:450:35:25,32,SAFE,inf
561,0,2,2:570:450:35:25:0.6096;2:659:444:30:30:0.1637,1,32:2:570:450:35:25,32,SAFE,inf
562,0,2,2:570:450:33:25:0.3973;2:660:445:31:29:0.3493,1,32:2:570:450:33:25,32,SAFE,inf
563,0,2,2:571:451:33:24:0.4739;2:661:445:32:30:0.2907,2,32:2:571:451:33:24;45:2:661:445:32:30,32,SAFE,inf
564,0,3,2:571:451:34:25:0.4264;2:661:445:34:30:0.3359;7:226:399:76:73:0.1952,2,32:2:571:451:34:25;45:2:661:445:34:30,32,SAFE,inf
565,0,3,2:473:440:25:25:0.1625;2:571:451:35:24:0.2941;2:661:446:34:29:0.4099,2,32:2:571:451:35:24;45:2:661:446:34:29,32,SAFE,inf
566,0,3,2:473:439:25:26:0.1326;2:572:451:33:25:0.3460;2:663:446:33:28:0.4660,2,32:2:572:451:33:25;45:2:663:446:33:28,32,SAFE,inf
567,0,3,2:572:451:35:26:0.5098;2:664:446:34:29:0.6053;7:473:443:24:24:0.2178,2,32:2:572:451:35:26;45:2:664:446:34:29,32,SAFE,inf
568,0,4,2:471:440:25:25:0.2327;2:572:452:36:24:0.6557;2:665:447:35:28:0.5981;7:0:325:203:148:0.1859,2,32:2:572:452:36:24;45:2:665:447:35:28,32,SAFE,inf
569,0,4,2:469:440:27:26:0.2499;2:573:452:34:25:0.4534;2:665:445:36:30:0.5034;7:0:326:201:142:0.2160,2,32:2:573:452:34:25;45:2:665:445:36:30,32,SAFE,inf
570,0,4,2:573:452:35:25:0.4609;2:668:445:34:32:0.4080;7:1:326:197:147:0.2144;7:470:443:26:24:0.2829,2,32:2:573:452:35:25;45:2:668:445:34:32,32,SAFE,inf
571,0,5,2:573:452:36:25:0.3935;2:670:446:33:30:0.3830;7:0:328:192:146:0.2014;7:127:395:144:84:0.1315;7:468:443:28:25:0.3069,2,32:2:573:452:36:25;45:2:670:446:33:30,32,SAFE,inf
572,0,5,2:121:447:96:34:0.1252;2:575:452:35:24:0.7006;2:670:445:35:32:0.3433;7:180:396:87:82:0.1432;7:450:442:46:27:0.3592,2,32:2:575:452:35:24;45:2:670:445:35:32,32,SAFE,inf
573,0,5,2:575:452:35:25:0.5509;2:670:446:38:30:0.3807;7:0:327:186:150:0.2064;7:117:394:144:87:0.1434;7:466:443:31:25:0.3492,3,32:2:575:452:35:25;45:2:670:446:38:30;46:7:466:443:31:25,32,SAFE,inf
574,0,8,2:109:447:94:36:0.1263;2:446:441:31:29:0.1135;2:576:452:35:26:0.5277;2:672:445:37:31:0.2329;7:1:328:181:149:0.4193;7:299:412:60:60:0.2119;7:358:414:62:60:0.1064;7:465:442:28:26:0.2130,3,32:2:576:452:35:26;45:2:672:445:37:31;46:7:465:442:28:26,32,SAFE,34.030
575,1,2,2:555:407:56:49:0.8768;7:639:355:100:98:0.4472,0,,-1,NONE,inf
576,0,2,2:555:407:56:49:0.8720;7:639:354:102:98:0.4184,0,,-1,NONE,inf
577,0,2,2:555:408:56:48:0.8666;7:639:354:103:99:0.4155,2,47:7:639:354:103:99;48:2:555:408:56:48,-1,NONE,inf
578,0,2,2:555:408:56:48:0.8619;7:639:353:103:100:0.4215,2,47:7:639:353:103:100;48:2:555:408:56:48,-1,NONE,inf
579,0,2,2:555:408:56:48:0.8708;7:640:353:104:101:0.4116,2,47:7:640:353:104:101;48:2:555:408:56:48,-1,NONE,inf
580,0,2,2:555:408:57:48:0.8855;7:640:352:105:102:0.3653,2,47:7:640:352:105:102;48:2:555:408:57:48,-1,NONE,inf
581,0,2,2:555:408:56:49:0.8899;5:640:352:107:102:0.5027,2,47:5:640:352:107:102;48:2:555:408:56:49,-1,NONE,inf
582,0,2,2:555:408:57:49:0.8940;5:640:352:108:104:0.5811,2,47:5:640:352:108:104;48:2:555:408:57:49,-1,NONE,inf
583,0,2,2:555:408:57:49:0.8931;5:641:351:108:104:0.7190,2,47:5:641:351:108:104;48:2:555:408:57:49,-1,NONE,inf
584,0,2,2:555:408:57:49:0.8933;5:641:351:110:104:0.6589,2,47:5:641:351:110:104;48:2:555:408:57:49,-1,NONE,inf
585,0,2,2:555:408:57:49:0.8893;5:641:351:112:104:0.4279,2,47:5:641:351:112:104;48:2:555:408:57:49,-1,NONE,inf
586,0,2,2:555:408:57:49:0.8835;5:642:349:112:107:0.4510,2,47:5:642:349:112:107;48:2:555:408:57:49,-1,NONE,inf
587,0,2,2:555:409:57:49:0.8902;5:643:349:113:108:0.4380,2,47:5:643:349:113:108;48:2:555:409:57:49,-1,NONE,inf
588,0,2,2:555:408:57:50:0.8905;5:643:349:115:108:0.3782,2,47:5:643:349:115:108;48:2:555:408:57:50,-1,NONE,inf
589,0,2,2:555:408:57:50:0.8891;5:643:348:116:109:0.3860,2,47:5:643:348:116:109;48:2:555:408:57:50,-1,NONE,inf
590,0,2,2:555:408:57:50:0.8869;7:642:347:119:110:0.4063,2,47:7:642:347:119:110;48:2:555:408:57:50,-1,NONE,inf
591,0,2,2:555:408:57:50:0.8905;7:642:347:121:110:0.3063,2,47:7:642:347:121:110;48:2:555:408:57:50,-1,NONE,inf
592,0,2,2:555:407:57:51:0.8908;7:642:345:122:112:0.2816,2,47:7:642:345:122:112;48:2:555:407:57:51,-1,NONE,inf
593,0,2,2:555:408:57:50:0.8847;7:643:345:123:113:0.2427,2,47:7:643:345:123:113;48:2:555:408:57:50,-1,NONE,inf
594,0,2,2:555:408:58:50:0.8869;7:643:344:124:114:0.3162,2,47:7:643:344:124:114;48:2:555:408:58:50,-1,NONE,inf
595,0,2,2:555:408:58:50:0.8952;7:643:344:126:115:0.2795,2,47:7:643:344:126:115;48:2:555:408:58:50,-1,NONE,inf
596,0,2,2:555:408:58:50:0.8915;7:643:343:129:117:0.3303,2,47:7:643:343:129:117;48:2:555:408:58:50,-1,NONE,inf
597,0,2,2:555:409:58:50:0.8939;2:644:342:130:119:0.2972,2,47:2:644:342:130:119;48:2:555:409:58:50,-1,NONE,inf
598,0,2,2:555:409:59:50:0.8942;7:644:342:132:119:0.3371,2,47:7:644:342:132:119;48:2:555:409:59:50,-1,NONE,inf
599,0,2,2:555:409:58:50:0.8964;5:645:341:132:121:0.3073,2,47:5:645:341:132:121;48:2:555:409:58:50,-1,NONE,inf
600,0,2,2:556:410:58:49:0.8909;7:644:340:135:123:0.4404,2,47:7:644:340:135:123;48:2:556:410:58:49,-1,NONE,inf
601,0,2,2:556:410:57:49:0.8959;7:645:339:137:123:0.4113,2,47:7:645:339:137:123;48:2:556:410:57:49,-1,NONE,inf
602,0,2,2:556:410:58:49:0.8929;7:646:338:138:126:0.4412,2,47:7:646:338:138:126;48:2:556:410:58:49,-1,NONE,inf
603,0,2,2:556:409:58:51:0.8882;7:645:337:141:127:0.3806,2,47:7:645:337:141:127;48:2:556:409:58:51,-1,NONE,inf
604,0,2,2:556:410:58:50:0.8826;7:646:336:143:129:0.4207,2,47:7:646:336:143:129;48:2:556:410:58:50,-1,NONE,inf
605,0,3,2:556:409:58:51:0.8840;2:620:419:15:12:0.2267;7:647:336:144:129:0.5395,2,47:7:647:336:144:129;48:2:556:409:58:51,-1,NONE,inf
606,0,1,2:556:410:58:50:0.8816,1,48:2:556:410:58:50,-1,NONE,inf
607,0,3,2:556:409:58:51:0.8795;2:621:420:14:11:0.2665;7:652:334:145:131:0.3975,2,47:7:652:334:145:131;48:2:556:409:58:51,-1,NONE,inf
608,0,3,2:556:409:58:51:0.8918;2:621:419:14:12:0.3225;7:652:332:147:134:0.2650,2,47:7:652:332:147:134;48:2:556:409:58:51,-1,NONE,inf
609,0,3,2:556:409:59:51:0.8938;2:620:419:16:12:0.3233;7:652:332:149:135:0.4282,2,47:7:652:332:149:135;48:2:556:409:59:51,-1,NONE,inf
610,0,3,2:556:408:59:52:0.8829;2:620:419:15:11:0.2646;5:653:331:151:135:0.4566,3,47:5:653:331:151:135;48:2:556:408:59:52;49:2:620:419:15:11,-1,NONE,inf
611,0,2,2:556:408:59:52:0.8799;5:653:330:154:137:0.4462,2,47:5:653:330:154:137;48:2:556:408:59:52,-1,NONE,inf
612,0,2,2:556:408:59:52:0.8720;5:653:328:157:139:0.6184,2,47:5:653:328:157:139;48:2:556:408:59:52,-1,NONE,inf
613,0,2,2:557:408:59:51:0.8752;5:654:327:159:139:0.5835,2,47:5:654:327:159:139;48:2:557:408:59:51,-1,NONE,inf
614,0,2,2:557:407:59:52:0.8621;5:654:326:161:140:0.6602,2,47:5:654:326:161:140;48:2:557:407:59:52,-1,NONE,inf
615,0,2,2:557:407:59:52:0.8737;5:655:324:164:144:0.5067,2,47:5:655:324:164:144;48:2:557:407:59:52,-1,NONE,inf
616,0,2,2:558:408:59:52:0.8940;5:655:323:167:145:0.6377,2,47:5:655:323:167:145;48:2:558:408:59:52,-1,NONE,inf
617,0,2,2:558:408:59:52:0.8946;5:656:322:171:147:0.6270,2,47:5:656:322:171:147;48:2:558:408:59:52,-1,NONE,inf
618,0,2,2:558:408:59:52:0.9030;5:657:321:175:150:0.6588,2,47:5:657:321:175:150;48:2:558:408:59:52,-1,NONE,inf
619,0,2,2:558:408:60:53:0.8955;5:659:320:176:153:0.5593,2,47:5:659:320:176:153;48:2:558:408:60:53,-1,NONE,inf
620,0,2,2:558:408:60:53:0.8951;5:658:319:180:153:0.5788,2,47:5:658:319:180:153;48:2:558:408:60:53,-1,NONE,inf
621,0,2,2:558:408:60:53:0.8685;5:658:317:183:156:0.3191,2,47:5:658:317:183:156;48:2:558:408:60:53,-1,NONE,inf
622,0,3,2:559:408:59:53:0.8700;2:622:420:17:11:0.2154;5:659:315:185:158:0.3955,2,47:5:659:315:185:158;48:2:559:408:59:53,-1,NONE,inf
623,0,3,2:559:408:59:53:0.8605;2:622:420:17:11:0.2543;5:660:314:188:160:0.3917,2,47:5:660:314:188:160;48:2:559:408:59:53,-1,NONE,inf
624,0,3,2:559:407:59:53:0.8776;2:622:419:18:12:0.3032;5:660:312:193:163:0.3966,2,47:5:660:312:193:163;48:2:559:407:59:53,-1,NONE,inf
625,0,3,2:560:407:59:53:0.8758;2:622:419:18:11:0.3265;5:661:311:196:164:0.4641,2,47:5:661:311:196:164;48:2:560:407:59:53,-1,NONE,inf
626,0,3,2:560:408:59:52:0.8713;2:622:420:18:11:0.2920;5:661:309:200:166:0.4906,3,47:5:661:309:200:166;48:2:560:408:59:52;50:2:622:420:18:11,-1,NONE,inf
627,0,3,2:560:407:60:53:0.8512;2:622:419:17:11:0.2447;5:663:308:206:167:0.5652,3,47:5:663:308:206:167;48:2:560:407:60:53;50:2:622:419:17:11,-1,NONE,inf
628,0,2,2:561:407:61:53:0.8631;5:664:305:209:171:0.5663,2,47:5:664:305:209:171;48:2:561:407:61:53,-1,NONE,inf
629,0,3,2:562:407:60:53:0.8720;2:622:419:19:11:0.2057;5:669:304:209:173:0.4750,2,47:5:669:304:209:173;48:2:562:407:60:53,-1,NONE,inf
630,0,3,2:562:407:61:53:0.8515;2:623:419:18:11:0.2887;7:666:302:216:176:0.4650,3,47:7:666:302:216:176;48:2:562:407:61:53;50:2:623:419:18:11,-1,NONE,inf
631,0,3,2:563:406:60:54:0.8626;2:624:419:16:11:0.2813;5:672:301:215:178:0.4152,3,47:5:672:301:215:178;48:2:563:406:60:54;50:2:624:419:16:11,-1,NONE,inf
632,0,2,2:563:406:60:54:0.8522;2:625:419:15:11:0.2280,2,48:2:563:406:60:54;50:2:625:419:15:11,-1,NONE,inf
633,0,3,2:563:407:60:53:0.8409;2:625:420:15:10:0.2216;5:673:298:227:182:0.6467,3,47:5:673:298:227:182;48:2:563:407:60:53;50:2:625:420:15:10,-1,NONE,inf
634,0,2,2:563:406:61:54:0.8499;5:672:292:233:188:0.3253,2,47:5:672:292:233:188;48:2:563:406:61:54,-1,NONE,inf
635,0,2,2:564:406:60:54:0.8488;2:625:419:16:10:0.2780,2,48:2:564:406:60:54;50:2:625:419:16:10,-1,NONE,inf
636,0,3,2:564:406:61:54:0.8622;2:625:419:16:10:0.2527;7:672:287:247:195:0.3435,3,47:7:672:287:247:195;48:2:564:406:61:54;50:2:625:419:16:10,-1,NONE,inf
637,0,2,2:564:407:62:53:0.8683;7:674:285:250:200:0.4453,2,47:7:674:285:250:200;48:2:564:407:62:53,-1,NONE,inf
638,0,2,2:564:407:62:54:0.8727;7:674:282:258:203:0.3651,2,47:7:674:282:258:203;48:2:564:407:62:54,-1,NONE,inf
639,0,1,2:565:407:61:54:0.8746,1,48:2:565:407:61:54,-1,NONE,inf
640,0,2,2:565:407:62:54:0.8636;5:676:280:272:210:0.2399,1,48:2:565:407:62:54,-1,NONE,inf
641,0,1,2:565:407:62:54:0.8757,1,48:2:565:407:62:54,-1,NONE,inf
642,0,2,2:565:407:63:55:0.8742;7:678:275:281:218:0.4994,2,47:7:678:275:281:218;48:2:565:407:63:55,-1,NONE,inf
643,0,2,2:565:408:63:54:0.8695;7:679:275:280:219:0.6087,2,47:7:679:275:280:219;48:2:565:408:63:54,-1,NONE,inf
644,0,2,2:566:408:62:54:0.8593;7:680:275:279:220:0.2719,2,47:7:680:275:279:220;48:2:566:408:62:54,-1,NONE,inf
645,0,2,2:566:408:62:54:0.8684;7:681:275:278:220:0.4004,2,47:7:681:275:278:220;48:2:566:408:62:54,-1,NONE,inf
646,0,2,2:566:408:63:55:0.8629;7:682:274:277:224:0.7967,2,47:7:682:274:277:224;48:2:566:408:63:55,-1,NONE,inf
647,0,2,2:566:409:63:54:0.8553;7:683:274:276:226:0.7090,2,47:7:683:274:276:226;48:2:566:409:63:54,-1,NONE,inf
648,0,2,2:566:408:63:55:0.8645;7:683:274:276:226:0.7150,2,47:7:683:274:276:226;48:2:566:408:63:55,-1,NONE,inf
649,0,2,2:566:408:63:55:0.8470;7:684:274:275:227:0.7415,2,47:7:684:274:275:227;48:2:566:408:63:55,-1,NONE,inf
650,0,2,2:566:409:63:54:0.8232;7:686:274:273:227:0.6841,2,47:7:686:274:273:227;48:2:566:409:63:54,-1,NONE,inf
651,0,2,2:566:408:63:55:0.7966;7:687:274:272:227:0.7658,2,47:7:687:274:272:227;48:2:566:408:63:55,-1,NONE,inf
652,0,3,0:778:419:35:76:0.1236;2:566:408:63:55:0.8149;7:688:275:271:227:0.7096,2,47:7:688:275:271:227;48:2:566:408:63:55,-1,NONE,inf
653,0,2,2:566:408:63:55:0.8319;7:689:274:270:229:0.6689,2,47:7:689:274:270:229;48:2:566:408:63:55,-1,NONE,inf
654,0,2,2:566:408:63:55:0.8367;7:688:274:271:233:0.7605,2,47:7:688:274:271:233;48:2:566:408:63:55,-1,NONE,inf
655,0,2,2:565:407:64:56:0.8332;7:691:274:268:231:0.7886,2,47:7:691:274:268:231;48:2:565:407:64:56,-1,NONE,inf
656,0,1,2:565:407:64:56:0.8260,1,48:2:565:407:64:56,-1,NONE,inf
657,0,1,2:565:407:64:56:0.8233,1,48:2:565:407:64:56,-1,NONE,inf
658,0,2,2:565:407:64:57:0.8252;7:694:274:265:239:0.3946,2,47:7:694:274:265:239;48:2:565:407:64:57,-1,NONE,inf
659,0,2,2:565:407:64:57:0.8295;7:696:189:507:333:0.4664,2,47:7:696:189:507:333;48:2:565:407:64:57,-1,NONE,inf
660,0,2,2:564:407:65:58:0.8344;7:696:274:263:242:0.8628,2,47:7:696:274:263:242;48:2:564:407:65:58,-1,NONE,inf
661,0,2,2:564:406:65:59:0.8386;7:697:274:262:242:0.8001,2,47:7:697:274:262:242;48:2:564:406:65:59,-1,NONE,inf
662,0,2,2:564:406:65:58:0.8493;7:698:274:261:247:0.8351,2,47:7:698:274:261:247;48:2:564:406:65:58,-1,NONE,inf
663,0,2,2:564:407:65:58:0.8539;7:698:274:261:246:0.8402,2,47:7:698:274:261:246;48:2:564:407:65:58,-1,NONE,inf
664,0,2,2:563:406:66:59:0.8625;7:699:275:260:249:0.4839,2,47:7:699:275:260:249;48:2:563:406:66:59,-1,NONE,inf
665,0,2,2:563:406:66:59:0.8588;5:701:275:258:250:0.5857,2,47:5:701:275:258:250;48:2:563:406:66:59,-1,NONE,inf
666,0,2,2:563:406:65:59:0.8650;7:703:275:256:251:0.7229,2,47:7:703:275:256:251;48:2:563:406:65:59,-1,NONE,inf
667,0,2,2:562:406:66:59:0.8627;7:703:275:256:250:0.7263,2,47:7:703:275:256:250;48:2:562:406:66:59,-1,NONE,inf
668,0,2,2:562:406:66:59:0.8599;7:704:275:255:252:0.7950,2,47:7:704:275:255:252;48:2:562:406:66:59,-1,NONE,inf
669,0,2,2:561:405:67:60:0.8631;7:713:58:566:527:0.6070,2,47:7:713:58:566:527;48:2:561:405:67:60,-1,NONE,inf
670,0,2,2:560:405:68:61:0.8614;7:706:275:253:253:0.8125,2,47:7:706:275:253:253;48:2:560:405:68:61,-1,NONE,inf
671,0,2,2:560:405:68:61:0.8658;7:710:17:569:570:0.7465,2,47:7:710:17:569:570;48:2:560:405:68:61,-1,NONE,inf
672,0,2,2:559:405:69:61:0.8596;7:711:3:568:592:0.8033,2,47:7:711:3:568:592;48:2:559:405:69:61,-1,NONE,inf
673,0,2,2:559:405:69:61:0.8613;7:712:2:567:603:0.7764,2,47:7:712:2:567:603;48:2:559:405:69:61,-1,NONE,inf
674,0,2,2:559:405:68:61:0.8743;7:717:4:561:625:0.6694,2,47:7:717:4:561:625;48:2:559:405:68:61,-1,NONE,inf
675,0,2,2:558:405:69:61:0.8782;7:726:6:553:631:0.8032,2,47:7:726:6:553:631;48:2:558:405:69:61,-1,NONE,inf
676,0,2,2:558:404:69:61:0.8719;7:725:1:554:626:0.7807,2,47:7:725:1:554:626;48:2:558:404:69:61,-1,NONE,inf
677,0,2,2:558:404:69:61:0.8682;7:724:1:554:617:0.4525,2,47:7:724:1:554:617;48:2:558:404:69:61,-1,NONE,inf
678,0,2,2:557:404:70:62:0.8575;7:723:0:555:615:0.8041,2,47:7:723:0:555:615;48:2:557:404:70:62,-1,NONE,inf
679,0,2,2:557:404:70:62:0.8532;7:728:6:550:618:0.8358,2,47:7:728:6:550:618;48:2:557:404:70:62,-1,NONE,inf
680,0,2,2:557:404:70:63:0.8516;7:728:3:549:635:0.7540,2,47:7:728:3:549:635;48:2:557:404:70:63,-1,NONE,inf
681,0,2,2:556:404:71:63:0.8444;7:727:0:551:626:0.7789,2,47:7:727:0:551:626;48:2:556:404:71:63,-1,NONE,inf
682,0,2,2:556:405:70:62:0.8397;7:728:3:550:635:0.8578,2,47:7:728:3:550:635;48:2:556:405:70:62,-1,NONE,inf
683,0,2,2:556:404:70:63:0.8353;7:730:0:548:635:0.7894,2,47:7:730:0:548:635;48:2:556:404:70:63,-1,NONE,inf
684,0,2,2:556:405:70:63:0.8482;7:731:0:547:624:0.7728,2,47:7:731:0:547:624;48:2:556:405:70:63,-1,NONE,inf
685,0,2,2:555:404:71:64:0.8541;7:741:0:537:620:0.6403,2,47:7:741:0:537:620;48:2:555:404:71:64,-1,NONE,inf
686,0,2,2:555:404:71:64:0.8553;7:743:0:535:622:0.7786,2,47:7:743:0:535:622;48:2:555:404:71:64,-1,NONE,inf
687,0,2,2:555:404:71:64:0.8455;7:743:0:535:623:0.8042,2,47:7:743:0:535:623;48:2:555:404:71:64,-1,NONE,inf
688,0,2,2:554:404:72:64:0.8388;7:743:0:535:627:0.7945,2,47:7:743:0:535:627;48:2:554:404:72:64,-1,NONE,inf
689,0,2,2:554:404:73:64:0.8329;7:752:0:526:636:0.7679,2,47:7:752:0:526:636;48:2:554:404:73:64,-1,NONE,inf
690,0,2,2:554:404:72:64:0.8362;7:755:0:523:635:0.7505,2,47:7:755:0:523:635;48:2:554:404:72:64,-1,NONE,inf
691,0,2,2:554:404:73:64:0.8404;7:759:3:518:643:0.6943,2,47:7:759:3:518:643;48:2:554:404:73:64,-1,NONE,inf
692,0,2,2:554:404:73:64:0.8385;7:758:2:520:630:0.7545,2,47:7:758:2:520:630;48:2:554:404:73:64,-1,NONE,inf
693,0,2,2:554:404:73:64:0.8375;7:759:0:519:622:0.6291,2,47:7:759:0:519:622;48:2:554:404:73:64,-1,NONE,inf
694,0,2,2:553:403:74:65:0.8372;7:762:0:516:618:0.6956,2,47:7:762:0:516:618;48:2:553:403:74:65,48,SAFE,16.046
695,0,2,2:554:403:74:65:0.8352;7:763:3:515:617:0.8034,2,47:7:763:3:515:617;48:2:554:403:74:65,48,SAFE,14.507
696,0,2,2:554:403:75:65:0.8332;7:764:1:514:624:0.8511,2,47:7:764:1:514:624;48:2:554:403:75:65,48,SAFE,13.850
697,0,2,2:554:403:75:65:0.8395;7:768:1:511:631:0.8384,2,47:7:768:1:511:631;48:2:554:403:75:65,48,SAFE,17.117
698,0,2,2:554:403:75:65:0.8477;7:772:0:506:638:0.7821,2,47:7:772:0:506:638;48:2:554:403:75:65,48,SAFE,18.766
699,0,2,2:554:402:76:66:0.8376;7:774:0:504:632:0.8147,2,47:7:774:0:504:632;48:2:554:402:76:66,48,SAFE,17.779
700,0,2,2:554:403:76:65:0.8342;7:779:0:499:606:0.8345,2,47:7:779:0:499:606;48:2:554:403:76:65,48,SAFE,17.771
701,0,2,2:554:403:77:65:0.8418;7:784:0:493:608:0.8496,2,47:7:784:0:493:608;48:2:554:403:77:65,48,SAFE,18.303
702,0,2,2:554:404:77:65:0.8460;7:790:2:488:653:0.8044,2,47:7:790:2:488:653;48:2:554:404:77:65,48,SAFE,19.477
703,0,2,2:555:404:76:66:0.8461;7:796:1:482:634:0.8581,2,47:7:796:1:482:634;48:2:555:404:76:66,48,SAFE,17.292
704,0,2,2:555:404:76:67:0.8466;7:800:4:479:630:0.8720,2,47:7:800:4:479:630;48:2:555:404:76:67,48,SAFE,13.833
705,0,2,2:555:404:77:67:0.8512;7:804:6:475:623:0.8770,2,47:7:804:6:475:623;48:2:555:404:77:67,48,SAFE,12.218
706,0,2,2:556:405:78:66:0.8495;7:809:6:469:623:0.8740,2,47:7:809:6:469:623;48:2:556:405:78:66,48,SAFE,13.292
707,0,2,2:557:405:78:67:0.8515;7:817:0:461:647:0.8726,2,47:7:817:0:461:647;48:2:557:405:78:67,48,SAFE,13.057
708,0,2,2:557:405:79:68:0.8643;7:824:4:454:646:0.8467,2,47:7:824:4:454:646;48:2:557:405:79:68,48,SAFE,11.884
709,0,2,2:557:405:80:68:0.8728;7:834:0:445:641:0.8760,2,47:7:834:0:445:641;48:2:557:405:80:68,48,SAFE,10.153
710,0,2,2:557:405:81:69:0.8722;7:840:1:439:625:0.8797,2,47:7:840:1:439:625;48:2:557:405:81:69,48,SAFE,8.408
711,0,2,2:558:405:81:69:0.8626;7:849:2:430:611:0.8484,2,47:7:849:2:430:611;48:2:558:405:81:69,48,SAFE,7.519
712,0,2,2:560:405:80:69:0.8549;7:857:4:422:622:0.8491,2,47:7:857:4:422:622;48:2:560:405:80:69,48,SAFE,7.109
713,0,2,2:561:405:79:70:0.8754;7:868:4:411:625:0.9170,2,47:7:868:4:411:625;48:2:561:405:79:70,48,SAFE,6.548
714,0,2,2:562:404:79:70:0.8628;7:877:5:402:628:0.9260,2,47:7:877:5:402:628;48:2:562:404:79:70,48,SAFE,5.885
715,0,2,2:563:405:80:70:0.8597;7:889:4:390:626:0.9163,2,47:7:889:4:390:626;48:2:563:405:80:70,48,SAFE,5.961
716,0,2,2:563:404:81:70:0.8484;7:900:2:379:627:0.8782,2,47:7:900:2:379:627;48:2:563:404:81:70,48,SAFE,6.343
717,0,2,2:564:404:80:70:0.8614;7:915:3:364:633:0.8719,2,47:7:915:3:364:633;48:2:564:404:80:70,48,SAFE,7.163
718,0,2,2:565:404:81:71:0.8874;7:927:2:352:631:0.8760,2,47:7:927:2:352:631;48:2:565:404:81:71,48,SAFE,7.281
719,0,2,2:565:404:82:71:0.8843;7:942:4:337:626:0.8718,2,47:7:942:4:337:626;48:2:565:404:82:71,48,SAFE,7.136
720,0,2,2:566:404:82:71:0.8838;7:959:4:320:628:0.8355,2,47:7:959:4:320:628;48:2:566:404:82:71,48,SAFE,7.315
721,0,2,2:568:404:81:71:0.8785;7:979:4:300:624:0.8400,2,47:7:979:4:300:624;48:2:568:404:81:71,48,SAFE,8.756
722,0,2,2:569:405:82:70:0.8925;7:997:4:282:619:0.7948,2,47:7:997:4:282:619;48:2:569:405:82:70,48,SAFE,11.608
723,0,2,2:571:405:81:71:0.8903;7:1019:3:260:631:0.7051,2,47:7:1019:3:260:631;48:2:571:405:81:71,48,SAFE,13.037
724,0,2,2:572:405:82:71:0.8899;5:1045:4:234:631:0.5940,2,47:5:1045:4:234:631;48:2:572:405:82:71,48,SAFE,15.964
725,0,2,2:572:405:84:71:0.8887;7:1073:1:206:635:0.7810,2,47:7:1073:1:206:635;48:2:572:405:84:71,48,SAFE,17.712
726,0,2,2:574:405:83:72:0.8855;5:1105:3:174:637:0.6002,2,47:5:1105:3:174:637;48:2:574:405:83:72,48,SAFE,17.332
727,0,3,2:443:416:18:11:0.2146;2:575:405:83:72:0.8830;7:1146:8:133:593:0.3842,2,47:7:1146:8:133:593;48:2:575:405:83:72,48,SAFE,18.389
728,0,2,2:576:404:83:73:0.8628;7:1185:57:94:548:0.3064,2,47:7:1185:57:94:548;48:2:576:404:83:73,48,SAFE,14.458
729,0,2,0:1227:35:52:566:0.1199;2:578:404:83:74:0.8566,1,48:2:578:404:83:74,48,SAFE,11.154
730,0,1,2:579:404:84:74:0.8683,1,48:2:579:404:84:74,48,SAFE,9.598
731,0,1,2:580:404:85:74:0.8733,1,48:2:580:404:85:74,48,SAFE,8.867
732,0,1,2:582:404:85:74:0.8572,1,48:2:582:404:85:74,48,SAFE,8.664
733,0,1,2:583:405:85:74:0.8803,1,48:2:583:405:85:74,48,SAFE,8.048
734,0,1,2:585:405:85:74:0.8754,1,48:2:585:405:85:74,48,SAFE,7.772
735,0,1,2:585:405:88:75:0.8940,1,48:2:585:405:88:75,48,SAFE,7.209
736,0,1,2:588:405:87:75:0.8760,1,48:2:588:405:87:75,48,SAFE,6.999
737,0,1,2:590:405:87:76:0.8295,1,48:2:590:405:87:76,48,SAFE,7.196
738,0,1,2:592:405:87:77:0.8342,1,48:2:592:405:87:77,48,SAFE,6.748
739,0,1,2:595:405:86:77:0.8064,1,48:2:595:405:86:77,48,SAFE,6.724
740,0,1,2:596:405:88:76:0.7952,1,48:2:596:405:88:76,48,SAFE,7.646
741,0,1,2:597:404:89:76:0.8294,1,48:2:597:404:89:76,48,SAFE,8.508
742,0,1,2:600:404:89:77:0.8275,1,48:2:600:404:89:77,48,SAFE,9.234
743,0,1,2:601:404:91:77:0.8594,1,48:2:601:404:91:77,48,SAFE,9.646
744,0,1,2:603:404:91:78:0.8385,1,48:2:603:404:91:78,48,SAFE,8.721
745,0,1,2:606:404:90:79:0.7210,1,48:2:606:404:90:79,48,SAFE,7.718
746,0,1,2:608:404:91:79:0.7247,1,48:2:608:404:91:79,48,SAFE,7.274
747,0,1,2:610:404:92:80:0.6012,1,48:2:610:404:92:80,48,SAFE,6.766
748,0,1,2:611:404:94:80:0.6430,1,48:2:611:404:94:80,48,SAFE,6.676
749,0,1,2:616:404:92:80:0.7385,1,48:2:616:404:92:80,48,SAFE,6.972
750,0,1,2:615:404:96:81:0.7537,1,48:2:615:404:96:81,48,SAFE,6.688
751,0,1,2:617:404:97:82:0.6639,1,48:2:617:404:97:82,48,SAFE,6.387
752,0,1,2:618:405:100:81:0.7434,1,48:2:618:405:100:81,48,SAFE,6.401
753,0,1,2:623:404:96:83:0.5744,1,48:2:623:404:96:83,48,SAFE,5.601
754,0,1,2:624:405:99:82:0.7723,1,48:2:624:405:99:82,48,SAFE,5.443
755,0,1,2:624:405:101:82:0.7748,1,48:2:624:405:101:82,48,SAFE,5.849
756,0,1,2:624:405:104:83:0.8693,1,48:2:624:405:104:83,48,SAFE,6.282
757,0,1,2:624:405:108:83:0.8218,1,48:2:624:405:108:83,48,SAFE,6.705
758,0,1,2:626:405:108:83:0.8195,1,48:2:626:405:108:83,48,SAFE,7.628
759,0,1,2:623:405:114:84:0.8646,1,48:2:623:405:114:84,48,SAFE,7.999
760,0,1,2:627:404:113:86:0.8158,1,48:2:627:404:113:86,48,SAFE,7.166
761,0,1,2:643:403:99:87:0.7447,1,48:2:643:403:99:87,-1,NONE,inf
762,0,1,2:636:402:111:87:0.8059,1,48:2:636:402:111:87,-1,NONE,inf
763,0,1,2:624:402:126:88:0.7722,1,48:2:624:402:126:88,48,SAFE,5.484
764,0,1,2:640:401:113:89:0.7708,1,48:2:640:401:113:89,-1,NONE,inf
765,0,1,2:646:401:109:90:0.8522,1,48:2:646:401:109:90,-1,NONE,inf
766,0,1,2:649:402:109:90:0.8527,1,48:2:649:402:109:90,-1,NONE,inf
767,0,1,2:650:402:111:90:0.8405,1,48:2:650:402:111:90,-1,NONE,inf
768,0,1,2:658:402:106:91:0.5618,1,48:2:658:402:106:91,-1,NONE,inf
769,0,1,2:655:402:112:92:0.5857,1,48:2:655:402:112:92,-1,NONE,inf
770,0,1,2:658:403:113:92:0.6682,1,48:2:658:403:113:92,-1,NONE,inf
771,0,1,2:661:403:113:91:0.7976,1,48:2:661:403:113:91,-1,NONE,inf
772,0,1,2:663:402:115:92:0.8601,1,48:2:663:402:115:92,-1,NONE,inf
773,0,1,2:664:402:117:93:0.9323,1,48:2:664:402:117:93,-1,NONE,inf
774,0,1,2:666:401:118:94:0.9149,1,48:2:666:401:118:94,-1,NONE,inf
775,0,1,2:668:401:119:94:0.9206,1,48:2:668:401:119:94,-1,NONE,inf
776,0,1,2:670:401:120:95:0.9211,1,48:2:670:401:120:95,-1,NONE,inf
777,0,1,2:671:401:123:95:0.9383,1,48:2:671:401:123:95,-1,NONE,inf
778,0,1,2:673:400:124:97:0.9161,1,48:2:673:400:124:97,-1,NONE,inf
779,0,1,2:676:400:124:98:0.9294,1,48:2:676:400:124:98,-1,NONE,inf
780,0,1,2:678:400:126:98:0.9381,1,48:2:678:400:126:98,-1,NONE,inf
781,0,1,2:679:400:128:98:0.9114,1,48:2:679:400:128:98,-1,NONE,inf
782,0,1,2:680:401:131:98:0.9246,1,48:2:680:401:131:98,-1,NONE,inf
783,0,1,2:684:401:131:99:0.9209,1,48:2:684:401:131:99,-1,NONE,inf
784,0,1,2:684:401:134:100:0.9254,1,48:2:684:401:134:100,-1,NONE,inf
785,0,1,2:688:400:134:101:0.9301,1,48:2:688:400:134:101,-1,NONE,inf
786,0,1,2:689:400:135:101:0.9289,1,48:2:689:400:135:101,-1,NONE,inf
787,0,1,2:691:400:137:102:0.9224,1,48:2:691:400:137:102,-1,NONE,inf
788,0,1,2:692:399:140:104:0.9123,1,48:2:692:399:140:104,-1,NONE,inf
789,0,1,2:695:398:141:106:0.9074,1,48:2:695:398:141:106,-1,NONE,inf
790,0,1,2:697:398:143:106:0.9193,1,48:2:697:398:143:106,-1,NONE,inf
791,0,1,2:699:398:145:107:0.9257,1,48:2:699:398:145:107,-1,NONE,inf
792,0,1,2:702:398:147:108:0.9207,1,48:2:702:398:147:108,-1,NONE,inf
793,0,1,2:704:398:148:109:0.9185,1,48:2:704:398:148:109,-1,NONE,inf
794,0,1,2:705:398:152:110:0.9237,1,48:2:705:398:152:110,-1,NONE,inf
795,0,1,2:708:398:152:111:0.9248,1,48:2:708:398:152:111,-1,NONE,inf
796,0,1,2:710:398:155:111:0.9280,1,48:2:710:398:155:111,-1,NONE,inf
797,0,1,2:712:397:158:113:0.9271,1,48:2:712:397:158:113,-1,NONE,inf
798,0,1,2:714:398:161:112:0.9246,1,48:2:714:398:161:112,-1,NONE,inf
799,0,1,2:715:398:164:114:0.9314,1,48:2:715:398:164:114,-1,NONE,inf
800,0,1,2:717:398:166:115:0.9390,1,48:2:717:398:166:115,-1,NONE,inf
801,0,1,2:719:398:170:116:0.9416,1,48:2:719:398:170:116,-1,NONE,inf
802,0,1,2:722:398:171:117:0.9436,1,48:2:722:398:171:117,-1,NONE,inf
803,0,1,2:724:397:175:119:0.9471,1,48:2:724:397:175:119,-1,NONE,inf
804,0,1,2:727:397:177:120:0.9432,1,48:2:727:397:177:120,-1,NONE,inf
805,0,1,2:728:397:180:121:0.9474,1,48:2:728:397:180:121,-1,NONE,inf
806,0,1,2:731:396:184:123:0.9460,1,48:2:731:396:184:123,-1,NONE,inf
807,0,1,2:733:395:187:127:0.9505,1,48:2:733:395:187:127,-1,NONE,inf
808,0,1,2:736:396:188:126:0.9472,1,48:2:736:396:188:126,-1,NONE,inf
809,0,1,2:738:395:194:128:0.9543,1,48:2:738:395:194:128,-1,NONE,inf
810,0,1,2:741:395:196:128:0.9514,1,48:2:741:395:196:128,-1,NONE,inf
811,0,1,2:744:394:200:130:0.9582,1,48:2:744:394:200:130,-1,NONE,inf
812,0,1,2:747:394:203:131:0.9573,1,48:2:747:394:203:131,-1,NONE,inf
813,0,1,2:748:393:208:134:0.9596,1,48:2:748:393:208:134,-1,NONE,inf
814,0,1,2:751:393:213:137:0.8934,1,48:2:751:393:213:137,-1,NONE,inf
815,0,1,2:754:392:217:141:0.8996,1,48:2:754:392:217:141,-1,NONE,inf
816,0,1,2:755:393:223:141:0.9056,1,48:2:755:393:223:141,-1,NONE,inf
817,0,1,2:759:392:225:143:0.9088,1,48:2:759:392:225:143,-1,NONE,inf
818,0,1,2:761:392:230:144:0.9148,1,48:2:761:392:230:144,-1,NONE,inf
819,0,1,2:765:391:234:146:0.9107,1,48:2:765:391:234:146,-1,NONE,inf
820,0,1,2:768:391:239:147:0.9193,1,48:2:768:391:239:147,-1,NONE,inf
821,0,1,2:771:390:243:148:0.9240,1,48:2:771:390:243:148,-1,NONE,inf
822,0,1,2:773:389:250:150:0.9174,1,48:2:773:389:250:150,-1,NONE,inf
823,0,1,2:776:388:256:152:0.9313,1,48:2:776:388:256:152,-1,NONE,inf
824,0,1,2:780:388:262:154:0.9304,1,48:2:780:388:262:154,-1,NONE,inf
825,0,1,2:784:389:267:156:0.9259,1,48:2:784:389:267:156,-1,NONE,inf
826,0,1,2:789:387:271:161:0.9117,1,48:2:789:387:271:161,-1,NONE,inf
827,0,1,2:792:387:277:163:0.9158,1,48:2:792:387:277:163,-1,NONE,inf
828,0,1,2:794:387:286:164:0.9179,1,48:2:794:387:286:164,-1,NONE,inf
829,0,1,2:799:387:293:167:0.9178,1,48:2:799:387:293:167,-1,NONE,inf
830,0,1,2:804:387:299:172:0.9243,1,48:2:804:387:299:172,-1,NONE,inf
831,0,1,2:807:387:307:175:0.9225,1,48:2:807:387:307:175,-1,NONE,inf
832,0,1,2:811:386:315:179:0.9275,1,48:2:811:386:315:179,-1,NONE,inf
833,0,1,2:815:385:324:185:0.9161,1,48:2:815:385:324:185,-1,NONE,inf
834,0,1,2:820:385:332:188:0.9013,1,48:2:820:385:332:188,-1,NONE,inf
835,0,1,2:824:385:344:191:0.8954,1,48:2:824:385:344:191,-1,NONE,inf
836,0,1,2:831:381:351:198:0.9060,1,48:2:831:381:351:198,-1,NONE,inf
837,0,1,2:835:381:363:203:0.9162,1,48:2:835:381:363:203,-1,NONE,inf
838,0,1,2:838:381:375:204:0.9134,1,48:2:838:381:375:204,-1,NONE,inf
839,0,1,2:843:381:388:206:0.9107,1,48:2:843:381:388:206,-1,NONE,inf
840,0,1,2:847:380:401:210:0.9199,1,48:2:847:380:401:210,-1,NONE,inf
841,0,1,2:855:380:412:212:0.9115,1,48:2:855:380:412:212,-1,NONE,inf
842,0,1,2:859:382:420:211:0.8977,1,48:2:859:382:420:211,-1,NONE,inf
843,0,1,2:865:381:414:209:0.8959,1,48:2:865:381:414:209,-1,NONE,inf
844,0,1,2:871:379:408:213:0.8823,1,48:2:871:379:408:213,-1,NONE,inf
845,0,1,2:877:376:402:215:0.8779,1,48:2:877:376:402:215,-1,NONE,inf
846,0,1,2:882:376:397:219:0.8730,1,48:2:882:376:397:219,-1,NONE,inf
847,0,1,2:888:374:391:220:0.8605,1,48:2:888:374:391:220,-1,NONE,inf
848,0,1,2:895:372:384:224:0.8694,1,48:2:895:372:384:224,-1,NONE,inf
849,0,1,2:901:370:378:227:0.8817,1,48:2:901:370:378:227,-1,NONE,inf
850,0,1,2:907:369:372:232:0.8806,1,48:2:907:369:372:232,-1,NONE,inf
851,0,1,2:915:367:364:233:0.8520,1,48:2:915:367:364:233,-1,NONE,inf
852,0,1,2:922:367:357:237:0.8557,1,48:2:922:367:357:237,-1,NONE,inf
853,0,1,2:931:365:348:244:0.8733,1,48:2:931:365:348:244,-1,NONE,inf
854,0,1,2:938:365:341:234:0.8058,1,48:2:938:365:341:234,-1,NONE,inf
855,0,1,2:944:362:335:243:0.7471,1,48:2:944:362:335:243,-1,NONE,inf
856,0,1,2:953:361:326:251:0.7892,1,48:2:953:361:326:251,-1,NONE,inf
857,0,1,2:961:361:318:234:0.5894,1,48:2:961:361:318:234,-1,NONE,inf
858,0,1,2:970:361:309:240:0.6874,1,48:2:970:361:309:240,-1,NONE,inf
859,0,1,2:980:360:299:232:0.8269,1,48:2:980:360:299:232,-1,NONE,inf
860,0,1,2:990:358:289:236:0.7662,1,48:2:990:358:289:236,-1,NONE,inf
861,0,1,2:1000:356:279:239:0.8460,1,48:2:1000:356:279:239,-1,NONE,inf
862,0,1,2:1011:356:268:245:0.7457,1,48:2:1011:356:268:245,-1,NONE,inf
863,0,1,2:1021:360:258:239:0.7045,1,48:2:1021:360:258:239,-1,NONE,inf
864,0,1,2:1033:363:246:265:0.8441,1,48:2:1033:363:246:265,-1,NONE,inf
865,0,1,2:1046:367:233:259:0.8535,1,48:2:1046:367:233:259,-1,NONE,inf
866,0,1,2:1060:372:219:244:0.8475,1,48:2:1060:372:219:244,-1,NONE,inf
867,0,1,2:1076:384:203:213:0.7751,1,48:2:1076:384:203:213,-1,NONE,inf
868,0,1,2:1091:397:188:199:0.7930,1,48:2:1091:397:188:199,-1,NONE,inf
869,0,1,2:1107:410:172:188:0.7215,1,48:2:1107:410:172:188,-1,NONE,inf
870,0,1,2:1123:423:156:175:0.5936,1,48:2:1123:423:156:175,-1,NONE,inf
871,0,1,2:1142:440:137:189:0.4606,1,48:2:1142:440:137:189,-1,NONE,inf
872,0,1,2:1162:458:117:138:0.5564,1,48:2:1162:458:117:138,-1,NONE,inf
873,0,1,2:1185:473:94:127:0.6503,1,48:2:1185:473:94:127,-1,NONE,inf
874,0,0,,0,,-1,NONE,inf
875,0,1,0:1232:498:47:133:0.1493,0,,-1,NONE,inf
876,0,0,,0,,-1,NONE,inf
877,0,0,,0,,-1,NONE,inf
878,0,0,,0,,-1,NONE,inf
879,0,0,,0,,-1,NONE,inf
880,0,0,,0,,-1,NONE,inf
881,0,0,,0,,-1,NONE,inf
882,0,0,,0,,-1,NONE,inf
883,0,0,,0,,-1,NONE,inf
884,0,0,,0,,-1,NONE,inf
885,0,0,,0,,-1,NONE,inf
886,0,0,,0,,-1,NONE,inf
887,0,0,,0,,-1,NONE,inf
888,0,0,,0,,-1,NONE,inf
889,0,0,,0,,-1,NONE,inf
890,0,0,,0,,-1,NONE,inf
891,0,0,,0,,-1,NONE,inf
892,0,0,,0,,-1,NONE,inf
893,0,0,,0,,-1,NONE,inf
894,0,0,,0,,-1,NONE,inf
895,0,0,,0,,-1,NONE,inf
896,0,0,,0,,-1,NONE,inf
897,0,0,,0,,-1,NONE,inf
898,0,0,,0,,-1,NONE,inf
899,0,0,,0,,-1,NONE,inf
900,0,0,,0,,-1,NONE,inf
901,0,0,,0,,-1,NONE,inf
902,0,0,,0,,-1,NONE,inf
903,0,0,,0,,-1,NONE,inf
904,0,0,,0,,-1,NONE,inf
905,0,0,,0,,-1,NONE,inf
906,0,0,,0,,-1,NONE,inf
907,0,0,,0,,-1,NONE,inf
908,0,0,,0,,-1,NONE,inf
909,0,0,,0,,-1,NONE,inf
910,0,0,,0,,-1,NONE,inf
911,0,0,,0,,-1,NONE,inf
912,0,0,,0,,-1,NONE,inf
913,0,0,,0,,-1,NONE,inf
914,0,0,,0,,-1,NONE,inf
915,0,0,,0,,-1,NONE,inf
916,0,0,,0,,-1,NONE,inf
917,0,0,,0,,-1,NONE,inf
918,0,0,,0,,-1,NONE,inf
919,0,0,,0,,-1,NONE,inf
920,0,0,,0,,-1,NONE,inf
921,0,0,,0,,-1,NONE,inf
922,0,0,,0,,-1,NONE,inf
923,0,0,,0,,-1,NONE,inf
924,0,1,7:769:358:49:50:0.2138,0,,-1,NONE,inf
925,0,0,,0,,-1,NONE,inf
926,0,0,,0,,-1,NONE,inf
927,0,0,,0,,-1,NONE,inf
928,0,0,,0,,-1,NONE,inf
929,0,0,,0,,-1,NONE,inf
930,0,0,,0,,-1,NONE,inf
931,0,0,,0,,-1,NONE,inf
932,0,0,,0,,-1,NONE,inf
933,0,0,,0,,-1,NONE,inf
934,0,0,,0,,-1,NONE,inf
935,0,0,,0,,-1,NONE,inf
936,0,0,,0,,-1,NONE,inf
937,0,0,,0,,-1,NONE,inf
938,0,1,7:818:338:61:66:0.3073,0,,-1,NONE,inf
939,0,0,,0,,-1,NONE,inf
940,0,0,,0,,-1,NONE,inf
941,0,0,,0,,-1,NONE,inf
942,0,0,,0,,-1,NONE,inf
943,0,0,,0,,-1,NONE,inf
944,0,1,7:847:325:72:77:0.2441,0,,-1,NONE,inf
945,0,1,7:852:325:74:77:0.3097,0,,-1,NONE,inf
946,0,0,,0,,-1,NONE,inf
947,0,0,,0,,-1,NONE,inf
948,0,0,,0,,-1,NONE,inf
949,0,0,,0,,-1,NONE,inf
950,0,0,,0,,-1,NONE,inf
951,0,0,,0,,-1,NONE,inf
952,0,0,,0,,-1,NONE,inf
953,0,0,,0,,-1,NONE,inf
954,0,0,,0,,-1,NONE,inf
955,0,0,,0,,-1,NONE,inf
956,0,0,,0,,-1,NONE,inf
957,0,0,,0,,-1,NONE,inf
958,0,0,,0,,-1,NONE,inf
959,0,0,,0,,-1,NONE,inf
960,0,0,,0,,-1,NONE,inf
961,0,0,,0,,-1,NONE,inf
962,0,0,,0,,-1,NONE,inf
963,0,1,7:1034:248:147:146:0.1738,0,,-1,NONE,inf
964,0,0,,0,,-1,NONE,inf
965,0,1,7:1073:230:167:190:0.1972,0,,-1,NONE,inf
966,0,1,7:1094:224:179:196:0.2467,0,,-1,NONE,inf
967,0,0,,0,,-1,NONE,inf
968,0,1,7:1144:203:135:261:0.1030,0,,-1,NONE,inf
969,0,1,7:1172:195:107:276:0.3875,0,,-1,NONE,inf
970,0,1,7:1203:186:76:291:0.4372,0,,-1,NONE,inf
971,0,0,,0,,-1,NONE,inf
972,0,0,,0,,-1,NONE,inf
973,0,0,,0,,-1,NONE,inf
974,0,0,,0,,-1,NONE,inf
975,0,1,2:607:418:11:10:0.2706,0,,-1,NONE,inf
976,0,0,,0,,-1,NONE,inf
977,0,0,,0,,-1,NONE,inf
978,0,0,,0,,-1,NONE,inf
979,0,0,,0,,-1,NONE,inf
980,0,0,,0,,-1,NONE,inf
981,0,0,,0,,-1,NONE,inf
982,0,0,,0,,-1,NONE,inf
983,0,0,,0,,-1,NONE,inf
984,0,0,,0,,-1,NONE,inf
985,0,0,,0,,-1,NONE,inf
986,0,0,,0,,-1,NONE,inf
987,0,0,,0,,-1,NONE,inf
988,0,0,,0,,-1,NONE,inf
989,0,0,,0,,-1,NONE,inf
990,0,0,,0,,-1,NONE,inf
991,0,0,,0,,-1,NONE,inf
992,0,0,,0,,-1,NONE,inf
993,0,0,,0,,-1,NONE,inf
994,0,0,,0,,-1,NONE,inf
995,0,0,,0,,-1,NONE,inf
996,0,0,,0,,-1,NONE,inf
997,0,0,,0,,-1,NONE,inf
998,0,0,,0,,-1,NONE,inf
999,0,0,,0,,-1,NONE,inf
1000,0,0,,0,,-1,NONE,inf
1001,0,0,,0,,-1,NONE,inf
1002,0,0,,0,,-1,NONE,inf
1003,0,0,,0,,-1,NONE,inf
1004,0,0,,0,,-1,NONE,inf
1005,0,0,,0,,-1,NONE,inf
1006,0,0,,0,,-1,NONE,inf
1007,0,0,,0,,-1,NONE,inf
1008,0,0,,0,,-1,NONE,inf
1009,0,0,,0,,-1,NONE,inf
1010,0,0,,0,,-1,NONE,inf
1011,1,4,7:363:393:99:72:0.5085;7:527:382:99:83:0.4698;7:699:387:111:69:0.2284;7:793:428:223:62:0.3747,0,,-1,NONE,inf
1012,0,4,7:363:392:169:74:0.6494;7:528:382:101:83:0.9038;7:627:340:332:151:0.3076;7:786:427:241:62:0.2459,0,,-1,NONE,inf
1013,0,5,5:911:372:189:108:0.1177;7:365:391:100:75:0.6205;7:529:381:101:84:0.8489;7:628:388:179:74:0.2129;7:804:426:235:63:0.3679,3,51:7:529:381:101:84;52:7:365:391:100:75;53:7:804:426:235:63,-1,NONE,inf
1014,0,5,5:913:371:196:112:0.1137;7:365:391:101:75:0.6264;7:530:380:105:86:0.8357;7:777:395:182:97:0.2318;7:817:427:232:63:0.2144,3,51:7:530:380:105:86;52:7:365:391:101:75;53:7:817:427:232:63,-1,NONE,inf
1015,0,4,5:917:366:267:119:0.3783;7:364:390:172:76:0.4460;7:532:379:103:85:0.6834;7:822:425:242:65:0.1235,3,51:7:532:379:103:85;52:7:364:390:172:76;53:5:917:366:267:119,-1,NONE,inf
1016,0,5,5:938:362:262:115:0.5546;7:365:390:102:75:0.5755;7:534:379:102:83:0.3035;7:717:382:102:54:0.1842;7:808:426:272:66:0.1229,3,51:7:534:379:102:83;52:7:365:390:102:75;53:5:938:362:262:115,-1,NONE,inf
1017,0,5,5:939:359:273:121:0.4365;7:366:390:100:75:0.2536;7:537:378:103:85:0.4095;7:757:381:70:51:0.1713;7:807:423:289:71:0.2288,3,51:7:537:378:103:85;52:7:366:390:100:75;53:5:939:359:273:121,-1,NONE,inf
1018,0,6,5:956:354:275:133:0.5129;7:367:389:104:77:0.4788;7:538:377:105:87:0.5945;7:721:380:113:62:0.3764;7:791:397:168:96:0.4267;7:814:424:296:71:0.1838,3,51:7:538:377:105:87;52:7:367:389:104:77;53:5:956:354:275:133,-1,NONE,inf
1019,0,6,5:956:354:297:135:0.1442;7:367:389:104:77:0.5557;7:539:376:105:87:0.7628;7:722:379:113:80:0.3939;7:786:332:173:161:0.3244;7:813:421:311:73:0.1089,3,51:7:539:376:105:87;52:7:367:389:104:77;53:5:956:354:297:135,-1,NONE,inf
1020,0,5,5:369:389:105:77:0.3551;5:965:351:313:139:0.2361;7:541:375:108:90:0.8752;7:770:378:71:54:0.1772;7:795:396:164:97:0.3335,4,51:7:541:375:108:90;52:5:369:389:105:77;53:5:965:351:313:139;54:7:795:396:164:97,-1,NONE,inf
1021,0,5,5:374:388:103:78:0.2253;5:976:350:303:144:0.2786;7:545:374:107:90:0.4700;7:733:377:112:73:0.3112;7:865:420:305:77:0.1053,5,51:7:545:374:107:90;52:5:374:388:103:78;53:5:976:350:303:144;54:7:865:420:305:77;55:7:733:377:112:73,-1,NONE,inf
1022,0,4,5:376:388:103:78:0.2626;7:547:373:110:91:0.6330;7:737:376:112:75:0.2556;7:838:350:441:148:0.3434,4,51:7:547:373:110:91;52:5:376:388:103:78;53:7:838:350:441:148;55:7:737:376:112:75,-1,NONE,inf
1023,0,5,5:378:388:104:78:0.2748;7:552:372:109:91:0.7389;7:784:375:80:56:0.2582;7:838:409:121:83:0.2955;7:895:346:384:152:0.3550,5,51:7:552:372:109:91;52:5:378:388:104:78;53:7:895:346:384:152;54:7:838:409:121:83;55:7:784:375:80:56,-1,NONE,inf
1024,0,5,5:381:387:104:80:0.4122;7:555:371:110:91:0.6947;7:747:374:117:83:0.5048;7:817:337:142:158:0.2053;7:883:343:396:157:0.3215,5,51:7:555:371:110:91;52:5:381:387:104:80;53:7:883:343:396:157;54:7:817:337:142:158;55:7:747:374:117:83,-1,NONE,inf
1025,0,3,7:382:386:106:81:0.4195;7:558:370:112:94:0.7450;7:747:372:124:85:0.3833,3,51:7:558:370:112:94;52:7:382:386:106:81;55:7:747:372:124:85,-1,NONE,inf
1026,0,4,7:385:385:107:82:0.3209;7:561:368:115:95:0.8625;7:671:375:208:86:0.4575;7:915:356:364:149:0.1825,3,51:7:561:368:115:95;52:7:385:385:107:82;55:7:671:375:208:86,-1,NONE,inf
1027,0,4,7:390:385:106:82:0.2089;7:566:368:114:96:0.8350;7:809:372:76:60:0.1017;7:887:386:392:121:0.3720,3,51:7:566:368:114:96;52:7:390:385:106:82;55:7:887:386:392:121,-1,NONE,inf
1028,0,4,5:393:385:105:82:0.3217;7:570:366:115:98:0.8641;7:769:368:128:89:0.6175;7:900:331:379:178:0.3525,4,51:7:570:366:115:98;52:5:393:385:105:82;54:7:769:368:128:89;55:7:900:331:379:178,-1,NONE,inf
1029,0,4,7:394:383:108:84:0.4433;7:573:365:118:100:0.8844;7:814:369:89:72:0.1866;7:925:441:34:46:0.3417,3,51:7:573:365:118:100;52:7:394:383:108:84;54:7:814:369:89:72,-1,NONE,inf
1030,0,4,7:399:382:106:86:0.4479;7:577:364:119:101:0.8250;7:687:367:224:93:0.6422;7:915:328:364:187:0.1454,3,51:7:577:364:119:101;52:7:399:382:106:86;54:7:687:367:224:93,-1,NONE,inf
1031,0,4,7:402:382:107:87:0.5508;7:582:363:120:102:0.8349;7:833:365:84:80:0.1810;7:910:306:369:209:0.4476,3,51:7:582:363:120:102;52:7:402:382:107:87;54:7:910:306:369:209,-1,NONE,inf
1032,0,4,7:407:382:107:87:0.4901;7:586:362:123:102:0.8379;7:842:364:83:90:0.1083;7:919:309:360:208:0.3284,3,51:7:586:362:123:102;52:7:407:382:107:87;54:7:919:309:360:208,-1,NONE,inf
1033,0,4,5:410:382:106:88:0.4512;7:591:363:123:101:0.8239;7:849:364:83:85:0.1230;7:909:299:370:216:0.5121,3,51:7:591:363:123:101;52:5:410:382:106:88;54:7:909:299:370:216,-1,NONE,inf
1034,0,4,5:415:381:106:89:0.4644;7:598:361:122:103:0.8063;7:713:364:233:97:0.5378;7:941:312:338:207:0.2150,4,51:7:598:361:122:103;52:5:415:381:106:89;53:7:713:364:233:97;54:7:941:312:338:207,-1,NONE,inf
1035,0,4,7:417:381:109:90:0.4675;7:602:360:126:106:0.8042;7:861:363:95:90:0.2581;7:1012:439:99:64:0.1900,4,51:7:602:360:126:106;52:7:417:381:109:90;53:7:861:363:95:90;54:7:1012:439:99:64,-1,NONE,inf
1036,0,4,7:422:379:106:91:0.4757;7:606:361:129:104:0.8112;7:870:361:92:93:0.2709;7:960:294:319:224:0.1974,3,51:7:606:361:129:104;52:7:422:379:106:91;53:7:870:361:92:93,-1,NONE,inf
1037,0,3,7:425:379:110:91:0.5876;7:613:358:129:107:0.7505;7:878:361:97:92:0.2724,3,51:7:613:358:129:107;52:7:425:379:110:91;53:7:878:361:97:92,-1,NONE,inf
1038,0,4,7:431:378:106:92:0.3197;7:616:357:134:109:0.8340;7:737:377:116:86:0.1330;7:1089:440:91:46:0.1420,2,51:7:616:357:134:109;52:7:431:378:106:92,52,SAFE,3.172
1039,0,4,7:433:378:112:93:0.6769;7:624:355:133:112:0.8763;7:749:358:239:105:0.3812;7:1113:440:98:49:0.1539,3,51:7:624:355:133:112;52:7:433:378:112:93;53:7:749:358:239:105,52,SAFE,3.226
1040,0,3,7:440:376:111:94:0.5201;7:628:356:137:112:0.7108;7:901:359:104:92:0.1870,3,51:7:628:356:137:112;52:7:440:376:111:94;53:7:901:359:104:92,52,SAFE,3.259
1041,0,3,7:443:377:113:93:0.5834;7:634:353:140:114:0.7242;7:768:359:247:105:0.4929,3,51:7:634:353:140:114;52:7:443:377:113:93;53:7:768:359:247:105,52,CAUTION,3.427
1042,0,3,7:448:376:114:95:0.7609;7:640:353:141:116:0.7273;7:775:358:255:107:0.2846,3,51:7:640:353:141:116;52:7:448:376:114:95;53:7:775:358:255:107,52,CAUTION,3.581
1043,0,3,7:454:375:114:96:0.5246;7:646:352:145:116:0.8135;7:928:356:113:99:0.2084,3,51:7:646:352:145:116;52:7:454:375:114:96;53:7:928:356:113:99,52,CAUTION,3.864
1044,0,3,7:458:373:199:99:0.3151;7:653:350:147:120:0.7171;7:773:356:280:110:0.4002,3,51:7:653:350:147:120;52:7:458:373:199:99;53:7:773:356:280:110,52,CAUTION,3.771
1045,0,5,0:1151:402:34:83:0.3725;2:352:441:16:11:0.2253;7:463:374:117:98:0.5104;7:660:348:149:122:0.7897;7:802:355:263:111:0.4781,3,51:7:660:348:149:122;52:7:463:374:117:98;53:7:802:355:263:111,52,CAUTION,3.753
1046,0,4,0:1165:369:42:118:0.2882;7:467:371:119:102:0.4077;7:665:347:154:125:0.7741;7:805:352:275:118:0.4739,3,51:7:665:347:154:125;52:7:467:371:119:102;53:7:805:352:275:118,52,CAUTION,3.405
1047,0,4,0:1201:394:32:94:0.1809;7:473:374:117:98:0.4692;7:671:344:157:128:0.8059;7:810:354:286:113:0.6111,3,51:7:671:344:157:128;52:7:473:374:117:98;53:7:810:354:286:113,52,CAUTION,3.651
1048,0,4,7:496:429:99:45:0.3323;7:678:343:163:129:0.8219;7:832:352:277:116:0.6150;7:1107:384:172:65:0.2086,3,51:7:678:343:163:129;52:7:496:429:99:45;53:7:832:352:277:116,52,CAUTION,inf
1049,0,4,7:482:369:124:106:0.7585;7:686:343:162:128:0.8226;7:829:347:297:124:0.5598;7:1120:391:99:59:0.1776,3,51:7:686:343:162:128;52:7:482:369:124:106;53:7:829:347:297:124,52,CAUTION,3.275
1050,0,5,0:1267:366:12:47:0.1340;7:488:369:122:106:0.6749;7:695:342:166:130:0.8343;7:840:345:300:125:0.5346;7:1137:391:97:59:0.2687,3,51:7:695:342:166:130;52:7:488:369:122:106;53:7:840:345:300:125,52,CAUTION,3.082
1051,0,4,7:493:368:127:106:0.7789;7:700:340:172:132:0.8603;7:1069:350:89:111:0.1329;7:1151:374:126:77:0.1127,3,51:7:700:340:172:132;52:7:493:368:127:106;53:7:1069:350:89:111,52,CAUTION,2.991
1052,0,6,7:498:368:125:107:0.7802;7:507:398:213:75:0.1652;7:708:338:175:136:0.8699;7:854:370:194:103:0.1295;7:1069:346:107:115:0.1182;7:1169:390:99:60:0.2078,3,51:7:708:338:175:136;52:7:498:368:125:107;53:7:1169:390:99:60,52,CAUTION,2.908
1053,0,4,7:505:368:124:106:0.7568;7:715:338:180:139:0.9197;7:881:370:182:103:0.1913;7:1188:392:91:61:0.1516,3,51:7:715:338:180:139;52:7:505:368:124:106;53:7:1188:392:91:61,52,CAUTION,3.010
1054,0,4,2:401:439:14:12:0.2134;7:510:366:129:109:0.6969;7:724:335:182:140:0.8913;7:883:370:197:103:0.1106,2,51:7:724:335:182:140;52:7:510:366:129:109,52,CAUTION,2.988
1055,0,4,2:1226:399:53:57:0.1440;7:514:365:131:111:0.7758;7:730:333:229:145:0.9225;7:901:370:190:104:0.1839,2,51:7:730:333:229:145;52:7:514:365:131:111,52,CAUTION,2.921
1056,0,3,7:520:364:131:112:0.7526;7:737:332:211:146:0.9091;7:917:337:330:140:0.5983,2,51:7:737:332:211:146;52:7:520:364:131:112,52,CAUTION,2.871
1057,0,4,7:526:364:130:114:0.6980;7:745:329:214:151:0.9420;7:929:372:195:106:0.1819;7:1116:339:157:127:0.3772,2,51:7:745:329:214:151;52:7:526:364:130:114,52,CAUTION,2.920
1058,0,3,7:532:364:133:115:0.7066;7:754:328:205:154:0.9537;7:1128:337:151:129:0.1569,2,51:7:754:328:205:154;52:7:532:364:133:115,52,SAFE,inf
1059,0,4,2:925:432:143:48:0.1515;7:538:362:133:117:0.6926;7:764:326:209:156:0.8933;7:1209:391:70:79:0.1691,2,51:7:764:326:209:156;52:7:538:362:133:117,52,SAFE,inf
1060,0,3,7:539:361:137:118:0.8025;7:771:324:213:158:0.8061;7:1073:366:206:112:0.1055,2,51:7:771:324:213:158;52:7:539:361:137:118,52,SAFE,inf
1061,0,3,2:437:439:13:10:0.2032;7:544:359:139:121:0.8248;7:779:322:222:162:0.8741,2,51:7:779:322:222:162;52:7:544:359:139:121,52,SAFE,inf
1062,0,4,0:1111:401:38:86:0.1208;7:549:357:141:123:0.7953;7:786:319:230:165:0.8663;7:972:363:307:126:0.1998,2,51:7:786:319:230:165;52:7:549:357:141:123,52,SAFE,inf
1063,0,3,7:553:356:143:128:0.8068;7:792:318:239:168:0.9095;7:986:370:293:119:0.2624,2,51:7:792:318:239:168;52:7:553:356:143:128,52,SAFE,inf
1064,0,4,2:449:438:16:11:0.2537;7:559:356:144:127:0.8001;7:802:316:243:169:0.8829;7:1021:306:258:184:0.1776,2,51:7:802:316:243:169;52:7:559:356:144:127,52,SAFE,inf
1065,0,3,7:563:353:146:131:0.8705;7:812:314:250:172:0.7992;7:1137:377:123:111:0.1317,2,51:7:812:314:250:172;52:7:563:353:146:131,52,SAFE,inf
1066,0,3,7:568:355:147:131:0.7399;7:819:313:259:177:0.8610;7:1061:375:217:116:0.1238,2,51:7:819:313:259:177;52:7:568:355:147:131,52,SAFE,inf
1067,0,6,0:636:353:86:87:0.1414;0:1207:411:29:76:0.1142;2:461:438:13:10:0.2432;7:571:351:152:133:0.8707;7:827:309:268:181:0.8316;7:1171:377:108:114:0.1379,2,51:7:827:309:268:181;52:7:571:351:152:133,52,SAFE,inf
1068,0,4,2:466:437:13:10:0.2528;7:577:350:155:136:0.8504;7:838:307:276:185:0.7224;7:1182:376:97:131:0.1179,2,51:7:838:307:276:185;52:7:577:350:155:136,52,SAFE,inf
1069,0,5,2:320:407:61:60:0.2056;2:469:438:13:10:0.2755;7:580:348:159:138:0.8443;7:843:304:287:190:0.7608;7:1199:376:80:126:0.2113,2,51:7:843:304:287:190;52:7:580:348:159:138,52,SAFE,inf
1070,0,5,2:320:405:61:61:0.3859;2:474:437:14:11:0.2632;7:584:347:163:140:0.8709;7:856:301:297:193:0.5538;7:1215:374:64:130:0.1206,2,51:7:856:301:297:193;52:7:584:347:163:140,52,SAFE,inf
1071,0,3,2:320:402:64:62:0.5360;7:588:346:166:142:0.8871;7:866:298:309:198:0.5429,2,51:7:866:298:309:198;52:7:588:346:166:142,52,SAFE,inf
1072,0,4,2:320:402:64:61:0.5193;2:481:437:15:11:0.2890;7:594:344:168:147:0.8803;7:869:296:410:208:0.5438,3,51:7:869:296:410:208;52:7:594:344:168:147;56:2:320:402:64:61,52,SAFE,inf
1073,0,3,2:320:402:65:64:0.3067;7:599:343:172:148:0.8465;7:880:294:397:216:0.7665,3,51:7:880:294:397:216;52:7:599:343:172:148;56:2:320:402:65:64,52,SAFE,inf
1074,0,3,2:489:436:15:11:0.3472;7:602:342:178:150:0.8693;7:889:291:389:221:0.8195,2,51:7:889:291:389:221;52:7:602:342:178:150,52,SAFE,inf
1075,0,3,2:493:436:14:11:0.2508;7:606:339:184:154:0.8693;7:896:287:383:227:0.8783,2,51:7:896:287:383:227;52:7:606:339:184:154,52,SAFE,inf
1076,0,4,2:320:401:67:63:0.2777;2:496:435:17:12:0.2804;7:611:337:188:156:0.9394;7:905:282:374:236:0.8975,4,51:7:905:282:374:236;52:7:611:337:188:156;56:2:320:401:67:63;57:2:496:435:17:12,52,SAFE,inf
1077,0,4,2:500:437:13:10:0.4118;7:614:335:194:160:0.9164;7:817:401:48:66:0.1323;7:912:279:367:240:0.8810,3,51:7:912:279:367:240;52:7:614:335:194:160;57:2:500:437:13:10,52,SAFE,inf
1078,0,4,7:617:333:199:161:0.9309;7:823:400:49:62:0.1755;7:874:336:85:150:0.4149;7:922:274:357:249:0.8443,2,51:7:922:274:357:249;52:7:617:333:199:161,52,SAFE,inf
1079,0,4,7:621:332:208:164:0.8591;7:823:401:61:67:0.2391;7:880:391:52:81:0.2197;7:935:270:344:255:0.8671,2,51:7:935:270:344:255;52:7:621:332:208:164,52,SAFE,inf
1080,0,4,2:510:436:13:10:0.2528;7:627:330:209:168:0.9072;7:832:401:58:68:0.2418;7:940:264:339:262:0.7717,3,51:7:940:264:339:262;52:7:627:330:209:168;57:2:510:436:13:10,52,SAFE,inf
1081,0,5,2:514:436:14:10:0.2322;7:630:328:211:173:0.9113;7:840:402:55:69:0.3634;7:894:389:65:87:0.2640;7:958:260:321:272:0.8413,3,51:7:958:260:321:272;52:7:630:328:211:173;57:2:514:436:14:10,52,DANGER,1.851
1082,0,5,2:516:436:14:10:0.3840;7:631:324:223:178:0.9297;7:848:401:50:67:0.1107;7:901:388:67:91:0.3140;7:959:256:320:279:0.8414,4,51:7:959:256:320:279;52:7:631:324:223:178;57:2:516:436:14:10;58:7:901:388:67:91,52,DANGER,1.798
1083,0,5,0:44:312:22:26:0.1198;0:982:447:25:49:0.1379;7:636:321:227:184:0.9409;7:907:391:52:86:0.3153;7:962:246:317:293:0.7013,3,51:7:962:246:317:293;52:7:636:321:227:184;58:7:907:391:52:86,52,DANGER,1.710
1084,0,5,2:522:436:14:10:0.3143;7:638:318:244:189:0.9343;7:862:402:50:69:0.1218;7:914:388:93:93:0.2500;7:984:248:295:294:0.7959,4,51:7:984:248:295:294;52:7:638:318:244:189;57:2:522:436:14:10;58:7:914:388:93:93,-1,NONE,inf
1085,0,4,2:524:436:14:10:0.4513;7:641:316:248:192:0.9500;7:921:388:79:89:0.3791;7:990:250:289:298:0.7910,4,51:7:990:250:289:298;52:7:641:316:248:192;57:2:524:436:14:10;58:7:921:388:79:89,-1,NONE,inf
1086,0,2,7:644:314:250:198:0.9392;7:930:252:349:296:0.4675,2,51:7:930:252:349:296;52:7:644:314:250:198,-1,NONE,inf
1087,0,5,0:1028:452:29:46:0.1453;2:530:435:14:10:0.2359;7:650:312:257:200:0.9588;7:933:392:26:92:0.2608;7:1014:258:265:296:0.7344,3,51:7:1014:258:265:296;52:7:650:312:257:200;58:7:933:392:26:92,-1,NONE,inf
1088,0,5,0:64:306:17:22:0.1149;0:1041:451:29:51:0.1742;7:654:309:265:204:0.9553;7:937:388:84:93:0.1220;7:1021:261:258:272:0.6659,3,51:7:1021:261:258:272;52:7:654:309:265:204;58:7:937:388:84:93,-1,NONE,inf
1089,0,5,0:1055:453:29:49:0.1921;2:534:436:13:10:0.2720;7:657:303:277:213:0.9224;7:944:387:98:99:0.1018;7:1043:262:236:269:0.6825,4,51:7:1043:262:236:269;52:7:657:303:277:213;57:2:534:436:13:10;58:7:944:387:98:99,-1,NONE,inf
1090,0,4,2:535:435:16:11:0.2146;7:659:300:290:217:0.9579;7:954:385:104:106:0.1915;7:1044:265:235:260:0.7261,4,51:7:1044:265:235:260;52:7:659:300:290:217;57:2:535:435:16:11;58:7:954:385:104:106,-1,NONE,inf
1091,0,3,2:537:435:14:11:0.2048;7:661:296:295:224:0.9434;7:1054:268:225:257:0.7736,3,51:7:1054:268:225:257;52:7:661:296:295:224;57:2:537:435:14:11,-1,NONE,inf
1092,0,5,2:511:452:21:12:0.2692;2:537:436:14:10:0.2754;7:669:292:295:230:0.3140;7:984:422:93:70:0.1300;7:1065:268:214:260:0.7709,3,51:7:1065:268:214:260;52:7:669:292:295:230;57:2:537:436:14:10,-1,NONE,inf
1093,0,5,2:538:435:13:10:0.3089;2:940:470:37:27:0.1379;7:665:286:294:231:0.9452;7:990:425:98:63:0.1054;7:1077:270:202:255:0.7573,3,51:7:1077:270:202:255;52:7:665:286:294:231;57:2:538:435:13:10,-1,NONE,inf
1094,0,3,2:538:435:13:10:0.3107;7:674:280:317:245:0.4631;7:1086:271:193:251:0.8035,3,51:7:1086:271:193:251;52:7:674:280:317:245;57:2:538:435:13:10,-1,NONE,inf
1095,0,2,7:673:274:335:256:0.6398;7:1091:272:188:253:0.7429,2,51:7:1091:272:188:253;52:7:673:274:335:256,-1,NONE,inf
1096,0,4,2:512:452:18:11:0.2037;7:678:270:347:264:0.7390;7:1026:421:73:69:0.1109;7:1109:272:170:255:0.7617,2,51:7:1109:272:170:255;52:7:678:270:347:264,-1,NONE,inf
1097,0,2,7:677:261:366:275:0.4575;7:1123:271:156:257:0.7249,2,51:7:1123:271:156:257;52:7:677:261:366:275,-1,NONE,inf
1098,0,2,7:678:254:382:285:0.5180;7:1138:273:141:257:0.5777,2,51:7:1138:273:141:257;52:7:678:254:382:285,-1,NONE,inf
1099,0,3,2:540:435:11:10:0.2797;7:681:249:402:289:0.5018;7:1131:275:148:248:0.5004,3,51:7:1131:275:148:248;52:7:681:249:402:289;57:2:540:435:11:10,-1,NONE,inf
1100,0,2,7:683:245:418:295:0.4568;7:1117:277:162:253:0.4802,2,51:7:1117:277:162:253;52:7:683:245:418:295,-1,NONE,inf
1101,0,3,2:500:439:31:30:0.1009;5:682:234:548:308:0.3007;7:1160:277:119:264:0.2999,2,51:7:1160:277:119:264;52:5:682:234:548:308,-1,NONE,inf
1102,0,3,2:501:430:29:37:0.1258;7:683:223:490:322:0.7769;7:1150:328:129:201:0.4135,2,51:7:1150:328:129:201;52:7:683:223:490:322,-1,NONE,inf
1103,0,2,7:684:217:507:328:0.7464;7:1192:352:87:173:0.3217,2,51:7:1192:352:87:173;52:7:684:217:507:328,-1,NONE,inf
1104,0,3,2:538:437:14:10:0.4459;7:686:203:574:347:0.8232;7:1239:356:40:160:0.2486,3,51:7:1239:356:40:160;52:7:686:203:574:347;57:2:538:437:14:10,-1,NONE,inf
1105,0,2,2:538:437:14:10:0.4673;7:687:190:586:365:0.8622,2,52:7:687:190:586:365;57:2:538:437:14:10,-1,NONE,inf
1106,0,2,2:537:437:14:11:0.3683;7:686:177:581:372:0.5429,2,52:7:686:177:581:372;57:2:537:437:14:11,-1,NONE,inf
1107,0,2,2:537:437:14:11:0.4182;7:688:161:591:419:0.7083,2,52:7:688:161:591:419;57:2:537:437:14:11,-1,NONE,inf
1108,0,2,2:536:437:15:11:0.4377;5:687:147:592:418:0.5761,2,52:5:687:147:592:418;57:2:536:437:15:11,-1,NONE,inf
1109,0,2,2:536:437:15:10:0.3603;7:688:127:591:453:0.8968,2,52:7:688:127:591:453;57:2:536:437:15:10,-1,NONE,inf
1110,0,2,2:536:438:15:10:0.4250;7:690:103:589:490:0.8874,2,52:7:690:103:589:490;57:2:536:438:15:10,-1,NONE,inf
1111,0,2,2:535:437:16:11:0.4296;7:691:80:588:522:0.8469,2,52:7:691:80:588:522;57:2:535:437:16:11,-1,NONE,inf
1112,0,2,2:535:438:16:11:0.2558;7:689:47:590:547:0.9167,2,52:7:689:47:590:547;57:2:535:438:16:11,-1,NONE,inf
1113,0,1,7:689:17:590:599:0.8330,1,52:7:689:17:590:599,-1,NONE,inf
1114,0,2,2:534:438:13:10:0.2503;7:690:4:589:608:0.8253,2,52:7:690:4:589:608;57:2:534:438:13:10,-1,NONE,inf
1115,0,1,7:693:4:585:648:0.8600,1,52:7:693:4:585:648,-1,NONE,inf
1116,0,1,7:694:6:584:643:0.9159,1,52:7:694:6:584:643,-1,NONE,inf
1117,0,3,0:29:298:21:53:0.1149;2:534:439:12:10:0.2554;7:694:4:584:649:0.9222,2,52:7:694:4:584:649;57:2:534:439:12:10,-1,NONE,inf
1118,0,2,2:534:439:13:10:0.2706;7:692:1:587:653:0.9112,2,52:7:692:1:587:653;57:2:534:439:13:10,-1,NONE,inf
1119,0,2,2:534:439:13:10:0.2144;7:696:12:583:658:0.8528,2,52:7:696:12:583:658;57:2:534:439:13:10,-1,NONE,inf
1120,0,2,2:533:439:14:10:0.2060;7:697:8:582:658:0.8757,2,52:7:697:8:582:658;57:2:533:439:14:10,-1,NONE,inf
1121,0,2,2:533:439:13:10:0.2253;7:696:0:583:665:0.8618,2,52:7:696:0:583:665;57:2:533:439:13:10,-1,NONE,inf
1122,0,1,7:701:2:578:667:0.8597,1,52:7:701:2:578:667,-1,NONE,inf
1123,0,1,7:706:7:572:648:0.8942,1,52:7:706:7:572:648,-1,NONE,inf
1124,0,1,7:706:16:573:638:0.8774,1,52:7:706:16:573:638,-1,NONE,inf
1125,0,1,7:707:3:572:658:0.8439,1,52:7:707:3:572:658,-1,NONE,inf
1126,0,1,7:711:4:568:656:0.8226,1,52:7:711:4:568:656,-1,NONE,inf
1127,0,1,7:714:9:565:653:0.7554,1,52:7:714:9:565:653,-1,NONE,inf
1128,0,1,7:717:3:562:626:0.7477,1,52:7:717:3:562:626,-1,NONE,inf
1129,0,2,0:10:294:25:60:0.1143;7:718:1:561:572:0.5481,1,52:7:718:1:561:572,-1,NONE,inf
1130,0,1,7:720:3:559:561:0.6382,1,52:7:720:3:559:561,-1,NONE,inf
1131,0,1,7:725:2:554:569:0.7115,1,52:7:725:2:554:569,-1,NONE,inf
1132,0,2,1:739:449:33:59:0.1239;7:728:0:551:571:0.5627,1,52:7:728:0:551:571,-1,NONE,inf
1133,0,2,0:7:293:23:57:0.1189;7:734:0:545:580:0.6103,1,52:7:734:0:545:580,-1,NONE,inf
1134,0,1,7:735:9:544:569:0.6374,1,52:7:735:9:544:569,-1,NONE,inf
1135,0,1,7:741:2:537:585:0.7655,1,52:7:741:2:537:585,-1,NONE,inf
1136,0,2,2:404:466:28:11:0.2613;7:742:4:537:591:0.8032,1,52:7:742:4:537:591,-1,NONE,inf
1137,0,2,2:403:467:26:10:0.2508;7:744:11:534:591:0.8520,1,52:7:744:11:534:591,-1,NONE,inf
1138,0,1,7:747:11:532:617:0.8853,1,52:7:747:11:532:617,-1,NONE,inf
1139,0,1,7:750:4:529:630:0.8556,1,52:7:750:4:529:630,-1,NONE,inf
1140,0,1,7:752:6:527:647:0.8390,1,52:7:752:6:527:647,-1,NONE,inf
1141,0,1,7:753:11:526:641:0.8367,1,52:7:753:11:526:641,-1,NONE,inf
1142,0,1,7:752:12:527:641:0.8839,1,52:7:752:12:527:641,-1,NONE,inf
1143,0,1,7:751:4:528:656:0.9042,1,52:7:751:4:528:656,-1,NONE,inf
1144,0,2,2:318:421:133:120:0.2065;7:756:6:523:654:0.9017,1,52:7:756:6:523:654,-1,NONE,inf
1145,0,2,2:330:425:104:61:0.1517;7:752:11:527:653:0.9282,1,52:7:752:11:527:653,-1,NONE,inf
1146,0,1,7:767:11:512:655:0.8351,1,52:7:767:11:512:655,-1,NONE,inf
1147,0,2,2:460:460:27:20:0.4406;7:776:11:503:657:0.8158,1,52:7:776:11:503:657,-1,NONE,inf
1148,0,3,2:460:460:25:21:0.5262;2:770:418:68:79:0.6573;7:817:3:462:659:0.8347,1,52:7:817:3:462:659,-1,NONE,inf
1149,0,3,2:460:459:25:22:0.4234;2:774:418:81:81:0.6363;7:835:96:444:563:0.8486,2,52:7:835:96:444:563;59:2:460:459:25:22,-1,NONE,inf
1150,0,2,2:777:418:91:81:0.6406;7:847:96:432:561:0.8651,2,52:7:847:96:432:561;60:2:777:418:91:81,-1,NONE,inf
1151,0,4,2:368:471:48:20:0.2113;2:450:461:32:20:0.3860;2:780:419:101:82:0.6289;7:858:22:421:639:0.8512,3,52:7:858:22:421:639;59:2:450:461:32:20;60:2:780:419:101:82,-1,NONE,inf
1152,0,3,2:362:471:52:21:0.3439;2:784:415:112:85:0.7231;7:874:94:405:573:0.9016,2,52:7:874:94:405:573;60:2:784:415:112:85,-1,NONE,inf
1153,0,2,2:786:420:125:82:0.6833;7:891:62:388:595:0.8858,2,52:7:891:62:388:595;60:2:786:420:125:82,-1,NONE,inf
1154,0,3,2:346:473:62:23:0.2880;2:789:419:136:86:0.7036;7:905:48:374:614:0.9037,3,52:7:905:48:374:614;59:2:346:473:62:23;60:2:789:419:136:86,-1,NONE,inf
1155,0,2,2:793:418:144:88:0.7393;7:924:14:355:643:0.8868,2,52:7:924:14:355:643;60:2:793:418:144:88,-1,NONE,inf
1156,0,3,2:796:418:149:91:0.8189;7:866:391:93:86:0.2850;7:949:0:330:655:0.8624,2,52:7:949:0:330:655;60:2:796:418:149:91,-1,NONE,inf
1157,0,4,2:535:439:11:10:0.2060;2:800:417:152:93:0.6564;7:869:391:90:94:0.4678;7:968:4:311:656:0.8960,2,52:7:968:4:311:656;60:2:800:417:152:93,-1,NONE,inf
1158,0,3,2:803:415:159:96:0.3968;7:870:390:146:112:0.1687;7:996:0:283:661:0.6765,2,52:7:996:0:283:661;60:2:803:415:159:96,-1,NONE,inf
1159,0,4,2:809:418:79:87:0.4131;2:829:416:139:98:0.3150;7:882:390:153:102:0.3644;7:1025:3:254:660:0.8524,2,52:7:1025:3:254:660;60:2:829:416:139:98,-1,NONE,inf
1160,0,4,2:814:417:163:98:0.5134;7:0:328:289:181:0.1181;7:883:391:183:99:0.2875;7:1060:4:219:662:0.8074,3,52:7:1060:4:219:662;60:2:814:417:163:98;61:7:883:391:183:99,-1,NONE,inf
1161,0,4,2:816:417:173:101:0.6364;7:1:327:286:186:0.1591;7:884:390:238:100:0.2327;7:1101:7:178:655:0.6245,3,52:7:1101:7:178:655;60:2:816:417:173:101;61:7:884:390:238:100,-1,NONE,inf
1162,0,3,2:819:416:184:106:0.5486;7:887:390:286:109:0.3068;7:1144:9:135:650:0.4895,3,52:7:1144:9:135:650;60:2:819:416:184:106;61:7:887:390:286:109,-1,NONE,inf
1163,0,3,2:825:415:186:108:0.7564;5:893:387:343:107:0.1259;5:1208:20:71:642:0.1269,3,52:5:1208:20:71:642;60:2:825:415:186:108;61:5:893:387:343:107,-1,NONE,inf
1164,0,1,2:830:415:193:111:0.6416,1,60:2:830:415:193:111,-1,NONE,inf
1165,0,1,2:833:414:200:115:0.7684,1,60:2:833:414:200:115,-1,NONE,inf
1166,0,2,2:406:474:50:27:0.1265;2:839:413:203:118:0.7479,1,60:2:839:413:203:118,-1,NONE,inf
1167,0,1,2:843:413:210:118:0.6641,1,60:2:843:413:210:118,-1,NONE,inf
1168,0,1,2:848:411:222:123:0.5809,1,60:2:848:411:222:123,-1,NONE,inf
1169,0,2,2:125:440:290:164:0.1287;2:854:411:229:126:0.5723,1,60:2:854:411:229:126,-1,NONE,inf
1170,0,1,2:860:411:239:128:0.6511,1,60:2:860:411:239:128,-1,NONE,inf
1171,0,1,2:865:411:246:129:0.7829,1,60:2:865:411:246:129,-1,NONE,inf
1172,0,1,2:872:409:258:136:0.8430,1,60:2:872:409:258:136,-1,NONE,inf
1173,0,2,2:878:407:270:142:0.8474;5:898:383:381:130:0.3958,2,60:2:878:407:270:142;61:5:898:383:381:130,-1,NONE,inf
1174,0,3,2:64:414:37:33:0.1464;2:886:406:281:148:0.8611;5:896:379:383:132:0.6322,2,60:2:886:406:281:148;61:5:896:379:383:132,-1,NONE,inf
1175,0,2,2:893:405:293:151:0.8390;7:908:382:125:88:0.1041,2,60:2:893:405:293:151;61:7:908:382:125:88,-1,NONE,inf
1176,0,2,2:897:402:313:159:0.7972;5:913:381:366:114:0.3475,1,60:2:897:402:313:159,-1,NONE,inf
1177,0,1,2:905:397:328:166:0.8267,1,60:2:905:397:328:166,-1,NONE,inf
1178,0,3,2:912:396:351:171:0.8176;7:0:300:130:140:0.3901;7:924:376:272:105:0.1175,1,60:2:912:396:351:171,-1,NONE,inf
1179,0,1,2:924:390:355:188:0.8260,1,60:2:924:390:355:188,-1,NONE,inf
1180,0,1,2:933:385:346:195:0.8638,1,60:2:933:385:346:195,-1,NONE,inf
1181,0,1,2:947:388:332:190:0.8512,1,60:2:947:388:332:190,-1,NONE,inf
1182,0,2,2:955:390:324:198:0.8608;7:0:284:80:186:0.1327,1,60:2:955:390:324:198,-1,NONE,inf
1183,0,2,2:965:389:314:207:0.8099;7:952:375:283:114:0.1155,1,60:2:965:389:314:207,-1,NONE,inf
1184,0,3,0:0:275:56:172:0.1244;2:977:389:302:215:0.7691;7:957:374:306:116:0.2582,1,60:2:977:389:302:215,-1,NONE,inf
1185,0,3,0:0:274:40:175:0.4965;2:987:389:292:225:0.8482;7:957:372:318:120:0.3554,1,60:2:987:389:292:225,-1,NONE,inf
1186,0,3,0:0:277:25:144:0.1760;2:1004:389:275:226:0.8596;7:961:369:318:124:0.3899,1,60:2:1004:389:275:226,-1,NONE,inf
1187,0,2,2:1017:390:262:206:0.7972;7:968:372:310:120:0.5028,2,60:2:1017:390:262:206;62:7:968:372:310:120,-1,NONE,inf
1188,0,2,2:1033:396:246:189:0.7285;7:972:369:306:126:0.7414,2,60:2:1033:396:246:189;62:7:972:369:306:126,-1,NONE,inf
1189,0,2,2:1050:411:228:177:0.7735;7:977:366:302:133:0.8362,2,60:2:1050:411:228:177;62:7:977:366:302:133,-1,NONE,inf
1190,0,2,2:1067:423:212:171:0.8349;7:982:368:297:131:0.8264,2,60:2:1067:423:212:171;62:7:982:368:297:131,-1,NONE,inf
1191,0,2,2:1086:434:193:167:0.8234;7:984:367:295:133:0.8793,2,60:2:1086:434:193:167;62:7:984:367:295:133,-1,NONE,inf
1192,0,2,2:1105:452:174:157:0.8119;7:992:366:287:134:0.8666,2,60:2:1105:452:174:157;62:7:992:366:287:134,-1,NONE,inf
1193,0,2,2:1127:468:152:143:0.8744;7:998:366:281:136:0.8748,2,60:2:1127:468:152:143;62:7:998:366:281:136,-1,NONE,inf
1194,0,3,2:0:429:11:39:0.1036;2:1151:490:128:126:0.7974;7:1000:364:279:140:0.8529,2,60:2:1151:490:128:126;62:7:1000:364:279:140,-1,NONE,inf
1195,0,2,2:1180:495:99:125:0.7187;7:1007:362:272:141:0.8459,2,60:2:1180:495:99:125;62:7:1007:362:272:141,-1,NONE,inf
1196,0,2,2:1209:503:70:118:0.6816;7:1013:362:266:142:0.7358,2,60:2:1209:503:70:118;62:7:1013:362:266:142,-1,NONE,inf
1197,0,2,2:1245:509:34:89:0.7367;7:1018:357:261:147:0.8369,2,60:2:1245:509:34:89;62:7:1018:357:261:147,-1,NONE,inf
1198,0,1,7:1025:356:254:151:0.7916,1,62:7:1025:356:254:151,-1,NONE,inf
1199,0,1,7:1030:354:249:153:0.8661,1,62:7:1030:354:249:153,-1,NONE,inf
1200,0,1,7:1035:353:244:153:0.8527,1,62:7:1035:353:244:153,-1,NONE,inf
1201,0,1,7:1042:352:237:153:0.6786,1,62:7:1042:352:237:153,-1,NONE,inf
1202,0,1,7:1049:350:230:156:0.6256,1,62:7:1049:350:230:156,-1,NONE,inf
1203,0,1,7:1058:347:221:159:0.7649,1,62:7:1058:347:221:159,-1,NONE,inf
1204,0,2,5:1064:346:215:162:0.6760;7:0:363:181:105:0.1259,1,62:5:1064:346:215:162,-1,NONE,inf
1205,0,2,7:0:365:150:101:0.1480;7:1072:345:207:161:0.6327,1,62:7:1072:345:207:161,-1,NONE,inf
1206,0,2,2:520:439:12:10:0.2318;7:1080:341:199:166:0.6317,1,62:7:1080:341:199:166,-1,NONE,inf
1207,0,2,2:519:439:12:10:0.2290;7:1087:340:192:167:0.6470,1,62:7:1087:340:192:167,-1,NONE,inf
1208,0,2,2:519:439:13:10:0.2558;5:1094:337:185:173:0.7716,1,62:5:1094:337:185:173,-1,NONE,inf
1209,0,1,5:1105:336:174:174:0.8184,1,62:5:1105:336:174:174,-1,NONE,inf
1210,0,1,5:1113:335:166:178:0.8621,1,62:5:1113:335:166:178,-1,NONE,inf
1211,0,1,5:1125:333:154:184:0.8287,1,62:5:1125:333:154:184,-1,NONE,inf
1212,0,1,5:1134:332:145:185:0.8289,1,62:5:1134:332:145:185,-1,NONE,inf
1213,0,1,5:1144:325:135:190:0.7855,1,62:5:1144:325:135:190,-1,NONE,inf
1214,0,1,5:1153:326:126:188:0.7374,1,62:5:1153:326:126:188,-1,NONE,inf
1215,0,1,5:1166:326:113:189:0.7894,1,62:5:1166:326:113:189,-1,NONE,inf
1216,0,1,5:1179:322:100:193:0.8390,1,62:5:1179:322:100:193,-1,NONE,inf
1217,0,1,5:1188:327:91:189:0.5723,1,62:5:1188:327:91:189,-1,NONE,inf
1218,0,1,7:1203:329:76:187:0.6319,1,62:7:1203:329:76:187,-1,NONE,inf
1219,0,2,2:0:542:53:51:0.2192;7:1215:341:64:175:0.3626,1,62:7:1215:341:64:175,-1,NONE,inf
1220,0,1,7:1231:344:48:173:0.2396,1,62:7:1231:344:48:173,-1,NONE,inf
1221,0,0,,0,,-1,NONE,inf
1222,0,0,,0,,-1,NONE,inf
1223,0,0,,0,,-1,NONE,inf
1224,0,0,,0,,-1,NONE,inf
1225,0,0,,0,,-1,NONE,inf
1226,0,1,2:1:439:93:29:0.1012,0,,-1,NONE,inf
1227,0,0,,0,,-1,NONE,inf
1228,0,0,,0,,-1,NONE,inf
1229,0,1,2:29:446:41:24:0.1079,0,,-1,NONE,inf
1230,0,1,2:1:445:60:26:0.1637,0,,-1,NONE,inf
1231,0,1,2:0:443:53:30:0.2423,0,,-1,NONE,inf
1232,0,0,,0,,-1,NONE,inf
1233,0,0,,0,,-1,NONE,inf
1234,0,0,,0,,-1,NONE,inf
1235,0,0,,0,,-1,NONE,inf
1236,0,0,,0,,-1,NONE,inf
1237,0,0,,0,,-1,NONE,inf
1238,0,1,2:521:444:14:10:0.3184,0,,-1,NONE,inf
1239,0,0,,0,,-1,NONE,inf
1240,0,1,2:522:445:13:10:0.3347,0,,-1,NONE,inf
1241,0,0,,0,,-1,NONE,inf
1242,0,0,,0,,-1,NONE,inf
1243,0,0,,0,,-1,NONE,inf
1244,0,0,,0,,-1,NONE,inf
1245,0,0,,0,,-1,NONE,inf
1246,0,0,,0,,-1,NONE,inf
1247,0,0,,0,,-1,NONE,inf
1248,0,0,,0,,-1,NONE,inf
1249,0,1,2:529:443:13:10:0.2548,0,,-1,NONE,inf
1250,0,1,2:530:442:13:10:0.2364,0,,-1,NONE,inf
1251,0,0,,0,,-1,NONE,inf
1252,0,0,,0,,-1,NONE,inf
