frame,time_sec,rank,best_class_id,best_class_name,best_score,second_class_id,second_class_name,second_score,third_class_id,third_class_name,third_score,car_score,bus_score,train_score,truck_score,boat_score,left,top,width,height,right,bottom,touches_right_edge,passes_confidence_010,passes_target_class,passes_final_filter
541,18.018,1,2,car,0.002331,7,truck,0.001420,0,person,0.000644,0.002331,0.000068,0.000033,0.001420,0.000226,972,467,46,34,1018,501,0,0,1,0
541,18.018,2,0,person,0.002007,1,bicycle,0.000070,14,bird,0.000060,0.000029,0.000000,0.000000,0.000003,0.000014,1140,559,43,50,1183,609,0,0,1,0
541,18.018,3,0,person,0.001794,14,bird,0.000101,2,car,0.000050,0.000050,0.000001,0.000000,0.000004,0.000013,1143,559,28,43,1171,602,0,0,1,0
541,18.018,4,0,person,0.001589,14,bird,0.000080,1,bicycle,0.000076,0.000038,0.000001,0.000000,0.000004,0.000017,1137,545,47,59,1184,604,0,0,1,0
541,18.018,5,0,person,0.001167,13,bench,0.000607,8,boat,0.000231,0.000215,0.000024,0.000008,0.000171,0.000231,970,457,34,41,1004,498,0,0,1,0
541,18.018,6,0,person,0.000821,14,bird,0.000067,2,car,0.000044,0.000044,0.000001,0.000000,0.000005,0.000016,1144,542,25,58,1169,600,0,0,1,0
541,18.018,7,0,person,0.000792,1,bicycle,0.000104,14,bird,0.000039,0.000026,0.000000,0.000000,0.000003,0.000013,1132,556,54,60,1186,616,0,0,1,0
541,18.018,8,0,person,0.000703,1,bicycle,0.000069,14,bird,0.000050,0.000022,0.000000,0.000000,0.000002,0.000012,1138,554,49,66,1187,620,0,0,1,0
541,18.018,9,0,person,0.000702,13,bench,0.000192,8,boat,0.000153,0.000121,0.000012,0.000007,0.000116,0.000153,973,458,40,41,1013,499,0,0,1,0
541,18.018,10,0,person,0.000690,1,bicycle,0.000057,14,bird,0.000030,0.000012,0.000000,0.000000,0.000001,0.000010,1129,557,58,74,1187,631,0,0,1,0
541,18.018,11,0,person,0.000651,14,bird,0.000089,1,bicycle,0.000088,0.000033,0.000000,0.000000,0.000003,0.000014,1137,546,52,64,1189,610,0,0,1,0
541,18.018,12,6,train,0.000600,4,airplane,0.000056,8,boat,0.000033,0.000025,0.000025,0.000600,0.000029,0.000033,30,370,1010,102,1040,472,0,0,0,0
541,18.018,13,0,person,0.000584,14,bird,0.000061,2,car,0.000040,0.000040,0.000001,0.000001,0.000005,0.000019,1131,506,54,99,1185,605,0,0,1,0
541,18.018,14,4,airplane,0.000579,6,train,0.000115,8,boat,0.000097,0.000028,0.000017,0.000115,0.000041,0.000097,893,399,386,46,1279,445,1,0,0,0
541,18.018,15,4,airplane,0.000493,6,train,0.000115,8,boat,0.000067,0.000017,0.000013,0.000115,0.000029,0.000067,871,397,408,57,1279,454,1,0,0,0
541,18.018,16,4,airplane,0.000439,8,boat,0.000112,6,train,0.000105,0.000045,0.000022,0.000105,0.000066,0.000112,913,401,366,109,1279,510,1,0,0,0
541,18.018,17,2,car,0.000421,0,person,0.000127,7,truck,0.000081,0.000421,0.000027,0.000021,0.000081,0.000034,25,438,1224,265,1249,703,1,0,1,0
541,18.018,18,4,airplane,0.000404,6,train,0.000094,8,boat,0.000087,0.000027,0.000019,0.000094,0.000049,0.000087,894,400,385,108,1279,508,1,0,0,0
541,18.018,19,2,car,0.000403,0,person,0.000131,7,truck,0.000105,0.000403,0.000030,0.000021,0.000105,0.000035,33,411,1212,294,1245,705,1,0,1,0
541,18.018,20,4,airplane,0.000396,2,car,0.000104,25,umbrella,0.000037,0.000104,0.000004,0.000027,0.000013,0.000027,884,397,395,201,1279,598,1,0,0,0
542,18.051,1,13,bench,0.008816,0,person,0.002797,2,car,0.001716,0.001716,0.000021,0.000008,0.000321,0.000405,971,469,35,30,1006,499,0,0,0,0
542,18.051,2,0,person,0.004867,13,bench,0.002890,14,bird,0.000674,0.000440,0.000010,0.000005,0.000121,0.000124,985,469,32,31,1017,500,0,0,1,0
542,18.051,3,13,bench,0.003072,0,person,0.001114,2,car,0.000911,0.000911,0.000015,0.000007,0.000176,0.000280,969,472,41,28,1010,500,0,0,0,0
542,18.051,4,2,car,0.002713,7,truck,0.001140,0,person,0.000979,0.002713,0.000054,0.000022,0.001140,0.000131,967,464,44,35,1011,499,0,0,1,0
542,18.051,5,6,train,0.001927,4,airplane,0.000101,7,truck,0.000068,0.000053,0.000059,0.001927,0.000068,0.000064,25,378,1131,95,1156,473,0,0,0,0
542,18.051,6,2,car,0.001658,0,person,0.001516,7,truck,0.000759,0.001658,0.000031,0.000016,0.000759,0.000101,975,465,43,39,1018,504,0,0,1,0
542,18.051,7,13,bench,0.001562,2,car,0.000946,8,boat,0.000300,0.000946,0.000018,0.000008,0.000200,0.000300,962,470,44,25,1006,495,0,0,0,0
542,18.051,8,4,airplane,0.001448,6,train,0.000095,2,car,0.000073,0.000073,0.000009,0.000095,0.000023,0.000048,848,365,431,83,1279,448,1,0,0,0
542,18.051,9,0,person,0.001429,13,bench,0.001258,1,bicycle,0.000476,0.000412,0.000012,0.000006,0.000131,0.000175,971,457,38,42,1009,499,0,0,1,0
542,18.051,10,2,car,0.001225,13,bench,0.000631,56,chair,0.000591,0.001225,0.000031,0.000009,0.000258,0.000109,1007,472,38,30,1045,502,0,0,1,0
542,18.051,11,4,airplane,0.001082,6,train,0.000076,8,boat,0.000052,0.000040,0.000009,0.000076,0.000020,0.000052,854,370,424,70,1278,440,1,0,0,0
542,18.051,12,4,airplane,0.001021,2,car,0.000106,14,bird,0.000066,0.000106,0.000007,0.000060,0.000017,0.000037,857,389,422,134,1279,523,1,0,0,0
542,18.051,13,4,airplane,0.000938,6,train,0.000216,33,kite,0.000141,0.000027,0.000020,0.000216,0.000048,0.000107,842,393,437,67,1279,460,1,0,0,0
542,18.051,14,4,airplane,0.000751,8,boat,0.000157,6,train,0.000149,0.000042,0.000018,0.000149,0.000051,0.000157,893,393,386,52,1279,445,1,0,0,0
542,18.051,15,4,airplane,0.000611,6,train,0.000118,7,truck,0.000086,0.000058,0.000053,0.000118,0.000086,0.000078,1158,391,121,37,1279,428,1,0,0,0
542,18.051,16,2,car,0.000600,0,person,0.000471,13,bench,0.000410,0.000600,0.000025,0.000015,0.000237,0.000143,982,471,37,37,1019,508,0,0,1,0
542,18.051,17,4,airplane,0.000537,2,car,0.000051,6,train,0.000049,0.000051,0.000007,0.000049,0.000015,0.000033,860,394,419,210,1279,604,1,0,0,0
542,18.051,18,0,person,0.000521,13,bench,0.000338,1,bicycle,0.000216,0.000104,0.000006,0.000004,0.000050,0.000074,973,457,47,45,1020,502,0,0,1,0
542,18.051,19,4,airplane,0.000487,2,car,0.000108,6,train,0.000039,0.000108,0.000005,0.000039,0.000016,0.000028,825,388,454,133,1279,521,1,0,0,0
542,18.051,20,2,car,0.000482,13,bench,0.000323,0,person,0.000243,0.000482,0.000015,0.000005,0.000092,0.000048,1006,473,50,33,1056,506,0,0,1,0
543,18.085,1,13,bench,0.004490,2,car,0.001126,1,bicycle,0.000994,0.001126,0.000011,0.000014,0.000273,0.000256,971,471,52,28,1023,499,0,0,0,0
543,18.085,2,2,car,0.003318,0,person,0.001447,7,truck,0.001364,0.003318,0.000043,0.000023,0.001364,0.000177,970,466,40,30,1010,496,0,0,1,0
543,18.085,3,2,car,0.002546,0,person,0.001407,7,truck,0.001164,0.002546,0.000031,0.000017,0.001164,0.000146,982,467,45,36,1027,503,0,0,1,0
543,18.085,4,13,bench,0.001507,2,car,0.001203,8,boat,0.000452,0.001203,0.000013,0.000013,0.000206,0.000452,968,473,53,27,1021,500,0,0,0,0
543,18.085,5,6,train,0.001429,4,airplane,0.000182,2,car,0.000069,0.000069,0.000046,0.001429,0.000060,0.000063,18,351,1112,122,1130,473,0,0,0,0
543,18.085,6,4,airplane,0.000767,8,boat,0.000101,6,train,0.000089,0.000054,0.000031,0.000089,0.000080,0.000101,1184,388,95,34,1279,422,1,0,0,0
543,18.085,7,2,car,0.000758,13,bench,0.000529,0,person,0.000410,0.000758,0.000019,0.000019,0.000293,0.000223,984,471,46,37,1030,508,0,0,1,0
543,18.085,8,0,person,0.000730,14,bird,0.000069,2,car,0.000032,0.000032,0.000000,0.000000,0.000002,0.000008,1144,559,25,40,1169,599,0,0,1,0
543,18.085,9,0,person,0.000693,14,bird,0.000045,10,fire hydrant,0.000032,0.000002,0.000000,0.000001,0.000001,0.000024,1042,567,30,85,1072,652,0,0,1,0
543,18.085,10,4,airplane,0.000632,8,boat,0.000167,6,train,0.000111,0.000038,0.000019,0.000111,0.000044,0.000167,1019,393,260,34,1279,427,1,0,0,0
543,18.085,11,0,person,0.000631,1,bicycle,0.000143,13,bench,0.000093,0.000043,0.000002,0.000002,0.000023,0.000020,1003,459,29,43,1032,502,0,0,1,0
543,18.085,12,4,airplane,0.000527,2,car,0.000043,6,train,0.000042,0.000043,0.000004,0.000042,0.000011,0.000022,875,354,404,91,1279,445,1,0,0,0
543,18.085,13,4,airplane,0.000505,6,train,0.000041,2,car,0.000031,0.000031,0.000006,0.000041,0.000014,0.000027,875,369,403,60,1278,429,1,0,0,0
543,18.085,14,0,person,0.000503,14,bird,0.000037,10,fire hydrant,0.000033,0.000006,0.000000,0.000001,0.000002,0.000026,1039,559,34,94,1073,653,0,0,1,0
543,18.085,15,0,person,0.000462,14,bird,0.000040,10,fire hydrant,0.000033,0.000002,0.000000,0.000000,0.000001,0.000025,1044,568,27,86,1071,654,0,0,1,0
543,18.085,16,0,person,0.000443,14,bird,0.000038,16,dog,0.000016,0.000002,0.000000,0.000000,0.000001,0.000012,1038,566,34,97,1072,663,0,0,1,0
543,18.085,17,0,person,0.000440,14,bird,0.000034,1,bicycle,0.000017,0.000016,0.000000,0.000000,0.000001,0.000008,1142,559,38,47,1180,606,0,0,1,0
543,18.085,18,4,airplane,0.000430,2,car,0.000074,6,train,0.000036,0.000074,0.000004,0.000036,0.000010,0.000023,875,389,404,144,1279,533,1,0,0,0
543,18.085,19,0,person,0.000429,14,bird,0.000051,2,car,0.000032,0.000032,0.000000,0.000000,0.000003,0.000014,1135,554,50,47,1185,601,0,0,1,0
543,18.085,20,4,airplane,0.000425,8,boat,0.000174,37,surfboard,0.000067,0.000008,0.000017,0.000009,0.000020,0.000174,1184,395,95,27,1279,422,1,0,0,0
544,18.118,1,6,train,0.006179,4,airplane,0.000407,8,boat,0.000107,0.000064,0.000082,0.006179,0.000065,0.000107,8,350,1148,123,1156,473,0,0,0,0
544,18.118,2,13,bench,0.004133,2,car,0.000823,0,person,0.000431,0.000823,0.000012,0.000012,0.000170,0.000363,979,472,40,25,1019,497,0,0,0,0
544,18.118,3,13,bench,0.001742,2,car,0.000687,18,sheep,0.000276,0.000687,0.000009,0.000006,0.000115,0.000181,979,473,40,27,1019,500,0,0,0,0
544,18.118,4,0,person,0.001363,14,bird,0.000226,10,fire hydrant,0.000152,0.000038,0.000002,0.000003,0.000014,0.000028,1016,459,25,45,1041,504,0,0,1,0
544,18.118,5,6,train,0.001013,4,airplane,0.000194,8,boat,0.000050,0.000029,0.000024,0.001013,0.000033,0.000050,8,342,1071,133,1079,475,0,0,0,0
544,18.118,6,0,person,0.000909,2,car,0.000313,56,chair,0.000266,0.000313,0.000008,0.000008,0.000087,0.000082,1005,468,41,43,1046,511,0,0,1,0
544,18.118,7,0,person,0.000897,2,car,0.000194,58,potted plant,0.000092,0.000194,0.000005,0.000006,0.000078,0.000019,1013,463,33,43,1046,506,0,0,1,0
544,18.118,8,0,person,0.000860,2,car,0.000800,7,truck,0.000402,0.000800,0.000020,0.000016,0.000402,0.000044,991,466,35,37,1026,503,0,0,1,0
544,18.118,9,13,bench,0.000845,2,car,0.000490,18,sheep,0.000161,0.000490,0.000008,0.000005,0.000090,0.000120,978,473,41,28,1019,501,0,0,0,0
544,18.118,10,0,person,0.000688,14,bird,0.000181,2,car,0.000181,0.000181,0.000001,0.000001,0.000013,0.000027,1085,467,31,43,1116,510,0,0,1,0
544,18.118,11,0,person,0.000634,1,bicycle,0.000079,13,bench,0.000072,0.000039,0.000002,0.000002,0.000013,0.000019,1010,458,31,46,1041,504,0,0,1,0
544,18.118,12,4,airplane,0.000505,2,car,0.000084,25,umbrella,0.000042,0.000084,0.000007,0.000037,0.000017,0.000027,875,353,403,95,1278,448,1,0,0,0
544,18.118,13,4,airplane,0.000496,6,train,0.000100,33,kite,0.000069,0.000042,0.000019,0.000100,0.000039,0.000059,914,389,365,52,1279,441,1,0,0,0
544,18.118,14,2,car,0.000457,7,truck,0.000200,13,bench,0.000131,0.000457,0.000024,0.000019,0.000200,0.000025,946,466,73,30,1019,496,0,0,1,0
544,18.118,15,4,airplane,0.000382,2,car,0.000094,25,umbrella,0.000040,0.000094,0.000005,0.000032,0.000013,0.000019,872,335,407,117,1279,452,1,0,0,0
544,18.118,16,4,airplane,0.000364,6,train,0.000062,33,kite,0.000040,0.000016,0.000008,0.000062,0.000017,0.000020,868,387,411,61,1279,448,1,0,0,0
544,18.118,17,13,bench,0.000364,2,car,0.000334,0,person,0.000285,0.000334,0.000015,0.000018,0.000147,0.000128,985,469,50,41,1035,510,0,0,0,0
544,18.118,18,4,airplane,0.000348,6,train,0.000099,7,truck,0.000029,0.000018,0.000010,0.000099,0.000029,0.000020,878,382,397,84,1275,466,1,0,0,0
544,18.118,19,4,airplane,0.000345,6,train,0.000077,8,boat,0.000077,0.000035,0.000017,0.000077,0.000028,0.000077,982,389,297,46,1279,435,1,0,0,0
544,18.118,20,0,person,0.000332,2,car,0.000121,1,bicycle,0.000082,0.000121,0.000001,0.000001,0.000008,0.000010,1076,476,33,34,1109,510,0,0,1,0
545,18.151,1,6,train,0.011918,4,airplane,0.000452,8,boat,0.000142,0.000059,0.000120,0.011918,0.000087,0.000142,8,350,1101,125,1109,475,0,0,0,0
545,18.151,2,4,airplane,0.001623,8,boat,0.000148,6,train,0.000071,0.000055,0.000012,0.000071,0.000022,0.000148,869,379,410,51,1279,430,1,0,0,0
545,18.151,3,6,train,0.001475,4,airplane,0.000186,8,boat,0.000048,0.000027,0.000031,0.001475,0.000040,0.000048,8,341,1021,137,1029,478,0,0,0,0
545,18.151,4,8,boat,0.001463,4,airplane,0.000121,2,car,0.000067,0.000067,0.000001,0.000007,0.000013,0.001463,1007,551,177,38,1184,589,0,0,0,0
545,18.151,5,4,airplane,0.001278,8,boat,0.000125,2,car,0.000083,0.000083,0.000009,0.000068,0.000023,0.000125,870,354,409,83,1279,437,1,0,0,0
545,18.151,6,4,airplane,0.001249,8,boat,0.000321,37,surfboard,0.000164,0.000054,0.000018,0.000133,0.000052,0.000321,1036,385,243,37,1279,422,1,0,0,0
545,18.151,7,4,airplane,0.001221,8,boat,0.000222,6,train,0.000185,0.000053,0.000019,0.000185,0.000053,0.000222,955,385,324,44,1279,429,1,0,0,0
545,18.151,8,13,bench,0.001102,8,boat,0.000305,60,dining table,0.000081,0.000010,0.000006,0.000008,0.000011,0.000305,771,524,236,39,1007,563,0,0,0,0
545,18.151,9,4,airplane,0.001059,8,boat,0.000572,25,umbrella,0.000221,0.000098,0.000019,0.000097,0.000054,0.000572,1135,387,144,30,1279,417,1,0,0,0
545,18.151,10,4,airplane,0.001035,8,boat,0.000779,25,umbrella,0.000160,0.000015,0.000027,0.000011,0.000044,0.000779,1140,388,129,24,1269,412,1,0,0,0
545,18.151,11,8,boat,0.001008,56,chair,0.000118,13,bench,0.000096,0.000009,0.000001,0.000001,0.000003,0.001008,1011,538,84,39,1095,577,0,0,0,0
545,18.151,12,4,airplane,0.000923,8,boat,0.000661,33,kite,0.000048,0.000005,0.000011,0.000003,0.000016,0.000661,1138,388,141,24,1279,412,1,0,0,0
545,18.151,13,4,airplane,0.000837,8,boat,0.000208,6,train,0.000072,0.000049,0.000020,0.000072,0.000033,0.000208,1089,378,190,48,1279,426,1,0,0,0
545,18.151,14,0,person,0.000796,14,bird,0.000443,8,boat,0.000133,0.000015,0.000001,0.000001,0.000003,0.000133,1087,447,26,65,1113,512,0,0,1,0
545,18.151,15,8,boat,0.000763,37,surfboard,0.000061,25,umbrella,0.000057,0.000048,0.000002,0.000008,0.000014,0.000763,1011,557,230,80,1241,637,1,0,0,0
545,18.151,16,2,car,0.000762,0,person,0.000263,7,truck,0.000160,0.000762,0.000012,0.000018,0.000160,0.000125,987,466,36,31,1023,497,0,0,1,0
545,18.151,17,8,boat,0.000751,13,bench,0.000059,56,chair,0.000056,0.000007,0.000001,0.000001,0.000002,0.000751,1011,538,84,37,1095,575,0,0,0,0
545,18.151,18,4,airplane,0.000744,6,train,0.000152,8,boat,0.000109,0.000029,0.000012,0.000152,0.000032,0.000109,882,382,394,57,1276,439,1,0,0,0
545,18.151,19,8,boat,0.000698,4,airplane,0.000596,25,umbrella,0.000294,0.000110,0.000016,0.000043,0.000063,0.000698,1192,388,86,26,1278,414,1,0,0,0
545,18.151,20,8,boat,0.000682,14,bird,0.000267,25,umbrella,0.000179,0.000005,0.000000,0.000001,0.000002,0.000682,1011,561,83,44,1094,605,0,0,0,0
546,18.185,1,8,boat,0.009806,2,car,0.000356,13,bench,0.000335,0.000356,0.000010,0.000008,0.000078,0.009806,1032,557,85,29,1117,586,0,0,0,0
546,18.185,2,8,boat,0.009065,2,car,0.000408,13,bench,0.000251,0.000408,0.000007,0.000007,0.000055,0.009065,1032,556,87,30,1119,586,0,0,0,0
546,18.185,3,8,boat,0.008384,37,surfboard,0.000499,14,bird,0.000449,0.000203,0.000010,0.000010,0.000073,0.008384,1032,557,86,29,1118,586,0,0,0,0
546,18.185,4,4,airplane,0.005722,25,umbrella,0.002711,8,boat,0.002652,0.000047,0.000238,0.000135,0.000233,0.002652,1156,385,122,28,1278,413,1,0,0,0
546,18.185,5,8,boat,0.003775,0,person,0.000443,14,bird,0.000403,0.000113,0.000002,0.000003,0.000023,0.003775,1032,556,85,28,1117,584,0,0,0,0
546,18.185,6,4,airplane,0.003769,25,umbrella,0.002922,8,boat,0.001968,0.000026,0.000137,0.000060,0.000112,0.001968,1158,385,118,27,1276,412,1,0,0,0
546,18.185,7,4,airplane,0.003383,8,boat,0.001785,33,kite,0.001244,0.000234,0.000059,0.000203,0.000128,0.001785,1163,390,94,24,1257,414,1,0,0,0
546,18.185,8,25,umbrella,0.002852,8,boat,0.001697,4,airplane,0.001318,0.000152,0.000219,0.000300,0.000226,0.001697,1160,382,119,34,1279,416,1,0,0,0
546,18.185,9,4,airplane,0.002636,8,boat,0.002109,25,umbrella,0.000960,0.000216,0.000114,0.000289,0.000130,0.002109,1161,383,117,32,1278,415,1,0,0,0
546,18.185,10,25,umbrella,0.002394,8,boat,0.001916,4,airplane,0.001599,0.000206,0.000137,0.000241,0.000133,0.001916,1161,383,117,32,1278,415,1,0,0,0
546,18.185,11,4,airplane,0.002317,8,boat,0.001853,25,umbrella,0.001688,0.000022,0.000147,0.000048,0.000086,0.001853,1160,386,110,26,1270,412,1,0,0,0
546,18.185,12,8,boat,0.001819,25,umbrella,0.000246,14,bird,0.000202,0.000139,0.000002,0.000003,0.000018,0.001819,1031,566,88,28,1119,594,0,0,0,0
546,18.185,13,4,airplane,0.001539,8,boat,0.001226,25,umbrella,0.000448,0.000027,0.000101,0.000037,0.000083,0.001226,1158,385,121,28,1279,413,1,0,0,0
546,18.185,14,4,airplane,0.001442,8,boat,0.001113,25,umbrella,0.000453,0.000123,0.000063,0.000154,0.000094,0.001113,1160,378,119,38,1279,416,1,0,0,0
546,18.185,15,8,boat,0.001417,14,bird,0.000353,13,bench,0.000267,0.000166,0.000003,0.000004,0.000031,0.001417,1030,566,92,29,1122,595,0,0,0,0
546,18.185,16,8,boat,0.001193,14,bird,0.000276,25,umbrella,0.000214,0.000142,0.000001,0.000002,0.000016,0.001193,1031,566,89,29,1120,595,0,0,0,0
546,18.185,17,8,boat,0.001186,14,bird,0.001010,25,umbrella,0.000442,0.000141,0.000001,0.000002,0.000014,0.001186,1033,565,88,29,1121,594,0,0,0,0
546,18.185,18,8,boat,0.001183,4,airplane,0.000066,2,car,0.000064,0.000064,0.000009,0.000015,0.000033,0.001183,1026,519,107,67,1133,586,0,0,0,0
546,18.185,19,25,umbrella,0.001059,8,boat,0.000229,4,airplane,0.000208,0.000006,0.000013,0.000017,0.000015,0.000229,1157,385,119,38,1276,423,1,0,0,0
546,18.185,20,8,boat,0.000852,25,umbrella,0.000745,4,airplane,0.000742,0.000026,0.000045,0.000032,0.000049,0.000852,1157,377,119,36,1276,413,1,0,0,0
547,18.218,1,8,boat,0.067934,14,bird,0.011157,2,car,0.003325,0.003325,0.000012,0.000020,0.000297,0.067934,1065,572,103,24,1168,596,0,0,0,0
547,18.218,2,8,boat,0.059990,14,bird,0.032362,0,person,0.004806,0.001524,0.000015,0.000023,0.000444,0.059990,1066,571,102,24,1168,595,0,0,0,0
547,18.218,3,8,boat,0.058915,2,car,0.002974,14,bird,0.002874,0.002974,0.000022,0.000021,0.000396,0.058915,1066,572,105,24,1171,596,0,0,0,0
547,18.218,4,8,boat,0.049371,14,bird,0.015457,4,airplane,0.003202,0.001970,0.000011,0.000026,0.000376,0.049371,1065,571,104,25,1169,596,0,0,0,0
547,18.218,5,8,boat,0.024809,14,bird,0.009986,37,surfboard,0.001875,0.001268,0.000011,0.000015,0.000171,0.024809,1064,571,103,25,1167,596,0,0,0,0
547,18.218,6,8,boat,0.014879,14,bird,0.009961,0,person,0.002252,0.000854,0.000011,0.000012,0.000194,0.014879,1063,569,110,26,1173,595,0,0,0,0
547,18.218,7,6,train,0.006249,4,airplane,0.000325,8,boat,0.000123,0.000084,0.000111,0.006249,0.000121,0.000123,16,401,1044,73,1060,474,0,0,0,0
547,18.218,8,8,boat,0.004418,14,bird,0.001501,33,kite,0.000725,0.000473,0.000014,0.000058,0.000062,0.004418,1064,571,116,33,1180,604,0,0,0,0
547,18.218,9,8,boat,0.004028,14,bird,0.000807,37,surfboard,0.000318,0.000286,0.000003,0.000004,0.000031,0.004028,1077,571,103,26,1180,597,0,0,0,0
547,18.218,10,8,boat,0.003507,4,airplane,0.000655,14,bird,0.000404,0.000237,0.000008,0.000028,0.000047,0.003507,1064,563,114,35,1178,598,0,0,0,0
547,18.218,11,8,boat,0.003299,4,airplane,0.000436,2,car,0.000311,0.000311,0.000009,0.000026,0.000049,0.003299,1065,565,113,31,1178,596,0,0,0,0
547,18.218,12,4,airplane,0.002777,37,surfboard,0.000848,8,boat,0.000835,0.000016,0.000041,0.000021,0.000034,0.000835,1179,386,100,26,1279,412,1,0,0,0
547,18.218,13,4,airplane,0.002761,8,boat,0.001164,37,surfboard,0.000783,0.000019,0.000034,0.000020,0.000046,0.001164,1170,385,109,29,1279,414,1,0,0,0
547,18.218,14,4,airplane,0.002511,33,kite,0.001154,8,boat,0.000789,0.000015,0.000070,0.000026,0.000044,0.000789,1182,385,97,26,1279,411,1,0,0,0
547,18.218,15,8,boat,0.002448,33,kite,0.000566,4,airplane,0.000518,0.000452,0.000013,0.000043,0.000065,0.002448,1065,571,115,33,1180,604,0,0,0,0
547,18.218,16,4,airplane,0.002412,33,kite,0.000827,8,boat,0.000597,0.000064,0.000024,0.000188,0.000044,0.000597,1098,384,181,33,1279,417,1,0,0,0
547,18.218,17,8,boat,0.001707,4,airplane,0.000159,33,kite,0.000136,0.000034,0.000011,0.000019,0.000027,0.001707,1063,474,119,123,1182,597,0,0,0,0
547,18.218,18,4,airplane,0.001585,33,kite,0.000570,8,boat,0.000417,0.000047,0.000013,0.000103,0.000024,0.000417,1120,383,159,32,1279,415,1,0,0,0
547,18.218,19,8,boat,0.001379,2,car,0.000138,4,airplane,0.000129,0.000138,0.000007,0.000016,0.000040,0.001379,1064,561,114,33,1178,594,0,0,0,0
547,18.218,20,4,airplane,0.001269,33,kite,0.000435,8,boat,0.000263,0.000063,0.000013,0.000065,0.000029,0.000263,1127,382,152,32,1279,414,1,0,0,0
548,18.252,1,4,airplane,0.006337,25,umbrella,0.002006,33,kite,0.001503,0.000023,0.000098,0.000067,0.000062,0.001006,1137,387,142,25,1279,412,1,0,0,0
548,18.252,2,6,train,0.005116,4,airplane,0.000228,8,boat,0.000085,0.000048,0.000074,0.005116,0.000064,0.000085,11,394,1063,82,1074,476,0,0,0,0
548,18.252,3,4,airplane,0.004196,25,umbrella,0.001221,8,boat,0.001198,0.000167,0.000067,0.000401,0.000105,0.001198,1120,387,159,31,1279,418,1,0,0,0
548,18.252,4,4,airplane,0.003807,25,umbrella,0.003205,8,boat,0.001415,0.000291,0.000060,0.000213,0.000086,0.001415,1128,384,151,31,1279,415,1,0,0,0
548,18.252,5,4,airplane,0.003506,25,umbrella,0.002816,8,boat,0.001078,0.000190,0.000075,0.000249,0.000139,0.001078,1130,382,149,35,1279,417,1,0,0,0
548,18.252,6,4,airplane,0.003478,25,umbrella,0.002344,8,boat,0.001386,0.000216,0.000054,0.000271,0.000070,0.001386,1126,385,153,31,1279,416,1,0,0,0
548,18.252,7,4,airplane,0.002658,25,umbrella,0.001019,8,boat,0.000670,0.000021,0.000047,0.000023,0.000047,0.000670,1139,386,140,26,1279,412,1,0,0,0
548,18.252,8,4,airplane,0.001659,25,umbrella,0.001298,8,boat,0.000552,0.000091,0.000011,0.000058,0.000024,0.000552,1128,368,151,46,1279,414,1,0,0,0
548,18.252,9,4,airplane,0.001652,8,boat,0.000362,33,kite,0.000296,0.000098,0.000040,0.000211,0.000109,0.000362,1064,392,215,34,1279,426,1,0,0,0
548,18.252,10,4,airplane,0.001622,25,umbrella,0.000967,8,boat,0.000440,0.000064,0.000011,0.000087,0.000022,0.000440,1128,367,151,47,1279,414,1,0,0,0
548,18.252,11,2,car,0.001603,8,boat,0.000626,37,surfboard,0.000194,0.001603,0.000012,0.000030,0.000165,0.000626,1096,580,137,27,1233,607,1,0,1,0
548,18.252,12,4,airplane,0.001331,8,boat,0.000645,25,umbrella,0.000523,0.000018,0.000023,0.000010,0.000029,0.000645,1176,386,103,27,1279,413,1,0,0,0
548,18.252,13,8,boat,0.001255,2,car,0.000424,37,surfboard,0.000382,0.000424,0.000003,0.000004,0.000034,0.001255,1099,577,128,25,1227,602,1,0,0,0
548,18.252,14,4,airplane,0.001202,8,boat,0.000270,25,umbrella,0.000207,0.000090,0.000022,0.000092,0.000032,0.000270,1124,378,155,42,1279,420,1,0,0,0
548,18.252,15,58,potted plant,0.001165,15,cat,0.000021,46,banana,0.000021,0.000002,0.000001,0.000004,0.000003,0.000003,629,91,420,368,1049,459,0,0,0,0
548,18.252,16,58,potted plant,0.000939,15,cat,0.000038,55,cake,0.000031,0.000004,0.000001,0.000004,0.000004,0.000004,629,86,418,369,1047,455,0,0,0,0
548,18.252,17,2,car,0.000913,8,boat,0.000440,4,airplane,0.000166,0.000913,0.000009,0.000028,0.000096,0.000440,1096,575,171,36,1267,611,1,0,1,0
548,18.252,18,4,airplane,0.000910,25,umbrella,0.000843,8,boat,0.000384,0.000060,0.000018,0.000065,0.000043,0.000384,1129,361,150,53,1279,414,1,0,0,0
548,18.252,19,0,person,0.000908,14,bird,0.000239,1,bicycle,0.000187,0.000047,0.000001,0.000001,0.000004,0.000022,1075,472,24,39,1099,511,0,0,1,0
548,18.252,20,0,person,0.000808,14,bird,0.000182,8,boat,0.000064,0.000029,0.000001,0.000000,0.000006,0.000064,1129,524,34,60,1163,584,0,0,1,0
549,18.285,1,25,umbrella,0.028005,4,airplane,0.001914,33,kite,0.000883,0.000012,0.000049,0.000043,0.000033,0.000629,1149,388,130,26,1279,414,1,0,0,0
549,18.285,2,25,umbrella,0.024609,4,airplane,0.001727,33,kite,0.000755,0.000116,0.000035,0.000144,0.000050,0.000694,1150,365,129,50,1279,415,1,0,0,0
549,18.285,3,25,umbrella,0.021158,4,airplane,0.001573,8,boat,0.000500,0.000016,0.000035,0.000025,0.000036,0.000500,1149,387,130,27,1279,414,1,0,0,0
549,18.285,4,25,umbrella,0.020557,4,airplane,0.001795,8,boat,0.000653,0.000120,0.000090,0.000243,0.000086,0.000653,1151,385,128,39,1279,424,1,0,0,0
549,18.285,5,25,umbrella,0.017871,4,airplane,0.000726,33,kite,0.000525,0.000015,0.000045,0.000027,0.000026,0.000364,1149,390,130,24,1279,414,1,0,0,0
549,18.285,6,25,umbrella,0.016429,4,airplane,0.002184,8,boat,0.000855,0.000123,0.000099,0.000300,0.000118,0.000855,1150,384,129,37,1279,421,1,0,0,0
549,18.285,7,25,umbrella,0.016321,4,airplane,0.000978,8,boat,0.000406,0.000078,0.000021,0.000081,0.000028,0.000406,1151,367,128,50,1279,417,1,0,0,0
549,18.285,8,25,umbrella,0.013828,4,airplane,0.001559,8,boat,0.000748,0.000131,0.000134,0.000264,0.000163,0.000748,1150,383,129,59,1279,442,1,0,0,0
549,18.285,9,25,umbrella,0.013330,4,airplane,0.000409,8,boat,0.000344,0.000009,0.000027,0.000026,0.000032,0.000344,1148,388,131,77,1279,465,1,0,0,0
549,18.285,10,25,umbrella,0.011712,4,airplane,0.000255,8,boat,0.000220,0.000007,0.000013,0.000007,0.000019,0.000220,1148,388,131,74,1279,462,1,0,0,0
549,18.285,11,25,umbrella,0.007824,33,kite,0.000125,4,airplane,0.000125,0.000006,0.000016,0.000016,0.000016,0.000116,1149,390,129,76,1278,466,1,0,0,0
549,18.285,12,4,airplane,0.007557,25,umbrella,0.006027,8,boat,0.000651,0.000382,0.000103,0.000290,0.000306,0.000651,1148,383,131,155,1279,538,1,0,0,0
549,18.285,13,4,airplane,0.007422,25,umbrella,0.003368,8,boat,0.000452,0.000173,0.000085,0.000241,0.000214,0.000452,1150,378,129,58,1279,436,1,0,0,0
549,18.285,14,25,umbrella,0.007321,4,airplane,0.000760,33,kite,0.000397,0.000034,0.000020,0.000021,0.000037,0.000258,1147,367,132,48,1279,415,1,0,0,0
549,18.285,15,25,umbrella,0.006591,8,boat,0.000133,37,surfboard,0.000099,0.000005,0.000018,0.000015,0.000017,0.000133,1149,391,124,54,1273,445,1,0,0,0
549,18.285,16,25,umbrella,0.006332,4,airplane,0.000365,8,boat,0.000248,0.000050,0.000024,0.000061,0.000032,0.000248,1150,361,129,55,1279,416,1,0,0,0
549,18.285,17,0,person,0.005623,14,bird,0.001222,56,chair,0.000208,0.000011,0.000000,0.000000,0.000001,0.000035,1151,558,29,48,1180,606,0,0,1,0
549,18.285,18,25,umbrella,0.005401,4,airplane,0.000337,8,boat,0.000190,0.000016,0.000007,0.000006,0.000014,0.000190,1144,369,135,46,1279,415,1,0,0,0
549,18.285,19,25,umbrella,0.005387,4,airplane,0.002179,8,boat,0.001158,0.000188,0.000157,0.000296,0.000240,0.001158,1149,381,130,56,1279,437,1,0,0,0
549,18.285,20,25,umbrella,0.004892,4,airplane,0.000802,8,boat,0.000601,0.000172,0.000111,0.000156,0.000232,0.000601,1150,388,129,102,1279,490,1,0,0,0
550,18.318,1,4,airplane,0.009710,25,umbrella,0.002293,8,boat,0.002221,0.000041,0.000257,0.000284,0.000160,0.002221,1166,385,113,53,1279,438,1,0,0,0
550,18.318,2,4,airplane,0.007589,8,boat,0.001610,25,umbrella,0.000967,0.000257,0.000265,0.000839,0.000437,0.001610,1170,386,109,64,1279,450,1,0,0,0
550,18.318,3,58,potted plant,0.005780,15,cat,0.000031,55,cake,0.000027,0.000001,0.000000,0.000002,0.000001,0.000002,634,73,440,403,1074,476,0,0,0,0
550,18.318,4,4,airplane,0.005401,25,umbrella,0.001826,8,boat,0.001204,0.000307,0.000345,0.000570,0.000469,0.001204,1171,386,108,74,1279,460,1,0,0,0
550,18.318,5,58,potted plant,0.005004,15,cat,0.000067,75,vase,0.000043,0.000002,0.000000,0.000002,0.000002,0.000003,635,70,440,408,1075,478,0,0,0,0
550,18.318,6,4,airplane,0.004691,25,umbrella,0.002608,8,boat,0.001437,0.000202,0.000545,0.000822,0.000646,0.001437,1172,384,107,80,1279,464,1,0,0,0
550,18.318,7,58,potted plant,0.004548,23,giraffe,0.000043,15,cat,0.000037,0.000002,0.000001,0.000003,0.000005,0.000002,632,73,446,393,1078,466,0,0,0,0
550,18.318,8,58,potted plant,0.004505,15,cat,0.000042,55,cake,0.000036,0.000001,0.000000,0.000001,0.000001,0.000001,633,71,445,402,1078,473,0,0,0,0
550,18.318,9,4,airplane,0.004171,8,boat,0.000674,6,train,0.000277,0.000075,0.000080,0.000277,0.000134,0.000674,1172,377,107,88,1279,465,1,0,0,0
550,18.318,10,4,airplane,0.003879,8,boat,0.000613,6,train,0.000279,0.000106,0.000064,0.000279,0.000138,0.000613,1172,384,107,172,1279,556,1,0,0,0
550,18.318,11,4,airplane,0.003527,25,umbrella,0.002730,8,boat,0.000769,0.000016,0.000112,0.000071,0.000052,0.000769,1169,388,110,25,1279,413,1,0,0,0
550,18.318,12,58,potted plant,0.003165,15,cat,0.000087,55,cake,0.000063,0.000001,0.000000,0.000001,0.000001,0.000002,635,70,443,407,1078,477,0,0,0,0
550,18.318,13,4,airplane,0.002542,8,boat,0.001309,7,truck,0.001238,0.000247,0.000429,0.000551,0.001238,0.001309,1170,387,109,99,1279,486,1,0,0,0
550,18.318,14,25,umbrella,0.002278,4,airplane,0.001626,37,surfboard,0.000676,0.000008,0.000120,0.000037,0.000024,0.000568,1170,388,109,24,1279,412,1,0,0,0
550,18.318,15,58,potted plant,0.002247,15,cat,0.000241,16,dog,0.000116,0.000001,0.000000,0.000002,0.000001,0.000001,635,71,439,403,1074,474,0,0,0,0
550,18.318,16,4,airplane,0.002182,7,truck,0.001406,8,boat,0.001097,0.000170,0.000575,0.000751,0.001406,0.001097,1172,385,107,94,1279,479,1,0,0,0
550,18.318,17,25,umbrella,0.002055,4,airplane,0.000394,8,boat,0.000249,0.000008,0.000053,0.000048,0.000040,0.000249,1168,390,111,61,1279,451,1,0,0,0
550,18.318,18,58,potted plant,0.002047,23,giraffe,0.000030,1,bicycle,0.000029,0.000002,0.000001,0.000007,0.000006,0.000004,627,76,450,397,1077,473,0,0,0,0
550,18.318,19,0,person,0.002030,14,bird,0.000951,1,bicycle,0.000345,0.000079,0.000001,0.000002,0.000009,0.000053,1096,472,28,39,1124,511,0,0,1,0
550,18.318,20,4,airplane,0.001811,8,boat,0.000885,7,truck,0.000467,0.000127,0.000145,0.000388,0.000467,0.000885,1133,389,146,119,1279,508,1,0,0,0
551,18.352,1,4,airplane,0.028770,25,umbrella,0.001213,8,boat,0.001026,0.000072,0.000362,0.000409,0.000310,0.001026,1178,385,101,72,1279,457,1,0,0,0
551,18.352,2,4,airplane,0.018801,6,train,0.000413,8,boat,0.000360,0.000052,0.000042,0.000413,0.000177,0.000360,1144,385,135,71,1279,456,1,0,0,0
551,18.352,3,4,airplane,0.014215,8,boat,0.000288,6,train,0.000276,0.000056,0.000029,0.000276,0.000061,0.000288,1137,377,142,80,1279,457,1,0,0,0
551,18.352,4,4,airplane,0.012946,6,train,0.000541,8,boat,0.000302,0.000044,0.000030,0.000541,0.000159,0.000302,1139,385,140,71,1279,456,1,0,0,0
551,18.352,5,4,airplane,0.012347,6,train,0.000724,7,truck,0.000406,0.000066,0.000147,0.000724,0.000406,0.000385,1164,383,115,74,1279,457,1,0,0,0
551,18.352,6,4,airplane,0.009550,6,train,0.000856,7,truck,0.000743,0.000115,0.000119,0.000856,0.000743,0.000450,1157,388,122,73,1279,461,1,0,0,0
551,18.352,7,4,airplane,0.007621,8,boat,0.000408,6,train,0.000302,0.000107,0.000033,0.000302,0.000073,0.000408,1117,387,162,219,1279,606,1,0,0,0
551,18.352,8,4,airplane,0.007178,6,train,0.000900,8,boat,0.000412,0.000086,0.000062,0.000900,0.000265,0.000412,1062,387,217,67,1279,454,1,0,0,0
551,18.352,9,4,airplane,0.006316,25,umbrella,0.001215,8,boat,0.000752,0.000153,0.000311,0.000363,0.000628,0.000752,1180,381,99,75,1279,456,1,0,0,0
551,18.352,10,4,airplane,0.006145,6,train,0.000226,8,boat,0.000113,0.000050,0.000010,0.000226,0.000033,0.000113,862,367,417,98,1279,465,1,0,0,0
551,18.352,11,4,airplane,0.005791,7,truck,0.000997,6,train,0.000942,0.000113,0.000213,0.000942,0.000997,0.000368,1178,388,101,71,1279,459,1,0,0,0
551,18.352,12,4,airplane,0.005122,25,umbrella,0.000405,33,kite,0.000375,0.000019,0.000043,0.000045,0.000032,0.000328,1178,378,101,53,1279,431,1,0,0,0
551,18.352,13,4,airplane,0.004805,6,train,0.000587,8,boat,0.000422,0.000079,0.000075,0.000587,0.000420,0.000422,1110,391,169,92,1279,483,1,0,0,0
551,18.352,14,4,airplane,0.004765,8,boat,0.000390,6,train,0.000305,0.000032,0.000133,0.000305,0.000261,0.000390,1183,387,96,72,1279,459,1,0,0,0
551,18.352,15,4,airplane,0.004296,6,train,0.000503,25,umbrella,0.000376,0.000030,0.000274,0.000503,0.000318,0.000374,1182,387,97,71,1279,458,1,0,0,0
551,18.352,16,0,person,0.003997,13,bench,0.000480,56,chair,0.000262,0.000131,0.000006,0.000007,0.000057,0.000171,1137,481,29,34,1166,515,0,0,1,0
551,18.352,17,4,airplane,0.003551,6,train,0.000222,14,bird,0.000129,0.000090,0.000006,0.000222,0.000027,0.000084,863,247,416,221,1279,468,1,0,0,0
551,18.352,18,4,airplane,0.003322,8,boat,0.000103,33,kite,0.000081,0.000020,0.000007,0.000078,0.000044,0.000103,1144,367,135,91,1279,458,1,0,0,0
551,18.352,19,4,airplane,0.003078,8,boat,0.000419,6,train,0.000296,0.000253,0.000032,0.000296,0.000099,0.000419,915,388,364,240,1279,628,1,0,0,0
551,18.352,20,4,airplane,0.002905,8,boat,0.000200,33,kite,0.000169,0.000010,0.000030,0.000032,0.000012,0.000200,1182,378,97,33,1279,411,1,0,0,0
552,18.385,1,4,airplane,0.009286,6,train,0.002008,8,boat,0.001958,0.000356,0.000213,0.002008,0.000432,0.001958,1163,386,116,27,1279,413,1,0,0,0
552,18.385,2,4,airplane,0.008784,8,boat,0.002837,37,surfboard,0.001047,0.000219,0.000470,0.000299,0.000650,0.002837,1179,387,100,24,1279,411,1,0,0,0
552,18.385,3,4,airplane,0.005885,8,boat,0.001268,6,train,0.001020,0.000326,0.000213,0.001020,0.000391,0.001268,1163,385,116,28,1279,413,1,0,0,0
552,18.385,4,4,airplane,0.004714,6,train,0.000925,8,boat,0.000710,0.000161,0.000195,0.000925,0.000294,0.000710,1162,383,117,31,1279,414,1,0,0,0
552,18.385,5,4,airplane,0.003773,8,boat,0.001044,6,train,0.000426,0.000081,0.000062,0.000426,0.000158,0.001044,1162,369,117,43,1279,412,1,0,0,0
552,18.385,6,4,airplane,0.002903,8,boat,0.000571,6,train,0.000342,0.000129,0.000082,0.000342,0.000195,0.000571,1163,368,116,43,1279,411,1,0,0,0
552,18.385,7,4,airplane,0.002649,8,boat,0.000630,6,train,0.000255,0.000082,0.000051,0.000255,0.000129,0.000630,1162,370,117,43,1279,413,1,0,0,0
552,18.385,8,4,airplane,0.002162,8,boat,0.000603,6,train,0.000503,0.000088,0.000056,0.000503,0.000171,0.000603,1145,391,134,26,1279,417,1,0,0,0
552,18.385,9,4,airplane,0.001958,8,boat,0.000890,33,kite,0.000158,0.000025,0.000075,0.000057,0.000061,0.000890,1164,379,115,32,1279,411,1,0,0,0
552,18.385,10,58,potted plant,0.001492,15,cat,0.000056,55,cake,0.000036,0.000000,0.000000,0.000001,0.000001,0.000001,638,56,467,406,1105,462,0,0,0,0
552,18.385,11,4,airplane,0.001224,8,boat,0.000854,37,surfboard,0.000556,0.000163,0.000180,0.000128,0.000251,0.000854,1183,384,96,27,1279,411,1,0,0,0
552,18.385,12,4,airplane,0.001163,8,boat,0.000124,9,traffic light,0.000073,0.000003,0.000009,0.000016,0.000016,0.000124,1160,391,119,47,1279,438,1,0,0,0
552,18.385,13,58,potted plant,0.001122,15,cat,0.000118,55,cake,0.000059,0.000000,0.000000,0.000001,0.000001,0.000001,638,57,467,408,1105,465,0,0,0,0
552,18.385,14,4,airplane,0.001121,8,boat,0.000688,37,surfboard,0.000190,0.000038,0.000056,0.000033,0.000054,0.000688,1165,380,114,30,1279,410,1,0,0,0
552,18.385,15,58,potted plant,0.001086,15,cat,0.000061,18,sheep,0.000032,0.000001,0.000000,0.000002,0.000001,0.000002,638,55,469,411,1107,466,0,0,0,0
552,18.385,16,58,potted plant,0.001081,15,cat,0.000157,16,dog,0.000058,0.000001,0.000000,0.000002,0.000001,0.000002,640,55,464,402,1104,457,0,0,0,0
552,18.385,17,8,boat,0.001053,7,truck,0.000738,6,train,0.000580,0.000160,0.000197,0.000580,0.000738,0.001053,1087,396,192,197,1279,593,1,0,0,0
552,18.385,18,58,potted plant,0.001024,15,cat,0.000118,54,donut,0.000042,0.000001,0.000000,0.000002,0.000001,0.000002,638,55,471,414,1109,469,0,0,0,0
552,18.385,19,58,potted plant,0.001018,15,cat,0.000039,18,sheep,0.000032,0.000002,0.000001,0.000003,0.000004,0.000002,636,56,469,402,1105,458,0,0,0,0
552,18.385,20,8,boat,0.000863,7,truck,0.000492,6,train,0.000262,0.000155,0.000095,0.000262,0.000492,0.000863,1085,401,194,143,1279,544,1,0,0,0
553,18.418,1,4,airplane,0.012001,8,boat,0.005104,7,truck,0.000949,0.000329,0.000660,0.000503,0.000949,0.005104,1185,378,94,32,1279,410,1,0,0,0
553,18.418,2,0,person,0.009853,14,bird,0.001119,1,bicycle,0.000639,0.000059,0.000000,0.000001,0.000004,0.000036,1086,455,27,57,1113,512,0,0,1,0
553,18.418,3,4,airplane,0.009515,8,boat,0.002887,6,train,0.001630,0.000341,0.000249,0.001630,0.001036,0.002887,1185,388,94,26,1279,414,1,0,0,0
553,18.418,4,4,airplane,0.007823,8,boat,0.002311,6,train,0.000942,0.000418,0.000286,0.000942,0.000880,0.002311,1184,370,95,42,1279,412,1,0,0,0
553,18.418,5,4,airplane,0.007602,8,boat,0.002111,6,train,0.001872,0.000588,0.000441,0.001872,0.001117,0.002111,1184,385,95,28,1279,413,1,0,0,0
553,18.418,6,4,airplane,0.007274,8,boat,0.003032,6,train,0.000951,0.000218,0.000191,0.000951,0.000618,0.003032,1185,368,94,43,1279,411,1,0,0,0
553,18.418,7,0,person,0.006677,1,bicycle,0.000952,14,bird,0.000553,0.000037,0.000000,0.000001,0.000004,0.000024,1084,444,32,63,1116,507,0,0,1,0
553,18.418,8,4,airplane,0.006202,6,train,0.001730,8,boat,0.001459,0.000368,0.000646,0.001730,0.001271,0.001459,1185,382,94,32,1279,414,1,0,0,0
553,18.418,9,4,airplane,0.005016,8,boat,0.001495,6,train,0.000951,0.000330,0.000388,0.000951,0.000931,0.001495,1184,368,95,44,1279,412,1,0,0,0
553,18.418,10,0,person,0.004727,17,horse,0.000247,19,cow,0.000209,0.000060,0.000002,0.000002,0.000022,0.000031,1087,453,29,57,1116,510,0,0,1,0
553,18.418,11,0,person,0.004683,1,bicycle,0.000458,14,bird,0.000299,0.000022,0.000001,0.000001,0.000005,0.000011,1086,440,30,67,1116,507,0,0,1,0
553,18.418,12,0,person,0.004475,14,bird,0.000612,1,bicycle,0.000277,0.000024,0.000000,0.000000,0.000002,0.000018,1083,466,27,51,1110,517,0,0,1,0
553,18.418,13,0,person,0.004119,14,bird,0.001033,18,sheep,0.000328,0.000010,0.000000,0.000000,0.000003,0.000053,1168,481,25,36,1193,517,0,0,1,0
553,18.418,14,4,airplane,0.003420,8,boat,0.002835,7,truck,0.000591,0.000222,0.000266,0.000104,0.000591,0.002835,1185,378,94,32,1279,410,1,0,0,0
553,18.418,15,0,person,0.002828,14,bird,0.000632,1,bicycle,0.000628,0.000048,0.000000,0.000001,0.000004,0.000020,1071,457,35,57,1106,514,0,0,1,0
553,18.418,16,0,person,0.002763,14,bird,0.000441,1,bicycle,0.000395,0.000091,0.000002,0.000002,0.000021,0.000058,1085,458,40,55,1125,513,0,0,1,0
553,18.418,17,0,person,0.002593,1,bicycle,0.000731,14,bird,0.000696,0.000255,0.000001,0.000002,0.000014,0.000103,1088,461,33,46,1121,507,0,0,1,0
553,18.418,18,4,airplane,0.002425,8,boat,0.001099,6,train,0.000448,0.000063,0.000060,0.000448,0.000130,0.001099,1186,377,93,36,1279,413,1,0,0,0
553,18.418,19,0,person,0.002143,1,bicycle,0.000986,14,bird,0.000411,0.000089,0.000001,0.000002,0.000011,0.000062,1088,446,32,56,1120,502,0,0,1,0
553,18.418,20,4,airplane,0.001949,8,boat,0.000685,7,truck,0.000306,0.000065,0.000164,0.000144,0.000306,0.000685,1185,388,94,35,1279,423,1,0,0,0
554,18.452,1,8,boat,0.081784,4,airplane,0.027552,7,truck,0.005226,0.001772,0.001663,0.002089,0.005226,0.081784,1208,384,71,26,1279,410,1,0,0,0
554,18.452,2,8,boat,0.020159,4,airplane,0.004782,7,truck,0.002751,0.000552,0.000594,0.000340,0.002751,0.020159,1208,379,71,30,1279,409,1,0,0,0
554,18.452,3,8,boat,0.018271,4,airplane,0.005796,7,truck,0.002134,0.000809,0.000577,0.000487,0.002134,0.018271,1208,379,71,31,1279,410,1,0,0,0
554,18.452,4,8,boat,0.017733,4,airplane,0.002567,7,truck,0.001948,0.000528,0.000400,0.000164,0.001948,0.017733,1208,378,71,31,1279,409,1,0,0,0
554,18.452,5,4,airplane,0.012940,8,boat,0.012261,6,train,0.002364,0.000818,0.000432,0.002364,0.001804,0.012261,1208,369,71,42,1279,411,1,0,0,0
554,18.452,6,4,airplane,0.007996,8,boat,0.007698,6,train,0.003154,0.001102,0.000681,0.003154,0.002106,0.007698,1207,380,72,32,1279,412,1,0,0,0
554,18.452,7,4,airplane,0.007504,8,boat,0.006575,7,truck,0.002342,0.000954,0.000648,0.002179,0.002342,0.006575,1208,368,71,43,1279,411,1,0,0,0
554,18.452,8,4,airplane,0.005746,8,boat,0.005654,6,train,0.002881,0.001239,0.000909,0.002881,0.002457,0.005654,1208,380,71,32,1279,412,1,0,0,0
554,18.452,9,0,person,0.004637,14,bird,0.001247,1,bicycle,0.000480,0.000031,0.000001,0.000002,0.000005,0.000069,1087,442,31,64,1118,506,0,0,1,0
554,18.452,10,0,person,0.004569,14,bird,0.001527,1,bicycle,0.000639,0.000044,0.000001,0.000001,0.000005,0.000100,1087,445,33,65,1120,510,0,0,1,0
554,18.452,11,0,person,0.003585,14,bird,0.000848,56,chair,0.000436,0.000035,0.000002,0.000002,0.000010,0.000063,1190,488,31,31,1221,519,1,0,1,0
554,18.452,12,0,person,0.003426,14,bird,0.000720,3,motorcycle,0.000152,0.000050,0.000002,0.000004,0.000022,0.000077,1090,448,28,61,1118,509,0,0,1,0
554,18.452,13,4,airplane,0.002917,8,boat,0.001689,6,train,0.000424,0.000082,0.000050,0.000424,0.000145,0.001689,1212,375,67,42,1279,417,1,0,0,0
554,18.452,14,0,person,0.002357,14,bird,0.000493,1,bicycle,0.000224,0.000025,0.000001,0.000002,0.000006,0.000023,1087,440,31,67,1118,507,0,0,1,0
554,18.452,15,0,person,0.002244,14,bird,0.001370,56,chair,0.000382,0.000072,0.000001,0.000002,0.000008,0.000219,1088,449,33,59,1121,508,0,0,1,0
554,18.452,16,8,boat,0.002088,4,airplane,0.001311,6,train,0.000337,0.000098,0.000077,0.000337,0.000227,0.002088,1208,324,71,88,1279,412,1,0,0,0
554,18.452,17,0,person,0.001876,14,bird,0.000879,1,bicycle,0.000332,0.000034,0.000002,0.000002,0.000007,0.000117,1088,445,31,60,1119,505,0,0,1,0
554,18.452,18,0,person,0.001619,14,bird,0.000916,1,bicycle,0.000154,0.000027,0.000000,0.000001,0.000002,0.000041,1087,461,26,56,1113,517,0,0,1,0
554,18.452,19,4,airplane,0.001292,8,boat,0.000315,6,train,0.000118,0.000058,0.000018,0.000118,0.000060,0.000315,885,365,394,75,1279,440,1,0,0,0
554,18.452,20,0,person,0.001199,14,bird,0.000741,1,bicycle,0.000222,0.000079,0.000003,0.000003,0.000020,0.000098,1088,452,44,62,1132,514,0,0,1,0
555,18.485,1,0,person,0.005179,14,bird,0.001025,56,chair,0.000443,0.000135,0.000004,0.000004,0.000040,0.000262,1090,443,29,61,1119,504,0,0,1,0
555,18.485,2,0,person,0.004195,56,chair,0.001514,14,bird,0.000964,0.000047,0.000002,0.000002,0.000007,0.000114,1088,445,32,65,1120,510,0,0,1,0
555,18.485,3,8,boat,0.004048,4,airplane,0.001042,7,truck,0.000522,0.000226,0.000263,0.000146,0.000522,0.004048,1234,380,45,30,1279,410,1,0,0,0
555,18.485,4,0,person,0.003988,14,bird,0.000039,23,giraffe,0.000037,0.000005,0.000002,0.000002,0.000007,0.000020,1205,452,27,65,1232,517,1,0,1,0
555,18.485,5,0,person,0.003673,17,horse,0.000063,14,bird,0.000056,0.000003,0.000001,0.000001,0.000003,0.000016,1204,451,31,68,1235,519,1,0,1,0
555,18.485,6,0,person,0.003423,19,cow,0.000145,14,bird,0.000136,0.000008,0.000001,0.000001,0.000004,0.000028,1204,454,32,64,1236,518,1,0,1,0
555,18.485,7,8,boat,0.003342,4,airplane,0.000473,25,umbrella,0.000345,0.000013,0.000127,0.000222,0.000166,0.003342,1112,333,167,174,1279,507,1,0,0,0
555,18.485,8,58,potted plant,0.003211,74,clock,0.000041,23,giraffe,0.000037,0.000001,0.000001,0.000006,0.000010,0.000008,642,15,531,458,1173,473,0,0,0,0
555,18.485,9,0,person,0.003157,56,chair,0.000736,14,bird,0.000708,0.000034,0.000002,0.000003,0.000009,0.000118,1088,442,30,62,1118,504,0,0,1,0
555,18.485,10,8,boat,0.002602,4,airplane,0.000512,7,truck,0.000167,0.000048,0.000080,0.000035,0.000167,0.002602,1234,378,45,32,1279,410,1,0,0,0
555,18.485,11,58,potted plant,0.002542,74,clock,0.000042,59,bed,0.000029,0.000001,0.000001,0.000006,0.000013,0.000009,639,14,533,462,1172,476,0,0,0,0
555,18.485,12,0,person,0.002505,56,chair,0.001055,14,bird,0.000768,0.000049,0.000002,0.000002,0.000010,0.000228,1090,449,32,59,1122,508,0,0,1,0
555,18.485,13,0,person,0.002280,56,chair,0.000550,14,bird,0.000421,0.000092,0.000004,0.000003,0.000021,0.000176,1089,445,46,71,1135,516,0,0,1,0
555,18.485,14,0,person,0.002161,14,bird,0.000351,56,chair,0.000288,0.000017,0.000002,0.000002,0.000008,0.000051,1088,440,28,64,1116,504,0,0,1,0
555,18.485,15,0,person,0.002111,19,cow,0.000150,56,chair,0.000147,0.000086,0.000026,0.000040,0.000111,0.000143,1214,456,50,64,1264,520,1,0,1,0
555,18.485,16,8,boat,0.001997,4,airplane,0.000644,7,truck,0.000580,0.000204,0.000300,0.000344,0.000580,0.001997,1234,366,45,45,1279,411,1,0,0,0
555,18.485,17,8,boat,0.001877,4,airplane,0.000336,25,umbrella,0.000086,0.000010,0.000017,0.000037,0.000033,0.001877,1160,335,68,102,1228,437,1,0,0,0
555,18.485,18,58,potted plant,0.001760,55,cake,0.000036,74,clock,0.000032,0.000001,0.000001,0.000005,0.000009,0.000006,642,12,529,459,1171,471,0,0,0,0
555,18.485,19,58,potted plant,0.001745,74,clock,0.000033,59,bed,0.000026,0.000001,0.000001,0.000006,0.000012,0.000008,640,11,532,465,1172,476,0,0,0,0
555,18.485,20,6,train,0.001743,4,airplane,0.000229,8,boat,0.000107,0.000066,0.000048,0.001743,0.000062,0.000107,14,388,1124,90,1138,478,0,0,0,0
556,18.518,1,6,train,0.003474,7,truck,0.002941,8,boat,0.000927,0.000444,0.000443,0.003474,0.002941,0.000927,1089,401,190,117,1279,518,1,0,0,0
556,18.518,2,7,truck,0.002513,6,train,0.001870,8,boat,0.001635,0.000288,0.000217,0.001870,0.002513,0.001635,1089,405,190,108,1279,513,1,0,1,0
556,18.518,3,7,truck,0.002424,6,train,0.001850,8,boat,0.001383,0.000598,0.000332,0.001850,0.002424,0.001383,1088,403,191,116,1279,519,1,0,1,0
556,18.518,4,8,boat,0.002364,4,airplane,0.000385,25,umbrella,0.000339,0.000018,0.000028,0.000066,0.000121,0.002364,1163,334,56,165,1219,499,1,0,0,0
556,18.518,5,4,airplane,0.002118,8,boat,0.000747,6,train,0.000640,0.000538,0.000082,0.000640,0.000443,0.000747,1086,390,193,134,1279,524,1,0,0,0
556,18.518,6,7,truck,0.002081,8,boat,0.001335,6,train,0.001045,0.000332,0.000174,0.001045,0.002081,0.001335,1053,406,226,101,1279,507,1,0,1,0
556,18.518,7,7,truck,0.002033,6,train,0.001921,8,boat,0.001278,0.000259,0.000162,0.001921,0.002033,0.001278,1091,402,188,114,1279,516,1,0,1,0
556,18.518,8,58,potted plant,0.001887,23,giraffe,0.000039,18,sheep,0.000036,0.000001,0.000001,0.000004,0.000008,0.000008,642,10,560,462,1202,472,0,0,0,0
556,18.518,9,4,airplane,0.001839,6,train,0.000363,2,car,0.000340,0.000340,0.000049,0.000363,0.000212,0.000259,917,387,362,134,1279,521,1,0,0,0
556,18.518,10,8,boat,0.001821,4,airplane,0.000667,7,truck,0.000548,0.000072,0.000038,0.000299,0.000548,0.001821,1094,330,185,184,1279,514,1,0,0,0
556,18.518,11,8,boat,0.001807,4,airplane,0.000605,7,truck,0.000409,0.000049,0.000047,0.000243,0.000409,0.001807,1097,330,182,181,1279,511,1,0,0,0
556,18.518,12,0,person,0.001751,8,boat,0.000384,14,bird,0.000374,0.000302,0.000009,0.000014,0.000115,0.000384,1087,442,40,69,1127,511,0,0,1,0
556,18.518,13,58,potted plant,0.001717,74,clock,0.000036,3,motorcycle,0.000030,0.000002,0.000001,0.000003,0.000010,0.000008,637,8,561,458,1198,466,0,0,0,0
556,18.518,14,58,potted plant,0.001503,3,motorcycle,0.000032,74,clock,0.000027,0.000002,0.000001,0.000004,0.000010,0.000006,640,5,556,453,1196,458,0,0,0,0
556,18.518,15,4,airplane,0.001445,8,boat,0.000328,6,train,0.000250,0.000240,0.000058,0.000250,0.000229,0.000328,900,317,379,197,1279,514,1,0,0,0
556,18.518,16,8,boat,0.001421,4,airplane,0.000420,7,truck,0.000164,0.000030,0.000022,0.000089,0.000164,0.001421,1141,332,136,175,1277,507,1,0,0,0
556,18.518,17,58,potted plant,0.001397,55,cake,0.000048,23,giraffe,0.000033,0.000001,0.000000,0.000003,0.000006,0.000005,642,7,554,447,1196,454,0,0,0,0
556,18.518,18,0,person,0.001311,14,bird,0.000475,1,bicycle,0.000438,0.000095,0.000002,0.000002,0.000013,0.000098,1086,443,35,70,1121,513,0,0,1,0
556,18.518,19,7,truck,0.001302,6,train,0.001047,8,boat,0.000406,0.000165,0.000216,0.001047,0.001302,0.000406,1089,394,190,126,1279,520,1,0,1,0
556,18.518,20,0,person,0.001268,14,bird,0.000314,2,car,0.000299,0.000299,0.000006,0.000006,0.000058,0.000129,1057,450,32,41,1089,491,0,0,1,0
557,18.552,1,25,umbrella,0.003767,4,airplane,0.000340,0,person,0.000209,0.000170,0.000016,0.000144,0.000036,0.000097,904,235,375,260,1279,495,1,0,0,0
557,18.552,2,0,person,0.003076,3,motorcycle,0.000507,1,bicycle,0.000477,0.000455,0.000006,0.000005,0.000074,0.000034,1058,451,30,39,1088,490,0,0,1,0
557,18.552,3,25,umbrella,0.002918,2,car,0.000223,4,airplane,0.000200,0.000223,0.000021,0.000140,0.000044,0.000029,903,237,376,270,1279,507,1,0,0,0
557,18.552,4,25,umbrella,0.002871,4,airplane,0.000426,2,car,0.000229,0.000229,0.000027,0.000152,0.000060,0.000041,907,237,372,280,1279,517,1,0,0,0
557,18.552,5,1,bicycle,0.002812,14,bird,0.000464,2,car,0.000417,0.000417,0.000002,0.000003,0.000026,0.000019,1057,446,48,43,1105,489,0,0,1,0
557,18.552,6,0,person,0.002167,58,potted plant,0.000279,1,bicycle,0.000263,0.000161,0.000003,0.000004,0.000029,0.000017,1084,440,31,62,1115,502,0,0,1,0
557,18.552,7,25,umbrella,0.002078,0,person,0.000189,19,cow,0.000129,0.000094,0.000009,0.000098,0.000020,0.000048,904,237,375,255,1279,492,1,0,0,0
557,18.552,8,58,potted plant,0.001937,74,clock,0.000071,59,bed,0.000065,0.000003,0.000001,0.000006,0.000030,0.000026,645,8,593,474,1238,482,1,0,0,0
557,18.552,9,25,umbrella,0.001546,8,boat,0.000318,4,airplane,0.000278,0.000078,0.000023,0.000130,0.000134,0.000318,907,239,372,195,1279,434,1,0,0,0
557,18.552,10,25,umbrella,0.001473,2,car,0.000229,4,airplane,0.000202,0.000229,0.000031,0.000168,0.000093,0.000038,902,238,377,262,1279,500,1,0,0,0
557,18.552,11,58,potted plant,0.001446,74,clock,0.000066,59,bed,0.000051,0.000003,0.000001,0.000005,0.000027,0.000026,642,7,593,474,1235,481,1,0,0,0
557,18.552,12,1,bicycle,0.001388,18,sheep,0.000526,22,zebra,0.000417,0.000371,0.000002,0.000004,0.000035,0.000013,1055,441,53,47,1108,488,0,0,1,0
557,18.552,13,25,umbrella,0.001346,4,airplane,0.000219,8,boat,0.000169,0.000112,0.000013,0.000092,0.000084,0.000169,914,238,365,190,1279,428,1,0,0,0
557,18.552,14,58,potted plant,0.001299,55,cake,0.000055,18,sheep,0.000055,0.000002,0.000001,0.000004,0.000021,0.000018,646,6,586,462,1232,468,1,0,0,0
557,18.552,15,25,umbrella,0.001201,4,airplane,0.000426,2,car,0.000177,0.000177,0.000042,0.000164,0.000080,0.000054,907,231,372,348,1279,579,1,0,0,0
557,18.552,16,58,potted plant,0.001126,59,bed,0.000054,3,motorcycle,0.000049,0.000003,0.000001,0.000004,0.000029,0.000025,642,5,587,468,1229,473,1,0,0,0
557,18.552,17,0,person,0.001119,1,bicycle,0.000583,14,bird,0.000325,0.000069,0.000001,0.000002,0.000007,0.000027,1082,441,36,67,1118,508,0,0,1,0
557,18.552,18,0,person,0.001106,1,bicycle,0.000489,14,bird,0.000221,0.000063,0.000001,0.000002,0.000011,0.000014,1076,439,37,63,1113,502,0,0,1,0
557,18.552,19,0,person,0.001073,1,bicycle,0.000714,14,bird,0.000235,0.000060,0.000001,0.000002,0.000007,0.000024,1079,441,35,60,1114,501,0,0,1,0
557,18.552,20,0,person,0.001054,18,sheep,0.000169,14,bird,0.000165,0.000069,0.000002,0.000001,0.000015,0.000006,1086,437,24,55,1110,492,0,0,1,0
558,18.585,1,58,potted plant,0.005079,18,sheep,0.000123,55,cake,0.000123,0.000003,0.000001,0.000004,0.000017,0.000015,651,6,608,474,1259,480,1,0,0,0
558,18.585,2,8,boat,0.004442,25,umbrella,0.000725,4,airplane,0.000553,0.000018,0.000029,0.000087,0.000055,0.004442,1184,330,38,138,1222,468,1,0,0,0
558,18.585,3,8,boat,0.004209,25,umbrella,0.003262,37,surfboard,0.000566,0.000001,0.000028,0.000018,0.000012,0.004209,1182,330,43,135,1225,465,1,0,0,0
558,18.585,4,8,boat,0.004113,25,umbrella,0.002441,37,surfboard,0.000469,0.000005,0.000066,0.000031,0.000030,0.004113,1184,332,42,133,1226,465,1,0,0,0
558,18.585,5,8,boat,0.003973,4,airplane,0.000473,25,umbrella,0.000337,0.000016,0.000021,0.000090,0.000035,0.003973,1186,329,38,136,1224,465,1,0,0,0
558,18.585,6,8,boat,0.003898,4,airplane,0.000702,6,train,0.000298,0.000027,0.000054,0.000298,0.000150,0.003898,1185,329,39,143,1224,472,1,0,0,0
558,18.585,7,8,boat,0.003808,25,umbrella,0.003510,37,surfboard,0.000363,0.000001,0.000029,0.000016,0.000012,0.003808,1181,330,45,135,1226,465,1,0,0,0
558,18.585,8,25,umbrella,0.003326,8,boat,0.003304,37,surfboard,0.000583,0.000014,0.000122,0.000078,0.000136,0.003304,1181,329,45,138,1226,467,1,0,0,0
558,18.585,9,58,potted plant,0.002894,16,dog,0.000197,15,cat,0.000113,0.000005,0.000001,0.000004,0.000007,0.000011,651,7,609,473,1260,480,1,0,0,0
558,18.585,10,0,person,0.002882,14,bird,0.001068,1,bicycle,0.000611,0.000246,0.000003,0.000006,0.000040,0.000151,1081,442,37,65,1118,507,0,0,1,0
558,18.585,11,25,umbrella,0.002766,8,boat,0.001184,11,stop sign,0.000391,0.000000,0.000009,0.000002,0.000001,0.001184,1183,329,29,141,1212,470,0,0,0,0
558,18.585,12,58,potted plant,0.002548,18,sheep,0.000065,3,motorcycle,0.000058,0.000003,0.000001,0.000003,0.000016,0.000016,648,7,612,471,1260,478,1,0,0,0
558,18.585,13,58,potted plant,0.002305,55,cake,0.000163,16,dog,0.000158,0.000002,0.000000,0.000003,0.000009,0.000009,650,5,608,465,1258,470,1,0,0,0
558,18.585,14,58,potted plant,0.001854,16,dog,0.000088,18,sheep,0.000086,0.000003,0.000001,0.000003,0.000012,0.000010,649,5,611,468,1260,473,1,0,0,0
558,18.585,15,0,person,0.001690,1,bicycle,0.000692,14,bird,0.000585,0.000145,0.000002,0.000003,0.000013,0.000120,1084,444,34,69,1118,513,0,0,1,0
558,18.585,16,25,umbrella,0.001665,8,boat,0.001174,33,kite,0.000239,0.000000,0.000007,0.000002,0.000003,0.001174,1183,328,40,150,1223,478,1,0,0,0
558,18.585,17,13,bench,0.001618,2,car,0.000506,8,boat,0.000351,0.000506,0.000025,0.000021,0.000121,0.000351,945,477,134,27,1079,504,0,0,0,0
558,18.585,18,8,boat,0.001580,4,airplane,0.000290,25,umbrella,0.000152,0.000033,0.000018,0.000050,0.000085,0.001580,1146,330,80,153,1226,483,1,0,0,0
558,18.585,19,1,bicycle,0.001556,14,bird,0.000759,0,person,0.000613,0.000297,0.000002,0.000003,0.000023,0.000038,1059,449,43,41,1102,490,0,0,1,0
558,18.585,20,58,potted plant,0.001512,7,truck,0.000076,59,bed,0.000071,0.000019,0.000005,0.000015,0.000076,0.000042,647,6,615,479,1262,485,1,0,0,0
559,18.619,1,25,umbrella,0.005166,2,car,0.000137,4,airplane,0.000135,0.000137,0.000021,0.000121,0.000030,0.000117,922,206,357,261,1279,467,1,0,0,0
559,18.619,2,25,umbrella,0.004450,8,boat,0.000168,2,car,0.000139,0.000139,0.000037,0.000128,0.000036,0.000168,921,168,358,298,1279,466,1,0,0,0
559,18.619,3,25,umbrella,0.004185,4,airplane,0.000238,2,car,0.000197,0.000197,0.000043,0.000167,0.000065,0.000081,922,229,357,249,1279,478,1,0,0,0
559,18.619,4,25,umbrella,0.004034,8,boat,0.000872,4,airplane,0.000306,0.000061,0.000029,0.000093,0.000136,0.000872,932,253,346,183,1278,436,1,0,0,0
559,18.619,5,25,umbrella,0.002654,2,car,0.000190,6,train,0.000140,0.000190,0.000039,0.000140,0.000063,0.000053,919,240,360,243,1279,483,1,0,0,0
559,18.619,6,25,umbrella,0.002475,14,bird,0.000106,2,car,0.000082,0.000082,0.000015,0.000078,0.000022,0.000068,922,235,357,233,1279,468,1,0,0,0
559,18.619,7,25,umbrella,0.002464,8,boat,0.000887,7,truck,0.000681,0.000147,0.000086,0.000279,0.000681,0.000887,919,254,360,221,1279,475,1,0,0,0
559,18.619,8,58,potted plant,0.002454,59,bed,0.000043,25,umbrella,0.000042,0.000004,0.000002,0.000006,0.000018,0.000011,653,3,626,475,1279,478,1,0,0,0
559,18.619,9,58,potted plant,0.002240,59,bed,0.000036,74,clock,0.000035,0.000004,0.000002,0.000008,0.000019,0.000013,649,4,629,477,1278,481,1,0,0,0
559,18.619,10,25,umbrella,0.001992,8,boat,0.000498,4,airplane,0.000354,0.000096,0.000037,0.000164,0.000248,0.000498,927,253,352,178,1279,431,1,0,0,0
559,18.619,11,25,umbrella,0.001877,8,boat,0.000250,4,airplane,0.000183,0.000119,0.000023,0.000106,0.000139,0.000250,935,252,344,172,1279,424,1,0,0,0
559,18.619,12,58,potted plant,0.001819,25,umbrella,0.000052,59,bed,0.000038,0.000005,0.000002,0.000007,0.000019,0.000014,649,5,630,482,1279,487,1,0,0,0
559,18.619,13,0,person,0.001531,14,bird,0.000218,8,boat,0.000165,0.000041,0.000002,0.000002,0.000006,0.000165,1205,413,27,50,1232,463,1,0,1,0
559,18.619,14,58,potted plant,0.001478,25,umbrella,0.000033,59,bed,0.000032,0.000004,0.000002,0.000006,0.000016,0.000014,646,5,631,481,1277,486,1,0,0,0
559,18.619,15,58,potted plant,0.001478,1,bicycle,0.000037,25,umbrella,0.000034,0.000008,0.000004,0.000011,0.000019,0.000020,650,2,626,466,1276,468,1,0,0,0
559,18.619,16,25,umbrella,0.001433,8,boat,0.000235,4,airplane,0.000194,0.000043,0.000012,0.000056,0.000046,0.000235,936,251,342,173,1278,424,1,0,0,0
559,18.619,17,25,umbrella,0.001362,8,boat,0.000966,7,truck,0.000183,0.000063,0.000036,0.000085,0.000183,0.000966,930,254,349,226,1279,480,1,0,0,0
559,18.619,18,0,person,0.001246,14,bird,0.000717,56,chair,0.000317,0.000148,0.000002,0.000004,0.000020,0.000082,1082,443,42,63,1124,506,0,0,1,0
559,18.619,19,25,umbrella,0.001218,8,boat,0.000052,2,car,0.000038,0.000038,0.000008,0.000024,0.000012,0.000052,922,155,357,308,1279,463,1,0,0,0
559,18.619,20,13,bench,0.001212,2,car,0.000510,8,boat,0.000409,0.000510,0.000011,0.000012,0.000077,0.000409,954,473,132,30,1086,503,0,0,0,0
560,18.652,1,25,umbrella,0.002736,6,train,0.000388,4,airplane,0.000384,0.000212,0.000076,0.000388,0.000153,0.000074,935,248,344,224,1279,472,1,0,0,0
560,18.652,2,25,umbrella,0.002497,6,train,0.000368,4,airplane,0.000215,0.000128,0.000049,0.000368,0.000074,0.000111,935,248,344,213,1279,461,1,0,0,0
560,18.652,3,7,truck,0.001628,6,train,0.000556,25,umbrella,0.000540,0.000094,0.000190,0.000556,0.001628,0.000433,936,251,343,215,1279,466,1,0,1,0
560,18.652,4,25,umbrella,0.001362,6,train,0.000297,2,car,0.000185,0.000185,0.000057,0.000297,0.000122,0.000041,931,248,348,229,1279,477,1,0,0,0
560,18.652,5,7,truck,0.001354,6,train,0.000412,2,car,0.000280,0.000280,0.000179,0.000412,0.001354,0.000038,830,415,187,80,1017,495,0,0,1,0
560,18.652,6,25,umbrella,0.001054,8,boat,0.000482,7,truck,0.000357,0.000065,0.000049,0.000175,0.000357,0.000482,939,250,339,196,1278,446,1,0,0,0
560,18.652,7,25,umbrella,0.000941,6,train,0.000229,59,bed,0.000074,0.000072,0.000031,0.000229,0.000054,0.000051,933,249,346,215,1279,464,1,0,0,0
560,18.652,8,25,umbrella,0.000933,4,airplane,0.000205,8,boat,0.000181,0.000066,0.000026,0.000096,0.000131,0.000181,946,249,331,178,1277,427,1,0,0,0
560,18.652,9,7,truck,0.000930,6,train,0.000396,4,airplane,0.000359,0.000065,0.000138,0.000396,0.000930,0.000185,933,253,341,199,1274,452,1,0,1,0
560,18.652,10,25,umbrella,0.000924,7,truck,0.000491,8,boat,0.000273,0.000183,0.000065,0.000259,0.000491,0.000273,947,248,331,178,1278,426,1,0,0,0
560,18.652,11,13,bench,0.000910,2,car,0.000418,8,boat,0.000188,0.000418,0.000014,0.000014,0.000159,0.000188,943,459,74,32,1017,491,0,0,0,0
560,18.652,12,0,person,0.000828,14,bird,0.000189,2,car,0.000069,0.000069,0.000002,0.000003,0.000011,0.000028,1091,443,24,53,1115,496,0,0,1,0
560,18.652,13,13,bench,0.000774,2,car,0.000274,7,truck,0.000143,0.000274,0.000011,0.000018,0.000143,0.000098,939,459,76,33,1015,492,0,0,0,0
560,18.652,14,7,truck,0.000750,25,umbrella,0.000578,8,boat,0.000341,0.000106,0.000090,0.000331,0.000750,0.000341,941,249,338,188,1279,437,1,0,1,0
560,18.652,15,0,person,0.000722,14,bird,0.000127,1,bicycle,0.000106,0.000023,0.000001,0.000001,0.000004,0.000006,1085,439,28,60,1113,499,0,0,1,0
560,18.652,16,7,truck,0.000645,2,car,0.000454,6,train,0.000115,0.000454,0.000066,0.000115,0.000645,0.000029,929,422,89,70,1018,492,0,0,1,0
560,18.652,17,7,truck,0.000637,25,umbrella,0.000616,8,boat,0.000576,0.000044,0.000081,0.000236,0.000637,0.000576,938,252,340,213,1278,465,1,0,1,0
560,18.652,18,0,person,0.000575,1,bicycle,0.000238,14,bird,0.000170,0.000040,0.000001,0.000001,0.000004,0.000018,1084,442,31,56,1115,498,0,0,1,0
560,18.652,19,7,truck,0.000566,6,train,0.000203,2,car,0.000145,0.000145,0.000074,0.000203,0.000566,0.000023,835,414,186,77,1021,491,0,0,1,0
560,18.652,20,7,truck,0.000556,25,umbrella,0.000357,6,train,0.000279,0.000109,0.000088,0.000279,0.000556,0.000212,937,251,340,180,1277,431,1,0,1,0
561,18.685,1,58,potted plant,0.003575,74,clock,0.000037,59,bed,0.000025,0.000003,0.000003,0.000011,0.000019,0.000009,662,3,616,486,1278,489,1,0,0,0
561,18.685,2,58,potted plant,0.003569,74,clock,0.000035,1,bicycle,0.000028,0.000005,0.000005,0.000012,0.000020,0.000013,661,2,618,489,1279,491,1,0,0,0
561,18.685,3,58,potted plant,0.003327,74,clock,0.000070,3,motorcycle,0.000059,0.000007,0.000006,0.000014,0.000040,0.000017,659,3,619,488,1278,491,1,0,0,0
561,18.685,4,58,potted plant,0.002970,1,bicycle,0.000055,74,clock,0.000035,0.000006,0.000004,0.000011,0.000018,0.000012,664,0,613,477,1277,477,1,0,0,0
561,18.685,5,25,umbrella,0.002928,8,boat,0.000154,11,stop sign,0.000135,0.000002,0.000008,0.000003,0.000004,0.000154,1208,321,38,142,1246,463,1,0,0,0
561,18.685,6,58,potted plant,0.002479,74,clock,0.000047,25,umbrella,0.000030,0.000005,0.000007,0.000015,0.000025,0.000019,656,3,622,495,1278,498,1,0,0,0
561,18.685,7,58,potted plant,0.002226,74,clock,0.000063,25,umbrella,0.000039,0.000008,0.000008,0.000013,0.000038,0.000027,657,4,620,489,1277,493,1,0,0,0
561,18.685,8,0,person,0.002206,14,bird,0.000823,1,bicycle,0.000381,0.000135,0.000002,0.000003,0.000015,0.000084,1088,445,31,60,1119,505,0,0,1,0
561,18.685,9,58,potted plant,0.002136,1,bicycle,0.000059,3,motorcycle,0.000048,0.000010,0.000005,0.000015,0.000023,0.000017,659,1,618,475,1277,476,1,0,0,0
561,18.685,10,58,potted plant,0.002085,74,clock,0.000044,25,umbrella,0.000042,0.000008,0.000011,0.000018,0.000026,0.000023,657,4,622,500,1279,504,1,0,0,0
561,18.685,11,0,person,0.002078,14,bird,0.000271,1,bicycle,0.000260,0.000032,0.000001,0.000001,0.000004,0.000016,1087,438,26,65,1113,503,0,0,1,0
561,18.685,12,0,person,0.001585,1,bicycle,0.000476,14,bird,0.000364,0.000035,0.000001,0.000001,0.000003,0.000042,1086,441,30,64,1116,505,0,0,1,0
561,18.685,13,25,umbrella,0.001252,8,boat,0.000174,0,person,0.000147,0.000002,0.000004,0.000002,0.000003,0.000174,1209,319,38,139,1247,458,1,0,0,0
561,18.685,14,0,person,0.000877,14,bird,0.000580,56,chair,0.000536,0.000058,0.000002,0.000002,0.000005,0.000101,1086,443,37,70,1123,513,0,0,1,0
561,18.685,15,25,umbrella,0.000786,33,kite,0.000060,29,frisbee,0.000030,0.000024,0.000003,0.000005,0.000010,0.000022,1072,253,77,29,1149,282,0,0,0,0
561,18.685,16,25,umbrella,0.000683,7,truck,0.000199,8,boat,0.000189,0.000158,0.000049,0.000129,0.000199,0.000189,940,244,326,181,1266,425,1,0,0,0
561,18.685,17,25,umbrella,0.000652,33,kite,0.000048,2,car,0.000028,0.000028,0.000003,0.000004,0.000007,0.000024,1063,251,84,30,1147,281,0,0,0,0
561,18.685,18,0,person,0.000644,56,chair,0.000360,1,bicycle,0.000324,0.000027,0.000002,0.000001,0.000004,0.000041,1089,442,33,68,1122,510,0,0,1,0
561,18.685,19,25,umbrella,0.000627,4,airplane,0.000218,2,car,0.000137,0.000137,0.000047,0.000084,0.000063,0.000068,943,238,335,232,1278,470,1,0,0,0
561,18.685,20,0,person,0.000614,14,bird,0.000151,1,bicycle,0.000142,0.000019,0.000001,0.000001,0.000003,0.000015,1090,440,30,67,1120,507,0,0,1,0
562,18.719,1,58,potted plant,0.002364,7,truck,0.000078,1,bicycle,0.000058,0.000014,0.000014,0.000026,0.000078,0.000031,668,0,610,463,1278,463,1,0,0,0
562,18.719,2,58,potted plant,0.002274,7,truck,0.000081,74,clock,0.000063,0.000007,0.000015,0.000022,0.000081,0.000026,665,2,614,474,1279,476,1,0,0,0
562,18.719,3,58,potted plant,0.002127,7,truck,0.000142,74,clock,0.000081,0.000016,0.000016,0.000023,0.000142,0.000044,661,2,617,474,1278,476,1,0,0,0
562,18.719,4,0,person,0.002074,14,bird,0.000706,1,bicycle,0.000357,0.000173,0.000002,0.000004,0.000020,0.000135,1090,446,25,56,1115,502,0,0,1,0
562,18.719,5,25,umbrella,0.002057,8,boat,0.000284,4,airplane,0.000241,0.000178,0.000077,0.000148,0.000105,0.000284,964,183,315,280,1279,463,1,0,0,0
562,18.719,6,25,umbrella,0.001999,4,airplane,0.000225,8,boat,0.000197,0.000194,0.000075,0.000168,0.000106,0.000197,963,203,316,259,1279,462,1,0,0,0
562,18.719,7,58,potted plant,0.001955,7,truck,0.000182,74,clock,0.000081,0.000015,0.000038,0.000037,0.000182,0.000074,663,2,616,475,1279,477,1,0,0,0
562,18.719,8,25,umbrella,0.001939,8,boat,0.000320,0,person,0.000136,0.000017,0.000014,0.000005,0.000019,0.000320,1217,312,57,151,1274,463,1,0,0,0
562,18.719,9,25,umbrella,0.001799,4,airplane,0.000381,2,car,0.000325,0.000325,0.000104,0.000208,0.000153,0.000152,963,232,316,244,1279,476,1,0,0,0
562,18.719,10,0,person,0.001709,1,bicycle,0.000216,14,bird,0.000167,0.000046,0.000002,0.000001,0.000007,0.000023,1086,439,26,59,1112,498,0,0,1,0
562,18.719,11,0,person,0.001554,18,sheep,0.000201,14,bird,0.000131,0.000101,0.000002,0.000002,0.000018,0.000008,1087,437,24,54,1111,491,0,0,1,0
562,18.719,12,0,person,0.001459,1,bicycle,0.000378,14,bird,0.000322,0.000042,0.000001,0.000001,0.000004,0.000063,1086,441,26,57,1112,498,0,0,1,0
562,18.719,13,58,potted plant,0.001438,7,truck,0.000064,1,bicycle,0.000059,0.000018,0.000012,0.000027,0.000064,0.000032,662,0,615,453,1277,453,1,0,0,0
562,18.719,14,13,bench,0.001136,2,car,0.000748,8,boat,0.000285,0.000748,0.000009,0.000008,0.000082,0.000285,993,478,112,29,1105,507,0,0,0,0
562,18.719,15,13,bench,0.001127,2,car,0.000791,8,boat,0.000213,0.000791,0.000008,0.000004,0.000085,0.000213,994,476,113,31,1107,507,0,0,0,0
562,18.719,16,25,umbrella,0.001060,8,boat,0.000176,11,stop sign,0.000066,0.000009,0.000012,0.000005,0.000019,0.000176,1217,315,62,149,1279,464,1,0,0,0
562,18.719,17,58,potted plant,0.000978,7,truck,0.000087,74,clock,0.000077,0.000009,0.000021,0.000023,0.000087,0.000043,659,2,620,490,1279,492,1,0,0,0
562,18.719,18,25,umbrella,0.000922,4,airplane,0.000235,8,boat,0.000151,0.000148,0.000073,0.000118,0.000096,0.000151,965,216,314,262,1279,478,1,0,0,0
562,18.719,19,14,bird,0.000916,0,person,0.000603,56,chair,0.000227,0.000066,0.000001,0.000001,0.000005,0.000160,1085,447,34,72,1119,519,0,0,0,0
562,18.719,20,7,truck,0.000876,8,boat,0.000413,25,umbrella,0.000351,0.000158,0.000119,0.000214,0.000876,0.000413,966,256,311,214,1277,470,1,0,1,0
563,18.752,1,25,umbrella,0.007209,33,kite,0.000198,4,airplane,0.000181,0.000068,0.000044,0.000078,0.000053,0.000166,1056,218,223,240,1279,458,1,0,0,0
563,18.752,2,25,umbrella,0.005104,8,boat,0.000513,33,kite,0.000128,0.000010,0.000014,0.000016,0.000020,0.000513,1207,252,72,209,1279,461,1,0,0,0
563,18.752,3,25,umbrella,0.004774,4,airplane,0.000174,2,car,0.000102,0.000102,0.000053,0.000067,0.000077,0.000099,1000,230,279,242,1279,472,1,0,0,0
563,18.752,4,25,umbrella,0.004657,8,boat,0.000410,33,kite,0.000175,0.000016,0.000021,0.000021,0.000026,0.000410,1220,247,59,213,1279,460,1,0,0,0
563,18.752,5,25,umbrella,0.004400,8,boat,0.000389,33,kite,0.000169,0.000019,0.000020,0.000041,0.000036,0.000389,1078,224,201,237,1279,461,1,0,0,0
563,18.752,6,25,umbrella,0.004350,4,airplane,0.000115,8,boat,0.000096,0.000067,0.000039,0.000060,0.000045,0.000096,999,224,280,237,1279,461,1,0,0,0
563,18.752,7,25,umbrella,0.004257,8,boat,0.001292,33,kite,0.000169,0.000032,0.000030,0.000028,0.000060,0.001292,1213,251,66,210,1279,461,1,0,0,0
563,18.752,8,25,umbrella,0.004130,33,kite,0.000100,11,stop sign,0.000077,0.000007,0.000008,0.000003,0.000009,0.000043,1227,306,52,154,1279,460,1,0,0,0
563,18.752,9,25,umbrella,0.004059,8,boat,0.000291,33,kite,0.000138,0.000012,0.000015,0.000021,0.000020,0.000291,1104,231,175,230,1279,461,1,0,0,0
563,18.752,10,25,umbrella,0.004050,8,boat,0.000298,33,kite,0.000098,0.000006,0.000011,0.000015,0.000011,0.000298,1188,240,91,221,1279,461,1,0,0,0
563,18.752,11,25,umbrella,0.003780,8,boat,0.000211,33,kite,0.000133,0.000009,0.000013,0.000013,0.000014,0.000211,1216,246,63,216,1279,462,1,0,0,0
563,18.752,12,58,potted plant,0.003621,7,truck,0.000099,74,clock,0.000080,0.000011,0.000015,0.000018,0.000099,0.000031,673,2,606,484,1279,486,1,0,0,0
563,18.752,13,25,umbrella,0.003562,4,airplane,0.000155,8,boat,0.000125,0.000059,0.000051,0.000070,0.000055,0.000125,1042,230,237,242,1279,472,1,0,0,0
563,18.752,14,58,potted plant,0.003450,1,bicycle,0.000102,25,umbrella,0.000084,0.000016,0.000011,0.000023,0.000058,0.000035,676,0,603,475,1279,475,1,0,0,0
563,18.752,15,58,potted plant,0.003340,7,truck,0.000146,25,umbrella,0.000135,0.000018,0.000021,0.000023,0.000146,0.000051,672,2,607,481,1279,483,1,0,0,0
563,18.752,16,25,umbrella,0.003292,8,boat,0.000222,33,kite,0.000146,0.000026,0.000015,0.000024,0.000023,0.000222,1075,222,204,244,1279,466,1,0,0,0
563,18.752,17,25,umbrella,0.002847,8,boat,0.000214,33,kite,0.000114,0.000024,0.000015,0.000017,0.000021,0.000214,1084,224,195,241,1279,465,1,0,0,0
563,18.752,18,25,umbrella,0.002727,8,boat,0.000430,33,kite,0.000126,0.000014,0.000019,0.000033,0.000031,0.000430,1073,233,206,229,1279,462,1,0,0,0
563,18.752,19,25,umbrella,0.002346,8,boat,0.000166,33,kite,0.000126,0.000017,0.000016,0.000014,0.000023,0.000166,1214,244,65,218,1279,462,1,0,0,0
563,18.752,20,58,potted plant,0.002321,25,umbrella,0.000099,1,bicycle,0.000096,0.000016,0.000013,0.000022,0.000064,0.000043,675,0,603,472,1278,472,1,0,0,0
564,18.785,1,58,potted plant,0.009863,7,truck,0.000213,74,clock,0.000150,0.000017,0.000029,0.000037,0.000213,0.000079,671,2,608,488,1279,490,1,0,0,0
564,18.785,2,58,potted plant,0.009638,1,bicycle,0.000137,74,clock,0.000092,0.000024,0.000017,0.000026,0.000087,0.000058,676,0,602,484,1278,484,1,0,0,0
564,18.785,3,58,potted plant,0.009109,7,truck,0.000135,1,bicycle,0.000117,0.000023,0.000022,0.000035,0.000135,0.000067,673,0,606,478,1279,478,1,0,0,0
564,18.785,4,58,potted plant,0.006802,59,bed,0.000121,7,truck,0.000117,0.000015,0.000018,0.000019,0.000117,0.000048,673,2,605,490,1278,492,1,0,0,0
564,18.785,5,58,potted plant,0.003211,7,truck,0.000231,74,clock,0.000159,0.000029,0.000055,0.000076,0.000231,0.000137,664,3,615,500,1279,503,1,0,0,0
564,18.785,6,25,umbrella,0.003040,33,kite,0.000148,8,boat,0.000073,0.000005,0.000005,0.000003,0.000007,0.000073,1237,313,42,144,1279,457,1,0,0,0
564,18.785,7,58,potted plant,0.002610,7,truck,0.000197,74,clock,0.000149,0.000030,0.000024,0.000026,0.000197,0.000116,670,2,609,500,1279,502,1,0,0,0
564,18.785,8,58,potted plant,0.002285,7,truck,0.000105,25,umbrella,0.000090,0.000022,0.000026,0.000030,0.000105,0.000088,669,2,608,500,1277,502,1,0,0,0
564,18.785,9,25,umbrella,0.002169,4,airplane,0.000574,2,car,0.000246,0.000246,0.000058,0.000170,0.000143,0.000141,975,243,303,232,1278,475,1,0,0,0
564,18.785,10,58,potted plant,0.001989,25,umbrella,0.000071,7,truck,0.000046,0.000013,0.000012,0.000014,0.000046,0.000037,672,2,607,488,1279,490,1,0,0,0
564,18.785,11,13,bench,0.001919,2,car,0.000560,8,boat,0.000435,0.000560,0.000016,0.000017,0.000141,0.000435,990,477,70,26,1060,503,0,0,0,0
564,18.785,12,58,potted plant,0.001840,0,person,0.000125,1,bicycle,0.000086,0.000028,0.000018,0.000032,0.000071,0.000073,671,0,608,479,1279,479,1,0,0,0
564,18.785,13,13,bench,0.001599,8,boat,0.000897,2,car,0.000562,0.000562,0.000013,0.000024,0.000126,0.000897,990,473,79,27,1069,500,0,0,0,0
564,18.785,14,13,bench,0.001209,8,boat,0.000610,2,car,0.000443,0.000443,0.000019,0.000024,0.000166,0.000610,988,473,73,26,1061,499,0,0,0,0
564,18.785,15,25,umbrella,0.001196,8,boat,0.000129,0,person,0.000093,0.000009,0.000003,0.000002,0.000005,0.000129,1242,309,37,149,1279,458,1,0,0,0
564,18.785,16,25,umbrella,0.001053,4,airplane,0.000252,8,boat,0.000166,0.000107,0.000036,0.000109,0.000069,0.000166,977,237,302,228,1279,465,1,0,0,0
564,18.785,17,13,bench,0.001045,8,boat,0.000566,2,car,0.000244,0.000244,0.000008,0.000012,0.000055,0.000566,990,467,104,33,1094,500,0,0,0,0
564,18.785,18,2,car,0.001028,13,bench,0.000611,7,truck,0.000395,0.001028,0.000023,0.000071,0.000395,0.000347,991,453,123,53,1114,506,0,0,1,0
564,18.785,19,13,bench,0.000960,2,car,0.000586,8,boat,0.000544,0.000586,0.000009,0.000009,0.000086,0.000544,1010,469,102,35,1112,504,0,0,0,0
564,18.785,20,4,airplane,0.000897,6,train,0.000780,7,truck,0.000243,0.000111,0.000051,0.000780,0.000243,0.000131,99,412,909,62,1008,474,0,0,0,0
565,18.819,1,58,potted plant,0.016836,1,bicycle,0.000231,7,truck,0.000195,0.000026,0.000032,0.000038,0.000195,0.000163,680,0,599,476,1279,476,1,0,0,0
565,18.819,2,58,potted plant,0.012005,7,truck,0.000339,74,clock,0.000235,0.000020,0.000044,0.000040,0.000339,0.000221,678,2,601,484,1279,486,1,0,0,0
565,18.819,3,58,potted plant,0.009194,1,bicycle,0.000223,3,motorcycle,0.000181,0.000025,0.000018,0.000024,0.000085,0.000109,682,1,596,472,1278,473,1,0,0,0
565,18.819,4,58,potted plant,0.006941,7,truck,0.000189,74,clock,0.000176,0.000023,0.000024,0.000020,0.000189,0.000149,679,2,600,490,1279,492,1,0,0,0
565,18.819,5,25,umbrella,0.004916,37,surfboard,0.003186,8,boat,0.001619,0.000021,0.000053,0.000014,0.000120,0.001619,1249,313,30,147,1279,460,1,0,0,0
565,18.819,6,58,potted plant,0.004867,8,boat,0.000161,7,truck,0.000160,0.000021,0.000038,0.000029,0.000160,0.000161,680,2,599,480,1279,482,1,0,0,0
565,18.819,7,58,potted plant,0.004651,7,truck,0.000449,8,boat,0.000384,0.000034,0.000093,0.000075,0.000449,0.000384,669,3,610,496,1279,499,1,0,0,0
565,18.819,8,37,surfboard,0.004329,25,umbrella,0.003195,8,boat,0.002756,0.000037,0.000333,0.000097,0.000436,0.002756,1252,305,27,155,1279,460,1,0,0,0
565,18.819,9,7,truck,0.003477,2,car,0.001198,6,train,0.000702,0.001198,0.000370,0.000702,0.003477,0.000290,839,415,174,97,1013,512,0,0,1,0
565,18.819,10,7,truck,0.003351,2,car,0.001024,6,train,0.000611,0.001024,0.000224,0.000611,0.003351,0.000176,841,415,172,95,1013,510,0,0,1,0
565,18.819,11,13,bench,0.003196,8,boat,0.001695,2,car,0.000628,0.000628,0.000014,0.000016,0.000072,0.001695,1003,464,74,34,1077,498,0,0,0,0
565,18.819,12,8,boat,0.003130,37,surfboard,0.000717,4,airplane,0.000461,0.000060,0.000087,0.000084,0.000412,0.003130,1253,289,26,172,1279,461,1,0,0,0
565,18.819,13,0,person,0.003065,13,bench,0.000282,2,car,0.000261,0.000261,0.000004,0.000004,0.000056,0.000052,959,450,51,70,1010,520,0,0,1,0
565,18.819,14,0,person,0.003022,2,car,0.000552,10,fire hydrant,0.000257,0.000552,0.000007,0.000018,0.000180,0.000072,964,447,44,69,1008,516,0,0,1,0
565,18.819,15,0,person,0.002876,2,car,0.000494,13,bench,0.000246,0.000494,0.000007,0.000007,0.000092,0.000086,975,452,34,64,1009,516,0,0,1,0
565,18.819,16,0,person,0.002876,2,car,0.000624,13,bench,0.000142,0.000624,0.000007,0.000009,0.000088,0.000070,980,452,29,56,1009,508,0,0,1,0
565,18.819,17,0,person,0.002864,2,car,0.000188,8,boat,0.000160,0.000188,0.000006,0.000009,0.000069,0.000160,800,491,203,172,1003,663,0,0,1,0
565,18.819,18,7,truck,0.002851,2,car,0.000975,6,train,0.000836,0.000975,0.000723,0.000836,0.002851,0.000336,834,416,182,96,1016,512,0,0,1,0
565,18.819,19,13,bench,0.002750,8,boat,0.001807,2,car,0.000937,0.000937,0.000018,0.000012,0.000125,0.001807,1003,476,69,25,1072,501,0,0,0,0
565,18.819,20,8,boat,0.002669,13,bench,0.001896,2,car,0.000556,0.000556,0.000012,0.000012,0.000051,0.002669,1004,476,86,25,1090,501,0,0,0,0
566,18.852,1,0,person,0.009162,1,bicycle,0.000418,14,bird,0.000357,0.000170,0.000003,0.000003,0.000027,0.000093,1002,457,28,52,1030,509,0,0,1,0
566,18.852,2,0,person,0.008496,1,bicycle,0.000418,14,bird,0.000315,0.000024,0.000001,0.000001,0.000005,0.000015,988,455,28,60,1016,515,0,0,1,0
566,18.852,3,0,person,0.008305,56,chair,0.000567,14,bird,0.000534,0.000134,0.000002,0.000002,0.000020,0.000087,999,458,33,52,1032,510,0,0,1,0
566,18.852,4,0,person,0.007381,1,bicycle,0.000482,3,motorcycle,0.000348,0.000127,0.000006,0.000006,0.000029,0.000094,991,450,39,68,1030,518,0,0,1,0
566,18.852,5,0,person,0.006940,1,bicycle,0.000280,14,bird,0.000250,0.000074,0.000001,0.000002,0.000013,0.000024,985,455,28,56,1013,511,0,0,1,0
566,18.852,6,0,person,0.006763,14,bird,0.000340,1,bicycle,0.000137,0.000109,0.000003,0.000004,0.000021,0.000078,1003,456,26,53,1029,509,0,0,1,0
566,18.852,7,0,person,0.006187,3,motorcycle,0.000135,1,bicycle,0.000107,0.000061,0.000006,0.000012,0.000029,0.000090,985,419,48,96,1033,515,0,0,1,0
566,18.852,8,0,person,0.004686,14,bird,0.000061,17,horse,0.000052,0.000010,0.000001,0.000001,0.000002,0.000012,941,533,85,126,1026,659,0,0,1,0
566,18.852,9,0,person,0.004093,14,bird,0.000160,1,bicycle,0.000145,0.000086,0.000002,0.000005,0.000018,0.000044,984,454,26,57,1010,511,0,0,1,0
566,18.852,10,0,person,0.003961,1,bicycle,0.000116,3,motorcycle,0.000062,0.000045,0.000002,0.000002,0.000015,0.000025,976,453,28,61,1004,514,0,0,1,0
566,18.852,11,0,person,0.003848,1,bicycle,0.000300,13,bench,0.000219,0.000027,0.000001,0.000001,0.000006,0.000028,979,456,39,66,1018,522,0,0,1,0
566,18.852,12,0,person,0.003694,17,horse,0.000260,14,bird,0.000119,0.000046,0.000001,0.000003,0.000023,0.000089,873,525,150,142,1023,667,0,0,1,0
566,18.852,13,0,person,0.003682,14,bird,0.000081,17,horse,0.000051,0.000010,0.000001,0.000001,0.000003,0.000011,950,533,77,130,1027,663,0,0,1,0
566,18.852,14,0,person,0.003584,56,chair,0.000087,24,backpack,0.000081,0.000007,0.000001,0.000001,0.000004,0.000008,960,535,64,119,1024,654,0,0,1,0
566,18.852,15,0,person,0.003504,17,horse,0.000046,56,chair,0.000040,0.000007,0.000000,0.000001,0.000003,0.000006,960,539,62,122,1022,661,0,0,1,0
566,18.852,16,0,person,0.003357,24,backpack,0.000047,56,chair,0.000042,0.000015,0.000001,0.000001,0.000005,0.000007,960,539,64,120,1024,659,0,0,1,0
566,18.852,17,0,person,0.003325,17,horse,0.000115,1,bicycle,0.000086,0.000015,0.000000,0.000001,0.000006,0.000031,882,528,142,133,1024,661,0,0,1,0
566,18.852,18,0,person,0.003232,56,chair,0.000096,24,backpack,0.000067,0.000007,0.000000,0.000001,0.000005,0.000012,961,536,62,119,1023,655,0,0,1,0
566,18.852,19,0,person,0.002947,1,bicycle,0.000345,56,chair,0.000165,0.000046,0.000001,0.000001,0.000009,0.000025,973,453,32,63,1005,516,0,0,1,0
566,18.852,20,0,person,0.002945,17,horse,0.000100,14,bird,0.000088,0.000013,0.000001,0.000001,0.000005,0.000020,894,531,129,133,1023,664,0,0,1,0
567,18.886,1,0,person,0.012090,2,car,0.000773,17,horse,0.000302,0.000773,0.000006,0.000014,0.000040,0.000036,771,500,243,123,1014,623,0,0,1,0
567,18.886,2,0,person,0.010571,14,bird,0.001478,2,car,0.001315,0.001315,0.000011,0.000020,0.000276,0.000418,1011,466,31,38,1042,504,0,0,1,0
567,18.886,3,0,person,0.008249,3,motorcycle,0.001793,2,car,0.001668,0.001668,0.000004,0.000019,0.000411,0.000905,887,532,116,71,1003,603,0,0,1,0
567,18.886,4,0,person,0.007473,2,car,0.000580,13,bench,0.000246,0.000580,0.000008,0.000035,0.000053,0.000078,770,498,258,122,1028,620,0,0,1,0
567,18.886,5,0,person,0.005541,14,bird,0.002063,2,car,0.001419,0.001419,0.000009,0.000035,0.000278,0.000886,1011,466,35,38,1046,504,0,0,1,0
567,18.886,6,0,person,0.005490,3,motorcycle,0.001066,2,car,0.000698,0.000698,0.000006,0.000018,0.000304,0.000695,868,529,139,76,1007,605,0,0,1,0
567,18.886,7,0,person,0.005278,2,car,0.001086,1,bicycle,0.000239,0.001086,0.000010,0.000018,0.000068,0.000032,770,507,244,119,1014,626,0,0,1,0
567,18.886,8,0,person,0.005140,14,bird,0.001104,8,boat,0.000606,0.000436,0.000004,0.000027,0.000121,0.000606,1007,462,44,45,1051,507,0,0,1,0
567,18.886,9,0,person,0.004867,14,bird,0.002576,8,boat,0.001280,0.000878,0.000007,0.000045,0.000209,0.001280,1009,463,38,42,1047,505,0,0,1,0
567,18.886,10,0,person,0.004144,3,motorcycle,0.000797,19,cow,0.000741,0.000516,0.000005,0.000012,0.000226,0.000359,881,532,124,95,1005,627,0,0,1,0
567,18.886,11,0,person,0.003824,14,bird,0.000836,8,boat,0.000458,0.000260,0.000004,0.000023,0.000076,0.000458,1005,463,47,49,1052,512,0,0,1,0
567,18.886,12,0,person,0.003655,14,bird,0.000756,2,car,0.000594,0.000594,0.000007,0.000011,0.000081,0.000233,1010,461,24,41,1034,502,0,0,1,0
567,18.886,13,0,person,0.003517,14,bird,0.000876,8,boat,0.000726,0.000321,0.000004,0.000017,0.000081,0.000726,1009,460,40,45,1049,505,0,0,1,0
567,18.886,14,0,person,0.003496,2,car,0.000769,8,boat,0.000661,0.000769,0.000005,0.000020,0.000288,0.000661,888,533,118,72,1006,605,0,0,1,0
567,18.886,15,8,boat,0.002898,14,bird,0.001276,0,person,0.000294,0.000125,0.000002,0.000002,0.000015,0.002898,1054,485,53,26,1107,511,0,0,0,0
567,18.886,16,8,boat,0.002596,2,car,0.000737,13,bench,0.000435,0.000737,0.000017,0.000007,0.000115,0.002596,1051,464,43,27,1094,491,0,0,0,0
567,18.886,17,13,bench,0.002592,8,boat,0.001034,2,car,0.000381,0.000381,0.000010,0.000014,0.000127,0.001034,935,562,65,32,1000,594,0,0,0,0
567,18.886,18,0,person,0.002448,14,bird,0.000464,19,cow,0.000328,0.000307,0.000005,0.000022,0.000105,0.000280,1001,464,48,48,1049,512,0,0,1,0
567,18.886,19,0,person,0.002236,2,car,0.000496,14,bird,0.000451,0.000496,0.000009,0.000030,0.000158,0.000367,1002,462,46,44,1048,506,0,0,1,0
567,18.886,20,0,person,0.001759,2,car,0.000548,13,bench,0.000206,0.000548,0.000020,0.000060,0.000102,0.000065,763,497,266,110,1029,607,0,0,1,0
568,18.919,1,2,car,0.012763,13,bench,0.006881,7,truck,0.001145,0.012763,0.000429,0.000521,0.001145,0.000312,1015,473,95,24,1110,497,0,0,1,0
568,18.919,2,2,car,0.010684,13,bench,0.002681,7,truck,0.000658,0.010684,0.000233,0.000349,0.000658,0.000096,1015,470,96,28,1111,498,0,0,1,0
568,18.919,3,2,car,0.005033,13,bench,0.002034,7,truck,0.000361,0.005033,0.000071,0.000153,0.000361,0.000047,1012,476,103,28,1115,504,0,0,1,0
568,18.919,4,6,train,0.003647,8,boat,0.000342,4,airplane,0.000313,0.000033,0.000180,0.003647,0.000234,0.000342,939,400,340,96,1279,496,1,0,0,0
568,18.919,5,6,train,0.003062,8,boat,0.000535,4,airplane,0.000518,0.000028,0.000237,0.003062,0.000496,0.000535,933,401,246,94,1179,495,0,0,0,0
568,18.919,6,2,car,0.003041,13,bench,0.002016,7,truck,0.000249,0.003041,0.000040,0.000054,0.000249,0.000041,1013,477,95,25,1108,502,0,0,1,0
568,18.919,7,2,car,0.002973,13,bench,0.002948,7,truck,0.000516,0.002973,0.000158,0.000277,0.000516,0.000176,1013,477,100,26,1113,503,0,0,1,0
568,18.919,8,6,train,0.002496,7,truck,0.000185,4,airplane,0.000160,0.000060,0.000104,0.002496,0.000185,0.000092,344,400,914,96,1258,496,1,0,0,0
568,18.919,9,6,train,0.002167,7,truck,0.000416,4,airplane,0.000202,0.000099,0.000176,0.002167,0.000416,0.000092,509,409,744,82,1253,491,1,0,0,0
568,18.919,10,6,train,0.002113,4,airplane,0.000509,8,boat,0.000426,0.000019,0.000127,0.002113,0.000188,0.000426,925,394,351,81,1276,475,1,0,0,0
568,18.919,11,6,train,0.001960,4,airplane,0.000230,8,boat,0.000207,0.000015,0.000081,0.001960,0.000100,0.000207,913,394,366,85,1279,479,1,0,0,0
568,18.919,12,7,truck,0.001916,6,train,0.001000,2,car,0.000874,0.000874,0.000319,0.001000,0.001916,0.000203,1012,466,100,31,1112,497,0,0,1,0
568,18.919,13,6,train,0.001882,4,airplane,0.000137,8,boat,0.000112,0.000017,0.000090,0.001882,0.000089,0.000112,931,402,348,93,1279,495,1,0,0,0
568,18.919,14,6,train,0.001642,7,truck,0.000530,8,boat,0.000377,0.000064,0.000236,0.001642,0.000530,0.000377,931,406,185,85,1116,491,0,0,0,0
568,18.919,15,6,train,0.001629,7,truck,0.000093,4,airplane,0.000092,0.000042,0.000068,0.001629,0.000093,0.000051,446,394,820,105,1266,499,1,0,0,0
568,18.919,16,13,bench,0.001600,7,truck,0.000460,6,train,0.000302,0.000237,0.000058,0.000302,0.000460,0.000275,1005,472,107,39,1112,511,0,0,0,0
568,18.919,17,6,train,0.001517,7,truck,0.000814,5,bus,0.000444,0.000073,0.000444,0.001517,0.000814,0.000131,926,408,195,82,1121,490,0,0,0,0
568,18.919,18,6,train,0.001270,7,truck,0.000966,5,bus,0.000409,0.000100,0.000409,0.001270,0.000966,0.000157,928,407,186,80,1114,487,0,0,0,0
568,18.919,19,6,train,0.001126,7,truck,0.000965,5,bus,0.000332,0.000109,0.000332,0.001126,0.000965,0.000294,927,407,187,84,1114,491,0,0,0,0
568,18.919,20,7,truck,0.001010,13,bench,0.000936,6,train,0.000682,0.000476,0.000168,0.000682,0.001010,0.000391,1014,467,96,30,1110,497,0,0,1,0
569,18.952,1,0,person,0.017693,1,bicycle,0.001543,8,boat,0.001064,0.000228,0.000006,0.000004,0.000068,0.001064,1055,459,34,48,1089,507,0,0,1,0
569,18.952,2,0,person,0.017228,14,bird,0.001010,2,car,0.000740,0.000740,0.000009,0.000011,0.000124,0.000268,1006,456,25,52,1031,508,0,0,1,0
569,18.952,3,0,person,0.014329,3,motorcycle,0.000899,10,fire hydrant,0.000875,0.000366,0.000006,0.000006,0.000072,0.000179,1001,459,33,50,1034,509,0,0,1,0
569,18.952,4,0,person,0.012761,3,motorcycle,0.000957,14,bird,0.000851,0.000500,0.000005,0.000012,0.000312,0.000553,1053,456,46,55,1099,511,0,0,1,0
569,18.952,5,0,person,0.009907,14,bird,0.000416,2,car,0.000275,0.000275,0.000005,0.000009,0.000073,0.000219,1003,457,33,50,1036,507,0,0,1,0
569,18.952,6,0,person,0.009870,2,car,0.001627,3,motorcycle,0.001356,0.001627,0.000014,0.000012,0.000237,0.000485,1001,463,34,46,1035,509,0,0,1,0
569,18.952,7,0,person,0.009245,8,boat,0.001743,1,bicycle,0.001336,0.000073,0.000003,0.000004,0.000031,0.001743,1054,443,45,66,1099,509,0,0,1,0
569,18.952,8,0,person,0.008883,2,car,0.000792,3,motorcycle,0.000709,0.000792,0.000011,0.000017,0.000267,0.000168,999,455,37,57,1036,512,0,0,1,0
569,18.952,9,0,person,0.008093,3,motorcycle,0.001463,2,car,0.000702,0.000702,0.000008,0.000012,0.000221,0.000208,1000,462,36,51,1036,513,0,0,1,0
569,18.952,10,0,person,0.007876,1,bicycle,0.002348,8,boat,0.001916,0.000141,0.000005,0.000006,0.000048,0.001916,1055,452,43,57,1098,509,0,0,1,0
569,18.952,11,0,person,0.007339,3,motorcycle,0.001678,8,boat,0.001171,0.000830,0.000010,0.000026,0.000523,0.001171,1023,456,78,57,1101,513,0,0,1,0
569,18.952,12,0,person,0.006848,2,car,0.000665,3,motorcycle,0.000623,0.000665,0.000007,0.000009,0.000117,0.000293,1002,462,34,44,1036,506,0,0,1,0
569,18.952,13,0,person,0.004515,3,motorcycle,0.000323,2,car,0.000287,0.000287,0.000003,0.000003,0.000036,0.000048,985,455,29,55,1014,510,0,0,1,0
569,18.952,14,0,person,0.004441,3,motorcycle,0.000464,2,car,0.000283,0.000283,0.000003,0.000003,0.000035,0.000094,993,464,26,48,1019,512,0,0,1,0
569,18.952,15,0,person,0.004328,2,car,0.001232,13,bench,0.000822,0.001232,0.000010,0.000008,0.000219,0.000589,1003,477,41,30,1044,507,0,0,1,0
569,18.952,16,58,potted plant,0.004233,8,boat,0.000107,7,truck,0.000096,0.000012,0.000033,0.000031,0.000096,0.000107,715,1,564,436,1279,437,1,0,0,0
569,18.952,17,6,train,0.004214,4,airplane,0.001812,7,truck,0.000502,0.000172,0.000213,0.004214,0.000502,0.000208,494,410,589,88,1083,498,0,0,0,0
569,18.952,18,0,person,0.004139,8,boat,0.002507,1,bicycle,0.001394,0.000354,0.000008,0.000006,0.000108,0.002507,1055,457,42,53,1097,510,0,0,1,0
569,18.952,19,11,stop sign,0.004114,33,kite,0.000549,8,boat,0.000212,0.000002,0.000001,0.000001,0.000001,0.000212,1068,214,25,66,1093,280,0,0,0,0
569,18.952,20,0,person,0.004045,28,suitcase,0.000198,17,horse,0.000182,0.000164,0.000020,0.000026,0.000173,0.000040,910,545,109,104,1019,649,0,0,1,0
570,18.986,1,0,person,0.009118,2,car,0.000595,3,motorcycle,0.000568,0.000595,0.000007,0.000007,0.000057,0.000036,998,466,29,45,1027,511,0,0,1,0
570,18.986,2,0,person,0.005588,2,car,0.003129,3,motorcycle,0.000638,0.003129,0.000009,0.000014,0.000155,0.000120,1005,456,28,48,1033,504,0,0,1,0
570,18.986,3,0,person,0.005317,2,car,0.000460,3,motorcycle,0.000455,0.000460,0.000002,0.000003,0.000030,0.000039,990,458,29,51,1019,509,0,0,1,0
570,18.986,4,0,person,0.004622,3,motorcycle,0.001242,2,car,0.001240,0.001240,0.000006,0.000007,0.000109,0.000123,1000,461,41,46,1041,507,0,0,1,0
570,18.986,5,0,person,0.004528,2,car,0.001211,3,motorcycle,0.000241,0.001211,0.000018,0.000017,0.000130,0.000050,993,456,43,53,1036,509,0,0,1,0
570,18.986,6,0,person,0.004129,3,motorcycle,0.001227,1,bicycle,0.001040,0.000912,0.000005,0.000007,0.000078,0.000066,1000,458,39,48,1039,506,0,0,1,0
570,18.986,7,0,person,0.003735,2,car,0.001211,3,motorcycle,0.000500,0.001211,0.000004,0.000004,0.000062,0.000038,985,455,33,51,1018,506,0,0,1,0
570,18.986,8,0,person,0.003719,2,car,0.002277,3,motorcycle,0.001026,0.002277,0.000009,0.000010,0.000214,0.000276,1003,465,39,39,1042,504,0,0,1,0
570,18.986,9,0,person,0.003459,2,car,0.002268,3,motorcycle,0.000295,0.002268,0.000007,0.000009,0.000108,0.000058,986,454,25,46,1011,500,0,0,1,0
570,18.986,10,0,person,0.003145,2,car,0.000996,3,motorcycle,0.000642,0.000996,0.000006,0.000011,0.000110,0.000161,997,456,45,49,1042,505,0,0,1,0
570,18.986,11,6,train,0.003044,7,truck,0.000536,4,airplane,0.000339,0.000126,0.000290,0.003044,0.000536,0.000181,561,407,464,86,1025,493,0,0,0,0
570,18.986,12,25,umbrella,0.002915,37,surfboard,0.001438,8,boat,0.000452,0.000033,0.000013,0.000065,0.000119,0.000452,1111,236,167,177,1278,413,1,0,0,0
570,18.986,13,58,potted plant,0.002856,7,truck,0.000300,1,bicycle,0.000151,0.000027,0.000100,0.000051,0.000300,0.000145,762,0,516,443,1278,443,1,0,0,0
570,18.986,14,0,person,0.002549,2,car,0.000198,24,backpack,0.000155,0.000198,0.000001,0.000001,0.000012,0.000013,958,552,80,74,1038,626,0,0,1,0
570,18.986,15,0,person,0.002493,24,backpack,0.000111,12,parking meter,0.000088,0.000035,0.000001,0.000002,0.000010,0.000005,958,552,64,106,1022,658,0,0,1,0
570,18.986,16,25,umbrella,0.002331,37,surfboard,0.000285,8,boat,0.000282,0.000039,0.000013,0.000067,0.000092,0.000282,1110,209,169,204,1279,413,1,0,0,0
570,18.986,17,25,umbrella,0.002301,37,surfboard,0.000676,8,boat,0.000326,0.000032,0.000010,0.000047,0.000126,0.000326,1110,226,169,187,1279,413,1,0,0,0
570,18.986,18,25,umbrella,0.002275,37,surfboard,0.000547,8,boat,0.000299,0.000032,0.000014,0.000094,0.000079,0.000299,1111,214,167,200,1278,414,1,0,0,0
570,18.986,19,6,train,0.002256,4,airplane,0.000315,7,truck,0.000245,0.000098,0.000131,0.002256,0.000245,0.000145,426,397,816,103,1242,500,1,0,0,0
570,18.986,20,0,person,0.002144,17,horse,0.000037,3,motorcycle,0.000030,0.000016,0.000001,0.000001,0.000005,0.000004,959,554,61,110,1020,664,0,0,1,0
571,19.019,1,2,car,0.005956,0,person,0.005450,3,motorcycle,0.000887,0.005956,0.000007,0.000013,0.000234,0.000107,1003,466,46,41,1049,507,0,0,1,0
571,19.019,2,2,car,0.005906,0,person,0.001726,3,motorcycle,0.000381,0.005906,0.000009,0.000010,0.000213,0.000071,986,454,32,36,1018,490,0,0,1,0
571,19.019,3,0,person,0.005535,2,car,0.002283,3,motorcycle,0.001025,0.002283,0.000004,0.000007,0.000091,0.000045,1003,459,32,46,1035,505,0,0,1,0
571,19.019,4,0,person,0.004797,2,car,0.004254,3,motorcycle,0.000949,0.004254,0.000008,0.000009,0.000189,0.000066,1001,462,44,46,1045,508,0,0,1,0
571,19.019,5,2,car,0.004358,1,bicycle,0.001423,13,bench,0.000924,0.004358,0.000017,0.000012,0.000296,0.000199,1054,471,49,35,1103,506,0,0,1,0
571,19.019,6,2,car,0.003975,0,person,0.002084,3,motorcycle,0.000615,0.003975,0.000005,0.000004,0.000123,0.000034,986,454,36,45,1022,499,0,0,1,0
571,19.019,7,2,car,0.003854,3,motorcycle,0.000648,1,bicycle,0.000577,0.003854,0.000013,0.000022,0.000381,0.000199,998,461,63,48,1061,509,0,0,1,0
571,19.019,8,2,car,0.003413,0,person,0.003260,3,motorcycle,0.001048,0.003413,0.000006,0.000016,0.000172,0.000104,1004,463,39,43,1043,506,0,0,1,0
571,19.019,9,2,car,0.003137,7,truck,0.000386,3,motorcycle,0.000299,0.003137,0.000031,0.000029,0.000386,0.000130,992,442,91,67,1083,509,0,0,1,0
571,19.019,10,2,car,0.002897,0,person,0.000603,3,motorcycle,0.000310,0.002897,0.000039,0.000023,0.000295,0.000096,992,452,60,56,1052,508,0,0,1,0
571,19.019,11,2,car,0.002883,13,bench,0.001360,1,bicycle,0.001218,0.002883,0.000016,0.000012,0.000236,0.000206,1053,450,53,60,1106,510,0,0,1,0
571,19.019,12,0,person,0.002433,2,car,0.002305,3,motorcycle,0.000846,0.002305,0.000006,0.000022,0.000182,0.000141,995,456,55,50,1050,506,0,0,1,0
571,19.019,13,2,car,0.002423,3,motorcycle,0.001195,1,bicycle,0.000777,0.002423,0.000014,0.000040,0.000325,0.000261,996,452,72,56,1068,508,0,0,1,0
571,19.019,14,2,car,0.002334,1,bicycle,0.000609,3,motorcycle,0.000432,0.002334,0.000016,0.000016,0.000263,0.000082,994,453,84,58,1078,511,0,0,1,0
571,19.019,15,0,person,0.002298,2,car,0.001152,1,bicycle,0.000373,0.001152,0.000002,0.000002,0.000044,0.000019,990,458,36,51,1026,509,0,0,1,0
571,19.019,16,2,car,0.002083,0,person,0.001292,3,motorcycle,0.000639,0.002083,0.000014,0.000011,0.000179,0.000057,997,459,57,53,1054,512,0,0,1,0
571,19.019,17,0,person,0.001527,2,car,0.000441,1,bicycle,0.000367,0.000441,0.000002,0.000004,0.000023,0.000091,1055,446,24,40,1079,486,0,0,1,0
571,19.019,18,1,bicycle,0.001457,2,car,0.000862,13,bench,0.000582,0.000862,0.000006,0.000008,0.000081,0.000103,1053,443,54,63,1107,506,0,0,1,0
571,19.019,19,2,car,0.001309,0,person,0.000472,3,motorcycle,0.000359,0.001309,0.000016,0.000055,0.000312,0.000168,990,428,104,80,1094,508,0,0,1,0
571,19.019,20,2,car,0.001300,1,bicycle,0.001091,0,person,0.000916,0.001300,0.000008,0.000008,0.000095,0.000160,1054,448,41,54,1095,502,0,0,1,0
572,19.052,1,2,car,0.006804,13,bench,0.000425,7,truck,0.000412,0.006804,0.000012,0.000004,0.000412,0.000087,984,458,46,38,1030,496,0,0,1,0
572,19.052,2,2,car,0.004145,0,person,0.000622,7,truck,0.000289,0.004145,0.000014,0.000007,0.000289,0.000173,986,455,37,29,1023,484,0,0,1,0
572,19.052,3,2,car,0.002797,0,person,0.002225,3,motorcycle,0.000521,0.002797,0.000004,0.000005,0.000170,0.000072,1001,465,38,42,1039,507,0,0,1,0
572,19.052,4,0,person,0.002661,2,car,0.000747,3,motorcycle,0.000314,0.000747,0.000003,0.000004,0.000061,0.000133,1008,464,30,40,1038,504,0,0,1,0
572,19.052,5,2,car,0.002479,7,truck,0.000299,0,person,0.000182,0.002479,0.000034,0.000017,0.000299,0.000084,986,458,57,48,1043,506,0,0,1,0
572,19.052,6,0,person,0.002337,2,car,0.001628,3,motorcycle,0.000563,0.001628,0.000004,0.000003,0.000115,0.000067,1004,461,27,41,1031,502,0,0,1,0
572,19.052,7,0,person,0.002186,2,car,0.000311,14,bird,0.000237,0.000311,0.000002,0.000003,0.000031,0.000104,1006,459,31,45,1037,504,0,0,1,0
572,19.052,8,2,car,0.001123,0,person,0.000698,3,motorcycle,0.000209,0.001123,0.000006,0.000006,0.000092,0.000034,996,470,49,41,1045,511,0,0,1,0
572,19.052,9,2,car,0.001100,0,person,0.000185,7,truck,0.000161,0.001100,0.000013,0.000012,0.000161,0.000078,988,453,74,54,1062,507,0,0,1,0
572,19.052,10,2,car,0.000820,0,person,0.000181,1,bicycle,0.000122,0.000820,0.000005,0.000002,0.000099,0.000030,976,457,48,41,1024,498,0,0,1,0
572,19.052,11,14,bird,0.000809,0,person,0.000481,8,boat,0.000266,0.000055,0.000001,0.000001,0.000010,0.000266,1077,580,36,33,1113,613,0,0,0,0
572,19.052,12,2,car,0.000656,0,person,0.000135,1,bicycle,0.000129,0.000656,0.000004,0.000005,0.000076,0.000048,993,464,65,47,1058,511,0,0,1,0
572,19.052,13,6,train,0.000581,4,airplane,0.000208,7,truck,0.000126,0.000073,0.000052,0.000581,0.000126,0.000104,456,403,659,92,1115,495,0,0,0,0
572,19.052,14,0,person,0.000580,1,bicycle,0.000324,14,bird,0.000218,0.000057,0.000001,0.000001,0.000006,0.000069,1056,442,37,57,1093,499,0,0,1,0
572,19.052,15,6,train,0.000556,4,airplane,0.000226,8,boat,0.000102,0.000078,0.000038,0.000556,0.000075,0.000102,319,391,941,110,1260,501,1,0,0,0
572,19.052,16,2,car,0.000553,1,bicycle,0.000439,14,bird,0.000182,0.000553,0.000003,0.000002,0.000035,0.000107,1057,467,44,38,1101,505,0,0,1,0
572,19.052,17,14,bird,0.000536,8,boat,0.000293,0,person,0.000227,0.000044,0.000000,0.000001,0.000008,0.000293,1076,581,56,41,1132,622,0,0,0,0
572,19.052,18,1,bicycle,0.000510,0,person,0.000330,14,bird,0.000193,0.000108,0.000001,0.000001,0.000012,0.000086,1055,449,41,52,1096,501,0,0,1,0
572,19.052,19,2,car,0.000473,1,bicycle,0.000131,0,person,0.000104,0.000473,0.000002,0.000002,0.000046,0.000014,970,474,44,36,1014,510,0,0,1,0
572,19.052,20,2,car,0.000450,1,bicycle,0.000262,0,person,0.000239,0.000450,0.000002,0.000003,0.000046,0.000089,1000,464,64,44,1064,508,0,0,1,0
573,19.086,1,37,surfboard,0.008384,72,refrigerator,0.003303,7,truck,0.001933,0.000040,0.000134,0.000353,0.001933,0.000525,1211,182,68,230,1279,412,1,0,0,0
573,19.086,2,0,person,0.006588,2,car,0.002142,14,bird,0.000657,0.002142,0.000003,0.000006,0.000161,0.000181,1006,470,34,37,1040,507,0,0,1,0
573,19.086,3,37,surfboard,0.005621,72,refrigerator,0.003929,25,umbrella,0.001607,0.000042,0.000219,0.000359,0.001544,0.000443,1211,182,68,231,1279,413,1,0,0,0
573,19.086,4,2,car,0.005547,13,bench,0.000879,7,truck,0.000582,0.005547,0.000017,0.000007,0.000582,0.000184,981,457,50,41,1031,498,0,0,1,0
573,19.086,5,37,surfboard,0.004356,25,umbrella,0.002131,72,refrigerator,0.001343,0.000032,0.000086,0.000235,0.000624,0.000267,1211,182,68,231,1279,413,1,0,0,0
573,19.086,6,2,car,0.003862,0,person,0.000751,7,truck,0.000392,0.003862,0.000015,0.000009,0.000392,0.000262,984,455,43,30,1027,485,0,0,1,0
573,19.086,7,2,car,0.003747,7,truck,0.000707,0,person,0.000511,0.003747,0.000040,0.000019,0.000707,0.000149,988,459,51,48,1039,507,0,0,1,0
573,19.086,8,2,car,0.003598,0,person,0.002989,3,motorcycle,0.000805,0.003598,0.000007,0.000007,0.000289,0.000173,1001,465,38,43,1039,508,0,0,1,0
573,19.086,9,37,surfboard,0.003303,25,umbrella,0.002081,72,refrigerator,0.001952,0.000035,0.000155,0.000229,0.000604,0.000256,1211,182,68,232,1279,414,1,0,0,0
573,19.086,10,0,person,0.003225,2,car,0.001205,3,motorcycle,0.000577,0.001205,0.000003,0.000007,0.000121,0.000232,1005,464,33,41,1038,505,0,0,1,0
573,19.086,11,25,umbrella,0.002950,0,person,0.001017,37,surfboard,0.000919,0.000027,0.000120,0.000256,0.000245,0.000123,1211,184,68,230,1279,414,1,0,0,0
573,19.086,12,0,person,0.002869,2,car,0.000382,14,bird,0.000340,0.000382,0.000002,0.000006,0.000056,0.000132,1003,459,35,46,1038,505,0,0,1,0
573,19.086,13,2,car,0.002857,13,bench,0.000907,0,person,0.000729,0.002857,0.000010,0.000006,0.000347,0.000086,983,466,54,42,1037,508,0,0,1,0
573,19.086,14,4,airplane,0.002772,6,train,0.001467,8,boat,0.000263,0.000120,0.000060,0.001467,0.000094,0.000263,349,389,924,113,1273,502,1,0,0,0
573,19.086,15,0,person,0.002756,14,bird,0.000607,1,bicycle,0.000571,0.000238,0.000001,0.000002,0.000018,0.000112,1053,457,26,49,1079,506,0,0,1,0
573,19.086,16,37,surfboard,0.002751,4,airplane,0.001641,7,truck,0.001617,0.000067,0.000094,0.000311,0.001617,0.000572,1211,177,68,246,1279,423,1,0,0,0
573,19.086,17,2,car,0.002522,0,person,0.002427,3,motorcycle,0.000683,0.002522,0.000005,0.000005,0.000197,0.000131,1003,462,27,37,1030,499,0,0,1,0
573,19.086,18,2,car,0.002386,13,bench,0.000505,0,person,0.000486,0.002386,0.000015,0.000007,0.000347,0.000132,978,458,52,40,1030,498,0,0,1,0
573,19.086,19,25,umbrella,0.002304,37,surfboard,0.000765,0,person,0.000723,0.000045,0.000211,0.000257,0.000393,0.000139,1211,183,68,232,1279,415,1,0,0,0
573,19.086,20,25,umbrella,0.002281,0,person,0.000580,5,bus,0.000315,0.000047,0.000315,0.000231,0.000219,0.000123,1211,181,68,231,1279,412,1,0,0,0
574,19.119,1,2,car,0.003614,13,bench,0.002511,1,bicycle,0.000787,0.003614,0.000013,0.000006,0.000420,0.000291,998,472,40,36,1038,508,0,0,1,0
574,19.119,2,2,car,0.003264,13,bench,0.001224,0,person,0.000957,0.003264,0.000009,0.000004,0.000329,0.000126,980,459,57,45,1037,504,0,0,1,0
574,19.119,3,2,car,0.002744,13,bench,0.001761,1,bicycle,0.001159,0.002744,0.000010,0.000004,0.000268,0.000136,984,478,54,31,1038,509,0,0,1,0
574,19.119,4,2,car,0.002583,13,bench,0.001725,0,person,0.001152,0.002583,0.000009,0.000006,0.000273,0.000451,1000,476,38,31,1038,507,0,0,1,0
574,19.119,5,2,car,0.002330,0,person,0.001544,3,motorcycle,0.000526,0.002330,0.000029,0.000011,0.000448,0.000134,987,458,55,50,1042,508,0,0,1,0
574,19.119,6,0,person,0.002240,2,car,0.000612,1,bicycle,0.000529,0.000612,0.000004,0.000002,0.000061,0.000064,977,459,25,42,1002,501,0,0,1,0
574,19.119,7,0,person,0.002171,2,car,0.000428,14,bird,0.000344,0.000428,0.000003,0.000005,0.000070,0.000229,1005,460,31,38,1036,498,0,0,1,0
574,19.119,8,2,car,0.001982,0,person,0.001592,13,bench,0.001132,0.001982,0.000010,0.000009,0.000259,0.000663,1003,462,34,40,1037,502,0,0,1,0
574,19.119,9,0,person,0.001689,14,bird,0.000189,2,car,0.000156,0.000156,0.000003,0.000004,0.000035,0.000041,1059,454,27,46,1086,500,0,0,1,0
574,19.119,10,2,car,0.001644,0,person,0.001093,3,motorcycle,0.000883,0.001644,0.000008,0.000006,0.000250,0.000086,988,469,57,43,1045,512,0,0,1,0
574,19.119,11,4,airplane,0.001251,7,truck,0.000332,2,car,0.000300,0.000300,0.000089,0.000109,0.000332,0.000177,933,402,205,94,1138,496,0,0,0,0
574,19.119,12,2,car,0.001168,7,truck,0.000398,0,person,0.000267,0.001168,0.000022,0.000013,0.000398,0.000144,974,451,101,59,1075,510,0,0,1,0
574,19.119,13,4,airplane,0.001142,6,train,0.000246,2,car,0.000114,0.000114,0.000015,0.000246,0.000036,0.000099,682,386,586,114,1268,500,1,0,0,0
574,19.119,14,0,person,0.001063,14,bird,0.000341,1,bicycle,0.000228,0.000078,0.000001,0.000001,0.000008,0.000034,1054,445,37,45,1091,490,0,0,1,0
574,19.119,15,4,airplane,0.000965,7,truck,0.000159,2,car,0.000154,0.000154,0.000037,0.000103,0.000159,0.000148,927,399,273,95,1200,494,0,0,0,0
574,19.119,16,4,airplane,0.000950,6,train,0.000325,8,boat,0.000119,0.000114,0.000024,0.000325,0.000061,0.000119,644,391,620,107,1264,498,1,0,0,0
574,19.119,17,0,person,0.000907,1,bicycle,0.000477,14,bird,0.000326,0.000078,0.000000,0.000001,0.000007,0.000041,1053,448,43,56,1096,504,0,0,1,0
574,19.119,18,4,airplane,0.000879,7,truck,0.000585,2,car,0.000377,0.000377,0.000236,0.000129,0.000585,0.000193,876,404,251,97,1127,501,0,0,0,0
574,19.119,19,2,car,0.000874,1,bicycle,0.000576,3,motorcycle,0.000282,0.000874,0.000007,0.000005,0.000232,0.000101,983,462,87,50,1070,512,0,0,1,0
574,19.119,20,0,person,0.000862,1,bicycle,0.000164,14,bird,0.000109,0.000033,0.000000,0.000000,0.000003,0.000013,1054,475,31,41,1085,516,0,0,1,0
575,19.152,1,2,car,0.002638,6,train,0.000793,13,bench,0.000537,0.002638,0.000307,0.000793,0.000234,0.000038,10,592,1246,112,1256,704,1,0,1,0
575,19.152,2,2,car,0.002554,13,bench,0.000313,6,train,0.000308,0.002554,0.000126,0.000308,0.000175,0.000024,8,592,1220,111,1228,703,1,0,1,0
575,19.152,3,2,car,0.002367,6,train,0.000370,13,bench,0.000338,0.002367,0.000164,0.000370,0.000164,0.000026,13,591,1231,112,1244,703,1,0,1,0
575,19.152,4,2,car,0.001313,6,train,0.000791,13,bench,0.000640,0.001313,0.000275,0.000791,0.000162,0.000045,12,596,1255,107,1267,703,1,0,1,0
575,19.152,5,2,car,0.001130,6,train,0.000821,13,bench,0.000592,0.001130,0.000253,0.000821,0.000154,0.000049,29,597,1229,107,1258,704,1,0,1,0
575,19.152,6,2,car,0.001109,6,train,0.000841,13,bench,0.000581,0.001109,0.000179,0.000841,0.000150,0.000057,37,598,1233,108,1270,706,1,0,1,0
575,19.152,7,2,car,0.001082,6,train,0.000418,13,bench,0.000393,0.001082,0.000190,0.000418,0.000122,0.000025,22,595,1246,108,1268,703,1,0,1,0
575,19.152,8,2,car,0.000819,13,bench,0.000184,6,train,0.000099,0.000819,0.000049,0.000099,0.000083,0.000013,7,592,1108,112,1115,704,0,0,1,0
575,19.152,9,6,train,0.000702,4,airplane,0.000156,7,truck,0.000060,0.000027,0.000031,0.000702,0.000060,0.000045,635,352,625,125,1260,477,1,0,0,0
575,19.152,10,2,car,0.000654,6,train,0.000350,13,bench,0.000286,0.000654,0.000074,0.000350,0.000092,0.000032,82,598,1189,111,1271,709,1,0,1,0
575,19.152,11,6,train,0.000344,2,car,0.000055,4,airplane,0.000042,0.000055,0.000024,0.000344,0.000028,0.000024,90,358,1097,313,1187,671,0,0,0,0
575,19.152,12,4,airplane,0.000335,6,train,0.000024,2,car,0.000024,0.000024,0.000003,0.000024,0.000010,0.000011,746,318,532,185,1278,503,1,0,0,0
575,19.152,13,2,car,0.000309,6,train,0.000162,13,bench,0.000117,0.000309,0.000029,0.000162,0.000050,0.000015,112,597,1163,112,1275,709,1,0,1,0
575,19.152,14,4,airplane,0.000275,2,car,0.000024,71,sink,0.000022,0.000024,0.000003,0.000022,0.000010,0.000016,759,268,518,199,1277,467,1,0,0,0
575,19.152,15,6,train,0.000262,4,airplane,0.000162,2,car,0.000074,0.000074,0.000020,0.000262,0.000031,0.000034,213,357,1049,310,1262,667,1,0,0,0
575,19.152,16,4,airplane,0.000259,6,train,0.000029,2,car,0.000027,0.000027,0.000004,0.000029,0.000014,0.000015,710,322,568,186,1278,508,1,0,0,0
575,19.152,17,6,train,0.000220,4,airplane,0.000075,2,car,0.000026,0.000026,0.000014,0.000220,0.000025,0.000024,618,356,639,269,1257,625,1,0,0,0
575,19.152,18,4,airplane,0.000220,6,train,0.000110,8,boat,0.000028,0.000020,0.000007,0.000110,0.000020,0.000028,631,323,644,277,1275,600,1,0,0,0
575,19.152,19,4,airplane,0.000204,2,car,0.000025,61,toilet,0.000024,0.000025,0.000004,0.000022,0.000014,0.000022,709,274,567,203,1276,477,1,0,0,0
575,19.152,20,2,car,0.000204,13,bench,0.000115,7,truck,0.000029,0.000204,0.000012,0.000021,0.000029,0.000007,9,590,989,115,998,705,0,0,1,0
576,19.186,1,2,car,0.002628,6,train,0.000865,13,bench,0.000461,0.002628,0.000276,0.000865,0.000219,0.000032,9,591,1250,113,1259,704,1,0,1,0
576,19.186,2,2,car,0.002365,6,train,0.000299,13,bench,0.000272,0.002365,0.000119,0.000299,0.000164,0.000022,8,591,1226,113,1234,704,1,0,1,0
576,19.186,3,2,car,0.001885,6,train,0.000321,13,bench,0.000246,0.001885,0.000126,0.000321,0.000132,0.000019,14,590,1236,113,1250,703,1,0,1,0
576,19.186,4,2,car,0.001435,6,train,0.001073,13,bench,0.000913,0.001435,0.000195,0.001073,0.000159,0.000059,36,597,1235,110,1271,707,1,0,1,0
576,19.186,5,2,car,0.001230,6,train,0.000946,13,bench,0.000669,0.001230,0.000248,0.000946,0.000141,0.000041,11,596,1258,107,1269,703,1,0,1,0
576,19.186,6,2,car,0.001224,6,train,0.001117,13,bench,0.000783,0.001224,0.000267,0.001117,0.000151,0.000049,24,597,1237,107,1261,704,1,0,1,0
576,19.186,7,2,car,0.001206,6,train,0.000596,13,bench,0.000418,0.001206,0.000208,0.000596,0.000129,0.000026,22,594,1247,109,1269,703,1,0,1,0
576,19.186,8,2,car,0.000962,13,bench,0.000479,6,train,0.000419,0.000962,0.000081,0.000419,0.000101,0.000032,70,598,1201,111,1271,709,1,0,1,0
576,19.186,9,2,car,0.000944,13,bench,0.000198,6,train,0.000127,0.000944,0.000060,0.000127,0.000097,0.000017,6,592,1131,112,1137,704,0,0,1,0
576,19.186,10,6,train,0.000589,4,airplane,0.000114,7,truck,0.000049,0.000027,0.000025,0.000589,0.000049,0.000033,633,348,626,146,1259,494,1,0,0,0
576,19.186,11,2,car,0.000533,13,bench,0.000209,6,train,0.000192,0.000533,0.000032,0.000192,0.000061,0.000014,95,597,1181,112,1276,709,1,0,1,0
576,19.186,12,6,train,0.000485,2,car,0.000069,60,dining table,0.000049,0.000069,0.000029,0.000485,0.000030,0.000024,86,357,1119,314,1205,671,0,0,0,0
576,19.186,13,4,airplane,0.000410,6,train,0.000035,2,car,0.000035,0.000035,0.000004,0.000035,0.000013,0.000014,753,328,525,171,1278,499,1,0,0,0
576,19.186,14,6,train,0.000297,4,airplane,0.000143,2,car,0.000090,0.000090,0.000020,0.000297,0.000032,0.000030,159,356,1104,314,1263,670,1,0,0,0
576,19.186,15,4,airplane,0.000257,6,train,0.000034,2,car,0.000033,0.000033,0.000004,0.000034,0.000014,0.000016,728,330,549,174,1277,504,1,0,0,0
576,19.186,16,6,train,0.000238,4,airplane,0.000066,2,car,0.000032,0.000032,0.000013,0.000238,0.000026,0.000022,597,355,662,283,1259,638,1,0,0,0
576,19.186,17,6,train,0.000207,4,airplane,0.000050,2,car,0.000047,0.000047,0.000018,0.000207,0.000020,0.000015,148,361,1096,305,1244,666,1,0,0,0
576,19.186,18,4,airplane,0.000191,6,train,0.000019,2,car,0.000019,0.000019,0.000003,0.000019,0.000008,0.000014,760,269,517,208,1277,477,1,0,0,0
576,19.186,19,2,car,0.000190,13,bench,0.000113,7,truck,0.000030,0.000190,0.000012,0.000022,0.000030,0.000009,8,589,1027,116,1035,705,0,0,1,0
576,19.186,20,4,airplane,0.000174,2,car,0.000018,6,train,0.000018,0.000018,0.000002,0.000018,0.000007,0.000007,838,328,440,175,1278,503,1,0,0,0
577,19.219,1,2,car,0.001896,6,train,0.000700,13,bench,0.000391,0.001896,0.000219,0.000700,0.000155,0.000027,11,592,1242,112,1253,704,1,0,1,0
577,19.219,2,2,car,0.001868,13,bench,0.000272,6,train,0.000242,0.001868,0.000093,0.000242,0.000121,0.000017,10,592,1213,111,1223,703,1,0,1,0
577,19.219,3,2,car,0.001440,6,train,0.000266,13,bench,0.000235,0.001440,0.000099,0.000266,0.000094,0.000016,17,591,1224,112,1241,703,1,0,1,0
577,19.219,4,6,train,0.001052,4,airplane,0.000093,7,truck,0.000070,0.000033,0.000042,0.001052,0.000070,0.000037,637,348,625,130,1262,478,1,0,0,0
577,19.219,5,2,car,0.001018,6,train,0.000893,13,bench,0.000629,0.001018,0.000184,0.000893,0.000126,0.000045,42,597,1228,109,1270,706,1,0,1,0
577,19.219,6,2,car,0.000700,6,train,0.000367,13,bench,0.000363,0.000700,0.000084,0.000367,0.000083,0.000025,86,599,1184,109,1270,708,1,0,1,0
577,19.219,7,6,train,0.000696,2,car,0.000678,13,bench,0.000402,0.000678,0.000185,0.000696,0.000093,0.000030,32,597,1226,107,1258,704,1,0,0,0
577,19.219,8,2,car,0.000664,13,bench,0.000175,6,train,0.000096,0.000664,0.000042,0.000096,0.000066,0.000011,7,592,1106,112,1113,704,0,0,1,0
577,19.219,9,2,car,0.000653,6,train,0.000363,13,bench,0.000247,0.000653,0.000127,0.000363,0.000071,0.000017,28,595,1239,108,1267,703,1,0,1,0
577,19.219,10,2,car,0.000622,6,train,0.000528,13,bench,0.000334,0.000622,0.000144,0.000528,0.000076,0.000024,15,596,1252,107,1267,703,1,0,1,0
577,19.219,11,6,train,0.000488,2,car,0.000065,60,dining table,0.000051,0.000065,0.000028,0.000488,0.000029,0.000020,107,357,1064,313,1171,670,0,0,0,0
577,19.219,12,2,car,0.000425,6,train,0.000181,13,bench,0.000180,0.000425,0.000035,0.000181,0.000054,0.000013,107,598,1168,110,1275,708,1,0,1,0
577,19.219,13,4,airplane,0.000295,6,train,0.000030,2,car,0.000028,0.000028,0.000003,0.000030,0.000011,0.000012,766,328,512,176,1278,504,1,0,0,0
577,19.219,14,6,train,0.000271,4,airplane,0.000037,60,dining table,0.000035,0.000027,0.000016,0.000271,0.000026,0.000018,624,354,635,264,1259,618,1,0,0,0
577,19.219,15,6,train,0.000239,4,airplane,0.000076,2,car,0.000064,0.000064,0.000020,0.000239,0.000026,0.000025,225,357,1035,316,1260,673,1,0,0,0
577,19.219,16,6,train,0.000217,2,car,0.000044,4,airplane,0.000037,0.000044,0.000021,0.000217,0.000021,0.000013,189,362,1038,302,1227,664,1,0,0,0
577,19.219,17,4,airplane,0.000198,6,train,0.000030,2,car,0.000029,0.000029,0.000004,0.000030,0.000013,0.000015,720,329,558,194,1278,523,1,0,0,0
577,19.219,18,6,train,0.000159,7,truck,0.000032,4,airplane,0.000026,0.000015,0.000015,0.000159,0.000032,0.000016,628,241,632,289,1260,530,1,0,0,0
577,19.219,19,4,airplane,0.000150,6,train,0.000017,2,car,0.000015,0.000015,0.000002,0.000017,0.000007,0.000006,871,327,407,176,1278,503,1,0,0,0
577,19.219,20,60,dining table,0.000149,6,train,0.000143,7,truck,0.000026,0.000014,0.000017,0.000143,0.000026,0.000024,320,91,874,421,1194,512,0,0,0,0
578,19.253,1,2,car,0.002752,6,train,0.000554,13,bench,0.000392,0.002752,0.000218,0.000554,0.000181,0.000028,11,590,1244,114,1255,704,1,0,1,0
578,19.253,2,2,car,0.002227,13,bench,0.000241,6,train,0.000175,0.002227,0.000078,0.000175,0.000121,0.000018,11,590,1217,113,1228,703,1,0,1,0
578,19.253,3,2,car,0.001752,13,bench,0.000189,6,train,0.000170,0.001752,0.000077,0.000170,0.000090,0.000015,19,589,1227,114,1246,703,1,0,1,0
578,19.253,4,6,train,0.001015,4,airplane,0.000095,7,truck,0.000060,0.000031,0.000036,0.001015,0.000060,0.000034,637,346,624,132,1261,478,1,0,0,0
578,19.253,5,2,car,0.000915,6,train,0.000319,13,bench,0.000288,0.000915,0.000148,0.000319,0.000091,0.000018,29,593,1238,110,1267,703,1,0,1,0
578,19.253,6,2,car,0.000845,13,bench,0.000672,6,train,0.000623,0.000845,0.000157,0.000623,0.000115,0.000042,42,598,1228,107,1270,705,1,0,1,0
578,19.253,7,2,car,0.000747,13,bench,0.000164,6,train,0.000078,0.000747,0.000040,0.000078,0.000069,0.000013,8,591,1105,113,1113,704,0,0,1,0
578,19.253,8,2,car,0.000735,6,train,0.000436,13,bench,0.000426,0.000735,0.000166,0.000436,0.000091,0.000026,15,596,1252,106,1267,702,1,0,1,0
578,19.253,9,2,car,0.000701,6,train,0.000588,13,bench,0.000533,0.000701,0.000201,0.000588,0.000104,0.000033,34,597,1223,106,1257,703,1,0,1,0
578,19.253,10,2,car,0.000597,13,bench,0.000362,6,train,0.000290,0.000597,0.000072,0.000290,0.000078,0.000025,92,600,1178,107,1270,707,1,0,1,0
578,19.253,11,6,train,0.000450,2,car,0.000064,60,dining table,0.000057,0.000064,0.000028,0.000450,0.000026,0.000019,91,356,1088,316,1179,672,0,0,0,0
578,19.253,12,4,airplane,0.000417,6,train,0.000032,2,car,0.000031,0.000031,0.000004,0.000032,0.000012,0.000013,770,324,508,178,1278,502,1,0,0,0
578,19.253,13,2,car,0.000389,13,bench,0.000174,6,train,0.000149,0.000389,0.000031,0.000149,0.000053,0.000013,109,599,1166,109,1275,708,1,0,1,0
578,19.253,14,6,train,0.000253,4,airplane,0.000036,60,dining table,0.000032,0.000026,0.000014,0.000253,0.000024,0.000017,621,353,635,272,1256,625,1,0,0,0
578,19.253,15,4,airplane,0.000245,2,car,0.000031,6,train,0.000030,0.000031,0.000004,0.000030,0.000014,0.000015,722,325,556,189,1278,514,1,0,0,0
578,19.253,16,6,train,0.000238,2,car,0.000048,4,airplane,0.000036,0.000048,0.000023,0.000238,0.000021,0.000014,174,361,1054,304,1228,665,1,0,0,0
578,19.253,17,4,airplane,0.000231,6,train,0.000021,2,car,0.000020,0.000020,0.000003,0.000021,0.000008,0.000013,777,268,501,208,1278,476,1,0,0,0
578,19.253,18,4,airplane,0.000204,6,train,0.000018,2,car,0.000017,0.000017,0.000002,0.000018,0.000008,0.000007,867,323,411,181,1278,504,1,0,0,0
578,19.253,19,6,train,0.000200,4,airplane,0.000065,2,car,0.000056,0.000056,0.000017,0.000200,0.000023,0.000022,203,356,1056,315,1259,671,1,0,0,0
578,19.253,20,4,airplane,0.000183,6,train,0.000021,2,car,0.000019,0.000019,0.000004,0.000021,0.000010,0.000007,934,316,345,193,1279,509,1,0,0,0
579,19.286,1,2,car,0.003871,6,train,0.000294,13,bench,0.000268,0.003871,0.000185,0.000294,0.000194,0.000023,9,589,1252,115,1261,704,1,0,1,0
579,19.286,2,2,car,0.003413,13,bench,0.000181,7,truck,0.000132,0.003413,0.000067,0.000116,0.000132,0.000017,8,590,1221,114,1229,704,1,0,1,0
579,19.286,3,2,car,0.002502,13,bench,0.000127,7,truck,0.000093,0.002502,0.000062,0.000092,0.000093,0.000012,17,588,1236,116,1253,704,1,0,1,0
579,19.286,4,2,car,0.001493,13,bench,0.000240,6,train,0.000213,0.001493,0.000166,0.000213,0.000121,0.000018,27,593,1241,110,1268,703,1,0,1,0
579,19.286,5,2,car,0.001483,13,bench,0.000170,7,truck,0.000091,0.001483,0.000040,0.000065,0.000091,0.000017,5,591,1133,114,1138,705,0,0,1,0
579,19.286,6,6,train,0.001194,4,airplane,0.000095,7,truck,0.000075,0.000038,0.000046,0.001194,0.000075,0.000038,637,344,628,132,1265,476,1,0,0,0
579,19.286,7,2,car,0.001081,13,bench,0.000384,66,keyboard,0.000339,0.001081,0.000208,0.000327,0.000118,0.000028,12,595,1254,107,1266,702,1,0,1,0
579,19.286,8,2,car,0.001060,13,bench,0.000724,66,keyboard,0.000645,0.001060,0.000181,0.000542,0.000133,0.000045,34,598,1236,107,1270,705,1,0,1,0
579,19.286,9,2,car,0.000903,66,keyboard,0.000574,13,bench,0.000503,0.000903,0.000244,0.000465,0.000126,0.000035,27,596,1226,107,1253,703,1,0,1,0
579,19.286,10,2,car,0.000764,13,bench,0.000400,66,keyboard,0.000349,0.000764,0.000081,0.000278,0.000089,0.000026,91,600,1180,107,1271,707,1,0,1,0
579,19.286,11,2,car,0.000524,13,bench,0.000223,6,train,0.000164,0.000524,0.000035,0.000164,0.000061,0.000014,118,599,1158,108,1276,707,1,0,1,0
579,19.286,12,6,train,0.000449,2,car,0.000132,60,dining table,0.000081,0.000132,0.000047,0.000449,0.000041,0.000024,60,355,1116,326,1176,681,0,0,0,0
579,19.286,13,6,train,0.000300,2,car,0.000115,4,airplane,0.000057,0.000115,0.000045,0.000300,0.000038,0.000021,131,360,1078,311,1209,671,0,0,0,0
579,19.286,14,6,train,0.000254,7,truck,0.000046,4,airplane,0.000036,0.000021,0.000022,0.000254,0.000046,0.000021,628,236,635,288,1263,524,1,0,0,0
579,19.286,15,4,airplane,0.000249,2,car,0.000033,6,train,0.000030,0.000033,0.000003,0.000030,0.000010,0.000013,766,319,512,183,1278,502,1,0,0,0
579,19.286,16,2,car,0.000236,6,train,0.000042,4,airplane,0.000040,0.000236,0.000017,0.000042,0.000034,0.000014,4,417,1095,285,1099,702,0,0,1,0
579,19.286,17,6,train,0.000220,60,dining table,0.000031,2,car,0.000029,0.000029,0.000016,0.000220,0.000024,0.000016,621,352,640,268,1261,620,1,0,0,0
579,19.286,18,2,car,0.000186,13,bench,0.000060,6,train,0.000047,0.000186,0.000009,0.000047,0.000022,0.000006,318,594,958,111,1276,705,1,0,1,0
579,19.286,19,2,car,0.000174,6,train,0.000021,7,truck,0.000016,0.000174,0.000012,0.000021,0.000016,0.000003,18,588,1226,131,1244,719,1,0,1,0
579,19.286,20,4,airplane,0.000173,2,car,0.000036,6,train,0.000029,0.000036,0.000003,0.000029,0.000012,0.000016,722,321,555,196,1277,517,1,0,0,0
580,19.319,1,2,car,0.005477,13,bench,0.000351,6,train,0.000252,0.005477,0.000157,0.000252,0.000210,0.000025,10,589,1247,115,1257,704,1,0,1,0
580,19.319,2,2,car,0.003096,13,bench,0.000205,7,truck,0.000106,0.003096,0.000047,0.000081,0.000106,0.000015,11,590,1214,114,1225,704,1,0,1,0
580,19.319,3,2,car,0.002894,13,bench,0.000392,6,train,0.000252,0.002894,0.000186,0.000252,0.000178,0.000024,29,593,1239,110,1268,703,1,0,1,0
580,19.319,4,2,car,0.002654,13,bench,0.000150,7,truck,0.000081,0.002654,0.000044,0.000066,0.000081,0.000011,21,588,1229,115,1250,703,1,0,1,0
580,19.319,5,2,car,0.002309,13,bench,0.001038,66,keyboard,0.000940,0.002309,0.000210,0.000606,0.000214,0.000062,38,597,1234,108,1272,705,1,0,1,0
580,19.319,6,2,car,0.002205,13,bench,0.000592,66,keyboard,0.000349,0.002205,0.000212,0.000342,0.000176,0.000035,13,596,1255,106,1268,702,1,0,1,0
580,19.319,7,2,car,0.001783,13,bench,0.000747,66,keyboard,0.000661,0.001783,0.000243,0.000479,0.000186,0.000043,29,597,1231,106,1260,703,1,0,1,0
580,19.319,8,2,car,0.001454,66,keyboard,0.000509,13,bench,0.000480,0.001454,0.000089,0.000287,0.000126,0.000032,98,599,1175,107,1273,706,1,0,1,0
580,19.319,9,2,car,0.001200,13,bench,0.000172,7,truck,0.000076,0.001200,0.000032,0.000055,0.000076,0.000014,7,592,1110,112,1117,704,0,0,1,0
580,19.319,10,6,train,0.001041,4,airplane,0.000092,7,truck,0.000065,0.000043,0.000042,0.001041,0.000065,0.000035,637,342,628,137,1265,479,1,0,0,0
580,19.319,11,2,car,0.000815,13,bench,0.000207,66,keyboard,0.000206,0.000815,0.000036,0.000156,0.000073,0.000015,104,598,1172,108,1276,706,1,0,1,0
580,19.319,12,6,train,0.000522,2,car,0.000166,60,dining table,0.000099,0.000166,0.000044,0.000522,0.000043,0.000024,56,354,1133,330,1189,684,0,0,0,0
580,19.319,13,6,train,0.000404,2,car,0.000163,4,airplane,0.000066,0.000163,0.000049,0.000404,0.000046,0.000021,133,359,1084,315,1217,674,1,0,0,0
580,19.319,14,2,car,0.000308,13,bench,0.000062,6,train,0.000054,0.000308,0.000012,0.000054,0.000029,0.000007,280,593,996,111,1276,704,1,0,1,0
580,19.319,15,4,airplane,0.000300,2,car,0.000030,6,train,0.000024,0.000030,0.000003,0.000024,0.000009,0.000011,773,318,505,178,1278,496,1,0,0,0
580,19.319,16,6,train,0.000241,7,truck,0.000043,4,airplane,0.000037,0.000022,0.000020,0.000241,0.000043,0.000021,627,224,637,307,1264,531,1,0,0,0
580,19.319,17,2,car,0.000231,6,train,0.000037,7,truck,0.000019,0.000231,0.000015,0.000037,0.000019,0.000004,386,673,643,37,1029,710,0,0,1,0
580,19.319,18,2,car,0.000225,13,bench,0.000018,7,truck,0.000017,0.000225,0.000010,0.000017,0.000017,0.000003,21,589,1216,130,1237,719,1,0,1,0
580,19.319,19,4,airplane,0.000211,2,car,0.000040,71,sink,0.000026,0.000040,0.000003,0.000023,0.000012,0.000016,719,320,558,190,1277,510,1,0,0,0
580,19.319,20,6,train,0.000204,2,car,0.000034,60,dining table,0.000031,0.000034,0.000015,0.000204,0.000024,0.000015,620,352,640,271,1260,623,1,0,0,0
581,19.353,1,2,car,0.003181,6,train,0.000318,13,bench,0.000309,0.003181,0.000136,0.000318,0.000164,0.000022,12,589,1235,114,1247,703,1,0,1,0
581,19.353,2,2,car,0.002730,13,bench,0.000215,6,train,0.000128,0.002730,0.000057,0.000128,0.000114,0.000017,12,590,1206,113,1218,703,1,0,1,0
581,19.353,3,2,car,0.002076,13,bench,0.000166,6,train,0.000111,0.002076,0.000053,0.000111,0.000085,0.000013,23,588,1219,115,1242,703,1,0,1,0
581,19.353,4,2,car,0.001957,66,keyboard,0.000846,13,bench,0.000843,0.001957,0.000185,0.000645,0.000193,0.000057,45,598,1225,106,1270,704,1,0,1,0
581,19.353,5,2,car,0.001604,13,bench,0.000313,6,train,0.000273,0.001604,0.000147,0.000273,0.000130,0.000020,34,593,1230,109,1264,702,1,0,1,0
581,19.353,6,2,car,0.001459,13,bench,0.000615,66,keyboard,0.000574,0.001459,0.000224,0.000520,0.000173,0.000040,41,598,1212,104,1253,702,1,0,1,0
581,19.353,7,2,car,0.001332,13,bench,0.000439,6,train,0.000342,0.001332,0.000156,0.000342,0.000127,0.000028,16,596,1247,105,1263,701,1,0,1,0
581,19.353,8,2,car,0.001203,66,keyboard,0.000453,13,bench,0.000386,0.001203,0.000078,0.000289,0.000110,0.000028,114,599,1157,106,1271,705,1,0,1,0
581,19.353,9,6,train,0.000992,4,airplane,0.000106,7,truck,0.000069,0.000051,0.000043,0.000992,0.000069,0.000032,637,343,628,136,1265,479,1,0,0,0
581,19.353,10,2,car,0.000856,13,bench,0.000150,7,truck,0.000067,0.000856,0.000031,0.000066,0.000067,0.000014,8,590,1097,114,1105,704,0,0,1,0
581,19.353,11,2,car,0.000646,66,keyboard,0.000188,13,bench,0.000180,0.000646,0.000032,0.000163,0.000062,0.000014,121,597,1155,108,1276,705,1,0,1,0
581,19.353,12,6,train,0.000587,2,car,0.000127,60,dining table,0.000114,0.000127,0.000041,0.000587,0.000039,0.000020,57,353,1129,327,1186,680,0,0,0,0
581,19.353,13,6,train,0.000516,2,car,0.000145,4,airplane,0.000078,0.000145,0.000053,0.000516,0.000048,0.000019,151,357,1064,312,1215,669,0,0,0,0
581,19.353,14,4,airplane,0.000322,2,car,0.000032,71,sink,0.000026,0.000032,0.000003,0.000024,0.000009,0.000012,761,321,517,172,1278,493,1,0,0,0
581,19.353,15,4,airplane,0.000240,2,car,0.000042,71,sink,0.000028,0.000042,0.000003,0.000024,0.000012,0.000016,716,324,561,178,1277,502,1,0,0,0
581,19.353,16,2,car,0.000235,13,bench,0.000057,6,train,0.000056,0.000235,0.000011,0.000056,0.000025,0.000006,332,592,944,112,1276,704,1,0,1,0
581,19.353,17,6,train,0.000214,7,truck,0.000043,60,dining table,0.000040,0.000024,0.000020,0.000214,0.000043,0.000020,620,216,644,314,1264,530,1,0,0,0
581,19.353,18,6,train,0.000213,2,car,0.000036,60,dining table,0.000033,0.000036,0.000016,0.000213,0.000026,0.000015,621,351,640,274,1261,625,1,0,0,0
581,19.353,19,2,car,0.000206,6,train,0.000034,7,truck,0.000018,0.000206,0.000015,0.000034,0.000018,0.000004,409,673,614,36,1023,709,0,0,1,0
581,19.353,20,60,dining table,0.000165,6,train,0.000121,4,airplane,0.000023,0.000011,0.000013,0.000121,0.000018,0.000020,295,92,901,422,1196,514,0,0,0,0
582,19.386,1,2,car,0.004012,13,bench,0.000337,6,train,0.000317,0.004012,0.000135,0.000317,0.000168,0.000022,10,590,1241,113,1251,703,1,0,1,0
582,19.386,2,2,car,0.003862,13,bench,0.000864,66,keyboard,0.000654,0.003862,0.000200,0.000509,0.000244,0.000054,44,598,1227,106,1271,704,1,0,1,0
582,19.386,3,2,car,0.002936,13,bench,0.000210,6,train,0.000124,0.002936,0.000054,0.000124,0.000108,0.000015,13,590,1198,113,1211,703,0,0,1,0
582,19.386,4,2,car,0.002593,13,bench,0.000707,66,keyboard,0.000486,0.002593,0.000229,0.000471,0.000205,0.000040,36,598,1219,104,1255,702,1,0,1,0
582,19.386,5,2,car,0.002496,13,bench,0.000174,6,train,0.000108,0.002496,0.000052,0.000108,0.000086,0.000013,23,589,1214,114,1237,703,1,0,1,0
582,19.386,6,2,car,0.002431,13,bench,0.000336,66,keyboard,0.000331,0.002431,0.000083,0.000238,0.000135,0.000026,107,598,1165,107,1272,705,1,0,1,0
582,19.386,7,2,car,0.002198,13,bench,0.000353,6,train,0.000253,0.002198,0.000141,0.000253,0.000135,0.000019,32,594,1233,108,1265,702,1,0,1,0
582,19.386,8,2,car,0.002136,13,bench,0.000532,6,train,0.000329,0.002136,0.000162,0.000329,0.000147,0.000029,14,598,1250,104,1264,702,1,0,1,0
582,19.386,9,2,car,0.001102,13,bench,0.000146,66,keyboard,0.000128,0.001102,0.000032,0.000127,0.000072,0.000012,131,595,1145,110,1276,705,1,0,1,0
582,19.386,10,2,car,0.000970,13,bench,0.000146,7,truck,0.000069,0.000970,0.000032,0.000068,0.000069,0.000013,8,591,1083,113,1091,704,0,0,1,0
582,19.386,11,6,train,0.000901,4,airplane,0.000099,7,truck,0.000068,0.000059,0.000044,0.000901,0.000068,0.000032,638,344,629,135,1267,479,1,0,0,0
582,19.386,12,6,train,0.000590,2,car,0.000145,60,dining table,0.000130,0.000145,0.000040,0.000590,0.000037,0.000019,50,352,1139,331,1189,683,0,0,0,0
582,19.386,13,6,train,0.000541,2,car,0.000163,60,dining table,0.000086,0.000163,0.000052,0.000541,0.000046,0.000017,143,357,1073,313,1216,670,1,0,0,0
582,19.386,14,2,car,0.000302,6,train,0.000050,13,bench,0.000044,0.000302,0.000010,0.000050,0.000026,0.000006,360,590,916,114,1276,704,1,0,1,0
582,19.386,15,2,car,0.000243,6,train,0.000037,7,truck,0.000019,0.000243,0.000016,0.000037,0.000019,0.000003,414,673,600,36,1014,709,0,0,1,0
582,19.386,16,4,airplane,0.000211,71,sink,0.000030,2,car,0.000028,0.000028,0.000002,0.000017,0.000008,0.000011,764,317,514,184,1278,501,1,0,0,0
582,19.386,17,6,train,0.000202,60,dining table,0.000043,2,car,0.000042,0.000042,0.000016,0.000202,0.000025,0.000014,622,352,641,276,1263,628,1,0,0,0
582,19.386,18,6,train,0.000200,60,dining table,0.000051,7,truck,0.000040,0.000025,0.000020,0.000200,0.000040,0.000019,621,222,645,307,1266,529,1,0,0,0
582,19.386,19,2,car,0.000175,6,train,0.000017,13,bench,0.000017,0.000175,0.000008,0.000017,0.000013,0.000003,21,593,1210,126,1231,719,1,0,1,0
582,19.386,20,4,airplane,0.000169,2,car,0.000039,71,sink,0.000031,0.000039,0.000003,0.000016,0.000011,0.000015,715,318,562,202,1277,520,1,0,0,0
583,19.419,1,2,car,0.002965,13,bench,0.000846,66,keyboard,0.000819,0.002965,0.000139,0.000745,0.000202,0.000051,42,598,1229,107,1271,705,1,0,1,0
583,19.419,2,2,car,0.002719,6,train,0.000665,13,bench,0.000293,0.002719,0.000123,0.000665,0.000151,0.000024,11,590,1240,113,1251,703,1,0,1,0
583,19.419,3,2,car,0.002249,66,keyboard,0.000409,13,bench,0.000366,0.002249,0.000066,0.000301,0.000132,0.000027,98,597,1175,109,1273,706,1,0,1,0
583,19.419,4,2,car,0.001961,13,bench,0.000169,6,train,0.000167,0.001961,0.000044,0.000167,0.000087,0.000013,13,591,1201,112,1214,703,0,0,1,0
583,19.419,5,2,car,0.001870,6,train,0.000863,13,bench,0.000710,0.001870,0.000162,0.000863,0.000166,0.000042,35,599,1224,104,1259,703,1,0,1,0
583,19.419,6,2,car,0.001632,6,train,0.000207,13,bench,0.000146,0.001632,0.000046,0.000207,0.000073,0.000012,25,590,1215,112,1240,702,1,0,1,0
583,19.419,7,2,car,0.001428,6,train,0.000692,13,bench,0.000512,0.001428,0.000130,0.000692,0.000124,0.000033,14,598,1252,104,1266,702,1,0,1,0
583,19.419,8,2,car,0.001311,6,train,0.000516,13,bench,0.000293,0.001311,0.000111,0.000516,0.000107,0.000021,29,595,1237,107,1266,702,1,0,1,0
583,19.419,9,6,train,0.001144,4,airplane,0.000149,7,truck,0.000081,0.000056,0.000039,0.001144,0.000081,0.000039,637,346,631,129,1268,475,1,0,0,0
583,19.419,10,2,car,0.001082,13,bench,0.000165,66,keyboard,0.000141,0.001082,0.000030,0.000139,0.000079,0.000014,119,593,1157,113,1276,706,1,0,1,0
583,19.419,11,2,car,0.000820,13,bench,0.000138,6,train,0.000094,0.000820,0.000033,0.000094,0.000066,0.000013,9,591,1091,113,1100,704,0,0,1,0
583,19.419,12,6,train,0.000800,2,car,0.000122,4,airplane,0.000090,0.000122,0.000032,0.000800,0.000038,0.000020,148,359,1078,307,1226,666,1,0,0,0
583,19.419,13,6,train,0.000674,60,dining table,0.000086,2,car,0.000079,0.000079,0.000023,0.000674,0.000028,0.000018,63,353,1136,327,1199,680,0,0,0,0
583,19.419,14,4,airplane,0.000324,2,car,0.000034,71,sink,0.000031,0.000034,0.000003,0.000024,0.000011,0.000013,752,316,525,178,1277,494,1,0,0,0
583,19.419,15,4,airplane,0.000293,2,car,0.000049,71,sink,0.000035,0.000049,0.000004,0.000027,0.000015,0.000019,713,322,563,174,1276,496,1,0,0,0
583,19.419,16,2,car,0.000273,13,bench,0.000045,6,train,0.000044,0.000273,0.000009,0.000044,0.000026,0.000006,359,586,917,119,1276,705,1,0,1,0
583,19.419,17,6,train,0.000264,4,airplane,0.000045,2,car,0.000040,0.000040,0.000013,0.000264,0.000027,0.000018,609,352,656,269,1265,621,1,0,0,0
583,19.419,18,6,train,0.000240,2,car,0.000121,4,airplane,0.000080,0.000121,0.000015,0.000240,0.000031,0.000022,174,353,1090,321,1264,674,1,0,0,0
583,19.419,19,6,train,0.000238,4,airplane,0.000047,7,truck,0.000043,0.000023,0.000018,0.000238,0.000043,0.000022,617,228,650,289,1267,517,1,0,0,0
583,19.419,20,4,airplane,0.000231,6,train,0.000175,2,car,0.000044,0.000044,0.000009,0.000175,0.000024,0.000036,633,316,644,279,1277,595,1,0,0,0
584,19.453,1,2,car,0.003123,6,train,0.000971,13,bench,0.000386,0.003123,0.000162,0.000971,0.000177,0.000029,9,591,1249,112,1258,703,1,0,1,0
584,19.453,2,2,car,0.002709,13,bench,0.000253,6,train,0.000197,0.002709,0.000054,0.000197,0.000109,0.000016,9,593,1218,111,1227,704,1,0,1,0
584,19.453,3,2,car,0.002450,6,train,0.001315,13,bench,0.001224,0.002450,0.000184,0.001315,0.000196,0.000063,35,599,1237,106,1272,705,1,0,1,0
584,19.453,4,2,car,0.002361,6,train,0.000279,13,bench,0.000230,0.002361,0.000065,0.000279,0.000100,0.000016,18,592,1230,111,1248,703,1,0,1,0
584,19.453,5,2,car,0.001962,66,keyboard,0.000624,13,bench,0.000584,0.001962,0.000094,0.000564,0.000137,0.000034,88,598,1186,108,1274,706,1,0,1,0
584,19.453,6,2,car,0.001433,6,train,0.001262,13,bench,0.000845,0.001433,0.000186,0.001262,0.000147,0.000045,27,599,1234,104,1261,703,1,0,1,0
584,19.453,7,2,car,0.001364,6,train,0.001294,13,bench,0.000661,0.001364,0.000184,0.001294,0.000134,0.000042,11,598,1257,104,1268,702,1,0,1,0
584,19.453,8,2,car,0.001357,6,train,0.000819,13,bench,0.000372,0.001357,0.000146,0.000819,0.000117,0.000026,24,595,1244,107,1268,702,1,0,1,0
584,19.453,9,6,train,0.001087,4,airplane,0.000132,7,truck,0.000077,0.000052,0.000038,0.001087,0.000077,0.000037,633,343,633,137,1266,480,1,0,0,0
584,19.453,10,2,car,0.001064,13,bench,0.000193,6,train,0.000083,0.001064,0.000031,0.000083,0.000070,0.000015,6,592,1113,113,1119,705,0,0,1,0
584,19.453,11,2,car,0.001011,66,keyboard,0.000266,13,bench,0.000253,0.001011,0.000039,0.000250,0.000080,0.000016,99,596,1177,110,1276,706,1,0,1,0
584,19.453,12,6,train,0.000745,2,car,0.000086,4,airplane,0.000079,0.000086,0.000027,0.000745,0.000030,0.000020,139,362,1095,308,1234,670,1,0,0,0
584,19.453,13,6,train,0.000655,60,dining table,0.000080,2,car,0.000061,0.000061,0.000020,0.000655,0.000024,0.000018,66,355,1153,327,1219,682,1,0,0,0
584,19.453,14,4,airplane,0.000451,2,car,0.000046,6,train,0.000037,0.000046,0.000004,0.000037,0.000014,0.000017,745,323,533,173,1278,496,1,0,0,0
584,19.453,15,2,car,0.000366,6,train,0.000083,13,bench,0.000074,0.000366,0.000014,0.000083,0.000034,0.000008,272,591,1005,113,1277,704,1,0,1,0
584,19.453,16,4,airplane,0.000332,2,car,0.000050,6,train,0.000037,0.000050,0.000005,0.000037,0.000017,0.000020,722,325,555,172,1277,497,1,0,0,0
584,19.453,17,6,train,0.000301,4,airplane,0.000052,2,car,0.000040,0.000040,0.000014,0.000301,0.000028,0.000019,581,350,683,269,1264,619,1,0,0,0
584,19.453,18,6,train,0.000281,2,car,0.000092,4,airplane,0.000082,0.000092,0.000015,0.000281,0.000028,0.000022,157,352,1107,321,1264,673,1,0,0,0
584,19.453,19,6,train,0.000238,60,dining table,0.000053,4,airplane,0.000041,0.000024,0.000019,0.000238,0.000041,0.000021,606,231,660,284,1266,515,1,0,0,0
584,19.453,20,4,airplane,0.000231,71,sink,0.000024,2,car,0.000023,0.000023,0.000003,0.000020,0.000009,0.000017,749,267,528,203,1277,470,1,0,0,0
585,19.486,1,2,car,0.003032,13,bench,0.000281,6,train,0.000252,0.003032,0.000070,0.000252,0.000121,0.000018,8,592,1218,111,1226,703,1,0,1,0
585,19.486,2,2,car,0.002772,6,train,0.000999,13,bench,0.000366,0.002772,0.000182,0.000999,0.000175,0.000031,9,591,1248,112,1257,703,1,0,1,0
585,19.486,3,2,car,0.002405,6,train,0.000311,13,bench,0.000231,0.002405,0.000079,0.000311,0.000104,0.000017,17,592,1232,110,1249,702,1,0,1,0
585,19.486,4,6,train,0.001281,2,car,0.001227,66,keyboard,0.001160,0.001227,0.000164,0.001281,0.000144,0.000061,46,599,1225,106,1271,705,1,0,0,0
585,19.486,5,6,train,0.001228,2,car,0.000990,13,bench,0.000580,0.000990,0.000189,0.001228,0.000122,0.000042,12,597,1254,105,1266,702,1,0,0,0
585,19.486,6,6,train,0.001192,2,car,0.000880,66,keyboard,0.000795,0.000880,0.000185,0.001192,0.000124,0.000044,33,599,1225,104,1258,703,1,0,0,0
585,19.486,7,2,car,0.001128,6,train,0.000837,13,bench,0.000344,0.001128,0.000164,0.000837,0.000115,0.000027,25,594,1242,108,1267,702,1,0,1,0
585,19.486,8,2,car,0.001026,13,bench,0.000193,6,train,0.000095,0.001026,0.000035,0.000095,0.000070,0.000013,6,592,1105,112,1111,704,0,0,1,0
585,19.486,9,6,train,0.000969,4,airplane,0.000142,7,truck,0.000087,0.000058,0.000043,0.000969,0.000087,0.000035,631,343,634,139,1265,482,1,0,0,0
585,19.486,10,2,car,0.000869,66,keyboard,0.000679,6,train,0.000543,0.000869,0.000078,0.000543,0.000093,0.000034,102,600,1172,106,1274,706,1,0,1,0
585,19.486,11,6,train,0.000764,60,dining table,0.000092,2,car,0.000079,0.000079,0.000029,0.000764,0.000030,0.000021,62,356,1159,322,1221,678,1,0,0,0
585,19.486,12,6,train,0.000718,2,car,0.000087,4,airplane,0.000081,0.000087,0.000034,0.000718,0.000034,0.000020,143,361,1093,309,1236,670,1,0,0,0
585,19.486,13,2,car,0.000528,66,keyboard,0.000280,6,train,0.000260,0.000528,0.000035,0.000260,0.000058,0.000017,102,599,1174,107,1276,706,1,0,1,0
585,19.486,14,4,airplane,0.000492,2,car,0.000039,6,train,0.000031,0.000039,0.000004,0.000031,0.000014,0.000015,747,317,531,179,1278,496,1,0,0,0
585,19.486,15,4,airplane,0.000347,2,car,0.000043,6,train,0.000031,0.000043,0.000005,0.000031,0.000017,0.000017,726,322,552,180,1278,502,1,0,0,0
585,19.486,16,4,airplane,0.000323,2,car,0.000027,71,sink,0.000025,0.000027,0.000003,0.000022,0.000011,0.000018,753,269,524,192,1277,461,1,0,0,0
585,19.486,17,6,train,0.000258,4,airplane,0.000058,2,car,0.000040,0.000040,0.000016,0.000258,0.000031,0.000018,562,349,701,259,1263,608,1,0,0,0
585,19.486,18,60,dining table,0.000251,6,train,0.000091,4,airplane,0.000040,0.000018,0.000013,0.000091,0.000022,0.000030,294,50,969,520,1263,570,1,0,0,0
585,19.486,19,4,airplane,0.000241,6,train,0.000188,2,car,0.000038,0.000038,0.000010,0.000188,0.000025,0.000031,634,311,643,283,1277,594,1,0,0,0
585,19.486,20,2,car,0.000228,6,train,0.000086,13,bench,0.000066,0.000228,0.000013,0.000086,0.000028,0.000008,272,596,1005,109,1277,705,1,0,1,0
586,19.520,1,2,car,0.003390,13,bench,0.000256,6,train,0.000205,0.003390,0.000080,0.000205,0.000140,0.000018,7,592,1222,112,1229,704,1,0,1,0
586,19.520,2,2,car,0.002910,6,train,0.000814,13,bench,0.000361,0.002910,0.000210,0.000814,0.000201,0.000031,10,590,1243,114,1253,704,1,0,1,0
586,19.520,3,2,car,0.002285,6,train,0.000212,13,bench,0.000196,0.002285,0.000076,0.000212,0.000105,0.000015,15,591,1228,112,1243,703,1,0,1,0
586,19.520,4,2,car,0.001639,13,bench,0.000219,7,truck,0.000101,0.001639,0.000051,0.000099,0.000101,0.000017,5,591,1118,114,1123,705,0,0,1,0
586,19.520,5,2,car,0.001105,6,train,0.000649,13,bench,0.000329,0.001105,0.000181,0.000649,0.000126,0.000026,28,593,1238,109,1266,702,1,0,1,0
586,19.520,6,2,car,0.000951,6,train,0.000921,13,bench,0.000821,0.000951,0.000163,0.000921,0.000142,0.000058,50,600,1220,105,1270,705,1,0,1,0
586,19.520,7,2,car,0.000839,6,train,0.000812,13,bench,0.000477,0.000839,0.000183,0.000812,0.000117,0.000036,13,597,1252,105,1265,702,1,0,1,0
586,19.520,8,6,train,0.000822,4,airplane,0.000148,7,truck,0.000096,0.000063,0.000047,0.000822,0.000096,0.000034,630,341,635,145,1265,486,1,0,0,0
586,19.520,9,6,train,0.000778,2,car,0.000144,60,dining table,0.000113,0.000144,0.000050,0.000778,0.000048,0.000026,53,355,1173,326,1226,681,1,0,0,0
586,19.520,10,6,train,0.000776,2,car,0.000713,13,bench,0.000566,0.000713,0.000174,0.000776,0.000116,0.000039,36,598,1216,105,1252,703,1,0,0,0
586,19.520,11,6,train,0.000683,2,car,0.000126,4,airplane,0.000102,0.000126,0.000053,0.000683,0.000049,0.000024,129,359,1107,310,1236,669,1,0,0,0
586,19.520,12,2,car,0.000619,13,bench,0.000419,6,train,0.000418,0.000619,0.000075,0.000418,0.000088,0.000033,108,601,1165,106,1273,707,1,0,1,0
586,19.520,13,4,airplane,0.000487,2,car,0.000038,6,train,0.000035,0.000038,0.000004,0.000035,0.000017,0.000016,756,311,522,185,1278,496,1,0,0,0
586,19.520,14,4,airplane,0.000361,2,car,0.000030,71,sink,0.000027,0.000030,0.000004,0.000026,0.000013,0.000019,762,271,515,196,1277,467,1,0,0,0
586,19.520,15,4,airplane,0.000305,2,car,0.000037,6,train,0.000032,0.000037,0.000005,0.000032,0.000018,0.000016,732,319,546,183,1278,502,1,0,0,0
586,19.520,16,2,car,0.000305,6,train,0.000201,13,bench,0.000168,0.000305,0.000030,0.000201,0.000049,0.000015,116,601,1160,106,1276,707,1,0,1,0
586,19.520,17,4,airplane,0.000231,6,train,0.000192,2,car,0.000037,0.000037,0.000011,0.000192,0.000028,0.000031,629,309,648,287,1277,596,1,0,0,0
586,19.520,18,4,airplane,0.000219,2,car,0.000027,61,toilet,0.000026,0.000027,0.000004,0.000022,0.000016,0.000022,729,277,547,208,1276,485,1,0,0,0
586,19.520,19,6,train,0.000214,4,airplane,0.000059,2,car,0.000042,0.000042,0.000019,0.000214,0.000035,0.000017,568,348,695,262,1263,610,1,0,0,0
586,19.520,20,60,dining table,0.000210,6,train,0.000075,4,airplane,0.000037,0.000016,0.000012,0.000075,0.000021,0.000027,288,52,975,517,1263,569,1,0,0,0
587,19.553,1,2,car,0.004243,13,bench,0.000336,6,train,0.000332,0.004243,0.000136,0.000332,0.000177,0.000022,6,593,1218,112,1224,705,1,0,1,0
587,19.553,2,2,car,0.003368,6,train,0.000456,13,bench,0.000296,0.003368,0.000155,0.000456,0.000147,0.000022,11,592,1234,112,1245,704,1,0,1,0
587,19.553,3,2,car,0.003007,6,train,0.001091,13,bench,0.000414,0.003007,0.000279,0.001091,0.000198,0.000034,8,591,1252,113,1260,704,1,0,1,0
587,19.553,4,2,car,0.001385,13,bench,0.000210,6,train,0.000124,0.001385,0.000061,0.000124,0.000093,0.000015,5,592,1113,113,1118,705,0,0,1,0
587,19.553,5,2,car,0.001325,6,train,0.000865,13,bench,0.000356,0.001325,0.000222,0.000865,0.000129,0.000027,20,593,1249,110,1269,703,1,0,1,0
587,19.553,6,2,car,0.001270,6,train,0.000899,13,bench,0.000631,0.001270,0.000157,0.000899,0.000148,0.000049,38,599,1232,107,1270,706,1,0,1,0
587,19.553,7,2,car,0.001038,6,train,0.000932,13,bench,0.000456,0.001038,0.000199,0.000932,0.000118,0.000033,10,596,1256,107,1266,703,1,0,1,0
587,19.553,8,2,car,0.000902,6,train,0.000800,13,bench,0.000496,0.000902,0.000172,0.000800,0.000117,0.000033,28,598,1226,106,1254,704,1,0,1,0
587,19.553,9,6,train,0.000807,2,car,0.000136,60,dining table,0.000119,0.000136,0.000054,0.000807,0.000051,0.000026,49,356,1178,332,1227,688,1,0,0,0
587,19.553,10,2,car,0.000777,6,train,0.000351,13,bench,0.000305,0.000777,0.000066,0.000351,0.000090,0.000027,92,600,1179,108,1271,708,1,0,1,0
587,19.553,11,6,train,0.000620,4,airplane,0.000112,7,truck,0.000092,0.000058,0.000048,0.000620,0.000092,0.000030,630,340,635,149,1265,489,1,0,0,0
587,19.553,12,6,train,0.000618,2,car,0.000105,4,airplane,0.000088,0.000105,0.000051,0.000618,0.000050,0.000021,123,360,1116,314,1239,674,1,0,0,0
587,19.553,13,4,airplane,0.000464,2,car,0.000036,6,train,0.000032,0.000036,0.000004,0.000032,0.000015,0.000015,757,311,521,182,1278,493,1,0,0,0
587,19.553,14,2,car,0.000429,6,train,0.000180,13,bench,0.000137,0.000429,0.000030,0.000180,0.000058,0.000015,123,599,1152,109,1275,708,1,0,1,0
587,19.553,15,4,airplane,0.000301,2,car,0.000037,6,train,0.000031,0.000037,0.000005,0.000031,0.000017,0.000016,731,320,546,176,1277,496,1,0,0,0
587,19.553,16,4,airplane,0.000289,2,car,0.000027,71,sink,0.000027,0.000027,0.000004,0.000023,0.000011,0.000018,761,270,516,186,1277,456,1,0,0,0
587,19.553,17,60,dining table,0.000230,6,train,0.000068,4,airplane,0.000034,0.000017,0.000012,0.000068,0.000021,0.000026,283,47,979,514,1262,561,1,0,0,0
587,19.553,18,6,train,0.000200,4,airplane,0.000055,2,car,0.000042,0.000042,0.000020,0.000200,0.000037,0.000016,567,347,696,262,1263,609,1,0,0,0
587,19.553,19,4,airplane,0.000194,2,car,0.000019,71,sink,0.000019,0.000019,0.000002,0.000017,0.000008,0.000007,812,301,466,195,1278,496,1,0,0,0
587,19.553,20,6,train,0.000188,2,car,0.000054,60,dining table,0.000035,0.000054,0.000013,0.000188,0.000017,0.000008,88,357,1121,316,1209,673,0,0,0,0
588,19.586,1,2,car,0.003655,6,train,0.000697,13,bench,0.000507,0.003655,0.000170,0.000697,0.000171,0.000029,9,592,1245,112,1254,704,1,0,1,0
588,19.586,2,2,car,0.003263,13,bench,0.000321,6,train,0.000200,0.003263,0.000074,0.000200,0.000125,0.000016,8,593,1205,112,1213,705,0,0,1,0
588,19.586,3,2,car,0.003124,13,bench,0.000319,6,train,0.000258,0.003124,0.000082,0.000258,0.000107,0.000017,16,593,1221,111,1237,704,1,0,1,0
588,19.586,4,2,car,0.002201,13,bench,0.000997,6,train,0.000732,0.002201,0.000137,0.000732,0.000170,0.000045,46,599,1224,107,1270,706,1,0,1,0
588,19.586,5,2,car,0.002023,6,train,0.000657,13,bench,0.000510,0.002023,0.000159,0.000657,0.000133,0.000027,22,594,1245,109,1267,703,1,0,1,0
588,19.586,6,2,car,0.001825,6,train,0.000736,13,bench,0.000707,0.001825,0.000160,0.000736,0.000137,0.000034,12,597,1253,106,1265,703,1,0,1,0
588,19.586,7,2,car,0.001537,13,bench,0.000737,6,train,0.000614,0.001537,0.000135,0.000614,0.000130,0.000032,33,598,1223,106,1256,704,1,0,1,0
588,19.586,8,2,car,0.001308,13,bench,0.000471,6,train,0.000327,0.001308,0.000061,0.000327,0.000105,0.000025,99,600,1174,108,1273,708,1,0,1,0
588,19.586,9,2,car,0.000893,13,bench,0.000178,6,train,0.000082,0.000893,0.000034,0.000082,0.000065,0.000011,5,593,1081,113,1086,706,0,0,1,0
588,19.586,10,6,train,0.000743,2,car,0.000128,60,dining table,0.000115,0.000128,0.000039,0.000743,0.000043,0.000018,61,356,1162,320,1223,676,1,0,0,0
588,19.586,11,2,car,0.000617,13,bench,0.000192,6,train,0.000166,0.000617,0.000027,0.000166,0.000060,0.000012,124,599,1152,109,1276,708,1,0,1,0
588,19.586,12,6,train,0.000601,2,car,0.000104,60,dining table,0.000062,0.000104,0.000040,0.000601,0.000043,0.000014,154,358,1086,306,1240,664,1,0,0,0
588,19.586,13,6,train,0.000599,7,truck,0.000076,4,airplane,0.000061,0.000052,0.000041,0.000599,0.000076,0.000020,632,341,635,140,1267,481,1,0,0,0
588,19.586,14,60,dining table,0.000255,6,train,0.000075,0,person,0.000028,0.000016,0.000013,0.000075,0.000020,0.000022,291,41,971,524,1262,565,1,0,0,0
588,19.586,15,6,train,0.000218,2,car,0.000059,60,dining table,0.000049,0.000059,0.000011,0.000218,0.000016,0.000007,97,356,1104,301,1201,657,0,0,0,0
588,19.586,16,2,car,0.000212,6,train,0.000066,13,bench,0.000057,0.000212,0.000011,0.000066,0.000026,0.000007,333,597,943,109,1276,706,1,0,1,0
588,19.586,17,6,train,0.000205,0,person,0.000047,2,car,0.000041,0.000041,0.000017,0.000205,0.000032,0.000012,585,347,681,243,1266,590,1,0,0,0
588,19.586,18,4,airplane,0.000190,2,car,0.000027,71,sink,0.000027,0.000027,0.000003,0.000020,0.000010,0.000011,764,307,513,191,1277,498,1,0,0,0
588,19.586,19,2,car,0.000171,6,train,0.000032,13,bench,0.000021,0.000171,0.000010,0.000032,0.000015,0.000003,16,592,1221,127,1237,719,1,0,1,0
588,19.586,20,2,car,0.000151,6,train,0.000093,60,dining table,0.000021,0.000151,0.000014,0.000093,0.000017,0.000005,17,392,1199,302,1216,694,1,0,1,0
589,19.620,1,2,car,0.003713,13,bench,0.000395,6,train,0.000220,0.003713,0.000108,0.000220,0.000158,0.000017,7,593,1205,112,1212,705,0,0,1,0
589,19.620,2,2,car,0.003427,6,train,0.000633,13,bench,0.000566,0.003427,0.000226,0.000633,0.000191,0.000029,9,592,1245,112,1254,704,1,0,1,0
589,19.620,3,2,car,0.003305,13,bench,0.000375,6,train,0.000271,0.003305,0.000120,0.000271,0.000134,0.000017,14,593,1225,111,1239,704,1,0,1,0
589,19.620,4,2,car,0.002226,13,bench,0.001003,6,train,0.000557,0.002226,0.000164,0.000557,0.000185,0.000048,40,599,1229,107,1269,706,1,0,1,0
589,19.620,5,2,car,0.002068,6,train,0.000577,13,bench,0.000577,0.002068,0.000219,0.000577,0.000155,0.000028,22,594,1244,109,1266,703,1,0,1,0
589,19.620,6,2,car,0.001788,13,bench,0.000744,6,train,0.000536,0.001788,0.000204,0.000536,0.000147,0.000034,12,597,1252,106,1264,703,1,0,1,0
589,19.620,7,2,car,0.001684,13,bench,0.000840,6,train,0.000511,0.001684,0.000190,0.000511,0.000155,0.000037,30,598,1223,106,1253,704,1,0,1,0
589,19.620,8,2,car,0.001202,13,bench,0.000248,6,train,0.000098,0.001202,0.000052,0.000098,0.000089,0.000012,5,592,1099,114,1104,706,0,0,1,0
589,19.620,9,2,car,0.001147,13,bench,0.000451,6,train,0.000256,0.001147,0.000065,0.000256,0.000102,0.000025,96,600,1175,108,1271,708,1,0,1,0
589,19.620,10,6,train,0.000652,2,car,0.000202,60,dining table,0.000139,0.000202,0.000059,0.000652,0.000057,0.000018,50,353,1175,323,1225,676,1,0,0,0
589,19.620,11,6,train,0.000548,2,car,0.000158,0,person,0.000102,0.000158,0.000061,0.000548,0.000060,0.000015,127,356,1117,307,1244,663,1,0,0,0
589,19.620,12,2,car,0.000535,13,bench,0.000171,6,train,0.000136,0.000535,0.000028,0.000136,0.000058,0.000012,134,599,1141,109,1275,708,1,0,1,0
589,19.620,13,6,train,0.000464,4,airplane,0.000090,7,truck,0.000086,0.000071,0.000042,0.000464,0.000086,0.000022,631,340,636,146,1267,486,1,0,0,0
589,19.620,14,4,airplane,0.000335,2,car,0.000030,71,sink,0.000027,0.000030,0.000003,0.000024,0.000011,0.000013,762,308,516,194,1278,502,1,0,0,0
589,19.620,15,60,dining table,0.000321,6,train,0.000076,0,person,0.000037,0.000021,0.000015,0.000076,0.000023,0.000025,269,45,995,539,1264,584,1,0,0,0
589,19.620,16,2,car,0.000243,6,train,0.000112,60,dining table,0.000044,0.000243,0.000030,0.000112,0.000033,0.000007,57,401,1202,292,1259,693,1,0,1,0
589,19.620,17,4,airplane,0.000232,2,car,0.000036,71,sink,0.000025,0.000036,0.000004,0.000025,0.000014,0.000015,726,318,551,193,1277,511,1,0,0,0
589,19.620,18,4,airplane,0.000227,71,sink,0.000026,2,car,0.000023,0.000023,0.000003,0.000018,0.000009,0.000016,762,268,515,199,1277,467,1,0,0,0
589,19.620,19,6,train,0.000226,2,car,0.000101,60,dining table,0.000064,0.000101,0.000020,0.000226,0.000023,0.000008,83,353,1130,307,1213,660,0,0,0,0
589,19.620,20,60,dining table,0.000185,6,train,0.000086,0,person,0.000017,0.000010,0.000012,0.000086,0.000012,0.000010,209,80,1003,443,1212,523,0,0,0,0
590,19.653,1,2,car,0.005484,13,bench,0.000396,7,truck,0.000191,0.005484,0.000120,0.000180,0.000191,0.000019,6,591,1219,114,1225,705,1,0,1,0
590,19.653,2,2,car,0.005162,13,bench,0.000525,6,train,0.000466,0.005162,0.000269,0.000466,0.000256,0.000033,8,590,1249,114,1257,704,1,0,1,0
590,19.653,3,2,car,0.004633,13,bench,0.000326,6,train,0.000195,0.004633,0.000131,0.000195,0.000160,0.000019,13,591,1232,113,1245,704,1,0,1,0
590,19.653,4,2,car,0.003089,13,bench,0.001035,6,train,0.000410,0.003089,0.000213,0.000410,0.000264,0.000058,43,598,1227,108,1270,706,1,0,1,0
590,19.653,5,2,car,0.002893,13,bench,0.000547,6,train,0.000413,0.002893,0.000268,0.000413,0.000207,0.000030,22,592,1246,111,1268,703,1,0,1,0
590,19.653,6,2,car,0.002613,13,bench,0.000742,6,train,0.000411,0.002613,0.000274,0.000411,0.000215,0.000038,11,596,1255,107,1266,703,1,0,1,0
590,19.653,7,2,car,0.002229,13,bench,0.000761,6,train,0.000361,0.002229,0.000235,0.000361,0.000209,0.000039,33,597,1221,107,1254,704,1,0,1,0
590,19.653,8,2,car,0.001943,13,bench,0.000316,7,truck,0.000121,0.001943,0.000063,0.000101,0.000121,0.000015,5,592,1110,114,1115,706,0,0,1,0
590,19.653,9,2,car,0.001606,13,bench,0.000464,66,keyboard,0.000190,0.001606,0.000078,0.000180,0.000137,0.000031,100,599,1171,109,1271,708,1,0,1,0
590,19.653,10,2,car,0.000710,13,bench,0.000185,6,train,0.000101,0.000710,0.000031,0.000101,0.000073,0.000015,121,598,1155,110,1276,708,1,0,1,0
590,19.653,11,6,train,0.000386,4,airplane,0.000176,7,truck,0.000124,0.000101,0.000056,0.000386,0.000124,0.000032,634,342,635,139,1269,481,1,0,0,0
590,19.653,12,2,car,0.000354,6,train,0.000284,60,dining table,0.000131,0.000354,0.000071,0.000284,0.000071,0.000021,44,352,1182,324,1226,676,1,0,1,0
590,19.653,13,60,dining table,0.000317,6,train,0.000075,4,airplane,0.000041,0.000024,0.000017,0.000075,0.000028,0.000029,275,55,989,524,1264,579,1,0,0,0
590,19.653,14,2,car,0.000316,6,train,0.000055,7,truck,0.000039,0.000316,0.000031,0.000055,0.000039,0.000007,58,411,1204,283,1262,694,1,0,1,0
590,19.653,15,4,airplane,0.000270,71,sink,0.000032,2,car,0.000026,0.000026,0.000002,0.000017,0.000010,0.000011,756,310,521,191,1277,501,1,0,0,0
590,19.653,16,6,train,0.000261,2,car,0.000227,0,person,0.000096,0.000227,0.000069,0.000261,0.000072,0.000018,126,354,1121,309,1247,663,1,0,0,0
590,19.653,17,4,airplane,0.000240,2,car,0.000034,71,sink,0.000031,0.000034,0.000003,0.000018,0.000014,0.000014,714,322,562,194,1276,516,1,0,0,0
590,19.653,18,2,car,0.000234,6,train,0.000045,7,truck,0.000025,0.000234,0.000020,0.000045,0.000025,0.000005,16,395,1213,301,1229,696,1,0,1,0
590,19.653,19,2,car,0.000230,6,train,0.000034,7,truck,0.000021,0.000230,0.000015,0.000034,0.000021,0.000005,31,451,1183,247,1214,698,0,0,1,0
590,19.653,20,4,airplane,0.000197,6,train,0.000086,2,car,0.000047,0.000047,0.000010,0.000086,0.000028,0.000026,637,323,640,268,1277,591,1,0,0,0
591,19.686,1,2,car,0.003381,13,bench,0.000294,7,truck,0.000161,0.003381,0.000114,0.000158,0.000161,0.000016,8,592,1204,113,1212,705,0,0,1,0
591,19.686,2,2,car,0.002707,13,bench,0.000262,6,train,0.000152,0.002707,0.000116,0.000152,0.000124,0.000015,16,591,1217,113,1233,704,1,0,1,0
591,19.686,3,2,car,0.002677,13,bench,0.000419,6,train,0.000335,0.002677,0.000229,0.000335,0.000175,0.000024,10,591,1236,113,1246,704,1,0,1,0
591,19.686,4,2,car,0.002449,13,bench,0.001042,6,train,0.000366,0.002449,0.000209,0.000366,0.000219,0.000053,51,601,1218,105,1269,706,1,0,1,0
591,19.686,5,2,car,0.001790,13,bench,0.000501,6,train,0.000319,0.001790,0.000247,0.000319,0.000155,0.000025,24,593,1239,110,1263,703,1,0,1,0
591,19.686,6,2,car,0.001618,13,bench,0.000855,6,train,0.000302,0.001618,0.000226,0.000302,0.000164,0.000037,41,599,1209,105,1250,704,1,0,1,0
591,19.686,7,2,car,0.001480,13,bench,0.000465,6,train,0.000187,0.001480,0.000084,0.000187,0.000128,0.000029,104,602,1168,106,1272,708,1,0,1,0
591,19.686,8,2,car,0.001465,13,bench,0.000659,6,train,0.000266,0.001465,0.000221,0.000266,0.000139,0.000029,14,597,1248,105,1262,702,1,0,1,0
591,19.686,9,2,car,0.001175,13,bench,0.000194,7,truck,0.000090,0.001175,0.000052,0.000078,0.000090,0.000012,6,592,1094,114,1100,706,0,0,1,0
591,19.686,10,2,car,0.000729,13,bench,0.000163,6,train,0.000106,0.000729,0.000034,0.000106,0.000073,0.000014,140,601,1135,107,1275,708,1,0,1,0
591,19.686,11,6,train,0.000330,2,car,0.000263,60,dining table,0.000162,0.000263,0.000072,0.000330,0.000058,0.000018,57,351,1154,316,1211,667,0,0,0,0
591,19.686,12,6,train,0.000320,4,airplane,0.000124,7,truck,0.000092,0.000090,0.000044,0.000320,0.000092,0.000023,632,342,636,139,1268,481,1,0,0,0
591,19.686,13,60,dining table,0.000308,6,train,0.000071,0,person,0.000040,0.000025,0.000017,0.000071,0.000026,0.000025,290,60,974,526,1264,586,1,0,0,0
591,19.686,14,4,airplane,0.000267,71,sink,0.000031,2,car,0.000030,0.000030,0.000003,0.000019,0.000011,0.000011,759,300,518,193,1277,493,1,0,0,0
591,19.686,15,6,train,0.000265,2,car,0.000153,0,person,0.000120,0.000153,0.000061,0.000265,0.000054,0.000013,149,353,1096,309,1245,662,1,0,0,0
591,19.686,16,2,car,0.000250,6,train,0.000074,5,bus,0.000040,0.000250,0.000040,0.000074,0.000038,0.000007,59,386,1198,306,1257,692,1,0,1,0
591,19.686,17,4,airplane,0.000232,2,car,0.000036,71,sink,0.000029,0.000036,0.000004,0.000020,0.000014,0.000014,712,316,563,184,1275,500,1,0,0,0
591,19.686,18,4,airplane,0.000199,71,sink,0.000028,2,car,0.000025,0.000025,0.000003,0.000018,0.000009,0.000014,756,263,521,181,1277,444,1,0,0,0
591,19.686,19,2,car,0.000175,13,bench,0.000040,6,train,0.000038,0.000175,0.000010,0.000038,0.000024,0.000006,338,597,937,109,1275,706,1,0,1,0
591,19.686,20,2,car,0.000173,6,train,0.000034,7,truck,0.000020,0.000173,0.000017,0.000034,0.000020,0.000004,36,436,1158,262,1194,698,0,0,1,0
592,19.720,1,2,car,0.005970,13,bench,0.000494,6,train,0.000284,0.005970,0.000168,0.000284,0.000233,0.000029,10,590,1235,114,1245,704,1,0,1,0
592,19.720,2,2,car,0.004829,13,bench,0.000300,7,truck,0.000150,0.004829,0.000067,0.000102,0.000150,0.000016,7,591,1217,114,1224,705,1,0,1,0
592,19.720,3,2,car,0.004450,13,bench,0.000263,7,truck,0.000130,0.004450,0.000071,0.000100,0.000130,0.000016,14,590,1223,114,1237,704,1,0,1,0
592,19.720,4,2,car,0.004428,13,bench,0.000655,6,train,0.000289,0.004428,0.000208,0.000289,0.000232,0.000030,27,592,1237,111,1264,703,1,0,1,0
592,19.720,5,2,car,0.003580,13,bench,0.000805,6,train,0.000282,0.003580,0.000200,0.000282,0.000222,0.000034,13,596,1250,106,1263,702,1,0,1,0
592,19.720,6,2,car,0.003318,13,bench,0.000796,6,train,0.000271,0.003318,0.000135,0.000271,0.000224,0.000043,59,598,1209,109,1268,707,1,0,1,0
592,19.720,7,2,car,0.003110,13,bench,0.000777,6,train,0.000250,0.003110,0.000171,0.000250,0.000215,0.000034,36,597,1206,107,1242,704,1,0,1,0
592,19.720,8,2,car,0.001758,13,bench,0.000364,66,keyboard,0.000147,0.001758,0.000062,0.000145,0.000131,0.000025,121,599,1149,110,1270,709,1,0,1,0
592,19.720,9,2,car,0.001507,13,bench,0.000212,7,truck,0.000086,0.001507,0.000032,0.000054,0.000086,0.000011,6,592,1100,114,1106,706,0,0,1,0
592,19.720,10,2,car,0.000644,13,bench,0.000135,6,train,0.000083,0.000644,0.000024,0.000083,0.000061,0.000011,155,597,1121,111,1276,708,1,0,1,0
592,19.720,11,4,airplane,0.000589,2,car,0.000037,71,sink,0.000037,0.000037,0.000003,0.000023,0.000011,0.000012,745,295,533,198,1278,493,1,0,0,0
592,19.720,12,4,airplane,0.000471,2,car,0.000045,71,sink,0.000033,0.000045,0.000004,0.000021,0.000016,0.000016,703,312,574,191,1277,503,1,0,0,0
592,19.720,13,4,airplane,0.000460,71,sink,0.000039,2,car,0.000037,0.000037,0.000004,0.000022,0.000011,0.000018,752,269,525,170,1277,439,1,0,0,0
592,19.720,14,2,car,0.000335,6,train,0.000063,60,dining table,0.000040,0.000335,0.000028,0.000063,0.000037,0.000007,68,367,1190,328,1258,695,1,0,1,0
592,19.720,15,60,dining table,0.000316,6,train,0.000055,4,airplane,0.000042,0.000024,0.000013,0.000055,0.000021,0.000025,258,40,1008,571,1266,611,1,0,0,0
592,19.720,16,6,train,0.000276,2,car,0.000260,60,dining table,0.000159,0.000260,0.000042,0.000276,0.000043,0.000017,63,350,1161,321,1224,671,1,0,0,0
592,19.720,17,4,airplane,0.000253,71,sink,0.000032,2,car,0.000029,0.000029,0.000003,0.000014,0.000012,0.000020,710,274,566,200,1276,474,1,0,0,0
592,19.720,18,6,train,0.000242,2,car,0.000209,0,person,0.000092,0.000209,0.000041,0.000242,0.000048,0.000014,157,352,1096,311,1253,663,1,0,0,0
592,19.720,19,6,train,0.000230,4,airplane,0.000166,2,car,0.000087,0.000087,0.000027,0.000230,0.000064,0.000025,625,340,642,155,1267,495,1,0,0,0
592,19.720,20,2,car,0.000216,13,bench,0.000020,7,truck,0.000017,0.000216,0.000009,0.000016,0.000017,0.000003,17,587,1215,132,1232,719,1,0,1,0
593,19.753,1,2,car,0.003603,13,bench,0.000242,7,truck,0.000152,0.003603,0.000080,0.000112,0.000152,0.000016,8,592,1209,113,1217,705,1,0,1,0
593,19.753,2,2,car,0.003598,13,bench,0.000766,6,train,0.000317,0.003598,0.000185,0.000317,0.000242,0.000050,59,599,1209,107,1268,706,1,0,1,0
593,19.753,3,2,car,0.003583,13,bench,0.000378,6,train,0.000289,0.003583,0.000193,0.000289,0.000210,0.000027,10,590,1233,114,1243,704,1,0,1,0
593,19.753,4,2,car,0.003127,13,bench,0.000218,7,truck,0.000131,0.003127,0.000088,0.000115,0.000131,0.000015,15,590,1218,114,1233,704,1,0,1,0
593,19.753,5,2,car,0.003004,13,bench,0.000762,6,train,0.000298,0.003004,0.000237,0.000298,0.000230,0.000041,37,598,1209,105,1246,703,1,0,1,0
593,19.753,6,2,car,0.002775,13,bench,0.000491,6,train,0.000298,0.002775,0.000231,0.000298,0.000201,0.000028,28,593,1236,110,1264,703,1,0,1,0
593,19.753,7,2,car,0.002569,13,bench,0.000637,6,train,0.000279,0.002569,0.000223,0.000279,0.000196,0.000034,15,597,1246,105,1261,702,1,0,1,0
593,19.753,8,2,car,0.001916,13,bench,0.000345,66,keyboard,0.000209,0.001916,0.000079,0.000164,0.000138,0.000029,110,600,1161,108,1271,708,1,0,1,0
593,19.753,9,2,car,0.001254,13,bench,0.000164,7,truck,0.000082,0.001254,0.000037,0.000057,0.000082,0.000011,6,592,1089,114,1095,706,0,0,1,0
593,19.753,10,2,car,0.000720,13,bench,0.000129,66,keyboard,0.000098,0.000720,0.000030,0.000098,0.000068,0.000014,155,598,1120,110,1275,708,1,0,1,0
593,19.753,11,4,airplane,0.000495,71,sink,0.000037,2,car,0.000035,0.000035,0.000003,0.000022,0.000011,0.000013,751,298,527,195,1278,493,1,0,0,0
593,19.753,12,4,airplane,0.000354,2,car,0.000046,71,sink,0.000035,0.000046,0.000004,0.000021,0.000016,0.000016,715,313,561,184,1276,497,1,0,0,0
593,19.753,13,4,airplane,0.000327,71,sink,0.000034,2,car,0.000030,0.000030,0.000003,0.000018,0.000009,0.000016,755,266,522,178,1277,444,1,0,0,0
593,19.753,14,2,car,0.000289,6,train,0.000208,60,dining table,0.000161,0.000289,0.000053,0.000208,0.000050,0.000017,62,354,1165,318,1227,672,1,0,1,0
593,19.753,15,60,dining table,0.000282,6,train,0.000044,0,person,0.000033,0.000021,0.000011,0.000044,0.000017,0.000020,266,38,1000,566,1266,604,1,0,0,0
593,19.753,16,2,car,0.000275,6,train,0.000057,7,truck,0.000037,0.000275,0.000031,0.000057,0.000037,0.000006,70,383,1190,311,1260,694,1,0,1,0
593,19.753,17,2,car,0.000220,6,train,0.000128,60,dining table,0.000095,0.000220,0.000031,0.000128,0.000036,0.000010,95,351,1117,318,1212,669,0,0,1,0
593,19.753,18,2,car,0.000206,6,train,0.000040,7,truck,0.000032,0.000206,0.000025,0.000040,0.000032,0.000007,66,375,1191,322,1257,697,1,0,1,0
593,19.753,19,2,car,0.000199,6,train,0.000176,0,person,0.000139,0.000199,0.000049,0.000176,0.000048,0.000012,148,354,1105,315,1253,669,1,0,1,0
593,19.753,20,2,car,0.000191,6,train,0.000046,7,truck,0.000025,0.000191,0.000020,0.000046,0.000025,0.000005,21,389,1191,307,1212,696,0,0,1,0
594,19.786,1,2,car,0.004675,13,bench,0.000683,6,train,0.000395,0.004675,0.000138,0.000395,0.000232,0.000047,64,599,1206,107,1270,706,1,0,1,0
594,19.786,2,2,car,0.003238,13,bench,0.000324,6,train,0.000188,0.003238,0.000065,0.000188,0.000148,0.000027,111,599,1159,109,1270,708,1,0,1,0
594,19.786,3,2,car,0.002893,13,bench,0.000571,6,train,0.000421,0.002893,0.000150,0.000421,0.000184,0.000036,45,598,1206,106,1251,704,1,0,1,0
594,19.786,4,2,car,0.002781,13,bench,0.000225,7,truck,0.000124,0.002781,0.000061,0.000111,0.000124,0.000015,8,592,1196,113,1204,705,0,0,1,0
594,19.786,5,2,car,0.002736,6,train,0.000394,13,bench,0.000307,0.002736,0.000143,0.000394,0.000157,0.000025,11,591,1226,113,1237,704,1,0,1,0
594,19.786,6,2,car,0.002369,13,bench,0.000197,6,train,0.000128,0.002369,0.000065,0.000128,0.000102,0.000015,17,591,1203,113,1220,704,1,0,1,0
594,19.786,7,2,car,0.001958,6,train,0.000413,13,bench,0.000343,0.001958,0.000150,0.000413,0.000136,0.000025,30,594,1233,109,1263,703,1,0,1,0
594,19.786,8,2,car,0.001919,6,train,0.000437,13,bench,0.000436,0.001919,0.000143,0.000437,0.000139,0.000030,17,597,1246,105,1263,702,1,0,1,0
594,19.786,9,2,car,0.001256,13,bench,0.000131,6,train,0.000108,0.001256,0.000029,0.000108,0.000081,0.000014,160,596,1115,112,1275,708,1,0,1,0
594,19.786,10,2,car,0.000908,13,bench,0.000147,7,truck,0.000067,0.000908,0.000027,0.000050,0.000067,0.000011,6,592,1076,114,1082,706,0,0,1,0
594,19.786,11,4,airplane,0.000607,2,car,0.000040,71,sink,0.000036,0.000040,0.000004,0.000023,0.000013,0.000013,753,301,525,190,1278,491,1,0,0,0
594,19.786,12,6,train,0.000512,2,car,0.000197,60,dining table,0.000178,0.000197,0.000040,0.000512,0.000040,0.000016,68,352,1158,324,1226,676,1,0,0,0
594,19.786,13,6,train,0.000401,2,car,0.000162,0,person,0.000125,0.000162,0.000038,0.000401,0.000040,0.000012,158,353,1099,321,1257,674,1,0,0,0
594,19.786,14,4,airplane,0.000392,2,car,0.000053,71,sink,0.000034,0.000053,0.000005,0.000021,0.000017,0.000016,713,314,564,177,1277,491,1,0,0,0
594,19.786,15,4,airplane,0.000377,71,sink,0.000030,2,car,0.000028,0.000028,0.000003,0.000017,0.000009,0.000015,762,267,515,192,1277,459,1,0,0,0
594,19.786,16,60,dining table,0.000285,6,train,0.000053,0,person,0.000038,0.000022,0.000012,0.000053,0.000017,0.000020,284,46,982,553,1266,599,1,0,0,0
594,19.786,17,6,train,0.000233,2,car,0.000126,60,dining table,0.000081,0.000126,0.000019,0.000233,0.000024,0.000009,89,350,1112,319,1201,669,0,0,0,0
594,19.786,18,6,train,0.000228,4,airplane,0.000077,0,person,0.000072,0.000065,0.000022,0.000228,0.000045,0.000017,619,338,648,144,1267,482,1,0,0,0
594,19.786,19,2,car,0.000226,6,train,0.000116,60,dining table,0.000037,0.000226,0.000025,0.000116,0.000028,0.000006,71,386,1188,308,1259,694,1,0,1,0
594,19.786,20,2,car,0.000226,6,train,0.000039,13,bench,0.000034,0.000226,0.000008,0.000039,0.000023,0.000006,393,591,883,116,1276,707,1,0,1,0
595,19.820,1,2,car,0.004807,13,bench,0.000977,6,train,0.000373,0.004807,0.000154,0.000373,0.000267,0.000047,56,600,1214,106,1270,706,1,0,1,0
595,19.820,2,2,car,0.003221,13,bench,0.000435,6,train,0.000174,0.003221,0.000072,0.000174,0.000169,0.000027,96,600,1173,108,1269,708,1,0,1,0
595,19.820,3,2,car,0.003111,13,bench,0.000898,6,train,0.000428,0.003111,0.000183,0.000428,0.000220,0.000040,41,599,1212,104,1253,703,1,0,1,0
595,19.820,4,2,car,0.002566,13,bench,0.000296,6,train,0.000187,0.002566,0.000096,0.000187,0.000154,0.000017,8,591,1196,114,1204,705,0,0,1,0
595,19.820,5,2,car,0.002313,6,train,0.000612,13,bench,0.000399,0.002313,0.000214,0.000612,0.000188,0.000029,10,591,1228,113,1238,704,1,0,1,0
595,19.820,6,2,car,0.001899,13,bench,0.000634,6,train,0.000496,0.001899,0.000182,0.000496,0.000162,0.000034,17,598,1246,104,1263,702,1,0,1,0
595,19.820,7,2,car,0.001862,13,bench,0.000236,6,train,0.000192,0.001862,0.000093,0.000192,0.000114,0.000016,18,590,1201,114,1219,704,1,0,1,0
595,19.820,8,2,car,0.001611,6,train,0.000484,13,bench,0.000443,0.001611,0.000186,0.000484,0.000148,0.000026,31,594,1231,108,1262,702,1,0,1,0
595,19.820,9,2,car,0.001235,13,bench,0.000156,6,train,0.000107,0.001235,0.000031,0.000107,0.000090,0.000014,150,596,1125,112,1275,708,1,0,1,0
595,19.820,10,2,car,0.000883,13,bench,0.000198,7,truck,0.000081,0.000883,0.000043,0.000075,0.000081,0.000011,5,592,1081,114,1086,706,0,0,1,0
595,19.820,11,6,train,0.000555,2,car,0.000295,60,dining table,0.000176,0.000295,0.000060,0.000555,0.000060,0.000020,71,354,1147,322,1218,676,1,0,0,0
595,19.820,12,4,airplane,0.000404,2,car,0.000037,71,sink,0.000034,0.000037,0.000003,0.000024,0.000012,0.000012,737,303,540,192,1277,495,1,0,0,0
595,19.820,13,6,train,0.000400,2,car,0.000222,0,person,0.000167,0.000222,0.000053,0.000400,0.000056,0.000014,150,354,1105,320,1255,674,1,0,0,0
595,19.820,14,4,airplane,0.000324,2,car,0.000049,71,sink,0.000035,0.000049,0.000004,0.000023,0.000017,0.000015,705,317,571,178,1276,495,1,0,0,0
595,19.820,15,6,train,0.000282,4,airplane,0.000123,2,car,0.000086,0.000086,0.000032,0.000282,0.000068,0.000023,628,341,641,134,1269,475,1,0,0,0
595,19.820,16,60,dining table,0.000272,6,train,0.000060,0,person,0.000037,0.000023,0.000013,0.000060,0.000020,0.000022,302,60,963,513,1265,573,1,0,0,0
595,19.820,17,2,car,0.000239,6,train,0.000078,4,airplane,0.000035,0.000239,0.000024,0.000078,0.000033,0.000008,78,396,1176,301,1254,697,1,0,1,0
595,19.820,18,4,airplane,0.000228,71,sink,0.000027,2,car,0.000024,0.000024,0.000003,0.000016,0.000009,0.000013,744,264,533,201,1277,465,1,0,0,0
595,19.820,19,6,train,0.000219,2,car,0.000138,60,dining table,0.000068,0.000138,0.000023,0.000219,0.000027,0.000010,101,351,1089,315,1190,666,0,0,0,0
595,19.820,20,2,car,0.000210,6,train,0.000107,13,bench,0.000032,0.000210,0.000028,0.000107,0.000031,0.000006,80,405,1176,288,1256,693,1,0,1,0
596,19.853,1,2,car,0.003648,13,bench,0.000858,6,train,0.000487,0.003648,0.000151,0.000487,0.000223,0.000046,47,600,1223,106,1270,706,1,0,1,0
596,19.853,2,2,car,0.003563,13,bench,0.000392,6,train,0.000227,0.003563,0.000110,0.000227,0.000170,0.000018,7,592,1210,113,1217,705,1,0,1,0
596,19.853,3,2,car,0.003129,6,train,0.000829,13,bench,0.000526,0.003129,0.000259,0.000829,0.000218,0.000033,9,591,1237,113,1246,704,1,0,1,0
596,19.853,4,2,car,0.002622,13,bench,0.000328,6,train,0.000275,0.002622,0.000116,0.000275,0.000135,0.000017,14,591,1216,112,1230,703,1,0,1,0
596,19.853,5,2,car,0.002513,13,bench,0.000768,6,train,0.000556,0.002513,0.000185,0.000556,0.000195,0.000038,31,599,1221,105,1252,704,1,0,1,0
596,19.853,6,2,car,0.002162,13,bench,0.000377,6,train,0.000216,0.002162,0.000066,0.000216,0.000132,0.000025,96,600,1174,108,1270,708,1,0,1,0
596,19.853,7,2,car,0.002087,13,bench,0.000678,6,train,0.000670,0.002087,0.000211,0.000670,0.000171,0.000037,14,597,1251,105,1265,702,1,0,1,0
596,19.853,8,2,car,0.001811,6,train,0.000638,13,bench,0.000513,0.001811,0.000210,0.000638,0.000155,0.000028,24,594,1240,109,1264,703,1,0,1,0
596,19.853,9,2,car,0.001390,13,bench,0.000300,7,truck,0.000103,0.001390,0.000055,0.000102,0.000103,0.000014,5,592,1108,114,1113,706,0,0,1,0
596,19.853,10,2,car,0.000806,13,bench,0.000137,6,train,0.000112,0.000806,0.000026,0.000112,0.000065,0.000012,144,596,1131,112,1275,708,1,0,1,0
596,19.853,11,6,train,0.000605,2,car,0.000226,60,dining table,0.000126,0.000226,0.000051,0.000605,0.000053,0.000019,64,353,1150,325,1214,678,0,0,0,0
596,19.853,12,6,train,0.000439,2,car,0.000150,4,airplane,0.000095,0.000150,0.000041,0.000439,0.000047,0.000013,131,352,1125,322,1256,674,1,0,0,0
596,19.853,13,4,airplane,0.000400,71,sink,0.000031,2,car,0.000029,0.000029,0.000003,0.000022,0.000011,0.000011,739,305,539,193,1278,498,1,0,0,0
596,19.853,14,6,train,0.000345,4,airplane,0.000151,2,car,0.000079,0.000079,0.000034,0.000345,0.000078,0.000025,625,341,644,139,1269,480,1,0,0,0
596,19.853,15,4,airplane,0.000308,2,car,0.000034,71,sink,0.000030,0.000034,0.000003,0.000019,0.000013,0.000014,707,321,569,187,1276,508,1,0,0,0
596,19.853,16,60,dining table,0.000266,6,train,0.000065,4,airplane,0.000035,0.000022,0.000014,0.000065,0.000021,0.000022,288,48,977,536,1265,584,1,0,0,0
596,19.853,17,6,train,0.000222,2,car,0.000086,60,dining table,0.000043,0.000086,0.000017,0.000222,0.000020,0.000008,89,351,1100,318,1189,669,0,0,0,0
596,19.853,18,4,airplane,0.000200,71,sink,0.000023,2,car,0.000020,0.000020,0.000003,0.000014,0.000008,0.000012,741,263,536,206,1277,469,1,0,0,0
596,19.853,19,2,car,0.000184,6,train,0.000146,4,airplane,0.000031,0.000184,0.000030,0.000146,0.000030,0.000007,68,399,1189,295,1257,694,1,0,1,0
596,19.853,20,4,airplane,0.000180,2,car,0.000040,71,sink,0.000020,0.000040,0.000003,0.000015,0.000009,0.000012,661,333,616,290,1277,623,1,0,0,0
597,19.887,1,2,car,0.002994,13,bench,0.000508,6,train,0.000230,0.002994,0.000120,0.000230,0.000179,0.000021,6,591,1218,114,1224,705,1,0,1,0
597,19.887,2,2,car,0.002547,6,train,0.000602,13,bench,0.000559,0.002547,0.000231,0.000602,0.000219,0.000035,10,590,1233,113,1243,703,1,0,1,0
597,19.887,3,2,car,0.002046,13,bench,0.000347,6,train,0.000238,0.002046,0.000110,0.000238,0.000130,0.000018,12,591,1222,112,1234,703,1,0,1,0
597,19.887,4,2,car,0.001975,13,bench,0.001146,6,train,0.000498,0.001975,0.000141,0.000498,0.000186,0.000057,57,600,1211,106,1268,706,1,0,1,0
597,19.887,5,2,car,0.001616,13,bench,0.000551,6,train,0.000536,0.001616,0.000200,0.000536,0.000169,0.000033,26,594,1236,108,1262,702,1,0,1,0
597,19.887,6,2,car,0.001527,13,bench,0.000875,6,train,0.000472,0.001527,0.000163,0.000472,0.000165,0.000043,41,599,1204,104,1245,703,1,0,1,0
597,19.887,7,2,car,0.001470,13,bench,0.000710,6,train,0.000467,0.001470,0.000176,0.000467,0.000158,0.000039,16,598,1245,104,1261,702,1,0,1,0
597,19.887,8,2,car,0.001115,13,bench,0.000530,66,keyboard,0.000317,0.001115,0.000058,0.000231,0.000103,0.000031,95,601,1176,107,1271,708,1,0,1,0
597,19.887,9,2,car,0.001054,13,bench,0.000376,6,train,0.000102,0.001054,0.000054,0.000102,0.000093,0.000014,4,590,1131,115,1135,705,0,0,1,0
597,19.887,10,2,car,0.000513,13,bench,0.000193,66,keyboard,0.000137,0.000513,0.000024,0.000125,0.000055,0.000014,126,599,1149,109,1275,708,1,0,1,0
597,19.887,11,6,train,0.000495,4,airplane,0.000237,7,truck,0.000101,0.000077,0.000042,0.000495,0.000101,0.000033,615,341,654,134,1269,475,1,0,0,0
597,19.887,12,6,train,0.000471,2,car,0.000157,4,airplane,0.000071,0.000157,0.000046,0.000471,0.000050,0.000019,94,351,1093,311,1187,662,0,0,0,0
597,19.887,13,6,train,0.000459,4,airplane,0.000123,2,car,0.000114,0.000114,0.000042,0.000459,0.000049,0.000016,163,350,1085,313,1248,663,1,0,0,0
597,19.887,14,4,airplane,0.000328,2,car,0.000028,71,sink,0.000026,0.000028,0.000003,0.000023,0.000011,0.000011,761,313,516,190,1277,503,1,0,0,0
597,19.887,15,60,dining table,0.000288,6,train,0.000085,4,airplane,0.000046,0.000025,0.000016,0.000085,0.000026,0.000028,273,46,990,539,1263,585,1,0,0,0
597,19.887,16,4,airplane,0.000244,2,car,0.000029,61,toilet,0.000025,0.000029,0.000003,0.000020,0.000012,0.000013,723,324,553,194,1276,518,1,0,0,0
597,19.887,17,4,airplane,0.000241,6,train,0.000099,2,car,0.000030,0.000030,0.000007,0.000099,0.000022,0.000021,641,329,635,239,1276,568,1,0,0,0
597,19.887,18,4,airplane,0.000233,6,train,0.000088,2,car,0.000037,0.000037,0.000008,0.000088,0.000019,0.000015,622,339,654,291,1276,630,1,0,0,0
597,19.887,19,13,bench,0.000220,2,car,0.000171,7,truck,0.000027,0.000171,0.000011,0.000020,0.000027,0.000008,6,586,1026,120,1032,706,0,0,0,0
597,19.887,20,4,airplane,0.000215,6,train,0.000076,2,car,0.000059,0.000059,0.000009,0.000076,0.000019,0.000012,427,342,848,309,1275,651,1,0,0,0
598,19.920,1,2,car,0.003546,13,bench,0.000290,7,truck,0.000189,0.003546,0.000107,0.000175,0.000189,0.000023,6,592,1221,113,1227,705,1,0,1,0
598,19.920,2,2,car,0.002488,6,train,0.000453,13,bench,0.000364,0.002488,0.000182,0.000453,0.000204,0.000030,9,591,1235,113,1244,704,1,0,1,0
598,19.920,3,2,car,0.002109,13,bench,0.000208,6,train,0.000164,0.002109,0.000085,0.000164,0.000122,0.000017,13,592,1223,112,1236,704,1,0,1,0
598,19.920,4,2,car,0.001571,13,bench,0.000921,6,train,0.000486,0.001571,0.000126,0.000486,0.000168,0.000053,53,601,1216,105,1269,706,1,0,1,0
598,19.920,5,2,car,0.001461,6,train,0.000448,13,bench,0.000379,0.001461,0.000167,0.000448,0.000158,0.000030,24,594,1238,109,1262,703,1,0,1,0
598,19.920,6,2,car,0.001406,13,bench,0.000214,7,truck,0.000110,0.001406,0.000056,0.000085,0.000110,0.000019,5,592,1134,114,1139,706,0,0,1,0
598,19.920,7,2,car,0.001252,13,bench,0.000681,6,train,0.000442,0.001252,0.000142,0.000442,0.000152,0.000041,38,600,1205,103,1243,703,1,0,1,0
598,19.920,8,2,car,0.001244,13,bench,0.000523,6,train,0.000428,0.001244,0.000152,0.000428,0.000145,0.000036,16,598,1245,104,1261,702,1,0,1,0
598,19.920,9,2,car,0.000878,13,bench,0.000435,66,keyboard,0.000293,0.000878,0.000053,0.000227,0.000093,0.000029,94,602,1175,106,1269,708,1,0,1,0
598,19.920,10,6,train,0.000489,4,airplane,0.000171,7,truck,0.000088,0.000065,0.000037,0.000489,0.000088,0.000026,609,339,660,139,1269,478,1,0,0,0
598,19.920,11,6,train,0.000466,2,car,0.000146,4,airplane,0.000064,0.000146,0.000042,0.000466,0.000048,0.000018,92,349,1098,314,1190,663,0,0,0,0
598,19.920,12,6,train,0.000420,2,car,0.000105,4,airplane,0.000098,0.000105,0.000037,0.000420,0.000047,0.000014,153,349,1096,313,1249,662,1,0,0,0
598,19.920,13,2,car,0.000375,13,bench,0.000151,6,train,0.000118,0.000375,0.000023,0.000118,0.000049,0.000013,131,600,1144,108,1275,708,1,0,1,0
598,19.920,14,60,dining table,0.000251,6,train,0.000086,4,airplane,0.000039,0.000023,0.000015,0.000086,0.000023,0.000026,254,48,1009,546,1263,594,1,0,0,0
598,19.920,15,4,airplane,0.000235,71,sink,0.000022,2,car,0.000021,0.000021,0.000003,0.000018,0.000009,0.000009,766,308,511,197,1277,505,1,0,0,0
598,19.920,16,6,train,0.000207,4,airplane,0.000100,2,car,0.000045,0.000045,0.000018,0.000207,0.000038,0.000015,378,343,889,262,1267,605,1,0,0,0
598,19.920,17,2,car,0.000193,13,bench,0.000109,7,truck,0.000028,0.000193,0.000011,0.000016,0.000028,0.000010,6,589,1027,117,1033,706,0,0,1,0
598,19.920,18,4,airplane,0.000183,6,train,0.000107,2,car,0.000030,0.000030,0.000008,0.000107,0.000022,0.000018,637,328,639,260,1276,588,1,0,0,0
598,19.920,19,4,airplane,0.000179,2,car,0.000021,61,toilet,0.000021,0.000021,0.000003,0.000017,0.000011,0.000010,730,320,546,203,1276,523,1,0,0,0
598,19.920,20,4,airplane,0.000172,6,train,0.000087,2,car,0.000034,0.000034,0.000008,0.000087,0.000019,0.000012,611,339,665,296,1276,635,1,0,0,0
599,19.953,1,2,car,0.002764,13,bench,0.000270,6,train,0.000182,0.002764,0.000084,0.000182,0.000157,0.000020,8,592,1212,113,1220,705,1,0,1,0
599,19.953,2,2,car,0.002350,6,train,0.000519,13,bench,0.000344,0.002350,0.000155,0.000519,0.000188,0.000028,11,591,1226,112,1237,703,1,0,1,0
599,19.953,3,2,car,0.001963,13,bench,0.001214,6,train,0.000703,0.001963,0.000128,0.000703,0.000190,0.000059,59,602,1210,104,1269,706,1,0,1,0
599,19.953,4,2,car,0.001699,13,bench,0.000186,6,train,0.000175,0.001699,0.000066,0.000175,0.000102,0.000015,19,591,1214,112,1233,703,1,0,1,0
599,19.953,5,2,car,0.001444,6,train,0.000517,13,bench,0.000362,0.001444,0.000145,0.000517,0.000152,0.000029,30,594,1230,108,1260,702,1,0,1,0
599,19.953,6,2,car,0.001379,13,bench,0.000760,6,train,0.000520,0.001379,0.000125,0.000520,0.000155,0.000041,48,600,1197,103,1245,703,1,0,1,0
599,19.953,7,2,car,0.001319,13,bench,0.000658,66,keyboard,0.000494,0.001319,0.000060,0.000373,0.000116,0.000033,101,602,1171,106,1272,708,1,0,1,0
599,19.953,8,2,car,0.001259,13,bench,0.000525,6,train,0.000488,0.001259,0.000131,0.000488,0.000140,0.000035,19,598,1240,104,1259,702,1,0,1,0
599,19.953,9,2,car,0.000976,13,bench,0.000174,7,truck,0.000083,0.000976,0.000041,0.000077,0.000083,0.000015,6,593,1103,112,1109,705,0,0,1,0
599,19.953,10,6,train,0.000599,4,airplane,0.000119,7,truck,0.000095,0.000072,0.000045,0.000599,0.000095,0.000023,606,339,666,130,1272,469,1,0,0,0
599,19.953,11,6,train,0.000574,2,car,0.000139,60,dining table,0.000073,0.000139,0.000035,0.000574,0.000045,0.000017,109,350,1060,310,1169,660,0,0,0,0
599,19.953,12,2,car,0.000535,13,bench,0.000231,66,keyboard,0.000192,0.000535,0.000026,0.000190,0.000059,0.000015,128,601,1147,106,1275,707,1,0,1,0
599,19.953,13,6,train,0.000439,2,car,0.000106,4,airplane,0.000075,0.000106,0.000031,0.000439,0.000044,0.000012,170,350,1077,312,1247,662,1,0,0,0
599,19.953,14,60,dining table,0.000297,6,train,0.000104,0,person,0.000044,0.000024,0.000017,0.000104,0.000025,0.000025,241,46,1022,542,1263,588,1,0,0,0
599,19.953,15,6,train,0.000225,4,airplane,0.000059,0,person,0.000054,0.000045,0.000018,0.000225,0.000036,0.000013,346,343,924,256,1270,599,1,0,0,0
599,19.953,16,6,train,0.000207,2,car,0.000053,60,dining table,0.000038,0.000053,0.000012,0.000207,0.000018,0.000008,111,348,1038,306,1149,654,0,0,0,0
599,19.953,17,4,airplane,0.000193,71,sink,0.000025,2,car,0.000023,0.000023,0.000003,0.000021,0.000009,0.000010,758,315,519,185,1277,500,1,0,0,0
599,19.953,18,2,car,0.000150,6,train,0.000061,13,bench,0.000051,0.000150,0.000009,0.000061,0.000022,0.000006,324,599,951,106,1275,705,1,0,1,0
599,19.953,19,6,train,0.000135,4,airplane,0.000113,2,car,0.000037,0.000037,0.000009,0.000135,0.000024,0.000016,628,330,648,236,1276,566,1,0,0,0
599,19.953,20,4,airplane,0.000133,2,car,0.000024,71,sink,0.000023,0.000024,0.000003,0.000017,0.000010,0.000010,724,323,552,188,1276,511,1,0,0,0
600,19.987,1,2,car,0.002050,13,bench,0.000278,7,truck,0.000134,0.002050,0.000067,0.000127,0.000134,0.000019,9,593,1200,112,1209,705,0,0,1,0
600,19.987,2,2,car,0.001951,13,bench,0.000374,6,train,0.000352,0.001951,0.000139,0.000352,0.000174,0.000029,11,593,1226,111,1237,704,1,0,1,0
600,19.987,3,2,car,0.001470,13,bench,0.000219,6,train,0.000132,0.001470,0.000060,0.000132,0.000100,0.000016,18,592,1213,112,1231,704,1,0,1,0
600,19.987,4,2,car,0.001392,13,bench,0.000999,6,train,0.000465,0.001392,0.000124,0.000465,0.000163,0.000050,52,602,1216,104,1268,706,1,0,1,0
600,19.987,5,2,car,0.001151,13,bench,0.000339,6,train,0.000318,0.001151,0.000124,0.000318,0.000131,0.000026,28,595,1230,108,1258,703,1,0,1,0
600,19.987,6,2,car,0.001045,13,bench,0.000624,6,train,0.000350,0.001045,0.000124,0.000350,0.000136,0.000035,41,600,1200,103,1241,703,1,0,1,0
600,19.987,7,2,car,0.000962,13,bench,0.000438,6,train,0.000289,0.000962,0.000115,0.000289,0.000116,0.000030,18,599,1239,103,1257,702,1,0,1,0
600,19.987,8,2,car,0.000828,13,bench,0.000500,66,keyboard,0.000273,0.000828,0.000057,0.000247,0.000097,0.000030,101,602,1167,106,1268,708,1,0,1,0
600,19.987,9,2,car,0.000583,13,bench,0.000138,7,truck,0.000055,0.000583,0.000025,0.000049,0.000055,0.000012,6,593,1085,113,1091,706,0,0,1,0
600,19.987,10,6,train,0.000507,4,airplane,0.000312,7,truck,0.000127,0.000093,0.000054,0.000507,0.000127,0.000040,625,339,649,131,1274,470,1,0,0,0
600,19.987,11,6,train,0.000360,2,car,0.000185,4,airplane,0.000068,0.000185,0.000043,0.000360,0.000051,0.000016,118,349,1056,302,1174,651,0,0,0,0
600,19.987,12,2,car,0.000325,13,bench,0.000158,6,train,0.000126,0.000325,0.000023,0.000126,0.000047,0.000013,140,600,1135,107,1275,707,1,0,1,0
600,19.987,13,4,airplane,0.000305,6,train,0.000119,2,car,0.000048,0.000048,0.000012,0.000119,0.000036,0.000029,624,330,654,274,1278,604,1,0,0,0
600,19.987,14,6,train,0.000286,2,car,0.000148,4,airplane,0.000105,0.000148,0.000042,0.000286,0.000059,0.000014,170,348,1079,302,1249,650,1,0,0,0
600,19.987,15,60,dining table,0.000221,6,train,0.000079,4,airplane,0.000044,0.000023,0.000015,0.000079,0.000025,0.000028,274,67,989,501,1263,568,1,0,0,0
600,19.987,16,4,airplane,0.000208,6,train,0.000070,2,car,0.000049,0.000049,0.000010,0.000070,0.000026,0.000017,582,340,695,306,1277,646,1,0,0,0
600,19.987,17,6,train,0.000194,4,airplane,0.000134,2,car,0.000066,0.000066,0.000027,0.000194,0.000052,0.000022,367,342,904,281,1271,623,1,0,0,0
600,19.987,18,4,airplane,0.000186,2,car,0.000025,6,train,0.000017,0.000025,0.000003,0.000017,0.000008,0.000011,664,334,612,297,1276,631,1,0,0,0
600,19.987,19,4,airplane,0.000178,71,sink,0.000022,61,toilet,0.000020,0.000016,0.000002,0.000013,0.000007,0.000008,769,314,508,199,1277,513,1,0,0,0
600,19.987,20,4,airplane,0.000175,2,car,0.000122,6,train,0.000115,0.000122,0.000019,0.000115,0.000040,0.000018,173,344,1094,318,1267,662,1,0,0,0
601,20.020,1,2,car,0.001822,13,bench,0.000278,7,truck,0.000135,0.001822,0.000066,0.000126,0.000135,0.000021,7,592,1214,113,1221,705,1,0,1,0
601,20.020,2,2,car,0.001680,6,train,0.000378,13,bench,0.000326,0.001680,0.000142,0.000378,0.000175,0.000033,10,591,1232,113,1242,704,1,0,1,0
601,20.020,3,2,car,0.001420,13,bench,0.000769,6,train,0.000493,0.001420,0.000133,0.000493,0.000181,0.000060,55,601,1214,105,1269,706,1,0,1,0
601,20.020,4,2,car,0.001343,13,bench,0.000203,6,train,0.000136,0.001343,0.000063,0.000136,0.000104,0.000019,14,591,1224,113,1238,704,1,0,1,0
601,20.020,5,2,car,0.000995,13,bench,0.000464,6,train,0.000371,0.000995,0.000126,0.000371,0.000142,0.000040,40,600,1207,103,1247,703,1,0,1,0
601,20.020,6,2,car,0.000926,6,train,0.000284,13,bench,0.000254,0.000926,0.000108,0.000284,0.000116,0.000027,27,594,1234,109,1261,703,1,0,1,0
601,20.020,7,2,car,0.000905,13,bench,0.000410,66,keyboard,0.000269,0.000905,0.000063,0.000253,0.000114,0.000039,97,602,1173,106,1270,708,1,0,1,0
601,20.020,8,2,car,0.000850,13,bench,0.000336,6,train,0.000298,0.000850,0.000111,0.000298,0.000113,0.000033,16,598,1244,104,1260,702,1,0,1,0
601,20.020,9,2,car,0.000578,13,bench,0.000157,7,truck,0.000060,0.000578,0.000026,0.000050,0.000060,0.000014,6,592,1109,114,1115,706,0,0,1,0
601,20.020,10,6,train,0.000570,4,airplane,0.000421,7,truck,0.000137,0.000071,0.000052,0.000570,0.000137,0.000050,634,337,642,129,1276,466,1,0,0,0
601,20.020,11,4,airplane,0.000432,6,train,0.000152,2,car,0.000049,0.000049,0.000013,0.000152,0.000040,0.000042,605,325,672,246,1277,571,1,0,0,0
601,20.020,12,6,train,0.000393,2,car,0.000155,4,airplane,0.000098,0.000155,0.000042,0.000393,0.000053,0.000020,127,348,1035,303,1162,651,0,0,0,0
601,20.020,13,2,car,0.000389,13,bench,0.000150,6,train,0.000129,0.000389,0.000027,0.000129,0.000059,0.000017,127,600,1148,107,1275,707,1,0,1,0
601,20.020,14,6,train,0.000326,4,airplane,0.000149,2,car,0.000129,0.000129,0.000042,0.000326,0.000068,0.000019,183,347,1057,301,1240,648,1,0,0,0
601,20.020,15,4,airplane,0.000281,6,train,0.000083,2,car,0.000052,0.000052,0.000011,0.000083,0.000029,0.000024,554,337,722,307,1276,644,1,0,0,0
601,20.020,16,4,airplane,0.000251,71,sink,0.000026,61,toilet,0.000022,0.000019,0.000002,0.000015,0.000008,0.000009,768,310,509,194,1277,504,1,0,0,0
601,20.020,17,6,train,0.000226,4,airplane,0.000158,2,car,0.000055,0.000055,0.000029,0.000226,0.000055,0.000029,444,341,828,272,1272,613,1,0,0,0
601,20.020,18,4,airplane,0.000207,6,train,0.000110,2,car,0.000110,0.000110,0.000017,0.000110,0.000038,0.000023,186,343,1081,318,1267,661,1,0,0,0
601,20.020,19,4,airplane,0.000205,2,car,0.000073,6,train,0.000057,0.000073,0.000009,0.000057,0.000025,0.000015,324,342,951,319,1275,661,1,0,0,0
601,20.020,20,60,dining table,0.000201,6,train,0.000104,4,airplane,0.000064,0.000025,0.000017,0.000104,0.000031,0.000041,296,78,968,467,1264,545,1,0,0,0
602,20.053,1,2,car,0.002016,13,bench,0.000359,7,truck,0.000189,0.002016,0.000100,0.000167,0.000189,0.000032,6,593,1219,112,1225,705,1,0,1,0
602,20.053,2,2,car,0.001550,13,bench,0.001475,6,train,0.000498,0.001550,0.000202,0.000498,0.000221,0.000075,53,600,1217,106,1270,706,1,0,1,0
602,20.053,3,2,car,0.001536,13,bench,0.000444,6,train,0.000318,0.001536,0.000167,0.000318,0.000193,0.000036,10,592,1230,112,1240,704,1,0,1,0
602,20.053,4,2,car,0.001178,13,bench,0.000240,6,train,0.000134,0.001178,0.000077,0.000134,0.000118,0.000021,15,592,1226,112,1241,704,1,0,1,0
602,20.053,5,2,car,0.001046,13,bench,0.000755,66,keyboard,0.000325,0.001046,0.000091,0.000264,0.000132,0.000045,95,600,1177,108,1272,708,1,0,1,0
602,20.053,6,2,car,0.001016,13,bench,0.000881,6,train,0.000364,0.001016,0.000190,0.000364,0.000173,0.000050,41,599,1204,104,1245,703,1,0,1,0
602,20.053,7,2,car,0.000919,13,bench,0.000420,6,train,0.000265,0.000919,0.000144,0.000265,0.000142,0.000031,26,594,1235,108,1261,702,1,0,1,0
602,20.053,8,2,car,0.000844,13,bench,0.000577,6,train,0.000250,0.000844,0.000146,0.000250,0.000132,0.000036,18,598,1242,104,1260,702,1,0,1,0
602,20.053,9,2,car,0.000729,13,bench,0.000221,7,truck,0.000091,0.000729,0.000041,0.000074,0.000091,0.000025,5,592,1125,114,1130,706,0,0,1,0
602,20.053,10,4,airplane,0.000637,6,train,0.000557,7,truck,0.000154,0.000068,0.000052,0.000557,0.000154,0.000059,629,337,647,132,1276,469,1,0,0,0
602,20.053,11,4,airplane,0.000609,6,train,0.000161,8,boat,0.000050,0.000044,0.000013,0.000161,0.000043,0.000050,610,328,667,275,1277,603,1,0,0,0
602,20.053,12,2,car,0.000501,13,bench,0.000270,66,keyboard,0.000143,0.000501,0.000035,0.000136,0.000067,0.000018,117,599,1159,108,1276,707,1,0,1,0
602,20.053,13,6,train,0.000419,4,airplane,0.000238,2,car,0.000149,0.000149,0.000060,0.000419,0.000092,0.000031,173,348,1077,298,1250,646,1,0,0,0
602,20.053,14,4,airplane,0.000418,6,train,0.000097,2,car,0.000047,0.000047,0.000013,0.000097,0.000036,0.000033,550,339,727,320,1277,659,1,0,0,0
602,20.053,15,4,airplane,0.000412,6,train,0.000163,2,car,0.000137,0.000137,0.000030,0.000163,0.000064,0.000036,174,343,1095,325,1269,668,1,0,0,0
602,20.053,16,4,airplane,0.000322,2,car,0.000072,6,train,0.000070,0.000072,0.000013,0.000070,0.000034,0.000018,326,342,951,327,1277,669,1,0,0,0
602,20.053,17,4,airplane,0.000287,6,train,0.000266,7,truck,0.000071,0.000060,0.000033,0.000266,0.000071,0.000041,355,342,919,307,1274,649,1,0,0,0
602,20.053,18,4,airplane,0.000284,2,car,0.000024,6,train,0.000018,0.000024,0.000003,0.000018,0.000011,0.000015,659,333,617,311,1276,644,1,0,0,0
602,20.053,19,6,train,0.000235,2,car,0.000114,4,airplane,0.000081,0.000114,0.000036,0.000235,0.000045,0.000020,140,349,1039,294,1179,643,0,0,0,0
602,20.053,20,4,airplane,0.000211,71,sink,0.000024,61,toilet,0.000024,0.000022,0.000003,0.000015,0.000011,0.000011,707,317,569,200,1276,517,1,0,0,0
603,20.087,1,2,car,0.001776,13,bench,0.000309,7,truck,0.000153,0.001776,0.000091,0.000150,0.000153,0.000023,8,592,1215,113,1223,705,1,0,1,0
603,20.087,2,2,car,0.001462,6,train,0.000398,13,bench,0.000362,0.001462,0.000167,0.000398,0.000172,0.000031,10,591,1234,113,1244,704,1,0,1,0
603,20.087,3,13,bench,0.001202,2,car,0.001178,6,train,0.000579,0.001178,0.000182,0.000579,0.000181,0.000067,50,600,1220,107,1270,707,1,0,0,0
603,20.087,4,2,car,0.001180,13,bench,0.000211,6,train,0.000156,0.001180,0.000078,0.000156,0.000103,0.000018,18,591,1223,113,1241,704,1,0,1,0
603,20.087,5,6,train,0.000873,4,airplane,0.000456,7,truck,0.000140,0.000062,0.000058,0.000873,0.000140,0.000044,619,335,659,136,1278,471,1,0,0,0
603,20.087,6,2,car,0.000820,13,bench,0.000694,6,train,0.000307,0.000820,0.000086,0.000307,0.000113,0.000043,95,600,1178,108,1273,708,1,0,1,0
603,20.087,7,2,car,0.000699,6,train,0.000308,13,bench,0.000299,0.000699,0.000120,0.000308,0.000105,0.000024,25,594,1236,109,1261,703,1,0,1,0
603,20.087,8,2,car,0.000691,13,bench,0.000636,6,train,0.000413,0.000691,0.000155,0.000413,0.000125,0.000040,44,599,1203,105,1247,704,1,0,1,0
603,20.087,9,2,car,0.000650,13,bench,0.000438,6,train,0.000310,0.000650,0.000129,0.000310,0.000104,0.000031,17,597,1244,105,1261,702,1,0,1,0
603,20.087,10,2,car,0.000637,13,bench,0.000202,7,truck,0.000079,0.000637,0.000040,0.000071,0.000079,0.000018,5,592,1127,114,1132,706,0,0,1,0
603,20.087,11,6,train,0.000537,4,airplane,0.000147,2,car,0.000079,0.000079,0.000045,0.000537,0.000051,0.000025,181,346,1070,304,1251,650,1,0,0,0
603,20.087,12,4,airplane,0.000421,6,train,0.000190,2,car,0.000038,0.000038,0.000013,0.000190,0.000034,0.000035,631,326,646,235,1277,561,1,0,0,0
603,20.087,13,2,car,0.000414,13,bench,0.000266,6,train,0.000154,0.000414,0.000032,0.000154,0.000061,0.000019,113,598,1163,109,1276,707,1,0,1,0
603,20.087,14,6,train,0.000403,4,airplane,0.000209,7,truck,0.000058,0.000045,0.000030,0.000403,0.000058,0.000033,293,339,982,302,1275,641,1,0,0,0
603,20.087,15,4,airplane,0.000310,6,train,0.000131,2,car,0.000040,0.000040,0.000013,0.000131,0.000029,0.000027,586,337,691,325,1277,662,1,0,0,0
603,20.087,16,4,airplane,0.000305,71,sink,0.000025,2,car,0.000021,0.000021,0.000002,0.000019,0.000009,0.000009,731,300,547,194,1278,494,1,0,0,0
603,20.087,17,6,train,0.000298,2,car,0.000052,4,airplane,0.000047,0.000052,0.000025,0.000298,0.000025,0.000015,145,346,1027,298,1172,644,0,0,0,0
603,20.087,18,4,airplane,0.000293,71,sink,0.000031,2,car,0.000026,0.000026,0.000003,0.000020,0.000009,0.000014,734,263,543,182,1277,445,1,0,0,0
603,20.087,19,4,airplane,0.000271,71,sink,0.000027,2,car,0.000026,0.000026,0.000003,0.000019,0.000012,0.000013,702,314,574,186,1276,500,1,0,0,0
603,20.087,20,4,airplane,0.000268,6,train,0.000027,2,car,0.000024,0.000024,0.000004,0.000027,0.000011,0.000015,655,331,621,321,1276,652,1,0,0,0
604,20.120,1,2,car,0.001816,13,bench,0.000393,6,train,0.000290,0.001816,0.000134,0.000290,0.000159,0.000032,9,591,1235,114,1244,705,1,0,1,0
604,20.120,2,2,car,0.001726,13,bench,0.000328,7,truck,0.000122,0.001726,0.000058,0.000099,0.000122,0.000020,6,591,1225,115,1231,706,1,0,1,0
604,20.120,3,2,car,0.001302,13,bench,0.000723,6,train,0.000432,0.001302,0.000148,0.000432,0.000172,0.000054,52,601,1218,106,1270,707,1,0,1,0
604,20.120,4,2,car,0.001245,13,bench,0.000223,6,train,0.000093,0.001245,0.000050,0.000093,0.000082,0.000016,15,590,1227,115,1242,705,1,0,1,0
604,20.120,5,2,car,0.001041,13,bench,0.000312,6,train,0.000251,0.001041,0.000115,0.000251,0.000116,0.000027,24,594,1238,109,1262,703,1,0,1,0
604,20.120,6,2,car,0.000925,13,bench,0.000394,6,train,0.000255,0.000925,0.000123,0.000255,0.000115,0.000032,16,598,1245,105,1261,703,1,0,1,0
604,20.120,7,2,car,0.000912,13,bench,0.000476,6,train,0.000311,0.000912,0.000135,0.000311,0.000131,0.000036,40,600,1213,104,1253,704,1,0,1,0
604,20.120,8,2,car,0.000907,13,bench,0.000389,6,train,0.000246,0.000907,0.000075,0.000246,0.000115,0.000036,89,601,1184,107,1273,708,1,0,1,0
604,20.120,9,6,train,0.000748,4,airplane,0.000171,7,truck,0.000089,0.000046,0.000047,0.000748,0.000089,0.000025,599,334,677,140,1276,474,1,0,0,0
604,20.120,10,2,car,0.000423,13,bench,0.000154,7,truck,0.000048,0.000423,0.000019,0.000038,0.000048,0.000012,5,591,1128,115,1133,706,0,0,1,0
604,20.120,11,2,car,0.000405,13,bench,0.000140,6,train,0.000128,0.000405,0.000028,0.000128,0.000059,0.000016,110,599,1166,109,1276,708,1,0,1,0
604,20.120,12,6,train,0.000360,2,car,0.000084,4,airplane,0.000084,0.000084,0.000038,0.000360,0.000040,0.000021,180,345,1080,306,1260,651,1,0,0,0
604,20.120,13,6,train,0.000323,4,airplane,0.000107,7,truck,0.000041,0.000038,0.000023,0.000323,0.000041,0.000022,256,338,1019,297,1275,635,1,0,0,0
604,20.120,14,4,airplane,0.000250,71,sink,0.000032,2,car,0.000027,0.000027,0.000003,0.000019,0.000009,0.000015,768,265,509,184,1277,449,1,0,0,0
604,20.120,15,4,airplane,0.000246,71,sink,0.000025,2,car,0.000021,0.000021,0.000002,0.000018,0.000008,0.000009,765,297,513,193,1278,490,1,0,0,0
604,20.120,16,6,train,0.000233,2,car,0.000059,4,airplane,0.000030,0.000059,0.000021,0.000233,0.000021,0.000013,160,347,1030,292,1190,639,0,0,0,0
604,20.120,17,60,dining table,0.000203,6,train,0.000115,4,airplane,0.000038,0.000020,0.000015,0.000115,0.000022,0.000023,305,83,961,474,1266,557,1,0,0,0
604,20.120,18,4,airplane,0.000183,71,sink,0.000025,2,car,0.000023,0.000023,0.000003,0.000016,0.000010,0.000011,710,313,567,196,1277,509,1,0,0,0
604,20.120,19,4,airplane,0.000176,6,train,0.000143,2,car,0.000033,0.000033,0.000013,0.000143,0.000027,0.000021,634,324,643,221,1277,545,1,0,0,0
604,20.120,20,6,train,0.000175,60,dining table,0.000037,2,car,0.000028,0.000028,0.000009,0.000175,0.000012,0.000010,21,262,1192,417,1213,679,0,0,0,0
605,20.153,1,2,car,0.001734,13,bench,0.000292,7,truck,0.000114,0.001734,0.000058,0.000111,0.000114,0.000019,7,593,1207,113,1214,706,0,0,1,0
605,20.153,2,2,car,0.001365,6,train,0.000311,13,bench,0.000295,0.001365,0.000112,0.000311,0.000121,0.000028,11,592,1221,112,1232,704,1,0,1,0
605,20.153,3,2,car,0.001155,13,bench,0.000189,6,train,0.000116,0.001155,0.000051,0.000116,0.000077,0.000016,16,591,1216,114,1232,705,1,0,1,0
605,20.153,4,2,car,0.001031,13,bench,0.000548,6,train,0.000397,0.001031,0.000138,0.000397,0.000151,0.000048,62,600,1207,106,1269,706,1,0,1,0
605,20.153,5,2,car,0.000723,13,bench,0.000312,6,train,0.000300,0.000723,0.000112,0.000300,0.000094,0.000031,16,597,1239,105,1255,702,1,0,1,0
605,20.153,6,2,car,0.000685,13,bench,0.000294,6,train,0.000215,0.000685,0.000074,0.000215,0.000101,0.000031,116,601,1155,107,1271,708,1,0,1,0
605,20.153,7,2,car,0.000648,6,train,0.000224,13,bench,0.000206,0.000648,0.000080,0.000224,0.000073,0.000021,28,594,1227,109,1255,703,1,0,1,0
605,20.153,8,2,car,0.000616,13,bench,0.000307,6,train,0.000258,0.000616,0.000100,0.000258,0.000094,0.000028,53,599,1192,105,1245,704,1,0,1,0
605,20.153,9,6,train,0.000593,4,airplane,0.000113,7,truck,0.000058,0.000032,0.000035,0.000593,0.000058,0.000017,602,333,675,140,1277,473,1,0,0,0
605,20.153,10,2,car,0.000467,13,bench,0.000165,7,truck,0.000050,0.000467,0.000020,0.000041,0.000050,0.000012,5,593,1086,113,1091,706,0,0,1,0
605,20.153,11,2,car,0.000294,6,train,0.000112,13,bench,0.000108,0.000294,0.000028,0.000112,0.000052,0.000014,135,599,1140,108,1275,707,1,0,1,0
605,20.153,12,6,train,0.000287,2,car,0.000045,4,airplane,0.000026,0.000045,0.000019,0.000287,0.000019,0.000011,179,348,1010,288,1189,636,0,0,0,0
605,20.153,13,6,train,0.000282,2,car,0.000067,4,airplane,0.000056,0.000067,0.000028,0.000282,0.000030,0.000014,207,345,1054,307,1261,652,1,0,0,0
605,20.153,14,6,train,0.000252,4,airplane,0.000070,0,person,0.000032,0.000031,0.000018,0.000252,0.000030,0.000015,272,338,1003,283,1275,621,1,0,0,0
605,20.153,15,4,airplane,0.000229,71,sink,0.000038,2,car,0.000028,0.000028,0.000003,0.000017,0.000010,0.000015,775,265,502,178,1277,443,1,0,0,0
605,20.153,16,4,airplane,0.000225,71,sink,0.000030,61,toilet,0.000025,0.000022,0.000003,0.000017,0.000010,0.000009,776,296,501,187,1277,483,1,0,0,0
605,20.153,17,6,train,0.000193,60,dining table,0.000034,2,car,0.000020,0.000020,0.000008,0.000193,0.000010,0.000008,21,268,1170,408,1191,676,0,0,0,0
605,20.153,18,4,airplane,0.000154,71,sink,0.000026,61,toilet,0.000024,0.000022,0.000003,0.000014,0.000010,0.000010,715,311,561,191,1276,502,1,0,0,0
605,20.153,19,4,airplane,0.000151,6,train,0.000018,71,sink,0.000016,0.000015,0.000002,0.000018,0.000007,0.000011,662,317,611,232,1273,549,1,0,0,0
605,20.153,20,6,train,0.000139,2,car,0.000024,69,oven,0.000014,0.000024,0.000008,0.000139,0.000010,0.000005,139,343,956,295,1095,638,0,0,0,0
606,20.187,1,2,car,0.002156,13,bench,0.000628,6,train,0.000288,0.002156,0.000138,0.000288,0.000197,0.000042,71,601,1198,105,1269,706,1,0,1,0
606,20.187,2,2,car,0.002034,13,bench,0.000382,6,train,0.000184,0.002034,0.000087,0.000184,0.000158,0.000031,122,601,1151,107,1273,708,1,0,1,0
606,20.187,3,2,car,0.001620,13,bench,0.000310,6,train,0.000118,0.001620,0.000057,0.000118,0.000113,0.000021,7,593,1192,113,1199,706,0,0,1,0
606,20.187,4,2,car,0.001273,13,bench,0.000296,6,train,0.000281,0.001273,0.000103,0.000281,0.000110,0.000029,10,593,1220,111,1230,704,1,0,1,0
606,20.187,5,2,car,0.001134,13,bench,0.000212,6,train,0.000127,0.001134,0.000053,0.000127,0.000078,0.000018,14,592,1212,112,1226,704,1,0,1,0
606,20.187,6,2,car,0.001123,13,bench,0.000392,6,train,0.000224,0.001123,0.000110,0.000224,0.000126,0.000028,51,600,1193,104,1244,704,1,0,1,0
606,20.187,7,2,car,0.000857,13,bench,0.000144,6,train,0.000115,0.000857,0.000036,0.000115,0.000087,0.000016,154,598,1121,109,1275,707,1,0,1,0
606,20.187,8,6,train,0.000825,4,airplane,0.000091,7,truck,0.000057,0.000030,0.000037,0.000825,0.000057,0.000015,615,332,664,138,1279,470,1,0,0,0
606,20.187,9,2,car,0.000781,13,bench,0.000289,6,train,0.000204,0.000781,0.000091,0.000204,0.000088,0.000025,16,599,1239,103,1255,702,1,0,1,0
606,20.187,10,2,car,0.000675,13,bench,0.000206,6,train,0.000186,0.000675,0.000075,0.000186,0.000070,0.000020,25,595,1230,108,1255,703,1,0,1,0
606,20.187,11,2,car,0.000360,13,bench,0.000138,7,truck,0.000045,0.000360,0.000019,0.000045,0.000045,0.000012,6,592,1055,114,1061,706,0,0,1,0
606,20.187,12,6,train,0.000329,4,airplane,0.000059,0,person,0.000028,0.000027,0.000016,0.000329,0.000027,0.000012,299,336,978,262,1277,598,1,0,0,0
606,20.187,13,6,train,0.000309,2,car,0.000063,0,person,0.000056,0.000063,0.000027,0.000309,0.000029,0.000013,208,343,1052,306,1260,649,1,0,0,0
606,20.187,14,4,airplane,0.000223,71,sink,0.000044,2,car,0.000034,0.000034,0.000003,0.000020,0.000011,0.000016,763,263,514,168,1277,431,1,0,0,0
606,20.187,15,6,train,0.000209,2,car,0.000031,4,airplane,0.000019,0.000031,0.000013,0.000209,0.000013,0.000008,169,344,1014,297,1183,641,0,0,0,0
606,20.187,16,6,train,0.000189,4,airplane,0.000119,2,car,0.000040,0.000040,0.000018,0.000189,0.000029,0.000017,642,325,633,175,1275,500,1,0,0,0
606,20.187,17,6,train,0.000187,7,truck,0.000024,60,dining table,0.000024,0.000014,0.000015,0.000187,0.000024,0.000008,544,230,733,250,1277,480,1,0,0,0
606,20.187,18,4,airplane,0.000177,71,sink,0.000033,2,car,0.000023,0.000023,0.000002,0.000016,0.000009,0.000010,762,287,515,199,1277,486,1,0,0,0
606,20.187,19,6,train,0.000171,60,dining table,0.000035,2,car,0.000019,0.000019,0.000007,0.000171,0.000009,0.000008,19,270,1165,408,1184,678,0,0,0,0
606,20.187,20,60,dining table,0.000156,6,train,0.000141,4,airplane,0.000030,0.000016,0.000014,0.000141,0.000017,0.000017,397,119,870,400,1267,519,1,0,0,0
607,20.220,1,2,car,0.002318,13,bench,0.000580,6,train,0.000282,0.002318,0.000141,0.000282,0.000222,0.000046,71,601,1197,105,1268,706,1,0,1,0
607,20.220,2,2,car,0.001964,13,bench,0.000363,6,train,0.000169,0.001964,0.000086,0.000169,0.000169,0.000034,121,601,1151,108,1272,709,1,0,1,0
607,20.220,3,2,car,0.001568,13,bench,0.000266,6,train,0.000117,0.001568,0.000050,0.000117,0.000110,0.000020,9,593,1183,113,1192,706,0,0,1,0
607,20.220,4,2,car,0.001484,6,train,0.000274,13,bench,0.000254,0.001484,0.000096,0.000274,0.000121,0.000031,11,592,1215,113,1226,705,1,0,1,0
607,20.220,5,2,car,0.001242,13,bench,0.000346,6,train,0.000217,0.001242,0.000111,0.000217,0.000139,0.000030,50,600,1194,104,1244,704,1,0,1,0
607,20.220,6,2,car,0.001083,13,bench,0.000169,6,train,0.000108,0.001083,0.000043,0.000108,0.000072,0.000016,18,592,1202,112,1220,704,1,0,1,0
607,20.220,7,2,car,0.000877,13,bench,0.000240,6,train,0.000184,0.000877,0.000086,0.000184,0.000094,0.000025,17,598,1238,105,1255,703,1,0,1,0
607,20.220,8,2,car,0.000859,6,train,0.000190,13,bench,0.000188,0.000859,0.000078,0.000190,0.000084,0.000022,29,594,1225,110,1254,704,1,0,1,0
607,20.220,9,2,car,0.000816,13,bench,0.000136,6,train,0.000106,0.000816,0.000035,0.000106,0.000091,0.000017,159,598,1116,110,1275,708,1,0,1,0
607,20.220,10,6,train,0.000712,4,airplane,0.000109,7,truck,0.000062,0.000034,0.000039,0.000712,0.000062,0.000018,609,331,670,139,1279,470,1,0,0,0
607,20.220,11,2,car,0.000327,13,bench,0.000124,7,truck,0.000041,0.000327,0.000016,0.000039,0.000041,0.000010,6,593,1042,113,1048,706,0,0,1,0
607,20.220,12,4,airplane,0.000280,71,sink,0.000048,2,car,0.000038,0.000038,0.000004,0.000021,0.000012,0.000020,765,264,512,165,1277,429,1,0,0,0
607,20.220,13,6,train,0.000269,4,airplane,0.000068,7,truck,0.000031,0.000031,0.000017,0.000269,0.000031,0.000015,329,335,949,243,1278,578,1,0,0,0
607,20.220,14,6,train,0.000249,2,car,0.000075,4,airplane,0.000055,0.000075,0.000029,0.000249,0.000035,0.000015,220,342,1037,304,1257,646,1,0,0,0
607,20.220,15,4,airplane,0.000235,71,sink,0.000038,2,car,0.000028,0.000028,0.000003,0.000018,0.000011,0.000013,763,284,514,201,1277,485,1,0,0,0
607,20.220,16,4,airplane,0.000198,6,train,0.000026,71,sink,0.000020,0.000018,0.000003,0.000026,0.000008,0.000014,658,316,616,202,1274,518,1,0,0,0
607,20.220,17,4,airplane,0.000183,6,train,0.000031,2,car,0.000030,0.000030,0.000005,0.000031,0.000012,0.000013,648,330,626,306,1274,636,1,0,0,0
607,20.220,18,4,airplane,0.000180,71,sink,0.000033,2,car,0.000027,0.000027,0.000003,0.000016,0.000011,0.000014,706,304,571,197,1277,501,1,0,0,0
607,20.220,19,4,airplane,0.000177,71,sink,0.000043,61,toilet,0.000029,0.000029,0.000003,0.000014,0.000011,0.000023,708,272,568,200,1276,472,1,0,0,0
607,20.220,20,4,airplane,0.000167,71,sink,0.000029,8,boat,0.000026,0.000020,0.000004,0.000024,0.000010,0.000026,660,273,615,226,1275,499,1,0,0,0
608,20.254,1,2,car,0.003554,13,bench,0.000569,6,train,0.000341,0.003554,0.000118,0.000341,0.000257,0.000050,54,600,1216,107,1270,707,1,0,1,0
608,20.254,2,2,car,0.002687,13,bench,0.000306,7,truck,0.000179,0.002687,0.000063,0.000172,0.000179,0.000032,98,600,1176,109,1274,709,1,0,1,0
608,20.254,3,2,car,0.001927,13,bench,0.000379,6,train,0.000281,0.001927,0.000099,0.000281,0.000164,0.000036,42,600,1202,104,1244,704,1,0,1,0
608,20.254,4,2,car,0.001592,13,bench,0.000310,6,train,0.000156,0.001592,0.000056,0.000156,0.000119,0.000022,8,593,1196,112,1204,705,0,0,1,0
608,20.254,5,2,car,0.001545,6,train,0.000411,13,bench,0.000277,0.001545,0.000102,0.000411,0.000138,0.000040,10,592,1228,112,1238,704,1,0,1,0
608,20.254,6,6,train,0.001509,4,airplane,0.000186,7,truck,0.000110,0.000051,0.000062,0.001509,0.000110,0.000026,621,329,658,142,1279,471,1,0,0,0
608,20.254,7,2,car,0.001211,13,bench,0.000202,6,train,0.000167,0.001211,0.000050,0.000167,0.000087,0.000021,16,592,1214,112,1230,704,1,0,1,0
608,20.254,8,2,car,0.001044,13,bench,0.000245,6,train,0.000226,0.001044,0.000073,0.000226,0.000097,0.000031,18,598,1243,105,1261,703,1,0,1,0
608,20.254,9,2,car,0.001033,6,train,0.000272,13,bench,0.000211,0.001033,0.000080,0.000272,0.000100,0.000031,25,594,1233,110,1258,704,1,0,1,0
608,20.254,10,2,car,0.000918,13,bench,0.000109,6,train,0.000093,0.000918,0.000025,0.000093,0.000086,0.000016,124,595,1152,113,1276,708,1,0,1,0
608,20.254,11,6,train,0.000602,4,airplane,0.000116,7,truck,0.000046,0.000041,0.000026,0.000602,0.000046,0.000022,319,333,960,253,1279,586,1,0,0,0
608,20.254,12,6,train,0.000547,2,car,0.000098,4,airplane,0.000091,0.000098,0.000032,0.000547,0.000040,0.000023,235,338,1014,309,1249,647,1,0,0,0
608,20.254,13,2,car,0.000370,13,bench,0.000157,6,train,0.000052,0.000370,0.000019,0.000052,0.000046,0.000010,5,592,1085,114,1090,706,0,0,1,0
608,20.254,14,4,airplane,0.000334,71,sink,0.000049,0,person,0.000041,0.000039,0.000004,0.000022,0.000011,0.000019,718,265,560,161,1278,426,1,0,0,0
608,20.254,15,6,train,0.000324,4,airplane,0.000285,2,car,0.000059,0.000059,0.000021,0.000324,0.000041,0.000027,646,323,631,170,1277,493,1,0,0,0
608,20.254,16,6,train,0.000317,7,truck,0.000040,4,airplane,0.000038,0.000022,0.000023,0.000317,0.000040,0.000013,543,235,736,245,1279,480,1,0,0,0
608,20.254,17,4,airplane,0.000311,6,train,0.000044,2,car,0.000038,0.000038,0.000005,0.000044,0.000014,0.000016,648,330,627,309,1275,639,1,0,0,0
608,20.254,18,4,airplane,0.000290,71,sink,0.000042,2,car,0.000029,0.000029,0.000003,0.000019,0.000010,0.000012,722,286,556,201,1278,487,1,0,0,0
608,20.254,19,4,airplane,0.000257,71,sink,0.000039,2,car,0.000032,0.000032,0.000003,0.000018,0.000012,0.000015,696,308,581,191,1277,499,1,0,0,0
608,20.254,20,4,airplane,0.000253,71,sink,0.000049,61,toilet,0.000035,0.000035,0.000003,0.000016,0.000012,0.000024,697,274,579,190,1276,464,1,0,0,0
609,20.287,1,2,car,0.001611,13,bench,0.000302,7,truck,0.000123,0.001611,0.000063,0.000115,0.000123,0.000020,8,592,1194,113,1202,705,0,0,1,0
609,20.287,2,6,train,0.001070,4,airplane,0.000193,7,truck,0.000104,0.000044,0.000066,0.001070,0.000104,0.000022,619,327,660,146,1279,473,1,0,0,0
609,20.287,3,2,car,0.000916,13,bench,0.000173,6,train,0.000095,0.000916,0.000048,0.000095,0.000073,0.000015,17,591,1203,112,1220,703,1,0,1,0
609,20.287,4,2,car,0.000882,13,bench,0.000235,6,train,0.000203,0.000882,0.000083,0.000203,0.000102,0.000026,11,591,1210,113,1221,704,1,0,1,0
609,20.287,5,2,car,0.000864,13,bench,0.000503,6,train,0.000332,0.000864,0.000114,0.000332,0.000144,0.000056,70,602,1198,105,1268,707,1,0,1,0
609,20.287,6,6,train,0.000710,4,airplane,0.000150,7,truck,0.000064,0.000041,0.000045,0.000710,0.000064,0.000023,258,332,1021,301,1279,633,1,0,0,0
609,20.287,7,2,car,0.000627,13,bench,0.000265,6,train,0.000169,0.000627,0.000057,0.000169,0.000095,0.000035,121,602,1152,107,1273,709,1,0,1,0
609,20.287,8,6,train,0.000579,4,airplane,0.000135,2,car,0.000094,0.000094,0.000063,0.000579,0.000058,0.000025,224,333,1018,309,1242,642,1,0,0,0
609,20.287,9,2,car,0.000525,13,bench,0.000186,7,truck,0.000060,0.000525,0.000027,0.000052,0.000060,0.000013,5,592,1101,114,1106,706,0,0,1,0
609,20.287,10,2,car,0.000502,13,bench,0.000182,6,train,0.000173,0.000502,0.000071,0.000173,0.000077,0.000022,31,594,1216,109,1247,703,1,0,1,0
609,20.287,11,2,car,0.000415,13,bench,0.000255,6,train,0.000180,0.000415,0.000076,0.000180,0.000080,0.000030,66,600,1162,103,1228,703,1,0,1,0
609,20.287,12,2,car,0.000398,13,bench,0.000125,6,train,0.000103,0.000398,0.000026,0.000103,0.000062,0.000018,150,601,1125,106,1275,707,1,0,1,0
609,20.287,13,6,train,0.000396,4,airplane,0.000392,7,truck,0.000067,0.000065,0.000034,0.000396,0.000067,0.000032,646,324,630,213,1276,537,1,0,0,0
609,20.287,14,4,airplane,0.000386,6,train,0.000055,2,car,0.000029,0.000029,0.000006,0.000055,0.000017,0.000014,651,331,623,305,1274,636,1,0,0,0
609,20.287,15,6,train,0.000362,4,airplane,0.000221,2,car,0.000076,0.000076,0.000034,0.000362,0.000050,0.000026,204,336,1069,332,1273,668,1,0,0,0
609,20.287,16,2,car,0.000360,13,bench,0.000199,6,train,0.000136,0.000360,0.000059,0.000136,0.000061,0.000024,26,598,1225,104,1251,702,1,0,1,0
609,20.287,17,4,airplane,0.000302,71,sink,0.000045,2,car,0.000036,0.000036,0.000004,0.000022,0.000012,0.000018,730,264,547,172,1277,436,1,0,0,0
609,20.287,18,4,airplane,0.000280,6,train,0.000188,2,car,0.000054,0.000054,0.000024,0.000188,0.000047,0.000023,620,333,653,310,1273,643,1,0,0,0
609,20.287,19,4,airplane,0.000265,6,train,0.000124,2,car,0.000069,0.000069,0.000021,0.000124,0.000040,0.000019,463,336,810,337,1273,673,1,0,0,0
609,20.287,20,6,train,0.000244,7,truck,0.000043,4,airplane,0.000040,0.000021,0.000025,0.000244,0.000043,0.000013,531,220,748,264,1279,484,1,0,0,0
610,20.320,1,2,car,0.001350,13,bench,0.000202,7,truck,0.000105,0.001350,0.000054,0.000092,0.000105,0.000017,9,592,1182,113,1191,705,0,0,1,0
610,20.320,2,6,train,0.000847,4,airplane,0.000086,7,truck,0.000079,0.000038,0.000056,0.000847,0.000079,0.000014,629,327,647,143,1276,470,1,0,0,0
610,20.320,3,2,car,0.000733,13,bench,0.000116,6,train,0.000078,0.000733,0.000041,0.000078,0.000063,0.000012,21,591,1185,113,1206,704,0,0,1,0
610,20.320,4,2,car,0.000629,6,train,0.000167,13,bench,0.000139,0.000629,0.000066,0.000167,0.000081,0.000019,12,591,1202,113,1214,704,0,0,1,0
610,20.320,5,2,car,0.000616,13,bench,0.000327,6,train,0.000253,0.000616,0.000098,0.000253,0.000128,0.000044,76,602,1191,103,1267,705,1,0,1,0
610,20.320,6,6,train,0.000588,4,airplane,0.000074,7,truck,0.000050,0.000037,0.000041,0.000588,0.000050,0.000013,299,332,979,265,1278,597,1,0,0,0
610,20.320,7,6,train,0.000499,0,person,0.000097,4,airplane,0.000095,0.000093,0.000063,0.000499,0.000058,0.000020,219,332,997,307,1216,639,1,0,0,0
610,20.320,8,2,car,0.000477,13,bench,0.000133,7,truck,0.000054,0.000477,0.000024,0.000042,0.000054,0.000011,6,592,1069,114,1075,706,0,0,1,0
610,20.320,9,2,car,0.000465,13,bench,0.000202,6,train,0.000138,0.000465,0.000051,0.000138,0.000086,0.000029,131,602,1140,106,1271,708,1,0,1,0
610,20.320,10,6,train,0.000450,4,airplane,0.000203,7,truck,0.000061,0.000056,0.000035,0.000450,0.000061,0.000022,646,322,630,209,1276,531,1,0,0,0
610,20.320,11,6,train,0.000363,4,airplane,0.000128,2,car,0.000070,0.000070,0.000035,0.000363,0.000048,0.000019,213,336,1057,326,1270,662,1,0,0,0
610,20.320,12,2,car,0.000352,6,train,0.000130,13,bench,0.000102,0.000352,0.000055,0.000130,0.000061,0.000016,36,593,1210,110,1246,703,1,0,1,0
610,20.320,13,2,car,0.000348,13,bench,0.000166,6,train,0.000145,0.000348,0.000069,0.000145,0.000078,0.000025,74,600,1152,103,1226,703,1,0,1,0
610,20.320,14,2,car,0.000282,6,train,0.000122,13,bench,0.000118,0.000282,0.000054,0.000122,0.000057,0.000019,28,597,1222,105,1250,702,1,0,1,0
610,20.320,15,2,car,0.000269,13,bench,0.000093,6,train,0.000086,0.000269,0.000023,0.000086,0.000053,0.000015,165,601,1110,106,1275,707,1,0,1,0
610,20.320,16,60,dining table,0.000236,6,train,0.000194,4,airplane,0.000040,0.000021,0.000022,0.000194,0.000027,0.000025,354,116,912,403,1266,519,1,0,0,0
610,20.320,17,6,train,0.000229,7,truck,0.000041,60,dining table,0.000031,0.000021,0.000025,0.000229,0.000041,0.000011,557,207,716,276,1273,483,1,0,0,0
610,20.320,18,4,airplane,0.000201,6,train,0.000046,2,car,0.000017,0.000017,0.000004,0.000046,0.000013,0.000013,659,319,614,253,1273,572,1,0,0,0
610,20.320,19,6,train,0.000188,2,car,0.000033,4,airplane,0.000023,0.000033,0.000015,0.000188,0.000015,0.000008,218,333,963,297,1181,630,0,0,0,0
610,20.320,20,6,train,0.000187,4,airplane,0.000132,2,car,0.000046,0.000046,0.000023,0.000187,0.000042,0.000015,616,332,653,304,1269,636,1,0,0,0
611,20.354,1,2,car,0.001356,13,bench,0.000219,6,train,0.000109,0.001356,0.000055,0.000109,0.000097,0.000017,11,592,1172,113,1183,705,0,0,1,0
611,20.354,2,2,car,0.000692,13,bench,0.000557,6,train,0.000296,0.000692,0.000110,0.000296,0.000133,0.000048,79,601,1188,105,1267,706,1,0,1,0
611,20.354,3,2,car,0.000667,13,bench,0.000110,6,train,0.000083,0.000667,0.000036,0.000083,0.000050,0.000012,22,591,1185,112,1207,703,0,0,1,0
611,20.354,4,6,train,0.000604,4,airplane,0.000174,7,truck,0.000058,0.000054,0.000036,0.000604,0.000058,0.000023,646,320,630,192,1276,512,1,0,0,0
611,20.354,5,6,train,0.000573,4,airplane,0.000060,7,truck,0.000046,0.000034,0.000038,0.000573,0.000046,0.000011,381,330,897,217,1278,547,1,0,0,0
611,20.354,6,2,car,0.000552,6,train,0.000166,13,bench,0.000132,0.000552,0.000058,0.000166,0.000064,0.000018,12,591,1207,113,1219,704,1,0,1,0
611,20.354,7,2,car,0.000523,13,bench,0.000343,6,train,0.000153,0.000523,0.000054,0.000153,0.000084,0.000031,136,602,1136,106,1272,708,1,0,1,0
611,20.354,8,6,train,0.000493,4,airplane,0.000071,0,person,0.000065,0.000061,0.000051,0.000493,0.000047,0.000016,241,329,916,304,1157,633,0,0,0,0
611,20.354,9,6,train,0.000441,4,airplane,0.000114,2,car,0.000068,0.000068,0.000039,0.000441,0.000049,0.000021,226,335,1044,323,1270,658,1,0,0,0
611,20.354,10,2,car,0.000394,13,bench,0.000122,7,truck,0.000045,0.000394,0.000022,0.000044,0.000045,0.000010,8,592,1034,114,1042,706,0,0,1,0
611,20.354,11,6,train,0.000364,7,truck,0.000033,4,airplane,0.000033,0.000015,0.000021,0.000364,0.000033,0.000007,635,326,637,141,1272,467,1,0,0,0
611,20.354,12,2,car,0.000326,13,bench,0.000215,6,train,0.000159,0.000326,0.000069,0.000159,0.000070,0.000025,75,600,1152,103,1227,703,1,0,1,0
611,20.354,13,2,car,0.000313,13,bench,0.000156,6,train,0.000091,0.000313,0.000024,0.000091,0.000051,0.000016,158,600,1117,107,1275,707,1,0,1,0
611,20.354,14,2,car,0.000311,6,train,0.000137,13,bench,0.000105,0.000311,0.000051,0.000137,0.000049,0.000016,35,593,1212,110,1247,703,1,0,1,0
611,20.354,15,6,train,0.000265,7,truck,0.000045,5,bus,0.000026,0.000020,0.000026,0.000265,0.000045,0.000012,579,210,695,269,1274,479,1,0,0,0
611,20.354,16,2,car,0.000260,13,bench,0.000136,6,train,0.000126,0.000260,0.000053,0.000126,0.000050,0.000019,28,597,1222,105,1250,702,1,0,1,0
611,20.354,17,6,train,0.000245,60,dining table,0.000236,4,airplane,0.000040,0.000020,0.000021,0.000245,0.000026,0.000029,355,111,911,413,1266,524,1,0,0,0
611,20.354,18,6,train,0.000232,4,airplane,0.000099,2,car,0.000042,0.000042,0.000023,0.000232,0.000038,0.000015,618,329,654,299,1272,628,1,0,0,0
611,20.354,19,6,train,0.000208,2,car,0.000026,4,airplane,0.000018,0.000026,0.000013,0.000208,0.000014,0.000007,216,331,946,296,1162,627,0,0,0,0
611,20.354,20,6,train,0.000163,4,airplane,0.000064,7,truck,0.000039,0.000032,0.000017,0.000163,0.000039,0.000020,619,260,657,263,1276,523,1,0,0,0
612,20.387,1,2,car,0.001375,13,bench,0.000194,7,truck,0.000095,0.001375,0.000050,0.000092,0.000095,0.000016,11,593,1166,112,1177,705,0,0,1,0
612,20.387,2,6,train,0.000815,4,airplane,0.000291,7,truck,0.000085,0.000072,0.000052,0.000815,0.000085,0.000031,649,321,627,210,1276,531,1,0,0,0
612,20.387,3,2,car,0.000674,13,bench,0.000342,6,train,0.000220,0.000674,0.000093,0.000220,0.000132,0.000051,85,601,1181,105,1266,706,1,0,1,0
612,20.387,4,2,car,0.000659,13,bench,0.000102,6,train,0.000070,0.000659,0.000033,0.000070,0.000050,0.000012,23,591,1177,113,1200,704,0,0,1,0
612,20.387,5,6,train,0.000605,4,airplane,0.000214,2,car,0.000100,0.000100,0.000055,0.000605,0.000076,0.000025,219,333,1050,322,1269,655,1,0,0,0
612,20.387,6,2,car,0.000499,13,bench,0.000205,6,train,0.000115,0.000499,0.000048,0.000115,0.000083,0.000033,149,602,1123,107,1272,709,1,0,1,0
612,20.387,7,6,train,0.000488,4,airplane,0.000095,2,car,0.000066,0.000066,0.000052,0.000488,0.000051,0.000016,258,329,850,301,1108,630,0,0,0,0
612,20.387,8,2,car,0.000477,13,bench,0.000123,7,truck,0.000047,0.000477,0.000021,0.000040,0.000047,0.000010,7,593,1037,113,1044,706,0,0,1,0
612,20.387,9,2,car,0.000437,6,train,0.000114,13,bench,0.000103,0.000437,0.000043,0.000114,0.000053,0.000016,14,590,1197,114,1211,704,0,0,1,0
612,20.387,10,4,airplane,0.000332,6,train,0.000085,2,car,0.000031,0.000031,0.000007,0.000085,0.000020,0.000021,654,319,620,272,1274,591,1,0,0,0
612,20.387,11,2,car,0.000284,13,bench,0.000138,6,train,0.000100,0.000284,0.000051,0.000100,0.000062,0.000024,85,599,1133,104,1218,703,1,0,1,0
612,20.387,12,2,car,0.000283,6,train,0.000107,13,bench,0.000086,0.000283,0.000043,0.000107,0.000047,0.000017,36,592,1207,111,1243,703,1,0,1,0
612,20.387,13,2,car,0.000270,13,bench,0.000096,6,train,0.000076,0.000270,0.000021,0.000076,0.000049,0.000016,178,601,1097,106,1275,707,1,0,1,0
612,20.387,14,6,train,0.000264,4,airplane,0.000155,2,car,0.000056,0.000056,0.000032,0.000264,0.000053,0.000018,632,330,641,307,1273,637,1,0,0,0
612,20.387,15,6,train,0.000263,4,airplane,0.000040,7,truck,0.000026,0.000019,0.000018,0.000263,0.000026,0.000006,548,331,717,188,1265,519,1,0,0,0
612,20.387,16,2,car,0.000237,13,bench,0.000103,6,train,0.000096,0.000237,0.000044,0.000096,0.000048,0.000019,28,596,1220,106,1248,702,1,0,1,0
612,20.387,17,6,train,0.000221,2,car,0.000029,4,airplane,0.000025,0.000029,0.000013,0.000221,0.000015,0.000006,234,331,898,289,1132,620,0,0,0,0
612,20.387,18,6,train,0.000215,4,airplane,0.000093,7,truck,0.000059,0.000051,0.000028,0.000215,0.000059,0.000027,627,260,649,270,1276,530,1,0,0,0
612,20.387,19,6,train,0.000201,60,dining table,0.000158,4,airplane,0.000039,0.000018,0.000019,0.000201,0.000024,0.000026,415,128,847,383,1262,511,1,0,0,0
612,20.387,20,4,airplane,0.000184,6,train,0.000054,2,car,0.000026,0.000026,0.000006,0.000054,0.000015,0.000010,648,329,626,313,1274,642,1,0,0,0
613,20.420,1,2,car,0.001590,13,bench,0.000250,6,train,0.000113,0.001590,0.000047,0.000113,0.000099,0.000017,9,593,1183,113,1192,706,0,0,1,0
613,20.420,2,2,car,0.001238,13,bench,0.000522,6,train,0.000335,0.001238,0.000087,0.000335,0.000161,0.000061,86,602,1182,103,1268,705,1,0,1,0
613,20.420,3,6,train,0.001091,4,airplane,0.000188,7,truck,0.000074,0.000067,0.000043,0.001091,0.000074,0.000030,650,321,626,176,1276,497,1,0,0,0
613,20.420,4,2,car,0.000827,13,bench,0.000254,6,train,0.000149,0.000827,0.000040,0.000149,0.000093,0.000035,141,603,1131,104,1272,707,1,0,1,0
613,20.420,5,6,train,0.000740,4,airplane,0.000147,2,car,0.000085,0.000085,0.000032,0.000740,0.000055,0.000027,244,333,1026,324,1270,657,1,0,0,0
613,20.420,6,2,car,0.000687,13,bench,0.000119,6,train,0.000083,0.000687,0.000027,0.000083,0.000047,0.000012,20,591,1185,113,1205,704,0,0,1,0
613,20.420,7,2,car,0.000586,6,train,0.000161,13,bench,0.000139,0.000586,0.000039,0.000161,0.000058,0.000019,14,591,1196,113,1210,704,0,0,1,0
613,20.420,8,2,car,0.000554,13,bench,0.000230,6,train,0.000182,0.000554,0.000054,0.000182,0.000086,0.000032,90,600,1141,103,1231,703,1,0,1,0
613,20.420,9,2,car,0.000550,13,bench,0.000161,7,truck,0.000053,0.000550,0.000022,0.000051,0.000053,0.000011,7,593,1067,113,1074,706,0,0,1,0
613,20.420,10,6,train,0.000433,4,airplane,0.000053,2,car,0.000040,0.000040,0.000022,0.000433,0.000027,0.000013,280,328,834,306,1114,634,0,0,0,0
613,20.420,11,2,car,0.000405,13,bench,0.000165,6,train,0.000163,0.000405,0.000044,0.000163,0.000060,0.000027,28,597,1221,105,1249,702,1,0,1,0
613,20.420,12,2,car,0.000393,13,bench,0.000110,6,train,0.000085,0.000393,0.000017,0.000085,0.000051,0.000016,151,602,1124,104,1275,706,1,0,1,0
613,20.420,13,6,train,0.000358,4,airplane,0.000122,2,car,0.000058,0.000058,0.000024,0.000358,0.000046,0.000020,639,328,636,293,1275,621,1,0,0,0
613,20.420,14,2,car,0.000349,6,train,0.000143,60,dining table,0.000113,0.000349,0.000035,0.000143,0.000046,0.000020,39,592,1204,111,1243,703,1,0,1,0
613,20.420,15,6,train,0.000310,4,airplane,0.000065,7,truck,0.000051,0.000044,0.000024,0.000310,0.000051,0.000024,631,265,644,246,1275,511,1,0,0,0
613,20.420,16,6,train,0.000273,60,dining table,0.000127,4,airplane,0.000026,0.000015,0.000018,0.000273,0.000020,0.000021,465,151,790,347,1255,498,1,0,0,0
613,20.420,17,4,airplane,0.000224,6,train,0.000103,2,car,0.000028,0.000028,0.000006,0.000103,0.000016,0.000020,654,319,619,254,1273,573,1,0,0,0
613,20.420,18,6,train,0.000205,4,airplane,0.000019,7,truck,0.000014,0.000012,0.000008,0.000205,0.000014,0.000004,603,330,657,163,1260,493,1,0,0,0
613,20.420,19,6,train,0.000195,2,car,0.000018,4,airplane,0.000014,0.000018,0.000006,0.000195,0.000009,0.000006,239,330,895,292,1134,622,0,0,0,0
613,20.420,20,6,train,0.000146,4,airplane,0.000009,7,truck,0.000008,0.000004,0.000005,0.000146,0.000008,0.000002,643,328,486,138,1129,466,0,0,0,0
614,20.454,1,2,car,0.002169,13,bench,0.000274,7,truck,0.000107,0.002169,0.000052,0.000106,0.000107,0.000018,9,592,1189,114,1198,706,0,0,1,0
614,20.454,2,2,car,0.001169,13,bench,0.000795,6,train,0.000262,0.001169,0.000085,0.000262,0.000152,0.000063,87,601,1180,104,1267,705,1,0,1,0
614,20.454,3,2,car,0.001091,13,bench,0.000150,6,train,0.000079,0.001091,0.000031,0.000079,0.000054,0.000014,17,590,1191,114,1208,704,0,0,1,0
614,20.454,4,2,car,0.001065,13,bench,0.000220,6,train,0.000160,0.001065,0.000052,0.000160,0.000078,0.000025,12,590,1203,114,1215,704,0,0,1,0
614,20.454,5,6,train,0.001062,4,airplane,0.000146,7,truck,0.000066,0.000064,0.000038,0.001062,0.000066,0.000026,652,319,624,171,1276,490,1,0,0,0
614,20.454,6,2,car,0.000805,13,bench,0.000402,6,train,0.000137,0.000805,0.000043,0.000137,0.000092,0.000038,144,602,1129,106,1273,708,1,0,1,0
614,20.454,7,6,train,0.000774,4,airplane,0.000132,2,car,0.000099,0.000099,0.000037,0.000774,0.000054,0.000031,236,331,1032,329,1268,660,1,0,0,0
614,20.454,8,2,car,0.000615,13,bench,0.000284,60,dining table,0.000157,0.000615,0.000056,0.000152,0.000079,0.000032,28,595,1219,107,1247,702,1,0,1,0
614,20.454,9,2,car,0.000600,13,bench,0.000185,60,dining table,0.000143,0.000600,0.000045,0.000143,0.000063,0.000025,34,592,1209,111,1243,703,1,0,1,0
614,20.454,10,2,car,0.000599,13,bench,0.000328,6,train,0.000137,0.000599,0.000053,0.000137,0.000086,0.000033,92,598,1132,105,1224,703,1,0,1,0
614,20.454,11,2,car,0.000541,13,bench,0.000130,7,truck,0.000046,0.000541,0.000020,0.000040,0.000046,0.000009,7,593,1080,113,1087,706,0,0,1,0
614,20.454,12,6,train,0.000409,4,airplane,0.000062,7,truck,0.000052,0.000045,0.000025,0.000409,0.000052,0.000024,636,262,639,243,1275,505,1,0,0,0
614,20.454,13,2,car,0.000374,13,bench,0.000177,6,train,0.000085,0.000374,0.000018,0.000085,0.000049,0.000018,158,601,1117,106,1275,707,1,0,1,0
614,20.454,14,6,train,0.000373,4,airplane,0.000097,2,car,0.000064,0.000064,0.000023,0.000373,0.000042,0.000020,639,325,636,281,1275,606,1,0,0,0
614,20.454,15,6,train,0.000358,2,car,0.000047,4,airplane,0.000042,0.000047,0.000020,0.000358,0.000024,0.000013,267,325,866,319,1133,644,0,0,0,0
614,20.454,16,6,train,0.000330,60,dining table,0.000122,4,airplane,0.000023,0.000014,0.000018,0.000330,0.000019,0.000019,529,167,715,323,1244,490,1,0,0,0
614,20.454,17,6,train,0.000167,4,airplane,0.000013,2,car,0.000011,0.000011,0.000006,0.000167,0.000009,0.000004,611,329,652,174,1263,503,1,0,0,0
614,20.454,18,60,dining table,0.000154,8,boat,0.000015,4,airplane,0.000014,0.000009,0.000005,0.000014,0.000012,0.000015,347,0,928,594,1275,594,1,0,0,0
614,20.454,19,6,train,0.000151,2,car,0.000026,4,airplane,0.000012,0.000026,0.000006,0.000151,0.000008,0.000006,192,330,977,300,1169,630,0,0,0,0
614,20.454,20,6,train,0.000137,60,dining table,0.000128,4,airplane,0.000041,0.000019,0.000014,0.000137,0.000022,0.000027,529,68,747,498,1276,566,1,0,0,0
615,20.487,1,2,car,0.002042,13,bench,0.000244,7,truck,0.000111,0.002042,0.000060,0.000108,0.000111,0.000019,10,591,1191,114,1201,705,0,0,1,0
615,20.487,2,6,train,0.001386,4,airplane,0.000154,7,truck,0.000120,0.000084,0.000062,0.001386,0.000120,0.000031,652,316,624,166,1276,482,1,0,0,0
615,20.487,3,2,car,0.001062,13,bench,0.000129,6,train,0.000069,0.001062,0.000035,0.000069,0.000055,0.000013,19,589,1195,115,1214,704,0,0,1,0
615,20.487,4,2,car,0.001050,13,bench,0.000192,6,train,0.000132,0.001050,0.000057,0.000132,0.000078,0.000022,12,589,1207,115,1219,704,1,0,1,0
615,20.487,5,2,car,0.001040,13,bench,0.000742,6,train,0.000245,0.001040,0.000098,0.000245,0.000146,0.000055,88,600,1180,105,1268,705,1,0,1,0
615,20.487,6,2,car,0.000781,13,bench,0.000409,6,train,0.000151,0.000781,0.000055,0.000151,0.000096,0.000035,142,602,1130,106,1272,708,1,0,1,0
615,20.487,7,6,train,0.000667,7,truck,0.000101,4,airplane,0.000080,0.000062,0.000042,0.000667,0.000101,0.000036,630,268,646,232,1276,500,1,0,0,0
615,20.487,8,6,train,0.000639,4,airplane,0.000119,2,car,0.000110,0.000110,0.000052,0.000639,0.000077,0.000030,271,328,983,324,1254,652,1,0,0,0
615,20.487,9,2,car,0.000638,13,bench,0.000181,60,dining table,0.000144,0.000638,0.000053,0.000123,0.000067,0.000022,36,591,1207,112,1243,703,1,0,1,0
615,20.487,10,2,car,0.000588,13,bench,0.000267,60,dining table,0.000148,0.000588,0.000061,0.000124,0.000076,0.000027,30,595,1219,107,1249,702,1,0,1,0
615,20.487,11,2,car,0.000579,13,bench,0.000139,7,truck,0.000055,0.000579,0.000027,0.000051,0.000055,0.000010,8,592,1065,114,1073,706,0,0,1,0
615,20.487,12,2,car,0.000560,13,bench,0.000321,6,train,0.000128,0.000560,0.000063,0.000128,0.000085,0.000029,94,598,1133,105,1227,703,1,0,1,0
615,20.487,13,6,train,0.000482,4,airplane,0.000094,2,car,0.000083,0.000083,0.000037,0.000482,0.000070,0.000022,639,321,636,256,1275,577,1,0,0,0
615,20.487,14,2,car,0.000387,13,bench,0.000186,6,train,0.000101,0.000387,0.000023,0.000101,0.000054,0.000017,155,601,1120,106,1275,707,1,0,1,0
615,20.487,15,6,train,0.000298,60,dining table,0.000088,7,truck,0.000024,0.000013,0.000018,0.000298,0.000024,0.000021,585,169,616,313,1201,482,0,0,0,0
615,20.487,16,6,train,0.000170,2,car,0.000036,4,airplane,0.000016,0.000036,0.000009,0.000170,0.000013,0.000007,201,326,945,301,1146,627,0,0,0,0
615,20.487,17,60,dining table,0.000166,8,boat,0.000015,6,train,0.000014,0.000009,0.000006,0.000014,0.000013,0.000015,333,0,942,596,1275,596,1,0,0,0
615,20.487,18,6,train,0.000155,2,car,0.000027,4,airplane,0.000021,0.000027,0.000013,0.000155,0.000017,0.000007,281,323,751,317,1032,640,0,0,0,0
615,20.487,19,6,train,0.000153,60,dining table,0.000141,4,airplane,0.000042,0.000021,0.000017,0.000153,0.000029,0.000033,502,59,774,507,1276,566,1,0,0,0
615,20.487,20,4,airplane,0.000138,7,truck,0.000046,9,traffic light,0.000026,0.000012,0.000002,0.000003,0.000046,0.000013,1206,446,59,55,1265,501,1,0,0,0
616,20.521,1,2,car,0.001790,13,bench,0.000222,7,truck,0.000113,0.001790,0.000064,0.000109,0.000113,0.000020,10,593,1188,113,1198,706,0,0,1,0
616,20.521,2,6,train,0.001766,4,airplane,0.000142,7,truck,0.000125,0.000074,0.000066,0.001766,0.000125,0.000029,654,314,623,166,1277,480,1,0,0,0
616,20.521,3,2,car,0.001225,13,bench,0.000209,6,train,0.000170,0.001225,0.000078,0.000170,0.000097,0.000026,12,590,1215,115,1227,705,1,0,1,0
616,20.521,4,2,car,0.001167,13,bench,0.000755,6,train,0.000309,0.001167,0.000125,0.000309,0.000170,0.000058,75,599,1194,107,1269,706,1,0,1,0
616,20.521,5,2,car,0.001096,13,bench,0.000130,6,train,0.000079,0.001096,0.000042,0.000079,0.000063,0.000015,20,590,1199,115,1219,705,1,0,1,0
616,20.521,6,6,train,0.000976,7,truck,0.000120,4,airplane,0.000085,0.000060,0.000048,0.000976,0.000120,0.000038,634,273,642,225,1276,498,1,0,0,0
616,20.521,7,2,car,0.000780,13,bench,0.000412,6,train,0.000179,0.000780,0.000065,0.000179,0.000101,0.000035,128,601,1145,107,1273,708,1,0,1,0
616,20.521,8,2,car,0.000771,13,bench,0.000202,60,dining table,0.000166,0.000771,0.000072,0.000159,0.000082,0.000025,36,592,1214,111,1250,703,1,0,1,0
616,20.521,9,2,car,0.000707,13,bench,0.000286,60,dining table,0.000158,0.000707,0.000078,0.000152,0.000091,0.000029,28,595,1227,107,1255,702,1,0,1,0
616,20.521,10,2,car,0.000701,13,bench,0.000366,6,train,0.000174,0.000701,0.000086,0.000174,0.000106,0.000032,75,597,1162,106,1237,703,1,0,1,0
616,20.521,11,6,train,0.000604,4,airplane,0.000115,2,car,0.000108,0.000108,0.000053,0.000604,0.000073,0.000031,254,326,1004,331,1258,657,1,0,0,0
616,20.521,12,2,car,0.000531,13,bench,0.000123,7,truck,0.000054,0.000531,0.000028,0.000050,0.000054,0.000011,8,592,1062,114,1070,706,0,0,1,0
616,20.521,13,6,train,0.000496,4,airplane,0.000084,2,car,0.000073,0.000073,0.000035,0.000496,0.000062,0.000020,645,319,632,261,1277,580,1,0,0,0
616,20.521,14,6,train,0.000371,60,dining table,0.000065,7,truck,0.000027,0.000011,0.000018,0.000371,0.000027,0.000020,609,183,559,296,1168,479,0,0,0,0
616,20.521,15,2,car,0.000359,13,bench,0.000186,6,train,0.000114,0.000359,0.000026,0.000114,0.000053,0.000016,136,600,1139,107,1275,707,1,0,1,0
616,20.521,16,6,train,0.000223,2,car,0.000047,4,airplane,0.000020,0.000047,0.000013,0.000223,0.000017,0.000009,195,325,981,307,1176,632,0,0,0,0
616,20.521,17,6,train,0.000220,60,dining table,0.000156,4,airplane,0.000047,0.000022,0.000019,0.000220,0.000035,0.000035,510,70,767,498,1277,568,1,0,0,0
616,20.521,18,60,dining table,0.000183,6,train,0.000016,8,boat,0.000016,0.000009,0.000006,0.000016,0.000014,0.000016,323,0,952,600,1275,600,1,0,0,0
616,20.521,19,6,train,0.000156,2,car,0.000023,4,airplane,0.000020,0.000023,0.000012,0.000156,0.000015,0.000007,265,322,850,323,1115,645,0,0,0,0
616,20.521,20,2,car,0.000116,6,train,0.000047,13,bench,0.000041,0.000116,0.000009,0.000047,0.000022,0.000007,400,596,875,110,1275,706,1,0,1,0
617,20.554,1,6,train,0.002633,7,truck,0.000193,4,airplane,0.000173,0.000076,0.000093,0.002633,0.000193,0.000033,654,314,621,161,1275,475,1,0,0,0
617,20.554,2,2,car,0.001610,13,bench,0.000667,6,train,0.000279,0.001610,0.000167,0.000279,0.000224,0.000057,72,599,1197,107,1269,706,1,0,1,0
617,20.554,3,6,train,0.001564,7,truck,0.000217,4,airplane,0.000107,0.000059,0.000068,0.001564,0.000217,0.000048,643,285,632,207,1275,492,1,0,0,0
617,20.554,4,2,car,0.001496,13,bench,0.000158,7,truck,0.000107,0.001496,0.000062,0.000099,0.000107,0.000018,11,592,1177,114,1188,706,0,0,1,0
617,20.554,5,2,car,0.001227,13,bench,0.000169,6,train,0.000145,0.001227,0.000080,0.000145,0.000098,0.000023,11,589,1212,115,1223,704,1,0,1,0
617,20.554,6,2,car,0.001086,13,bench,0.000341,6,train,0.000162,0.001086,0.000087,0.000162,0.000133,0.000034,122,601,1150,106,1272,707,1,0,1,0
617,20.554,7,2,car,0.001053,13,bench,0.000100,6,train,0.000073,0.001053,0.000045,0.000073,0.000066,0.000014,20,590,1192,114,1212,704,0,0,1,0
617,20.554,8,2,car,0.001000,13,bench,0.000382,6,train,0.000165,0.001000,0.000120,0.000165,0.000147,0.000033,71,597,1164,106,1235,703,1,0,1,0
617,20.554,9,2,car,0.000871,13,bench,0.000178,60,dining table,0.000124,0.000871,0.000075,0.000123,0.000089,0.000021,34,592,1214,111,1248,703,1,0,1,0
617,20.554,10,2,car,0.000848,13,bench,0.000266,60,dining table,0.000126,0.000848,0.000086,0.000125,0.000104,0.000026,27,595,1226,107,1253,702,1,0,1,0
617,20.554,11,6,train,0.000811,7,truck,0.000101,4,airplane,0.000097,0.000094,0.000058,0.000811,0.000101,0.000025,646,315,630,252,1276,567,1,0,0,0
617,20.554,12,6,train,0.000724,2,car,0.000148,4,airplane,0.000108,0.000148,0.000068,0.000724,0.000102,0.000028,384,322,828,320,1212,642,0,0,0,0
617,20.554,13,2,car,0.000478,13,bench,0.000146,6,train,0.000104,0.000478,0.000033,0.000104,0.000069,0.000017,143,600,1132,107,1275,707,1,0,1,0
617,20.554,14,6,train,0.000449,2,car,0.000090,7,truck,0.000039,0.000090,0.000028,0.000449,0.000039,0.000012,184,321,933,309,1117,630,0,0,0,0
617,20.554,15,2,car,0.000407,13,bench,0.000084,7,truck,0.000048,0.000407,0.000025,0.000043,0.000048,0.000010,8,592,1032,114,1040,706,0,0,1,0
617,20.554,16,6,train,0.000290,60,dining table,0.000110,7,truck,0.000052,0.000022,0.000022,0.000290,0.000052,0.000042,531,78,745,478,1276,556,1,0,0,0
617,20.554,17,4,airplane,0.000187,6,train,0.000123,2,car,0.000050,0.000050,0.000007,0.000123,0.000019,0.000023,672,310,603,217,1275,527,1,0,0,0
617,20.554,18,60,dining table,0.000181,6,train,0.000019,7,truck,0.000018,0.000011,0.000008,0.000019,0.000018,0.000018,312,0,962,597,1274,597,1,0,0,0
617,20.554,19,4,airplane,0.000148,6,train,0.000086,2,car,0.000055,0.000055,0.000008,0.000086,0.000018,0.000015,666,317,609,291,1275,608,1,0,0,0
617,20.554,20,4,airplane,0.000140,71,sink,0.000032,61,toilet,0.000026,0.000024,0.000003,0.000019,0.000010,0.000011,719,304,558,198,1277,502,1,0,0,0
618,20.587,1,2,car,0.003506,13,bench,0.000998,7,truck,0.000316,0.003506,0.000132,0.000141,0.000316,0.000060,69,599,1200,107,1269,706,1,0,1,0
618,20.587,2,2,car,0.003343,13,bench,0.000539,7,truck,0.000219,0.003343,0.000081,0.000084,0.000219,0.000041,116,600,1159,107,1275,707,1,0,1,0
618,20.587,3,6,train,0.002092,7,truck,0.000190,4,airplane,0.000150,0.000107,0.000096,0.002092,0.000190,0.000034,654,309,622,164,1276,473,1,0,0,0
618,20.587,4,2,car,0.001710,13,bench,0.000299,6,train,0.000170,0.001710,0.000081,0.000170,0.000112,0.000027,11,589,1216,116,1227,705,1,0,1,0
618,20.587,5,2,car,0.001699,13,bench,0.000247,6,train,0.000118,0.001699,0.000062,0.000118,0.000107,0.000017,11,590,1181,115,1192,705,0,0,1,0
618,20.587,6,2,car,0.001618,13,bench,0.000552,7,truck,0.000183,0.001618,0.000095,0.000110,0.000183,0.000034,58,598,1176,106,1234,704,1,0,1,0
618,20.587,7,2,car,0.001563,13,bench,0.000240,7,truck,0.000117,0.001563,0.000035,0.000060,0.000117,0.000022,144,598,1131,109,1275,707,1,0,1,0
618,20.587,8,6,train,0.001384,7,truck,0.000217,4,airplane,0.000109,0.000074,0.000067,0.001384,0.000217,0.000052,644,281,633,207,1277,488,1,0,0,0
618,20.587,9,2,car,0.001304,13,bench,0.000173,6,train,0.000088,0.001304,0.000045,0.000088,0.000068,0.000015,20,589,1197,115,1217,704,1,0,1,0
618,20.587,10,2,car,0.001264,13,bench,0.000414,7,truck,0.000131,0.001264,0.000080,0.000109,0.000131,0.000029,24,596,1229,106,1253,702,1,0,1,0
618,20.587,11,2,car,0.001189,13,bench,0.000300,6,train,0.000131,0.001189,0.000073,0.000131,0.000101,0.000025,30,592,1221,111,1251,703,1,0,1,0
618,20.587,12,6,train,0.000398,2,car,0.000138,7,truck,0.000094,0.000138,0.000054,0.000398,0.000094,0.000022,644,312,633,237,1277,549,1,0,0,0
618,20.587,13,2,car,0.000388,13,bench,0.000111,6,train,0.000048,0.000388,0.000025,0.000048,0.000045,0.000008,8,591,1034,115,1042,706,0,0,1,0
618,20.587,14,6,train,0.000370,2,car,0.000242,7,truck,0.000130,0.000242,0.000071,0.000370,0.000130,0.000025,322,319,896,324,1218,643,1,0,0,0
618,20.587,15,2,car,0.000351,13,bench,0.000050,60,dining table,0.000050,0.000351,0.000012,0.000035,0.000038,0.000009,409,593,865,113,1274,706,1,0,1,0
618,20.587,16,6,train,0.000323,60,dining table,0.000147,4,airplane,0.000059,0.000027,0.000025,0.000323,0.000058,0.000046,561,78,716,466,1277,544,1,0,0,0
618,20.587,17,6,train,0.000313,2,car,0.000116,7,truck,0.000043,0.000116,0.000025,0.000313,0.000043,0.000012,188,319,929,312,1117,631,0,0,0,0
618,20.587,18,60,dining table,0.000260,0,person,0.000025,6,train,0.000024,0.000014,0.000010,0.000024,0.000024,0.000022,332,0,944,598,1276,598,1,0,0,0
618,20.587,19,2,car,0.000183,6,train,0.000048,4,airplane,0.000045,0.000183,0.000020,0.000048,0.000043,0.000016,341,314,936,371,1277,685,1,0,1,0
618,20.587,20,2,car,0.000147,7,truck,0.000019,13,bench,0.000015,0.000147,0.000006,0.000004,0.000019,0.000006,171,375,1106,331,1277,706,1,0,1,0
619,20.621,1,2,car,0.002314,13,bench,0.000251,7,truck,0.000148,0.002314,0.000055,0.000078,0.000148,0.000039,154,599,1120,109,1274,708,1,0,1,0
619,20.621,2,2,car,0.002071,13,bench,0.000397,7,truck,0.000197,0.002071,0.000086,0.000130,0.000197,0.000054,95,599,1171,106,1266,705,1,0,1,0
619,20.621,3,2,car,0.001615,13,bench,0.000239,6,train,0.000142,0.001615,0.000060,0.000142,0.000097,0.000016,10,590,1163,114,1173,704,0,0,1,0
619,20.621,4,2,car,0.001209,13,bench,0.000134,7,truck,0.000092,0.001209,0.000029,0.000067,0.000092,0.000022,214,597,1061,110,1275,707,1,0,1,0
619,20.621,5,6,train,0.001127,4,airplane,0.000185,7,truck,0.000140,0.000132,0.000064,0.001127,0.000140,0.000035,657,311,620,167,1277,478,1,0,0,0
619,20.621,6,2,car,0.001076,13,bench,0.000145,6,train,0.000105,0.001076,0.000039,0.000105,0.000057,0.000015,18,588,1179,115,1197,703,0,0,1,0
619,20.621,7,2,car,0.000990,13,bench,0.000172,6,train,0.000157,0.000990,0.000052,0.000157,0.000070,0.000022,11,588,1195,116,1206,704,0,0,1,0
619,20.621,8,2,car,0.000920,13,bench,0.000232,60,dining table,0.000113,0.000920,0.000058,0.000092,0.000109,0.000032,84,597,1139,106,1223,703,1,0,1,0
619,20.621,9,6,train,0.000682,7,truck,0.000122,4,airplane,0.000096,0.000077,0.000044,0.000682,0.000122,0.000037,644,282,632,210,1276,492,1,0,0,0
619,20.621,10,2,car,0.000600,13,bench,0.000163,60,dining table,0.000097,0.000600,0.000043,0.000085,0.000069,0.000024,28,595,1214,107,1242,702,1,0,1,0
619,20.621,11,2,car,0.000553,13,bench,0.000133,6,train,0.000107,0.000553,0.000040,0.000107,0.000055,0.000020,30,591,1207,112,1237,703,1,0,1,0
619,20.621,12,2,car,0.000423,13,bench,0.000123,6,train,0.000060,0.000423,0.000026,0.000060,0.000046,0.000008,8,590,1014,115,1022,705,0,0,1,0
619,20.621,13,60,dining table,0.000305,0,person,0.000031,6,train,0.000027,0.000016,0.000012,0.000027,0.000025,0.000024,355,0,920,614,1275,614,1,0,0,0
619,20.621,14,6,train,0.000303,60,dining table,0.000043,7,truck,0.000025,0.000010,0.000017,0.000303,0.000025,0.000015,625,187,500,294,1125,481,0,0,0,0
619,20.621,15,6,train,0.000283,2,car,0.000182,4,airplane,0.000100,0.000182,0.000047,0.000283,0.000071,0.000024,297,316,960,336,1257,652,1,0,0,0
619,20.621,16,2,car,0.000253,60,dining table,0.000035,6,train,0.000032,0.000253,0.000010,0.000032,0.000029,0.000008,471,590,804,116,1275,706,1,0,1,0
619,20.621,17,6,train,0.000234,60,dining table,0.000152,4,airplane,0.000053,0.000026,0.000023,0.000234,0.000041,0.000035,560,91,716,472,1276,563,1,0,0,0
619,20.621,18,6,train,0.000224,2,car,0.000172,4,airplane,0.000113,0.000172,0.000033,0.000224,0.000078,0.000023,654,314,623,283,1277,597,1,0,0,0
619,20.621,19,6,train,0.000203,60,dining table,0.000044,2,car,0.000033,0.000033,0.000011,0.000203,0.000013,0.000010,28,274,1051,407,1079,681,0,0,0,0
619,20.621,20,6,train,0.000197,2,car,0.000055,0,person,0.000021,0.000055,0.000012,0.000197,0.000018,0.000009,192,317,864,310,1056,627,0,0,0,0
620,20.654,1,2,car,0.003114,13,bench,0.000704,7,truck,0.000247,0.003114,0.000090,0.000144,0.000247,0.000061,99,601,1167,104,1266,705,1,0,1,0
620,20.654,2,2,car,0.002947,13,bench,0.000236,6,train,0.000137,0.002947,0.000062,0.000137,0.000125,0.000019,8,591,1190,114,1198,705,0,0,1,0
620,20.654,3,2,car,0.002613,13,bench,0.000407,7,truck,0.000157,0.002613,0.000052,0.000070,0.000157,0.000039,163,603,1106,104,1269,707,1,0,1,0
620,20.654,4,2,car,0.002142,13,bench,0.000265,6,train,0.000242,0.002142,0.000075,0.000242,0.000118,0.000031,9,588,1204,116,1213,704,0,0,1,0
620,20.654,5,2,car,0.002097,13,bench,0.000176,6,train,0.000120,0.002097,0.000047,0.000120,0.000083,0.000018,13,589,1199,115,1212,704,0,0,1,0
620,20.654,6,2,car,0.001480,13,bench,0.000365,60,dining table,0.000153,0.001480,0.000065,0.000119,0.000149,0.000036,84,599,1138,103,1222,702,1,0,1,0
620,20.654,7,2,car,0.001132,13,bench,0.000219,6,train,0.000170,0.001132,0.000056,0.000170,0.000090,0.000028,26,591,1214,112,1240,703,1,0,1,0
620,20.654,8,2,car,0.001108,13,bench,0.000266,60,dining table,0.000155,0.001108,0.000055,0.000133,0.000105,0.000030,26,596,1215,106,1241,702,1,0,1,0
620,20.654,9,2,car,0.001078,13,bench,0.000179,7,truck,0.000084,0.001078,0.000024,0.000050,0.000084,0.000020,202,601,1073,105,1275,706,1,0,1,0
620,20.654,10,2,car,0.000923,13,bench,0.000144,7,truck,0.000067,0.000923,0.000030,0.000066,0.000067,0.000012,6,591,1077,115,1083,706,0,0,1,0
620,20.654,11,6,train,0.000635,2,car,0.000150,4,airplane,0.000126,0.000150,0.000053,0.000635,0.000102,0.000027,657,313,619,167,1276,480,1,0,0,0
620,20.654,12,6,train,0.000381,7,truck,0.000071,60,dining table,0.000066,0.000066,0.000033,0.000381,0.000071,0.000022,631,282,644,216,1275,498,1,0,0,0
620,20.654,13,6,train,0.000260,60,dining table,0.000074,7,truck,0.000019,0.000011,0.000017,0.000260,0.000019,0.000012,578,173,624,318,1202,491,0,0,0,0
620,20.654,14,6,train,0.000222,2,car,0.000110,0,person,0.000064,0.000110,0.000029,0.000222,0.000036,0.000011,275,319,819,318,1094,637,0,0,0,0
620,20.654,15,6,train,0.000195,2,car,0.000175,0,person,0.000133,0.000175,0.000038,0.000195,0.000056,0.000021,263,317,997,339,1260,656,1,0,0,0
620,20.654,16,6,train,0.000191,60,dining table,0.000048,2,car,0.000035,0.000035,0.000008,0.000191,0.000012,0.000009,20,270,1087,413,1107,683,0,0,0,0
620,20.654,17,2,car,0.000187,6,train,0.000149,4,airplane,0.000092,0.000187,0.000028,0.000149,0.000063,0.000019,651,315,626,268,1277,583,1,0,1,0
620,20.654,18,2,car,0.000187,13,bench,0.000034,60,dining table,0.000033,0.000187,0.000008,0.000026,0.000025,0.000007,456,593,819,112,1275,705,1,0,1,0
620,20.654,19,60,dining table,0.000180,0,person,0.000021,6,train,0.000018,0.000010,0.000007,0.000018,0.000015,0.000014,335,0,938,614,1273,614,1,0,0,0
620,20.654,20,2,car,0.000180,4,airplane,0.000062,6,train,0.000036,0.000180,0.000014,0.000036,0.000033,0.000014,469,314,807,355,1276,669,1,0,1,0
621,20.687,1,2,car,0.002520,13,bench,0.000256,6,train,0.000199,0.002520,0.000076,0.000199,0.000127,0.000019,8,589,1202,116,1210,705,0,0,1,0
621,20.687,2,6,train,0.001789,4,airplane,0.000177,7,truck,0.000172,0.000130,0.000078,0.001789,0.000172,0.000031,657,313,619,164,1276,477,1,0,0,0
621,20.687,3,2,car,0.001593,6,train,0.000174,13,bench,0.000172,0.001593,0.000055,0.000174,0.000079,0.000018,13,588,1216,116,1229,704,1,0,1,0
621,20.687,4,2,car,0.001411,13,bench,0.000647,6,train,0.000258,0.001411,0.000091,0.000258,0.000182,0.000060,81,600,1186,106,1267,706,1,0,1,0
621,20.687,5,2,car,0.001291,6,train,0.000287,13,bench,0.000216,0.001291,0.000072,0.000287,0.000089,0.000027,10,588,1210,116,1220,704,1,0,1,0
621,20.687,6,2,car,0.001097,13,bench,0.000429,6,train,0.000133,0.001097,0.000049,0.000133,0.000116,0.000037,138,603,1134,105,1272,708,1,0,1,0
621,20.687,7,6,train,0.000960,7,truck,0.000125,4,airplane,0.000080,0.000075,0.000052,0.000960,0.000125,0.000031,644,291,632,197,1276,488,1,0,0,0
621,20.687,8,2,car,0.000788,6,train,0.000235,13,bench,0.000195,0.000788,0.000063,0.000235,0.000077,0.000030,24,590,1218,113,1242,703,1,0,1,0
621,20.687,9,6,train,0.000775,60,dining table,0.000091,2,car,0.000048,0.000048,0.000021,0.000775,0.000024,0.000013,27,311,992,288,1019,599,0,0,0,0
621,20.687,10,2,car,0.000698,13,bench,0.000132,6,train,0.000073,0.000698,0.000030,0.000073,0.000058,0.000010,6,589,1092,117,1098,706,0,0,1,0
621,20.687,11,2,car,0.000694,13,bench,0.000287,6,train,0.000162,0.000694,0.000063,0.000162,0.000104,0.000033,62,598,1157,105,1219,703,1,0,1,0
621,20.687,12,2,car,0.000593,13,bench,0.000210,6,train,0.000168,0.000593,0.000055,0.000168,0.000076,0.000029,21,595,1223,107,1244,702,1,0,1,0
621,20.687,13,2,car,0.000583,13,bench,0.000234,6,train,0.000094,0.000583,0.000024,0.000094,0.000070,0.000020,168,602,1107,105,1275,707,1,0,1,0
621,20.687,14,6,train,0.000552,2,car,0.000120,4,airplane,0.000110,0.000120,0.000039,0.000552,0.000093,0.000021,649,313,627,251,1276,564,1,0,0,0
621,20.687,15,6,train,0.000352,2,car,0.000077,0,person,0.000066,0.000077,0.000030,0.000352,0.000045,0.000015,336,315,917,329,1253,644,1,0,0,0
621,20.687,16,6,train,0.000278,60,dining table,0.000035,7,truck,0.000023,0.000010,0.000016,0.000278,0.000023,0.000011,620,197,507,284,1127,481,0,0,0,0
621,20.687,17,6,train,0.000252,60,dining table,0.000052,2,car,0.000027,0.000027,0.000010,0.000252,0.000011,0.000009,33,287,1074,393,1107,680,0,0,0,0
621,20.687,18,6,train,0.000226,60,dining table,0.000098,4,airplane,0.000035,0.000023,0.000021,0.000226,0.000034,0.000025,545,114,731,441,1276,555,1,0,0,0
621,20.687,19,6,train,0.000216,2,car,0.000069,60,dining table,0.000047,0.000069,0.000013,0.000216,0.000014,0.000010,23,322,1041,353,1064,675,0,0,0,0
621,20.687,20,6,train,0.000202,60,dining table,0.000083,69,oven,0.000026,0.000023,0.000012,0.000202,0.000018,0.000013,30,215,1018,476,1048,691,0,0,0,0
622,20.721,1,6,train,0.002554,4,airplane,0.000167,7,truck,0.000153,0.000144,0.000106,0.002554,0.000153,0.000027,655,312,621,163,1276,475,1,0,0,0
622,20.721,2,2,car,0.002430,13,bench,0.000482,6,train,0.000200,0.002430,0.000075,0.000200,0.000133,0.000021,7,591,1208,114,1215,705,0,0,1,0
622,20.721,3,2,car,0.001617,13,bench,0.000336,6,train,0.000171,0.001617,0.000055,0.000171,0.000090,0.000019,11,589,1220,115,1231,704,1,0,1,0
622,20.721,4,6,train,0.001481,7,truck,0.000151,2,car,0.000096,0.000096,0.000080,0.001481,0.000151,0.000033,646,300,631,187,1277,487,1,0,0,0
622,20.721,5,2,car,0.001397,13,bench,0.000438,6,train,0.000321,0.001397,0.000083,0.000321,0.000112,0.000029,11,589,1215,115,1226,704,1,0,1,0
622,20.721,6,2,car,0.001345,13,bench,0.001103,6,train,0.000314,0.001345,0.000108,0.000314,0.000211,0.000066,71,600,1197,107,1268,707,1,0,1,0
622,20.721,7,2,car,0.000993,13,bench,0.000654,6,train,0.000162,0.000993,0.000057,0.000162,0.000132,0.000040,114,603,1158,106,1272,709,1,0,1,0
622,20.721,8,2,car,0.000930,13,bench,0.000390,6,train,0.000242,0.000930,0.000070,0.000242,0.000097,0.000032,25,590,1223,113,1248,703,1,0,1,0
622,20.721,9,6,train,0.000928,2,car,0.000140,4,airplane,0.000114,0.000140,0.000062,0.000928,0.000096,0.000025,642,312,633,268,1275,580,1,0,0,0
622,20.721,10,2,car,0.000828,13,bench,0.000559,6,train,0.000213,0.000828,0.000083,0.000213,0.000136,0.000040,53,598,1170,106,1223,704,1,0,1,0
622,20.721,11,6,train,0.000779,60,dining table,0.000103,2,car,0.000048,0.000048,0.000023,0.000779,0.000026,0.000014,23,307,1075,318,1098,625,0,0,0,0
622,20.721,12,2,car,0.000777,13,bench,0.000442,6,train,0.000212,0.000777,0.000074,0.000212,0.000104,0.000034,21,595,1230,108,1251,703,1,0,1,0
622,20.721,13,6,train,0.000704,2,car,0.000104,4,airplane,0.000079,0.000104,0.000037,0.000704,0.000045,0.000015,430,314,804,324,1234,638,1,0,0,0
622,20.721,14,2,car,0.000607,13,bench,0.000206,6,train,0.000060,0.000607,0.000025,0.000060,0.000051,0.000011,5,590,1104,116,1109,706,0,0,1,0
622,20.721,15,2,car,0.000513,13,bench,0.000295,6,train,0.000108,0.000513,0.000028,0.000108,0.000075,0.000021,134,602,1141,105,1275,707,1,0,1,0
622,20.721,16,6,train,0.000451,60,dining table,0.000051,2,car,0.000030,0.000030,0.000020,0.000451,0.000026,0.000012,43,291,1062,334,1105,625,0,0,0,0
622,20.721,17,6,train,0.000392,60,dining table,0.000128,7,truck,0.000048,0.000031,0.000028,0.000392,0.000048,0.000036,502,98,775,477,1277,575,1,0,0,0
622,20.721,18,6,train,0.000267,4,airplane,0.000206,2,car,0.000079,0.000079,0.000014,0.000267,0.000037,0.000045,629,293,645,212,1274,505,1,0,0,0
622,20.721,19,60,dining table,0.000253,0,person,0.000034,6,train,0.000030,0.000016,0.000012,0.000030,0.000026,0.000024,285,0,990,619,1275,619,1,0,0,0
622,20.721,20,6,train,0.000216,2,car,0.000071,60,dining table,0.000062,0.000071,0.000015,0.000216,0.000016,0.000010,22,311,1094,374,1116,685,0,0,0,0
623,20.754,1,6,train,0.002373,7,truck,0.000144,2,car,0.000133,0.000133,0.000098,0.002373,0.000144,0.000032,657,311,619,164,1276,475,1,0,0,0
623,20.754,2,2,car,0.001945,13,bench,0.000259,6,train,0.000139,0.001945,0.000052,0.000139,0.000107,0.000019,9,592,1177,113,1186,705,0,0,1,0
623,20.754,3,2,car,0.001315,13,bench,0.000178,6,train,0.000122,0.001315,0.000037,0.000122,0.000071,0.000019,15,590,1201,114,1216,704,1,0,1,0
623,20.754,4,2,car,0.001247,13,bench,0.000629,6,train,0.000230,0.001247,0.000082,0.000230,0.000186,0.000065,83,601,1184,106,1267,707,1,0,1,0
623,20.754,5,6,train,0.001122,7,truck,0.000118,2,car,0.000077,0.000077,0.000061,0.001122,0.000118,0.000030,650,300,627,186,1277,486,1,0,0,0
623,20.754,6,2,car,0.001075,13,bench,0.000216,6,train,0.000211,0.001075,0.000051,0.000211,0.000082,0.000027,12,590,1197,114,1209,704,0,0,1,0
623,20.754,7,6,train,0.001071,60,dining table,0.000114,2,car,0.000049,0.000049,0.000027,0.001071,0.000026,0.000015,20,304,1055,337,1075,641,0,0,0,0
623,20.754,8,2,car,0.000975,13,bench,0.000425,6,train,0.000128,0.000975,0.000043,0.000128,0.000115,0.000041,140,604,1132,104,1272,708,1,0,1,0
623,20.754,9,6,train,0.000899,2,car,0.000146,4,airplane,0.000094,0.000146,0.000054,0.000899,0.000092,0.000030,652,311,624,275,1276,586,1,0,0,0
623,20.754,10,2,car,0.000662,13,bench,0.000181,60,dining table,0.000161,0.000662,0.000041,0.000156,0.000065,0.000029,25,592,1215,111,1240,703,1,0,1,0
623,20.754,11,2,car,0.000646,13,bench,0.000274,6,train,0.000153,0.000646,0.000057,0.000153,0.000105,0.000038,53,598,1163,106,1216,704,1,0,1,0
623,20.754,12,6,train,0.000569,2,car,0.000105,4,airplane,0.000060,0.000105,0.000032,0.000569,0.000043,0.000020,382,311,875,329,1257,640,1,0,0,0
623,20.754,13,2,car,0.000538,13,bench,0.000193,60,dining table,0.000138,0.000538,0.000044,0.000130,0.000070,0.000030,22,595,1219,107,1241,702,1,0,1,0
623,20.754,14,2,car,0.000529,13,bench,0.000230,6,train,0.000083,0.000529,0.000021,0.000083,0.000065,0.000021,185,603,1090,104,1275,707,1,0,1,0
623,20.754,15,6,train,0.000405,60,dining table,0.000042,2,car,0.000025,0.000025,0.000017,0.000405,0.000020,0.000011,40,285,1057,367,1097,652,0,0,0,0
623,20.754,16,2,car,0.000386,13,bench,0.000099,60,dining table,0.000037,0.000386,0.000015,0.000036,0.000034,0.000008,7,592,1054,114,1061,706,0,0,1,0
623,20.754,17,6,train,0.000289,60,dining table,0.000080,7,truck,0.000035,0.000023,0.000021,0.000289,0.000035,0.000027,558,123,718,434,1276,557,1,0,0,0
623,20.754,18,6,train,0.000228,4,airplane,0.000136,2,car,0.000071,0.000071,0.000013,0.000228,0.000033,0.000044,650,295,625,204,1275,499,1,0,0,0
623,20.754,19,6,train,0.000215,2,car,0.000064,60,dining table,0.000055,0.000064,0.000014,0.000215,0.000014,0.000011,25,306,1064,379,1089,685,0,0,0,0
623,20.754,20,6,train,0.000174,60,dining table,0.000030,2,car,0.000016,0.000016,0.000006,0.000174,0.000007,0.000007,26,269,1091,420,1117,689,0,0,0,0
624,20.787,1,2,car,0.001964,13,bench,0.000251,6,train,0.000150,0.001964,0.000053,0.000150,0.000108,0.000017,8,592,1181,114,1189,706,0,0,1,0
624,20.787,2,6,train,0.001746,4,airplane,0.000172,7,truck,0.000129,0.000121,0.000088,0.001746,0.000129,0.000035,658,309,620,163,1278,472,1,0,0,0
624,20.787,3,6,train,0.001491,60,dining table,0.000112,2,car,0.000043,0.000043,0.000028,0.001491,0.000028,0.000015,16,301,1060,348,1076,649,0,0,0,0
624,20.787,4,2,car,0.001162,13,bench,0.000162,6,train,0.000148,0.001162,0.000040,0.000148,0.000069,0.000015,14,590,1199,115,1213,705,0,0,1,0
624,20.787,5,6,train,0.001089,7,truck,0.000109,4,airplane,0.000102,0.000093,0.000061,0.001089,0.000109,0.000038,642,297,636,184,1278,481,1,0,0,0
624,20.787,6,2,car,0.000928,6,train,0.000267,13,bench,0.000205,0.000928,0.000057,0.000267,0.000080,0.000022,11,591,1199,113,1210,704,0,0,1,0
624,20.787,7,2,car,0.000750,13,bench,0.000562,6,train,0.000326,0.000750,0.000085,0.000326,0.000153,0.000065,85,600,1182,106,1267,706,1,0,1,0
624,20.787,8,6,train,0.000615,4,airplane,0.000112,2,car,0.000094,0.000094,0.000037,0.000615,0.000061,0.000029,649,309,628,273,1277,582,1,0,0,0
624,20.787,9,2,car,0.000592,13,bench,0.000347,6,train,0.000172,0.000592,0.000046,0.000172,0.000098,0.000043,136,603,1136,105,1272,708,1,0,1,0
624,20.787,10,6,train,0.000537,60,dining table,0.000051,2,car,0.000025,0.000025,0.000018,0.000537,0.000023,0.000011,33,274,1090,389,1123,663,0,0,0,0
624,20.787,11,6,train,0.000532,4,airplane,0.000081,2,car,0.000080,0.000080,0.000032,0.000532,0.000036,0.000023,319,308,952,346,1271,654,1,0,0,0
624,20.787,12,2,car,0.000503,6,train,0.000211,13,bench,0.000164,0.000503,0.000043,0.000211,0.000057,0.000024,21,592,1219,111,1240,703,1,0,1,0
624,20.787,13,2,car,0.000430,13,bench,0.000273,6,train,0.000247,0.000430,0.000062,0.000247,0.000092,0.000039,56,598,1169,105,1225,703,1,0,1,0
624,20.787,14,2,car,0.000411,13,bench,0.000104,6,train,0.000037,0.000411,0.000014,0.000037,0.000034,0.000008,6,591,1067,115,1073,706,0,0,1,0
624,20.787,15,2,car,0.000399,13,bench,0.000196,6,train,0.000192,0.000399,0.000048,0.000192,0.000063,0.000028,21,595,1220,107,1241,702,1,0,1,0
624,20.787,16,2,car,0.000397,13,bench,0.000183,6,train,0.000103,0.000397,0.000024,0.000103,0.000065,0.000023,174,603,1101,104,1275,707,1,0,1,0
624,20.787,17,6,train,0.000332,2,car,0.000058,60,dining table,0.000053,0.000058,0.000015,0.000332,0.000015,0.000010,24,301,1044,384,1068,685,0,0,0,0
624,20.787,18,60,dining table,0.000289,0,person,0.000031,6,train,0.000027,0.000014,0.000011,0.000027,0.000022,0.000024,298,0,978,622,1276,622,1,0,0,0
624,20.787,19,4,airplane,0.000278,71,sink,0.000043,2,car,0.000042,0.000042,0.000004,0.000027,0.000013,0.000023,693,270,585,169,1278,439,1,0,0,0
624,20.787,20,6,train,0.000275,60,dining table,0.000031,7,truck,0.000022,0.000012,0.000018,0.000275,0.000022,0.000014,620,201,501,282,1121,483,0,0,0,0
625,20.821,1,2,car,0.002433,13,bench,0.000306,6,train,0.000285,0.002433,0.000081,0.000285,0.000132,0.000018,10,590,1174,116,1184,706,0,0,1,0
625,20.821,2,6,train,0.001791,5,bus,0.000103,7,truck,0.000099,0.000082,0.000103,0.001791,0.000099,0.000018,660,310,616,162,1276,472,1,0,0,0
625,20.821,3,2,car,0.001479,6,train,0.000265,13,bench,0.000206,0.001479,0.000060,0.000265,0.000079,0.000014,13,589,1204,116,1217,705,1,0,1,0
625,20.821,4,6,train,0.001424,60,dining table,0.000127,2,car,0.000042,0.000042,0.000027,0.001424,0.000025,0.000016,17,301,1035,345,1052,646,0,0,0,0
625,20.821,5,6,train,0.001152,7,truck,0.000094,5,bus,0.000067,0.000061,0.000067,0.001152,0.000094,0.000019,656,302,620,175,1276,477,1,0,0,0
625,20.821,6,13,bench,0.001128,2,car,0.001101,6,train,0.000336,0.001101,0.000111,0.000336,0.000171,0.000067,83,599,1184,106,1267,705,1,0,0,0
625,20.821,7,2,car,0.000982,6,train,0.000366,13,bench,0.000265,0.000982,0.000065,0.000366,0.000073,0.000018,9,589,1209,115,1218,704,1,0,1,0
625,20.821,8,2,car,0.000935,13,bench,0.000704,6,train,0.000172,0.000935,0.000061,0.000172,0.000108,0.000043,137,602,1135,105,1272,707,1,0,1,0
625,20.821,9,6,train,0.000776,2,car,0.000081,4,airplane,0.000066,0.000081,0.000054,0.000776,0.000052,0.000018,657,309,619,234,1276,543,1,0,0,0
625,20.821,10,6,train,0.000663,2,car,0.000090,0,person,0.000084,0.000090,0.000051,0.000663,0.000038,0.000021,501,309,766,327,1267,636,1,0,0,0
625,20.821,11,2,car,0.000659,6,train,0.000302,13,bench,0.000273,0.000659,0.000055,0.000302,0.000060,0.000023,14,590,1227,113,1241,703,1,0,1,0
625,20.821,12,2,car,0.000635,13,bench,0.000410,6,train,0.000294,0.000635,0.000073,0.000294,0.000081,0.000033,19,593,1221,109,1240,702,1,0,1,0
625,20.821,13,2,car,0.000626,13,bench,0.000542,6,train,0.000298,0.000626,0.000083,0.000298,0.000108,0.000041,47,596,1184,106,1231,702,1,0,1,0
625,20.821,14,2,car,0.000596,13,bench,0.000341,6,train,0.000099,0.000596,0.000029,0.000099,0.000068,0.000023,177,602,1098,104,1275,706,1,0,1,0
625,20.821,15,6,train,0.000499,60,dining table,0.000054,2,car,0.000023,0.000023,0.000017,0.000499,0.000020,0.000011,39,278,1050,380,1089,658,0,0,0,0
625,20.821,16,6,train,0.000445,4,airplane,0.000166,2,car,0.000074,0.000074,0.000024,0.000445,0.000041,0.000040,659,295,616,192,1275,487,1,0,0,0
625,20.821,17,2,car,0.000442,13,bench,0.000105,6,train,0.000049,0.000442,0.000017,0.000049,0.000037,0.000007,8,589,1063,117,1071,706,0,0,1,0
625,20.821,18,6,train,0.000393,60,dining table,0.000074,7,truck,0.000039,0.000023,0.000029,0.000393,0.000039,0.000026,606,149,671,364,1277,513,1,0,0,0
625,20.821,19,6,train,0.000330,2,car,0.000046,60,dining table,0.000044,0.000046,0.000014,0.000330,0.000012,0.000009,22,303,1036,379,1058,682,0,0,0,0
625,20.821,20,6,train,0.000313,60,dining table,0.000028,2,car,0.000015,0.000015,0.000007,0.000313,0.000007,0.000008,25,272,1065,409,1090,681,0,0,0,0
626,20.854,1,2,car,0.001355,13,bench,0.000641,6,train,0.000202,0.001355,0.000097,0.000202,0.000197,0.000065,100,599,1167,107,1267,706,1,0,1,0
626,20.854,2,2,car,0.001261,13,bench,0.000429,7,truck,0.000136,0.001261,0.000059,0.000111,0.000136,0.000048,146,602,1127,106,1273,708,1,0,1,0
626,20.854,3,2,car,0.001031,13,bench,0.000239,6,train,0.000187,0.001031,0.000054,0.000187,0.000092,0.000015,14,593,1125,113,1139,706,0,0,1,0
626,20.854,4,2,car,0.000777,13,bench,0.000224,7,truck,0.000083,0.000777,0.000028,0.000066,0.000083,0.000027,199,602,1076,105,1275,707,1,0,1,0
626,20.854,5,6,train,0.000655,60,dining table,0.000047,2,car,0.000025,0.000025,0.000019,0.000655,0.000024,0.000012,41,285,958,348,999,633,0,0,0,0
626,20.854,6,6,train,0.000629,2,car,0.000139,4,airplane,0.000085,0.000139,0.000079,0.000629,0.000055,0.000023,607,308,639,310,1246,618,1,0,0,0
626,20.854,7,2,car,0.000605,6,train,0.000185,13,bench,0.000146,0.000605,0.000039,0.000185,0.000053,0.000012,19,592,1159,113,1178,705,0,0,1,0
626,20.854,8,2,car,0.000582,13,bench,0.000293,6,train,0.000180,0.000582,0.000062,0.000180,0.000101,0.000034,62,597,1160,106,1222,703,1,0,1,0
626,20.854,9,2,car,0.000466,6,train,0.000258,13,bench,0.000150,0.000466,0.000043,0.000258,0.000052,0.000015,12,592,1180,113,1192,705,0,0,1,0
626,20.854,10,2,car,0.000446,13,bench,0.000206,6,train,0.000184,0.000446,0.000049,0.000184,0.000067,0.000025,24,594,1204,108,1228,702,1,0,1,0
626,20.854,11,6,train,0.000399,60,dining table,0.000029,2,car,0.000014,0.000014,0.000007,0.000399,0.000008,0.000007,29,280,1001,398,1030,678,0,0,0,0
626,20.854,12,2,car,0.000343,6,train,0.000195,13,bench,0.000139,0.000343,0.000034,0.000195,0.000042,0.000017,19,592,1212,111,1231,703,1,0,1,0
626,20.854,13,6,train,0.000339,4,airplane,0.000150,2,car,0.000076,0.000076,0.000025,0.000339,0.000047,0.000044,672,291,603,204,1275,495,1,0,0,0
626,20.854,14,2,car,0.000249,13,bench,0.000051,60,dining table,0.000044,0.000249,0.000011,0.000039,0.000034,0.000010,431,598,844,108,1275,706,1,0,1,0
626,20.854,15,6,train,0.000243,7,truck,0.000031,60,dining table,0.000030,0.000015,0.000019,0.000243,0.000031,0.000020,641,153,634,343,1275,496,1,0,0,0
626,20.854,16,6,train,0.000239,4,airplane,0.000133,2,car,0.000058,0.000058,0.000016,0.000239,0.000025,0.000022,675,302,601,200,1276,502,1,0,0,0
626,20.854,17,2,car,0.000208,13,bench,0.000087,6,train,0.000042,0.000208,0.000013,0.000042,0.000028,0.000006,9,593,999,113,1008,706,0,0,1,0
626,20.854,18,60,dining table,0.000191,6,train,0.000032,7,truck,0.000024,0.000013,0.000012,0.000032,0.000024,0.000022,377,2,898,582,1275,584,1,0,0,0
626,20.854,19,4,airplane,0.000177,2,car,0.000024,71,sink,0.000019,0.000024,0.000003,0.000013,0.000009,0.000011,912,255,367,156,1279,411,1,0,0,0
626,20.854,20,4,airplane,0.000170,71,sink,0.000025,2,car,0.000024,0.000024,0.000002,0.000012,0.000007,0.000010,872,259,407,166,1279,425,1,0,0,0
627,20.888,1,2,car,0.000881,13,bench,0.000237,6,train,0.000190,0.000881,0.000045,0.000190,0.000075,0.000012,12,593,1138,113,1150,706,0,0,1,0
627,20.888,2,2,car,0.000704,13,bench,0.000424,60,dining table,0.000142,0.000704,0.000047,0.000132,0.000085,0.000036,158,603,1114,104,1272,707,1,0,1,0
627,20.888,3,6,train,0.000621,0,person,0.000078,4,airplane,0.000069,0.000067,0.000053,0.000621,0.000026,0.000014,579,307,594,300,1173,607,0,0,0,0
627,20.888,4,2,car,0.000565,13,bench,0.000484,6,train,0.000165,0.000565,0.000057,0.000165,0.000094,0.000040,107,600,1157,105,1264,705,1,0,1,0
627,20.888,5,2,car,0.000516,6,train,0.000207,13,bench,0.000155,0.000516,0.000036,0.000207,0.000044,0.000011,18,592,1159,113,1177,705,0,0,1,0
627,20.888,6,2,car,0.000495,13,bench,0.000221,60,dining table,0.000096,0.000495,0.000025,0.000082,0.000058,0.000021,226,603,1048,104,1274,707,1,0,1,0
627,20.888,7,6,train,0.000411,4,airplane,0.000090,2,car,0.000055,0.000055,0.000023,0.000411,0.000035,0.000026,671,288,604,205,1275,493,1,0,0,0
627,20.888,8,6,train,0.000363,60,dining table,0.000028,2,car,0.000012,0.000012,0.000006,0.000363,0.000007,0.000006,26,276,1019,404,1045,680,0,0,0,0
627,20.888,9,2,car,0.000349,6,train,0.000297,13,bench,0.000166,0.000349,0.000041,0.000297,0.000040,0.000014,12,593,1174,111,1186,704,0,0,1,0
627,20.888,10,6,train,0.000304,4,airplane,0.000074,2,car,0.000042,0.000042,0.000014,0.000304,0.000019,0.000013,677,302,599,190,1276,492,1,0,0,0
627,20.888,11,2,car,0.000276,13,bench,0.000258,6,train,0.000175,0.000276,0.000041,0.000175,0.000055,0.000026,71,598,1147,104,1218,702,1,0,1,0
627,20.888,12,2,car,0.000230,13,bench,0.000192,6,train,0.000183,0.000230,0.000037,0.000183,0.000040,0.000021,26,595,1197,106,1223,701,1,0,1,0
627,20.888,13,6,train,0.000206,2,car,0.000203,13,bench,0.000135,0.000203,0.000028,0.000206,0.000027,0.000015,20,593,1203,109,1223,702,1,0,0,0
627,20.888,14,6,train,0.000197,60,dining table,0.000033,7,truck,0.000021,0.000013,0.000015,0.000197,0.000021,0.000013,645,163,624,326,1269,489,1,0,0,0
627,20.888,15,2,car,0.000171,13,bench,0.000077,6,train,0.000036,0.000171,0.000010,0.000036,0.000023,0.000005,9,592,1016,114,1025,706,0,0,1,0
627,20.888,16,2,car,0.000160,13,bench,0.000046,6,train,0.000044,0.000160,0.000010,0.000044,0.000025,0.000008,463,599,811,107,1274,706,1,0,1,0
627,20.888,17,6,train,0.000154,4,airplane,0.000051,2,car,0.000040,0.000040,0.000009,0.000154,0.000014,0.000010,658,307,615,290,1273,597,1,0,0,0
627,20.888,18,60,dining table,0.000138,6,train,0.000028,7,truck,0.000017,0.000010,0.000009,0.000028,0.000017,0.000016,400,3,875,580,1275,583,1,0,0,0
627,20.888,19,6,train,0.000130,2,car,0.000021,60,dining table,0.000011,0.000021,0.000005,0.000130,0.000005,0.000004,47,376,1053,309,1100,685,0,0,0,0
627,20.888,20,4,airplane,0.000127,2,car,0.000034,71,sink,0.000032,0.000034,0.000004,0.000023,0.000013,0.000013,693,280,583,223,1276,503,1,0,0,0
628,20.921,1,2,car,0.001518,13,bench,0.000557,7,truck,0.000133,0.001518,0.000055,0.000126,0.000133,0.000045,155,602,1118,105,1273,707,1,0,1,0
628,20.921,2,2,car,0.001438,13,bench,0.000885,6,train,0.000198,0.001438,0.000080,0.000198,0.000175,0.000058,108,600,1158,105,1266,705,1,0,1,0
628,20.921,3,2,car,0.001119,13,bench,0.000291,6,train,0.000213,0.001119,0.000050,0.000213,0.000083,0.000016,15,594,1128,111,1143,705,0,0,1,0
628,20.921,4,2,car,0.000885,13,bench,0.000257,60,dining table,0.000098,0.000885,0.000027,0.000080,0.000080,0.000026,192,601,1083,105,1275,706,1,0,1,0
628,20.921,5,6,train,0.000757,4,airplane,0.000119,2,car,0.000066,0.000066,0.000037,0.000757,0.000057,0.000031,675,286,602,201,1277,487,1,0,0,0
628,20.921,6,6,train,0.000709,4,airplane,0.000096,2,car,0.000047,0.000047,0.000027,0.000709,0.000029,0.000015,670,295,607,189,1277,484,1,0,0,0
628,20.921,7,2,car,0.000614,13,bench,0.000201,6,train,0.000196,0.000614,0.000035,0.000196,0.000043,0.000013,21,592,1158,113,1179,705,0,0,1,0
628,20.921,8,2,car,0.000588,13,bench,0.000463,6,train,0.000179,0.000588,0.000049,0.000179,0.000092,0.000033,76,598,1144,105,1220,703,1,0,1,0
628,20.921,9,6,train,0.000456,60,dining table,0.000054,2,car,0.000019,0.000019,0.000008,0.000456,0.000009,0.000008,28,270,1014,409,1042,679,0,0,0,0
628,20.921,10,2,car,0.000412,13,bench,0.000332,6,train,0.000172,0.000412,0.000039,0.000172,0.000057,0.000028,26,595,1206,107,1232,702,1,0,1,0
628,20.921,11,2,car,0.000400,6,train,0.000228,13,bench,0.000210,0.000400,0.000034,0.000228,0.000038,0.000018,11,592,1188,113,1199,705,0,0,1,0
628,20.921,12,2,car,0.000309,13,bench,0.000222,6,train,0.000184,0.000309,0.000028,0.000184,0.000033,0.000020,16,593,1218,110,1234,703,1,0,1,0
628,20.921,13,6,train,0.000289,2,car,0.000063,4,airplane,0.000050,0.000063,0.000021,0.000289,0.000019,0.000011,626,305,642,350,1268,655,1,0,0,0
628,20.921,14,2,car,0.000251,60,dining table,0.000055,13,bench,0.000052,0.000251,0.000011,0.000045,0.000033,0.000011,418,597,856,109,1274,706,1,0,1,0
628,20.921,15,6,train,0.000224,4,airplane,0.000050,2,car,0.000041,0.000041,0.000013,0.000224,0.000017,0.000011,658,302,617,279,1275,581,1,0,0,0
628,20.921,16,2,car,0.000199,13,bench,0.000085,6,train,0.000040,0.000199,0.000011,0.000040,0.000023,0.000005,10,593,1018,113,1028,706,0,0,1,0
628,20.921,17,4,airplane,0.000152,2,car,0.000038,71,sink,0.000036,0.000038,0.000005,0.000030,0.000014,0.000014,682,272,594,221,1276,493,1,0,0,0
628,20.921,18,6,train,0.000128,7,truck,0.000012,4,airplane,0.000009,0.000006,0.000007,0.000128,0.000012,0.000008,657,160,594,323,1251,483,1,0,0,0
628,20.921,19,4,airplane,0.000126,6,train,0.000060,2,car,0.000033,0.000033,0.000007,0.000060,0.000016,0.000022,683,278,592,217,1275,495,1,0,0,0
628,20.921,20,4,airplane,0.000124,2,car,0.000034,71,sink,0.000029,0.000034,0.000004,0.000023,0.000011,0.000017,689,261,587,213,1276,474,1,0,0,0
629,20.954,1,2,car,0.001756,13,bench,0.000753,60,dining table,0.000155,0.001756,0.000069,0.000084,0.000144,0.000041,165,603,1106,104,1271,707,1,0,1,0
629,20.954,2,2,car,0.001655,13,bench,0.001191,60,dining table,0.000221,0.001655,0.000101,0.000138,0.000196,0.000058,104,601,1161,104,1265,705,1,0,1,0
629,20.954,3,2,car,0.001073,13,bench,0.000327,60,dining table,0.000114,0.001073,0.000035,0.000062,0.000091,0.000024,196,603,1079,103,1275,706,1,0,1,0
629,20.954,4,2,car,0.000973,13,bench,0.000325,6,train,0.000249,0.000973,0.000053,0.000249,0.000079,0.000016,14,594,1119,111,1133,705,0,0,1,0
629,20.954,5,2,car,0.000750,13,bench,0.000703,60,dining table,0.000198,0.000750,0.000068,0.000140,0.000115,0.000036,73,599,1150,103,1223,702,1,0,1,0
629,20.954,6,2,car,0.000599,13,bench,0.000272,6,train,0.000235,0.000599,0.000042,0.000235,0.000047,0.000014,20,593,1155,111,1175,704,0,0,1,0
629,20.954,7,13,bench,0.000485,2,car,0.000482,60,dining table,0.000203,0.000482,0.000049,0.000140,0.000067,0.000029,27,597,1205,105,1232,702,1,0,0,0
629,20.954,8,6,train,0.000448,60,dining table,0.000054,2,car,0.000017,0.000017,0.000008,0.000448,0.000009,0.000008,30,288,1003,387,1033,675,0,0,0,0
629,20.954,9,2,car,0.000407,13,bench,0.000307,6,train,0.000237,0.000407,0.000040,0.000237,0.000042,0.000018,10,592,1191,112,1201,704,0,0,1,0
629,20.954,10,2,car,0.000394,13,bench,0.000377,6,train,0.000196,0.000394,0.000040,0.000196,0.000044,0.000024,14,593,1219,110,1233,703,1,0,1,0
629,20.954,11,6,train,0.000368,4,airplane,0.000060,2,car,0.000045,0.000045,0.000038,0.000368,0.000025,0.000012,666,293,612,201,1278,494,1,0,0,0
629,20.954,12,6,train,0.000327,4,airplane,0.000057,2,car,0.000046,0.000046,0.000035,0.000327,0.000037,0.000023,640,270,637,234,1277,504,1,0,0,0
629,20.954,13,2,car,0.000271,13,bench,0.000065,60,dining table,0.000052,0.000271,0.000012,0.000037,0.000035,0.000010,439,599,835,106,1274,705,1,0,1,0
629,20.954,14,2,car,0.000158,13,bench,0.000078,6,train,0.000040,0.000158,0.000010,0.000040,0.000020,0.000005,10,593,1013,113,1023,706,0,0,1,0
629,20.954,15,6,train,0.000132,2,car,0.000064,5,bus,0.000059,0.000064,0.000059,0.000132,0.000026,0.000011,602,305,656,337,1258,642,1,0,0,0
629,20.954,16,6,train,0.000109,2,car,0.000033,4,airplane,0.000029,0.000033,0.000017,0.000109,0.000014,0.000008,650,302,627,275,1277,577,1,0,0,0
629,20.954,17,6,train,0.000105,2,car,0.000019,60,dining table,0.000013,0.000019,0.000004,0.000105,0.000004,0.000004,50,391,1037,289,1087,680,0,0,0,0
629,20.954,18,60,dining table,0.000085,6,train,0.000012,8,boat,0.000010,0.000005,0.000005,0.000012,0.000009,0.000010,392,4,880,588,1272,592,1,0,0,0
629,20.954,19,6,train,0.000074,2,car,0.000045,60,dining table,0.000020,0.000045,0.000006,0.000074,0.000008,0.000004,18,384,1105,307,1123,691,0,0,0,0
629,20.954,20,6,train,0.000074,60,dining table,0.000014,7,truck,0.000011,0.000007,0.000011,0.000074,0.000011,0.000010,652,129,578,357,1230,486,1,0,0,0
630,20.988,1,2,car,0.002440,13,bench,0.001189,7,truck,0.000193,0.002440,0.000078,0.000107,0.000193,0.000051,138,602,1135,105,1273,707,1,0,1,0
630,20.988,2,2,car,0.002144,13,bench,0.001756,60,dining table,0.000264,0.002144,0.000113,0.000180,0.000258,0.000070,85,600,1182,105,1267,705,1,0,1,0
630,20.988,3,2,car,0.001658,13,bench,0.000558,60,dining table,0.000138,0.001658,0.000043,0.000086,0.000129,0.000032,162,601,1113,106,1275,707,1,0,1,0
630,20.988,4,2,car,0.001608,13,bench,0.000433,6,train,0.000260,0.001608,0.000065,0.000260,0.000099,0.000018,13,594,1131,112,1144,706,0,0,1,0
630,20.988,5,2,car,0.001012,13,bench,0.000324,6,train,0.000247,0.001012,0.000049,0.000247,0.000059,0.000016,17,593,1165,112,1182,705,0,0,1,0
630,20.988,6,2,car,0.000893,13,bench,0.000860,60,dining table,0.000236,0.000893,0.000071,0.000180,0.000140,0.000041,57,598,1178,104,1235,702,1,0,1,0
630,20.988,7,2,car,0.000734,13,bench,0.000394,6,train,0.000357,0.000734,0.000057,0.000357,0.000062,0.000024,9,592,1201,113,1210,705,0,0,1,0
630,20.988,8,2,car,0.000549,13,bench,0.000526,60,dining table,0.000236,0.000549,0.000050,0.000177,0.000076,0.000032,24,596,1214,106,1238,702,1,0,1,0
630,20.988,9,6,train,0.000518,4,airplane,0.000040,2,car,0.000030,0.000030,0.000027,0.000518,0.000028,0.000015,657,273,621,217,1278,490,1,0,0,0
630,20.988,10,2,car,0.000464,13,bench,0.000360,6,train,0.000220,0.000464,0.000039,0.000220,0.000048,0.000024,14,593,1225,110,1239,703,1,0,1,0
630,20.988,11,6,train,0.000435,4,airplane,0.000030,2,car,0.000021,0.000021,0.000019,0.000435,0.000011,0.000007,663,293,615,187,1278,480,1,0,0,0
630,20.988,12,2,car,0.000434,13,bench,0.000111,60,dining table,0.000068,0.000434,0.000014,0.000048,0.000049,0.000013,386,598,889,108,1275,706,1,0,1,0
630,20.988,13,6,train,0.000285,60,dining table,0.000046,2,car,0.000013,0.000013,0.000005,0.000285,0.000006,0.000006,25,268,1015,414,1040,682,0,0,0,0
630,20.988,14,6,train,0.000242,2,car,0.000041,4,airplane,0.000033,0.000041,0.000026,0.000242,0.000013,0.000010,625,304,621,332,1246,636,1,0,0,0
630,20.988,15,2,car,0.000241,13,bench,0.000107,6,train,0.000041,0.000241,0.000013,0.000041,0.000025,0.000006,11,593,1022,113,1033,706,0,0,1,0
630,20.988,16,6,train,0.000135,60,dining table,0.000035,69,oven,0.000013,0.000009,0.000005,0.000135,0.000008,0.000006,25,169,977,525,1002,694,0,0,0,0
630,20.988,17,6,train,0.000125,2,car,0.000018,4,airplane,0.000017,0.000018,0.000008,0.000125,0.000006,0.000006,655,301,622,240,1277,541,1,0,0,0
630,20.988,18,6,train,0.000098,2,car,0.000037,60,dining table,0.000032,0.000037,0.000008,0.000098,0.000010,0.000008,12,403,989,284,1001,687,0,0,0,0
630,20.988,19,6,train,0.000098,2,car,0.000023,60,dining table,0.000020,0.000023,0.000004,0.000098,0.000004,0.000004,40,391,1046,296,1086,687,0,0,0,0
630,20.988,20,60,dining table,0.000081,6,train,0.000018,8,boat,0.000012,0.000006,0.000006,0.000018,0.000011,0.000012,387,7,884,569,1271,576,1,0,0,0
631,21.021,1,2,car,0.005901,13,bench,0.000665,7,truck,0.000371,0.005901,0.000101,0.000039,0.000371,0.000053,141,601,1132,106,1273,707,1,0,1,0
631,21.021,2,2,car,0.004430,13,bench,0.000921,7,truck,0.000429,0.004430,0.000140,0.000086,0.000429,0.000065,80,598,1187,107,1267,705,1,0,1,0
631,21.021,3,2,car,0.003802,13,bench,0.000379,7,truck,0.000238,0.003802,0.000052,0.000028,0.000238,0.000036,162,600,1113,107,1275,707,1,0,1,0
631,21.021,4,2,car,0.002440,13,bench,0.000270,6,train,0.000187,0.002440,0.000063,0.000187,0.000125,0.000019,11,592,1093,114,1104,706,0,0,1,0
631,21.021,5,2,car,0.002086,13,bench,0.000214,6,train,0.000167,0.002086,0.000054,0.000167,0.000094,0.000016,17,590,1146,115,1163,705,0,0,1,0
631,21.021,6,2,car,0.001948,13,bench,0.000320,6,train,0.000257,0.001948,0.000073,0.000257,0.000113,0.000023,11,591,1192,114,1203,705,0,0,1,0
631,21.021,7,2,car,0.001912,13,bench,0.000498,7,truck,0.000239,0.001912,0.000097,0.000106,0.000239,0.000039,46,595,1198,107,1244,702,1,0,1,0
631,21.021,8,2,car,0.001599,13,bench,0.000344,6,train,0.000184,0.001599,0.000065,0.000184,0.000108,0.000028,15,591,1227,112,1242,703,1,0,1,0
631,21.021,9,2,car,0.001522,13,bench,0.000411,60,dining table,0.000190,0.001522,0.000080,0.000147,0.000154,0.000035,20,594,1221,108,1241,702,1,0,1,0
631,21.021,10,2,car,0.000875,13,bench,0.000103,7,truck,0.000092,0.000875,0.000019,0.000021,0.000092,0.000017,385,597,890,109,1275,706,1,0,1,0
631,21.021,11,6,train,0.000486,7,truck,0.000044,4,airplane,0.000044,0.000034,0.000037,0.000486,0.000044,0.000016,662,278,616,209,1278,487,1,0,0,0
631,21.021,12,6,train,0.000243,60,dining table,0.000036,2,car,0.000029,0.000029,0.000007,0.000243,0.000009,0.000008,17,235,1019,453,1036,688,0,0,0,0
631,21.021,13,2,car,0.000180,6,train,0.000057,4,airplane,0.000031,0.000180,0.000012,0.000057,0.000020,0.000008,9,416,1063,286,1072,702,0,0,1,0
631,21.021,14,6,train,0.000159,4,airplane,0.000016,5,bus,0.000012,0.000011,0.000012,0.000159,0.000009,0.000004,664,295,612,185,1276,480,1,0,0,0
631,21.021,15,6,train,0.000109,2,car,0.000051,5,bus,0.000049,0.000051,0.000049,0.000109,0.000027,0.000011,641,302,580,337,1221,639,1,0,0,0
631,21.021,16,2,car,0.000098,13,bench,0.000024,7,truck,0.000016,0.000098,0.000004,0.000003,0.000016,0.000004,235,603,1040,116,1275,719,1,0,1,0
631,21.021,17,7,truck,0.000096,9,traffic light,0.000053,2,car,0.000046,0.000046,0.000005,0.000003,0.000096,0.000009,1201,447,64,46,1265,493,1,0,1,0
631,21.021,18,2,car,0.000094,6,train,0.000046,60,dining table,0.000017,0.000094,0.000007,0.000046,0.000012,0.000005,16,379,1129,318,1145,697,0,0,1,0
631,21.021,19,6,train,0.000093,2,car,0.000026,4,airplane,0.000021,0.000026,0.000013,0.000093,0.000013,0.000008,660,299,616,230,1276,529,1,0,0,0
631,21.021,20,9,traffic light,0.000083,7,truck,0.000080,2,car,0.000055,0.000055,0.000004,0.000002,0.000080,0.000012,1213,447,40,35,1253,482,1,0,0,0
632,21.054,1,2,car,0.006534,13,bench,0.000812,7,truck,0.000413,0.006534,0.000122,0.000061,0.000413,0.000057,122,600,1151,108,1273,708,1,0,1,0
632,21.054,2,2,car,0.004734,13,bench,0.000992,7,truck,0.000452,0.004734,0.000147,0.000109,0.000452,0.000066,76,597,1192,109,1268,706,1,0,1,0
632,21.054,3,2,car,0.004234,13,bench,0.000458,7,truck,0.000243,0.004234,0.000059,0.000041,0.000243,0.000036,137,600,1138,107,1275,707,1,0,1,0
632,21.054,4,2,car,0.002174,13,bench,0.000345,6,train,0.000205,0.002174,0.000064,0.000205,0.000121,0.000019,12,593,1138,113,1150,706,0,0,1,0
632,21.054,5,2,car,0.001804,13,bench,0.000453,7,truck,0.000226,0.001804,0.000090,0.000122,0.000226,0.000037,46,596,1200,107,1246,703,1,0,1,0
632,21.054,6,2,car,0.001629,13,bench,0.000337,6,train,0.000300,0.001629,0.000072,0.000300,0.000104,0.000024,9,592,1209,113,1218,705,1,0,1,0
632,21.054,7,2,car,0.001577,13,bench,0.000252,6,train,0.000182,0.001577,0.000050,0.000182,0.000081,0.000015,17,592,1165,113,1182,705,0,0,1,0
632,21.054,8,2,car,0.001472,13,bench,0.000383,60,dining table,0.000197,0.001472,0.000075,0.000161,0.000147,0.000034,19,595,1227,108,1246,703,1,0,1,0
632,21.054,9,2,car,0.001377,13,bench,0.000330,6,train,0.000215,0.001377,0.000061,0.000215,0.000097,0.000027,11,592,1236,111,1247,703,1,0,1,0
632,21.054,10,2,car,0.001110,13,bench,0.000133,7,truck,0.000104,0.001110,0.000024,0.000033,0.000104,0.000019,340,597,935,110,1275,707,1,0,1,0
632,21.054,11,6,train,0.000693,4,airplane,0.000055,7,truck,0.000052,0.000033,0.000032,0.000693,0.000052,0.000016,667,285,610,198,1277,483,1,0,0,0
632,21.054,12,6,train,0.000285,60,dining table,0.000041,2,car,0.000030,0.000030,0.000007,0.000285,0.000010,0.000008,17,242,1051,443,1068,685,0,0,0,0
632,21.054,13,2,car,0.000262,13,bench,0.000090,6,train,0.000030,0.000262,0.000010,0.000030,0.000026,0.000006,10,593,1013,113,1023,706,0,0,1,0
632,21.054,14,2,car,0.000167,13,bench,0.000038,7,truck,0.000024,0.000167,0.000006,0.000006,0.000024,0.000005,194,603,1082,116,1276,719,1,0,1,0
632,21.054,15,2,car,0.000167,6,train,0.000063,13,bench,0.000030,0.000167,0.000011,0.000063,0.000020,0.000008,10,417,1110,285,1120,702,0,0,1,0
632,21.054,16,6,train,0.000141,60,dining table,0.000035,2,car,0.000018,0.000018,0.000007,0.000141,0.000011,0.000008,21,151,1008,545,1029,696,0,0,0,0
632,21.054,17,6,train,0.000113,2,car,0.000021,4,airplane,0.000019,0.000021,0.000010,0.000113,0.000013,0.000008,657,295,619,253,1276,548,1,0,0,0
632,21.054,18,9,traffic light,0.000112,0,person,0.000017,7,truck,0.000016,0.000015,0.000002,0.000001,0.000016,0.000005,1216,446,31,33,1247,479,1,0,0,0
632,21.054,19,6,train,0.000099,2,car,0.000081,60,dining table,0.000023,0.000081,0.000009,0.000099,0.000016,0.000009,10,406,1032,281,1042,687,0,0,0,0
632,21.054,20,2,car,0.000098,6,train,0.000051,60,dining table,0.000023,0.000098,0.000007,0.000051,0.000012,0.000005,17,398,1130,299,1147,697,0,0,1,0
633,21.088,1,2,car,0.003343,13,bench,0.000441,7,truck,0.000241,0.003343,0.000094,0.000049,0.000241,0.000047,203,600,1068,109,1271,709,1,0,1,0
633,21.088,2,2,car,0.002250,13,bench,0.000310,7,truck,0.000142,0.002250,0.000044,0.000035,0.000142,0.000027,224,601,1050,107,1274,708,1,0,1,0
633,21.088,3,2,car,0.002195,13,bench,0.000433,7,truck,0.000252,0.002195,0.000109,0.000064,0.000252,0.000051,131,597,1133,110,1264,707,1,0,1,0
633,21.088,4,2,car,0.001009,13,bench,0.000231,6,train,0.000136,0.001009,0.000040,0.000136,0.000075,0.000011,16,594,1054,111,1070,705,0,0,1,0
633,21.088,5,2,car,0.000827,13,bench,0.000183,6,train,0.000129,0.000827,0.000036,0.000129,0.000053,0.000010,26,592,1106,113,1132,705,0,0,1,0
633,21.088,6,2,car,0.000732,13,bench,0.000180,7,truck,0.000106,0.000732,0.000056,0.000057,0.000106,0.000024,90,595,1132,109,1222,704,1,0,1,0
633,21.088,7,2,car,0.000694,13,bench,0.000113,7,truck,0.000066,0.000694,0.000019,0.000033,0.000066,0.000014,426,597,848,110,1274,707,1,0,1,0
633,21.088,8,2,car,0.000621,13,bench,0.000170,60,dining table,0.000122,0.000621,0.000047,0.000076,0.000069,0.000021,27,593,1193,110,1220,703,1,0,1,0
633,21.088,9,2,car,0.000576,13,bench,0.000160,60,dining table,0.000118,0.000576,0.000037,0.000111,0.000046,0.000015,17,590,1203,113,1220,703,1,0,1,0
633,21.088,10,2,car,0.000566,13,bench,0.000154,6,train,0.000122,0.000566,0.000032,0.000122,0.000043,0.000011,15,591,1169,114,1184,705,0,0,1,0
633,21.088,11,6,train,0.000511,7,truck,0.000052,5,bus,0.000048,0.000041,0.000048,0.000511,0.000052,0.000018,669,282,608,205,1277,487,1,0,0,0
633,21.088,12,6,train,0.000468,60,dining table,0.000057,2,car,0.000031,0.000031,0.000009,0.000468,0.000011,0.000008,18,226,1012,458,1030,684,0,0,0,0
633,21.088,13,6,train,0.000125,2,car,0.000050,60,dining table,0.000019,0.000050,0.000007,0.000125,0.000007,0.000005,40,380,1032,306,1072,686,0,0,0,0
633,21.088,14,2,car,0.000105,13,bench,0.000029,7,truck,0.000018,0.000105,0.000005,0.000006,0.000018,0.000004,291,602,984,117,1275,719,1,0,1,0
633,21.088,15,2,car,0.000089,6,train,0.000060,13,bench,0.000022,0.000089,0.000009,0.000060,0.000014,0.000005,13,419,1016,281,1029,700,0,0,1,0
633,21.088,16,9,traffic light,0.000086,2,car,0.000041,7,truck,0.000027,0.000041,0.000002,0.000002,0.000027,0.000005,1217,447,32,35,1249,482,1,0,0,0
633,21.088,17,2,car,0.000082,13,bench,0.000023,7,truck,0.000013,0.000082,0.000004,0.000009,0.000013,0.000004,549,591,728,117,1277,708,1,0,1,0
633,21.088,18,9,traffic light,0.000081,7,truck,0.000037,2,car,0.000033,0.000033,0.000003,0.000002,0.000037,0.000006,1216,446,32,35,1248,481,1,0,0,0
633,21.088,19,60,dining table,0.000075,6,train,0.000025,7,truck,0.000015,0.000006,0.000008,0.000025,0.000015,0.000012,454,13,812,522,1266,535,1,0,0,0
633,21.088,20,2,car,0.000070,6,train,0.000048,60,dining table,0.000018,0.000070,0.000006,0.000048,0.000009,0.000004,23,370,1093,324,1116,694,0,0,1,0
634,21.121,1,6,train,0.001056,7,truck,0.000044,5,bus,0.000041,0.000029,0.000041,0.001056,0.000044,0.000012,669,283,608,199,1277,482,1,0,0,0
634,21.121,2,2,car,0.000814,13,bench,0.000375,7,truck,0.000114,0.000814,0.000048,0.000069,0.000114,0.000040,211,601,1060,108,1271,709,1,0,1,0
634,21.121,3,2,car,0.000804,13,bench,0.000308,6,train,0.000183,0.000804,0.000036,0.000183,0.000064,0.000013,19,595,1028,110,1047,705,0,0,1,0
634,21.121,4,2,car,0.000634,13,bench,0.000258,7,truck,0.000072,0.000634,0.000024,0.000051,0.000072,0.000025,244,601,1031,107,1275,708,1,0,1,0
634,21.121,5,2,car,0.000610,13,bench,0.000228,6,train,0.000188,0.000610,0.000033,0.000188,0.000046,0.000012,30,593,1100,111,1130,704,0,0,1,0
634,21.121,6,6,train,0.000516,60,dining table,0.000052,2,car,0.000020,0.000020,0.000007,0.000516,0.000009,0.000006,21,226,995,456,1016,682,0,0,0,0
634,21.121,7,2,car,0.000514,13,bench,0.000322,60,dining table,0.000121,0.000514,0.000053,0.000085,0.000107,0.000039,126,598,1136,109,1262,707,1,0,1,0
634,21.121,8,2,car,0.000298,6,train,0.000141,13,bench,0.000139,0.000298,0.000022,0.000141,0.000029,0.000010,18,592,1159,112,1177,704,0,0,1,0
634,21.121,9,2,car,0.000296,13,bench,0.000100,60,dining table,0.000055,0.000296,0.000013,0.000046,0.000043,0.000014,457,598,817,109,1274,707,1,0,1,0
634,21.121,10,6,train,0.000238,4,airplane,0.000068,0,person,0.000046,0.000033,0.000012,0.000238,0.000020,0.000024,688,272,587,221,1275,493,1,0,0,0
634,21.121,11,2,car,0.000231,6,train,0.000116,13,bench,0.000111,0.000231,0.000020,0.000116,0.000026,0.000013,21,592,1183,111,1204,703,0,0,1,0
634,21.121,12,2,car,0.000208,13,bench,0.000118,6,train,0.000089,0.000208,0.000026,0.000089,0.000034,0.000017,31,593,1177,110,1208,703,0,0,1,0
634,21.121,13,2,car,0.000203,13,bench,0.000123,60,dining table,0.000067,0.000203,0.000027,0.000064,0.000046,0.000018,103,595,1106,109,1209,704,0,0,1,0
634,21.121,14,6,train,0.000178,4,airplane,0.000043,2,car,0.000025,0.000025,0.000010,0.000178,0.000013,0.000014,685,280,590,208,1275,488,1,0,0,0
634,21.121,15,6,train,0.000160,2,car,0.000032,60,dining table,0.000022,0.000032,0.000005,0.000160,0.000006,0.000004,48,382,1011,300,1059,682,0,0,0,0
634,21.121,16,6,train,0.000080,4,airplane,0.000022,60,dining table,0.000022,0.000018,0.000005,0.000080,0.000007,0.000010,686,291,587,252,1273,543,1,0,0,0
634,21.121,17,6,train,0.000079,7,truck,0.000010,4,airplane,0.000008,0.000005,0.000007,0.000079,0.000010,0.000008,645,172,631,325,1276,497,1,0,0,0
634,21.121,18,60,dining table,0.000061,6,train,0.000030,7,truck,0.000015,0.000005,0.000008,0.000030,0.000015,0.000011,502,22,761,495,1263,517,1,0,0,0
634,21.121,19,6,train,0.000050,2,car,0.000032,60,dining table,0.000015,0.000032,0.000004,0.000050,0.000006,0.000003,32,365,1066,326,1098,691,0,0,0,0
634,21.121,20,0,person,0.000050,4,airplane,0.000048,6,train,0.000032,0.000030,0.000005,0.000032,0.000012,0.000011,684,261,592,232,1276,493,1,0,1,0
635,21.154,1,2,car,0.001613,13,bench,0.000411,6,train,0.000179,0.001613,0.000062,0.000179,0.000102,0.000017,15,594,1074,111,1089,705,0,0,1,0
635,21.154,2,2,car,0.001238,13,bench,0.000243,6,train,0.000153,0.001238,0.000049,0.000153,0.000072,0.000014,26,592,1133,112,1159,704,0,0,1,0
635,21.154,3,6,train,0.001132,7,truck,0.000061,4,airplane,0.000054,0.000036,0.000051,0.001132,0.000061,0.000016,670,288,606,194,1276,482,1,0,0,0
635,21.154,4,2,car,0.001059,13,bench,0.000304,7,truck,0.000126,0.001059,0.000060,0.000055,0.000126,0.000033,188,599,1081,109,1269,708,1,0,1,0
635,21.154,5,2,car,0.000789,13,bench,0.000194,6,train,0.000135,0.000789,0.000042,0.000135,0.000058,0.000014,16,591,1170,113,1186,704,0,0,1,0
635,21.154,6,2,car,0.000772,13,bench,0.000216,60,dining table,0.000077,0.000772,0.000026,0.000033,0.000075,0.000019,225,600,1049,107,1274,707,1,0,1,0
635,21.154,7,2,car,0.000716,13,bench,0.000302,7,truck,0.000130,0.000716,0.000071,0.000073,0.000130,0.000036,112,596,1150,110,1262,706,1,0,1,0
635,21.154,8,2,car,0.000520,13,bench,0.000147,6,train,0.000099,0.000520,0.000034,0.000099,0.000044,0.000015,23,590,1195,113,1218,703,1,0,1,0
635,21.154,9,2,car,0.000467,13,bench,0.000170,60,dining table,0.000112,0.000467,0.000048,0.000090,0.000061,0.000021,27,591,1189,112,1216,703,1,0,1,0
635,21.154,10,2,car,0.000404,13,bench,0.000159,60,dining table,0.000082,0.000404,0.000050,0.000076,0.000076,0.000022,80,593,1137,110,1217,703,1,0,1,0
635,21.154,11,2,car,0.000322,13,bench,0.000080,60,dining table,0.000053,0.000322,0.000011,0.000025,0.000038,0.000010,431,595,843,111,1274,706,1,0,1,0
635,21.154,12,6,train,0.000284,60,dining table,0.000050,2,car,0.000028,0.000028,0.000008,0.000284,0.000010,0.000007,30,224,1030,457,1060,681,0,0,0,0
635,21.154,13,7,truck,0.000164,2,car,0.000076,4,airplane,0.000047,0.000076,0.000008,0.000006,0.000164,0.000015,1200,446,69,49,1269,495,1,0,1,0
635,21.154,14,2,car,0.000152,7,truck,0.000104,9,traffic light,0.000095,0.000152,0.000005,0.000004,0.000104,0.000013,1217,446,36,35,1253,481,1,0,1,0
635,21.154,15,6,train,0.000142,4,airplane,0.000077,0,person,0.000038,0.000037,0.000011,0.000142,0.000018,0.000024,690,273,585,214,1275,487,1,0,0,0
635,21.154,16,7,truck,0.000140,2,car,0.000091,9,traffic light,0.000062,0.000091,0.000005,0.000003,0.000140,0.000015,1211,446,45,37,1256,483,1,0,1,0
635,21.154,17,6,train,0.000116,7,truck,0.000017,4,airplane,0.000015,0.000008,0.000011,0.000116,0.000017,0.000012,661,180,616,312,1277,492,1,0,0,0
635,21.154,18,6,train,0.000093,60,dining table,0.000036,69,oven,0.000014,0.000013,0.000005,0.000093,0.000008,0.000005,29,141,993,552,1022,693,0,0,0,0
635,21.154,19,6,train,0.000088,4,airplane,0.000049,2,car,0.000031,0.000031,0.000008,0.000088,0.000012,0.000014,685,281,589,208,1274,489,1,0,0,0
635,21.154,20,7,truck,0.000080,2,car,0.000065,9,traffic light,0.000044,0.000065,0.000004,0.000003,0.000080,0.000013,1199,446,58,43,1257,489,1,0,1,0
636,21.188,1,2,car,0.001590,13,bench,0.000394,6,train,0.000182,0.001590,0.000050,0.000182,0.000090,0.000018,15,594,1101,112,1116,706,0,0,1,0
636,21.188,2,2,car,0.001334,13,bench,0.000289,6,train,0.000220,0.001334,0.000052,0.000220,0.000073,0.000015,23,593,1155,112,1178,705,0,0,1,0
636,21.188,3,6,train,0.001258,60,dining table,0.000297,2,car,0.000060,0.000060,0.000030,0.001258,0.000032,0.000014,24,266,988,401,1012,667,0,0,0,0
636,21.188,4,2,car,0.001108,13,bench,0.000692,60,dining table,0.000180,0.001108,0.000069,0.000108,0.000129,0.000039,160,598,1109,109,1269,707,1,0,1,0
636,21.188,5,2,car,0.000979,13,bench,0.000506,60,dining table,0.000098,0.000979,0.000034,0.000072,0.000086,0.000023,204,598,1071,108,1275,706,1,0,1,0
636,21.188,6,2,car,0.000725,13,bench,0.000218,6,train,0.000216,0.000725,0.000045,0.000216,0.000056,0.000014,14,591,1193,114,1207,705,0,0,1,0
636,21.188,7,2,car,0.000698,13,bench,0.000636,60,dining table,0.000199,0.000698,0.000078,0.000151,0.000133,0.000045,85,596,1178,109,1263,705,1,0,1,0
636,21.188,8,2,car,0.000432,13,bench,0.000254,60,dining table,0.000200,0.000432,0.000054,0.000178,0.000060,0.000026,20,593,1206,109,1226,702,1,0,1,0
636,21.188,9,2,car,0.000397,13,bench,0.000301,6,train,0.000167,0.000397,0.000063,0.000167,0.000083,0.000031,53,594,1162,108,1215,702,0,0,1,0
636,21.188,10,2,car,0.000374,13,bench,0.000153,6,train,0.000139,0.000374,0.000030,0.000139,0.000035,0.000014,17,591,1216,112,1233,703,1,0,1,0
636,21.188,11,2,car,0.000372,13,bench,0.000155,60,dining table,0.000059,0.000372,0.000013,0.000042,0.000040,0.000012,426,593,848,112,1274,705,1,0,1,0
636,21.188,12,6,train,0.000353,60,dining table,0.000042,2,car,0.000017,0.000017,0.000006,0.000353,0.000008,0.000006,21,230,1107,449,1128,679,0,0,0,0
636,21.188,13,6,train,0.000274,4,airplane,0.000064,2,car,0.000031,0.000031,0.000016,0.000274,0.000021,0.000025,692,277,583,210,1275,487,1,0,0,0
636,21.188,14,6,train,0.000262,60,dining table,0.000033,7,truck,0.000016,0.000010,0.000016,0.000262,0.000016,0.000009,47,213,960,472,1007,685,0,0,0,0
636,21.188,15,60,dining table,0.000224,6,train,0.000180,0,person,0.000027,0.000012,0.000012,0.000180,0.000019,0.000013,15,28,1053,662,1068,690,0,0,0,0
636,21.188,16,6,train,0.000153,4,airplane,0.000038,2,car,0.000022,0.000022,0.000009,0.000153,0.000011,0.000013,684,282,591,204,1275,486,1,0,0,0
636,21.188,17,6,train,0.000131,7,truck,0.000018,5,bus,0.000012,0.000008,0.000012,0.000131,0.000018,0.000010,661,179,612,308,1273,487,1,0,0,0
636,21.188,18,60,dining table,0.000113,6,train,0.000107,69,oven,0.000018,0.000011,0.000008,0.000107,0.000015,0.000008,36,44,982,657,1018,701,0,0,0,0
636,21.188,19,6,train,0.000102,60,dining table,0.000034,69,oven,0.000015,0.000013,0.000006,0.000102,0.000010,0.000005,50,186,974,497,1024,683,0,0,0,0
636,21.188,20,6,train,0.000099,2,car,0.000026,60,dining table,0.000025,0.000026,0.000006,0.000099,0.000006,0.000005,62,282,965,395,1027,677,0,0,0,0
637,21.221,1,2,car,0.001268,13,bench,0.000398,6,train,0.000234,0.001268,0.000056,0.000234,0.000085,0.000019,20,594,1025,111,1045,705,0,0,1,0
637,21.221,2,2,car,0.000966,13,bench,0.000281,6,train,0.000257,0.000966,0.000050,0.000257,0.000060,0.000014,30,592,1063,112,1093,704,0,0,1,0
637,21.221,3,2,car,0.000791,13,bench,0.000656,60,dining table,0.000220,0.000791,0.000044,0.000061,0.000090,0.000029,185,597,1081,109,1266,706,1,0,1,0
637,21.221,4,2,car,0.000745,13,bench,0.000425,60,dining table,0.000114,0.000745,0.000021,0.000039,0.000059,0.000017,242,597,1032,109,1274,706,1,0,1,0
637,21.221,5,13,bench,0.000592,2,car,0.000471,60,dining table,0.000231,0.000471,0.000049,0.000093,0.000094,0.000034,108,595,1155,109,1263,704,1,0,0,0
637,21.221,6,2,car,0.000570,6,train,0.000246,13,bench,0.000192,0.000570,0.000042,0.000246,0.000048,0.000013,17,591,1152,113,1169,704,0,0,1,0
637,21.221,7,6,train,0.000402,60,dining table,0.000057,69,oven,0.000016,0.000015,0.000007,0.000402,0.000008,0.000006,30,230,1003,449,1033,679,0,0,0,0
637,21.221,8,2,car,0.000355,60,dining table,0.000270,13,bench,0.000239,0.000355,0.000043,0.000165,0.000052,0.000022,25,593,1196,109,1221,702,1,0,1,0
637,21.221,9,2,car,0.000330,6,train,0.000163,13,bench,0.000153,0.000330,0.000029,0.000163,0.000034,0.000013,21,591,1205,112,1226,703,1,0,1,0
637,21.221,10,6,train,0.000329,4,airplane,0.000039,2,car,0.000021,0.000021,0.000015,0.000329,0.000018,0.000017,689,267,587,223,1276,490,1,0,0,0
637,21.221,11,2,car,0.000328,13,bench,0.000316,60,dining table,0.000217,0.000328,0.000048,0.000132,0.000072,0.000026,83,593,1114,108,1197,701,0,0,1,0
637,21.221,12,2,car,0.000306,13,bench,0.000126,60,dining table,0.000071,0.000306,0.000008,0.000026,0.000029,0.000009,444,592,830,113,1274,705,1,0,1,0
637,21.221,13,6,train,0.000222,4,airplane,0.000025,2,car,0.000016,0.000016,0.000010,0.000222,0.000009,0.000010,679,270,596,225,1275,495,1,0,0,0
637,21.221,14,6,train,0.000191,60,dining table,0.000164,0,person,0.000028,0.000011,0.000011,0.000191,0.000018,0.000013,22,39,988,650,1010,689,0,0,0,0
637,21.221,15,6,train,0.000172,60,dining table,0.000031,2,car,0.000030,0.000030,0.000007,0.000172,0.000007,0.000005,57,391,975,288,1032,679,0,0,0,0
637,21.221,16,9,traffic light,0.000106,0,person,0.000041,2,car,0.000028,0.000028,0.000002,0.000002,0.000018,0.000006,1220,446,29,34,1249,480,1,0,0,0
637,21.221,17,6,train,0.000100,7,truck,0.000015,5,bus,0.000010,0.000006,0.000010,0.000100,0.000015,0.000007,675,187,587,299,1262,486,1,0,0,0
637,21.221,18,2,car,0.000096,6,train,0.000025,0,person,0.000022,0.000096,0.000008,0.000025,0.000013,0.000005,407,673,595,37,1002,710,0,0,1,0
637,21.221,19,6,train,0.000094,60,dining table,0.000023,69,oven,0.000011,0.000006,0.000003,0.000094,0.000005,0.000004,29,150,1009,541,1038,691,0,0,0,0
637,21.221,20,6,train,0.000081,60,dining table,0.000025,2,car,0.000016,0.000016,0.000005,0.000081,0.000005,0.000007,669,285,607,283,1276,568,1,0,0,0
638,21.255,1,2,car,0.000949,13,bench,0.000424,60,dining table,0.000109,0.000949,0.000026,0.000034,0.000067,0.000018,244,597,1031,109,1275,706,1,0,1,0
638,21.255,2,2,car,0.000919,13,bench,0.000210,6,train,0.000204,0.000919,0.000048,0.000204,0.000059,0.000012,30,592,1002,112,1032,704,0,0,1,0
638,21.255,3,2,car,0.000898,13,bench,0.000577,60,dining table,0.000192,0.000898,0.000052,0.000049,0.000088,0.000028,193,598,1072,109,1265,707,1,0,1,0
638,21.255,4,13,bench,0.000493,2,car,0.000483,60,dining table,0.000222,0.000483,0.000056,0.000079,0.000092,0.000033,130,595,1133,110,1263,705,1,0,0,0
638,21.255,5,2,car,0.000458,6,train,0.000174,13,bench,0.000138,0.000458,0.000036,0.000174,0.000041,0.000010,19,591,1108,113,1127,704,0,0,1,0
638,21.255,6,6,train,0.000397,60,dining table,0.000050,2,car,0.000018,0.000018,0.000007,0.000397,0.000009,0.000007,21,229,994,453,1015,682,0,0,0,0
638,21.255,7,2,car,0.000388,13,bench,0.000129,60,dining table,0.000069,0.000388,0.000010,0.000023,0.000033,0.000009,422,592,852,113,1274,705,1,0,1,0
638,21.255,8,2,car,0.000299,6,train,0.000137,13,bench,0.000127,0.000299,0.000029,0.000137,0.000033,0.000011,22,591,1191,112,1213,703,0,0,1,0
638,21.255,9,2,car,0.000291,13,bench,0.000245,60,dining table,0.000173,0.000291,0.000048,0.000109,0.000062,0.000022,110,592,1085,109,1195,701,0,0,1,0
638,21.255,10,2,car,0.000277,60,dining table,0.000188,13,bench,0.000177,0.000277,0.000038,0.000126,0.000042,0.000017,29,592,1181,109,1210,701,0,0,1,0
638,21.255,11,6,train,0.000226,4,airplane,0.000029,2,car,0.000017,0.000017,0.000013,0.000226,0.000016,0.000012,682,259,592,242,1274,501,1,0,0,0
638,21.255,12,6,train,0.000183,4,airplane,0.000018,2,car,0.000013,0.000013,0.000010,0.000183,0.000009,0.000008,672,264,603,245,1275,509,1,0,0,0
638,21.255,13,6,train,0.000165,60,dining table,0.000155,0,person,0.000026,0.000011,0.000011,0.000165,0.000018,0.000013,18,32,992,657,1010,689,0,0,0,0
638,21.255,14,6,train,0.000153,2,car,0.000035,60,dining table,0.000021,0.000035,0.000007,0.000153,0.000007,0.000005,45,390,962,292,1007,682,0,0,0,0
638,21.255,15,2,car,0.000118,6,train,0.000026,0,person,0.000021,0.000118,0.000010,0.000026,0.000015,0.000005,453,672,545,37,998,709,0,0,1,0
638,21.255,16,6,train,0.000085,60,dining table,0.000016,2,car,0.000012,0.000012,0.000010,0.000085,0.000007,0.000005,654,286,585,371,1239,657,1,0,0,0
638,21.255,17,6,train,0.000078,60,dining table,0.000020,69,oven,0.000010,0.000006,0.000003,0.000078,0.000005,0.000004,23,149,1007,544,1030,693,0,0,0,0
638,21.255,18,6,train,0.000077,60,dining table,0.000023,2,car,0.000013,0.000013,0.000005,0.000077,0.000005,0.000006,655,282,620,331,1275,613,1,0,0,0
638,21.255,19,2,car,0.000071,13,bench,0.000034,60,dining table,0.000015,0.000071,0.000002,0.000008,0.000010,0.000003,536,574,741,132,1277,706,1,0,1,0
638,21.255,20,2,car,0.000071,6,train,0.000024,13,bench,0.000019,0.000071,0.000009,0.000024,0.000012,0.000003,486,671,512,38,998,709,0,0,1,0
639,21.288,1,2,car,0.000783,13,bench,0.000339,6,train,0.000147,0.000783,0.000037,0.000147,0.000068,0.000017,19,594,1038,110,1057,704,0,0,1,0
639,21.288,2,2,car,0.000534,13,bench,0.000212,6,train,0.000122,0.000534,0.000029,0.000122,0.000045,0.000011,29,592,1067,112,1096,704,0,0,1,0
639,21.288,3,2,car,0.000450,13,bench,0.000236,60,dining table,0.000051,0.000450,0.000013,0.000022,0.000041,0.000014,260,594,1015,112,1275,706,1,0,1,0
639,21.288,4,2,car,0.000445,13,bench,0.000285,60,dining table,0.000104,0.000445,0.000025,0.000030,0.000054,0.000020,204,595,1062,112,1266,707,1,0,1,0
639,21.288,5,2,car,0.000302,13,bench,0.000134,6,train,0.000103,0.000302,0.000022,0.000103,0.000033,0.000009,19,592,1121,112,1140,704,0,0,1,0
639,21.288,6,6,train,0.000279,4,airplane,0.000034,7,truck,0.000021,0.000017,0.000014,0.000279,0.000021,0.000011,677,260,596,236,1273,496,1,0,0,0
639,21.288,7,13,bench,0.000257,2,car,0.000257,60,dining table,0.000140,0.000257,0.000027,0.000049,0.000057,0.000022,130,593,1132,112,1262,705,1,0,0,0
639,21.288,8,6,train,0.000209,60,dining table,0.000024,2,car,0.000016,0.000016,0.000005,0.000209,0.000007,0.000006,26,232,1028,448,1054,680,0,0,0,0
639,21.288,9,2,car,0.000187,13,bench,0.000106,60,dining table,0.000076,0.000187,0.000016,0.000071,0.000024,0.000009,22,592,1182,110,1204,702,0,0,1,0
639,21.288,10,2,car,0.000171,13,bench,0.000129,60,dining table,0.000124,0.000171,0.000020,0.000069,0.000029,0.000013,28,592,1172,109,1200,701,0,0,1,0
639,21.288,11,2,car,0.000164,13,bench,0.000149,60,dining table,0.000114,0.000164,0.000024,0.000065,0.000041,0.000016,92,592,1107,109,1199,701,0,0,1,0
639,21.288,12,2,car,0.000156,13,bench,0.000069,60,dining table,0.000026,0.000156,0.000005,0.000013,0.000019,0.000007,435,585,840,121,1275,706,1,0,1,0
639,21.288,13,6,train,0.000143,2,car,0.000022,60,dining table,0.000016,0.000022,0.000013,0.000143,0.000013,0.000008,645,284,593,381,1238,665,1,0,0,0
639,21.288,14,6,train,0.000109,4,airplane,0.000011,2,car,0.000007,0.000007,0.000005,0.000109,0.000006,0.000004,674,271,600,227,1274,498,1,0,0,0
639,21.288,15,6,train,0.000097,60,dining table,0.000071,69,oven,0.000017,0.000010,0.000009,0.000097,0.000015,0.000011,19,39,1018,647,1037,686,0,0,0,0
639,21.288,16,2,car,0.000090,6,train,0.000026,0,person,0.000019,0.000090,0.000009,0.000026,0.000013,0.000005,429,671,572,38,1001,709,0,0,1,0
639,21.288,17,6,train,0.000089,2,car,0.000013,4,airplane,0.000011,0.000013,0.000005,0.000089,0.000006,0.000006,660,285,614,316,1274,601,1,0,0,0
639,21.288,18,6,train,0.000085,2,car,0.000032,60,dining table,0.000016,0.000032,0.000005,0.000085,0.000007,0.000005,42,383,1022,299,1064,682,0,0,0,0
639,21.288,19,2,car,0.000068,6,train,0.000049,13,bench,0.000026,0.000068,0.000007,0.000049,0.000014,0.000007,16,415,1004,282,1020,697,0,0,1,0
639,21.288,20,6,train,0.000058,60,dining table,0.000012,69,oven,0.000009,0.000007,0.000003,0.000058,0.000005,0.000004,24,149,1040,541,1064,690,0,0,0,0
640,21.321,1,2,car,0.000759,13,bench,0.000407,60,dining table,0.000103,0.000759,0.000026,0.000058,0.000075,0.000025,240,598,1036,108,1276,706,1,0,1,0
640,21.321,2,2,car,0.000683,13,bench,0.000568,60,dining table,0.000192,0.000683,0.000046,0.000071,0.000091,0.000036,209,597,1059,110,1268,707,1,0,1,0
640,21.321,3,2,car,0.000636,13,bench,0.000177,6,train,0.000153,0.000636,0.000033,0.000153,0.000054,0.000015,22,593,1019,111,1041,704,0,0,1,0
640,21.321,4,13,bench,0.000449,2,car,0.000363,60,dining table,0.000225,0.000363,0.000042,0.000097,0.000086,0.000037,134,595,1131,110,1265,705,1,0,0,0
640,21.321,5,2,car,0.000426,6,train,0.000140,13,bench,0.000131,0.000426,0.000027,0.000140,0.000036,0.000011,36,592,1024,112,1060,704,0,0,1,0
640,21.321,6,6,train,0.000364,4,airplane,0.000026,7,truck,0.000018,0.000013,0.000013,0.000364,0.000018,0.000009,680,264,594,227,1274,491,1,0,0,0
640,21.321,7,6,train,0.000331,60,dining table,0.000040,69,oven,0.000014,0.000013,0.000006,0.000331,0.000007,0.000005,22,235,1024,447,1046,682,0,0,0,0
640,21.321,8,2,car,0.000285,13,bench,0.000114,60,dining table,0.000054,0.000285,0.000010,0.000031,0.000036,0.000012,416,594,860,111,1276,705,1,0,1,0
640,21.321,9,2,car,0.000213,6,train,0.000119,13,bench,0.000082,0.000213,0.000020,0.000119,0.000025,0.000009,24,592,1101,112,1125,704,0,0,1,0
640,21.321,10,13,bench,0.000172,2,car,0.000157,60,dining table,0.000138,0.000157,0.000027,0.000090,0.000043,0.000020,117,593,1081,108,1198,701,0,0,0,0
640,21.321,11,6,train,0.000152,2,car,0.000026,60,dining table,0.000025,0.000026,0.000005,0.000152,0.000006,0.000005,40,389,1010,294,1050,683,0,0,0,0
640,21.321,12,6,train,0.000148,2,car,0.000011,5,bus,0.000009,0.000011,0.000009,0.000148,0.000006,0.000005,671,283,497,349,1168,632,0,0,0,0
640,21.321,13,60,dining table,0.000137,2,car,0.000134,13,bench,0.000110,0.000134,0.000020,0.000083,0.000026,0.000014,33,592,1172,109,1205,701,0,0,0,0
640,21.321,14,6,train,0.000136,60,dining table,0.000018,7,truck,0.000012,0.000007,0.000009,0.000136,0.000012,0.000006,64,208,954,461,1018,669,0,0,0,0
640,21.321,15,2,car,0.000130,60,dining table,0.000088,6,train,0.000085,0.000130,0.000015,0.000085,0.000019,0.000009,26,591,1179,111,1205,702,0,0,1,0
640,21.321,16,6,train,0.000113,60,dining table,0.000095,69,oven,0.000018,0.000009,0.000009,0.000113,0.000014,0.000011,18,39,1005,649,1023,688,0,0,0,0
640,21.321,17,2,car,0.000075,13,bench,0.000035,60,dining table,0.000013,0.000075,0.000003,0.000011,0.000013,0.000005,513,582,764,123,1277,705,1,0,1,0
640,21.321,18,6,train,0.000066,4,airplane,0.000025,0,person,0.000022,0.000018,0.000004,0.000066,0.000008,0.000010,680,260,594,246,1274,506,1,0,0,0
640,21.321,19,6,train,0.000064,60,dining table,0.000015,69,oven,0.000009,0.000005,0.000003,0.000064,0.000004,0.000003,22,150,1031,542,1053,692,0,0,0,0
640,21.321,20,6,train,0.000063,2,car,0.000052,60,dining table,0.000021,0.000052,0.000006,0.000063,0.000010,0.000006,16,414,995,281,1011,695,0,0,0,0
641,21.355,1,2,car,0.000738,13,bench,0.000212,6,train,0.000133,0.000738,0.000028,0.000133,0.000052,0.000015,21,594,1010,110,1031,704,0,0,1,0
641,21.355,2,2,car,0.000606,13,bench,0.000286,60,dining table,0.000110,0.000606,0.000024,0.000048,0.000064,0.000022,300,599,975,106,1275,705,1,0,1,0
641,21.355,3,2,car,0.000571,13,bench,0.000406,60,dining table,0.000172,0.000571,0.000041,0.000056,0.000083,0.000032,246,598,1018,108,1264,706,1,0,1,0
641,21.355,4,2,car,0.000554,13,bench,0.000176,6,train,0.000126,0.000554,0.000026,0.000126,0.000038,0.000012,35,593,1007,110,1042,703,0,0,1,0
641,21.355,5,6,train,0.000517,4,airplane,0.000047,7,truck,0.000026,0.000020,0.000014,0.000517,0.000026,0.000011,682,260,593,229,1275,489,1,0,0,0
641,21.355,6,13,bench,0.000330,2,car,0.000293,60,dining table,0.000176,0.000293,0.000035,0.000076,0.000077,0.000032,160,596,1102,109,1262,705,1,0,0,0
641,21.355,7,2,car,0.000283,6,train,0.000116,13,bench,0.000114,0.000283,0.000021,0.000116,0.000028,0.000011,23,593,1083,110,1106,703,0,0,1,0
641,21.355,8,6,train,0.000235,60,dining table,0.000046,69,oven,0.000014,0.000013,0.000005,0.000235,0.000006,0.000005,25,223,1007,461,1032,684,0,0,0,0
641,21.355,9,2,car,0.000191,13,bench,0.000067,60,dining table,0.000050,0.000191,0.000008,0.000022,0.000026,0.000009,459,596,816,108,1275,704,1,0,1,0
641,21.355,10,2,car,0.000170,60,dining table,0.000099,13,bench,0.000093,0.000170,0.000016,0.000074,0.000023,0.000010,27,592,1165,110,1192,702,0,0,1,0
641,21.355,11,2,car,0.000141,13,bench,0.000139,60,dining table,0.000102,0.000141,0.000023,0.000060,0.000040,0.000018,128,594,1050,108,1178,702,0,0,1,0
641,21.355,12,2,car,0.000138,60,dining table,0.000119,13,bench,0.000110,0.000138,0.000017,0.000062,0.000025,0.000014,34,592,1160,110,1194,702,0,0,1,0
641,21.355,13,6,train,0.000124,60,dining table,0.000020,7,truck,0.000012,0.000007,0.000009,0.000124,0.000012,0.000006,61,199,983,473,1044,672,0,0,0,0
641,21.355,14,6,train,0.000102,60,dining table,0.000030,2,car,0.000027,0.000027,0.000004,0.000102,0.000005,0.000004,44,380,996,304,1040,684,0,0,0,0
641,21.355,15,6,train,0.000095,60,dining table,0.000069,69,oven,0.000015,0.000008,0.000007,0.000095,0.000012,0.000008,23,32,978,657,1001,689,0,0,0,0
641,21.355,16,6,train,0.000072,4,airplane,0.000056,0,person,0.000025,0.000021,0.000004,0.000072,0.000009,0.000009,685,257,590,247,1275,504,1,0,0,0
641,21.355,17,6,train,0.000070,4,airplane,0.000057,0,person,0.000035,0.000018,0.000004,0.000070,0.000010,0.000009,685,252,590,240,1275,492,1,0,0,0
641,21.355,18,6,train,0.000059,60,dining table,0.000015,69,oven,0.000009,0.000005,0.000003,0.000059,0.000004,0.000003,27,141,1010,551,1037,692,0,0,0,0
641,21.355,19,4,airplane,0.000050,6,train,0.000046,0,person,0.000029,0.000013,0.000005,0.000046,0.000009,0.000010,695,217,581,249,1276,466,1,0,0,0
641,21.355,20,6,train,0.000045,60,dining table,0.000013,7,truck,0.000013,0.000005,0.000010,0.000045,0.000013,0.000007,91,33,934,472,1025,505,0,0,0,0
642,21.388,1,2,car,0.001698,13,bench,0.000325,7,truck,0.000156,0.001698,0.000056,0.000054,0.000156,0.000034,291,600,984,105,1275,705,1,0,1,0
642,21.388,2,2,car,0.001530,13,bench,0.000505,7,truck,0.000188,0.001530,0.000094,0.000060,0.000188,0.000049,242,599,1024,107,1266,706,1,0,1,0
642,21.388,3,2,car,0.000844,13,bench,0.000354,6,train,0.000175,0.000844,0.000043,0.000175,0.000068,0.000017,19,594,985,110,1004,704,0,0,1,0
642,21.388,4,2,car,0.000654,13,bench,0.000437,60,dining table,0.000181,0.000654,0.000076,0.000080,0.000160,0.000045,153,597,1108,107,1261,704,1,0,1,0
642,21.388,5,2,car,0.000624,13,bench,0.000258,6,train,0.000146,0.000624,0.000038,0.000146,0.000050,0.000012,29,592,987,111,1016,703,0,0,1,0
642,21.388,6,2,car,0.000561,13,bench,0.000086,7,truck,0.000058,0.000561,0.000016,0.000025,0.000058,0.000014,453,597,823,107,1276,704,1,0,1,0
642,21.388,7,6,train,0.000464,4,airplane,0.000033,7,truck,0.000030,0.000022,0.000020,0.000464,0.000030,0.000010,683,266,589,227,1272,493,1,0,0,0
642,21.388,8,2,car,0.000421,13,bench,0.000186,6,train,0.000136,0.000421,0.000035,0.000136,0.000044,0.000013,21,592,1075,111,1096,703,0,0,1,0
642,21.388,9,2,car,0.000276,13,bench,0.000175,60,dining table,0.000128,0.000276,0.000035,0.000070,0.000049,0.000019,30,593,1167,108,1197,701,0,0,1,0
642,21.388,10,2,car,0.000274,13,bench,0.000143,60,dining table,0.000085,0.000274,0.000027,0.000078,0.000035,0.000012,25,592,1169,110,1194,702,0,0,1,0
642,21.388,11,2,car,0.000269,13,bench,0.000198,60,dining table,0.000102,0.000269,0.000043,0.000062,0.000074,0.000024,117,594,1061,107,1178,701,0,0,1,0
642,21.388,12,6,train,0.000206,60,dining table,0.000035,2,car,0.000017,0.000017,0.000006,0.000206,0.000007,0.000005,19,213,1000,473,1019,686,0,0,0,0
642,21.388,13,2,car,0.000134,13,bench,0.000028,7,truck,0.000020,0.000134,0.000005,0.000010,0.000020,0.000006,548,586,730,119,1278,705,1,0,1,0
642,21.388,14,6,train,0.000098,60,dining table,0.000029,7,truck,0.000014,0.000009,0.000011,0.000098,0.000014,0.000007,52,191,1003,492,1055,683,0,0,0,0
642,21.388,15,6,train,0.000090,60,dining table,0.000082,69,oven,0.000016,0.000009,0.000008,0.000090,0.000013,0.000009,17,30,988,657,1005,687,0,0,0,0
642,21.388,16,6,train,0.000073,2,car,0.000027,60,dining table,0.000014,0.000027,0.000005,0.000073,0.000005,0.000004,37,374,986,312,1023,686,0,0,0,0
642,21.388,17,2,car,0.000060,7,truck,0.000012,6,train,0.000012,0.000060,0.000006,0.000012,0.000012,0.000006,406,364,866,342,1272,706,1,0,1,0
642,21.388,18,6,train,0.000059,0,person,0.000025,4,airplane,0.000020,0.000012,0.000004,0.000059,0.000007,0.000008,689,249,585,259,1274,508,1,0,0,0
642,21.388,19,7,truck,0.000052,2,car,0.000040,9,traffic light,0.000022,0.000040,0.000003,0.000003,0.000052,0.000005,1208,442,70,59,1278,501,1,0,1,0
642,21.388,20,7,truck,0.000050,2,car,0.000046,9,traffic light,0.000031,0.000046,0.000003,0.000002,0.000050,0.000007,1199,451,50,47,1249,498,1,0,1,0
643,21.421,1,2,car,0.001522,13,bench,0.000159,7,truck,0.000135,0.001522,0.000044,0.000038,0.000135,0.000034,320,602,954,103,1274,705,1,0,1,0
643,21.421,2,2,car,0.001241,13,bench,0.000202,7,truck,0.000151,0.001241,0.000067,0.000039,0.000151,0.000043,262,600,1000,106,1262,706,1,0,1,0
643,21.421,3,2,car,0.000608,7,truck,0.000180,13,bench,0.000096,0.000608,0.000016,0.000015,0.000180,0.000040,1064,441,36,40,1100,481,0,0,1,0
643,21.421,4,2,car,0.000540,7,truck,0.000121,8,boat,0.000033,0.000540,0.000012,0.000013,0.000121,0.000033,1065,439,30,36,1095,475,0,0,1,0
643,21.421,5,2,car,0.000531,13,bench,0.000180,6,train,0.000115,0.000531,0.000026,0.000115,0.000043,0.000014,21,593,1006,111,1027,704,0,0,1,0
643,21.421,6,6,train,0.000468,7,truck,0.000030,4,airplane,0.000028,0.000022,0.000018,0.000468,0.000030,0.000010,683,265,590,228,1273,493,1,0,0,0
643,21.421,7,2,car,0.000434,13,bench,0.000050,7,truck,0.000046,0.000434,0.000012,0.000015,0.000046,0.000013,484,597,791,107,1275,704,1,0,1,0
643,21.421,8,2,car,0.000421,13,bench,0.000145,60,dining table,0.000135,0.000421,0.000046,0.000051,0.000104,0.000036,157,597,1103,108,1260,705,1,0,1,0
643,21.421,9,2,car,0.000386,13,bench,0.000126,6,train,0.000114,0.000386,0.000024,0.000114,0.000032,0.000011,31,591,987,112,1018,703,0,0,1,0
643,21.421,10,2,car,0.000232,6,train,0.000100,60,dining table,0.000086,0.000232,0.000020,0.000100,0.000026,0.000011,24,590,1064,113,1088,703,0,0,1,0
643,21.421,11,6,train,0.000216,60,dining table,0.000036,69,oven,0.000013,0.000012,0.000005,0.000216,0.000006,0.000004,23,222,988,461,1011,683,0,0,0,0
643,21.421,12,2,car,0.000159,60,dining table,0.000076,13,bench,0.000064,0.000159,0.000024,0.000039,0.000045,0.000019,133,592,1037,109,1170,701,0,0,1,0
643,21.421,13,2,car,0.000152,7,truck,0.000091,13,bench,0.000040,0.000152,0.000007,0.000008,0.000091,0.000015,1062,437,44,48,1106,485,0,0,1,0
643,21.421,14,6,train,0.000136,60,dining table,0.000032,7,truck,0.000015,0.000009,0.000011,0.000136,0.000015,0.000007,62,194,1007,480,1069,674,0,0,0,0
643,21.421,15,2,car,0.000126,60,dining table,0.000070,6,train,0.000051,0.000126,0.000014,0.000051,0.000018,0.000009,25,589,1169,113,1194,702,0,0,1,0
643,21.421,16,2,car,0.000122,60,dining table,0.000090,13,bench,0.000050,0.000122,0.000016,0.000041,0.000024,0.000013,31,589,1164,112,1195,701,0,0,1,0
643,21.421,17,2,car,0.000093,13,bench,0.000018,7,truck,0.000014,0.000093,0.000003,0.000006,0.000014,0.000005,584,581,694,124,1278,705,1,0,1,0
643,21.421,18,2,car,0.000088,13,bench,0.000052,7,truck,0.000031,0.000088,0.000004,0.000005,0.000031,0.000010,1063,454,46,34,1109,488,0,0,1,0
643,21.421,19,6,train,0.000086,2,car,0.000023,60,dining table,0.000022,0.000023,0.000004,0.000086,0.000005,0.000004,41,379,980,304,1021,683,0,0,0,0
643,21.421,20,2,car,0.000081,0,person,0.000028,7,truck,0.000022,0.000081,0.000003,0.000004,0.000022,0.000008,1061,442,33,39,1094,481,0,0,1,0
644,21.455,1,2,car,0.001536,13,bench,0.000115,7,truck,0.000109,0.001536,0.000033,0.000015,0.000109,0.000028,238,597,1036,109,1274,706,1,0,1,0
644,21.455,2,2,car,0.001249,60,dining table,0.000141,13,bench,0.000141,0.001249,0.000049,0.000019,0.000128,0.000036,204,597,1063,110,1267,707,1,0,1,0
644,21.455,3,2,car,0.000603,13,bench,0.000172,6,train,0.000117,0.000603,0.000028,0.000117,0.000046,0.000013,19,593,1063,111,1082,704,0,0,1,0
644,21.455,4,2,car,0.000575,60,dining table,0.000139,13,bench,0.000129,0.000575,0.000044,0.000031,0.000112,0.000036,106,594,1156,111,1262,705,1,0,1,0
644,21.455,5,2,car,0.000568,6,train,0.000137,13,bench,0.000132,0.000568,0.000029,0.000137,0.000038,0.000012,28,591,1069,113,1097,704,0,0,1,0
644,21.455,6,6,train,0.000419,7,truck,0.000043,4,airplane,0.000033,0.000031,0.000029,0.000419,0.000043,0.000011,684,267,586,226,1270,493,1,0,0,0
644,21.455,7,2,car,0.000416,60,dining table,0.000039,13,bench,0.000038,0.000416,0.000009,0.000006,0.000034,0.000009,420,584,855,122,1275,706,1,0,1,0
644,21.455,8,2,car,0.000371,60,dining table,0.000120,6,train,0.000114,0.000371,0.000026,0.000114,0.000031,0.000011,20,590,1140,114,1160,704,0,0,1,0
644,21.455,9,2,car,0.000256,60,dining table,0.000094,13,bench,0.000071,0.000256,0.000028,0.000033,0.000055,0.000020,83,591,1115,111,1198,702,0,0,1,0
644,21.455,10,6,train,0.000237,60,dining table,0.000031,69,oven,0.000011,0.000011,0.000004,0.000237,0.000005,0.000004,21,239,1045,438,1066,677,0,0,0,0
644,21.455,11,2,car,0.000210,60,dining table,0.000122,13,bench,0.000058,0.000210,0.000020,0.000039,0.000030,0.000014,22,589,1197,112,1219,701,1,0,1,0
644,21.455,12,2,car,0.000181,60,dining table,0.000081,13,bench,0.000047,0.000181,0.000014,0.000046,0.000019,0.000008,17,589,1205,113,1222,702,1,0,1,0
644,21.455,13,6,train,0.000169,7,truck,0.000015,5,bus,0.000013,0.000007,0.000013,0.000169,0.000015,0.000005,119,225,909,290,1028,515,0,0,0,0
644,21.455,14,6,train,0.000159,60,dining table,0.000061,7,truck,0.000017,0.000011,0.000013,0.000159,0.000017,0.000009,51,182,1075,504,1126,686,0,0,0,0
644,21.455,15,6,train,0.000115,2,car,0.000029,60,dining table,0.000029,0.000029,0.000004,0.000115,0.000005,0.000004,38,392,1040,283,1078,675,0,0,0,0
644,21.455,16,2,car,0.000114,13,bench,0.000017,50,broccoli,0.000014,0.000114,0.000003,0.000003,0.000012,0.000004,557,549,721,158,1278,707,1,0,1,0
644,21.455,17,2,car,0.000099,7,truck,0.000018,13,bench,0.000009,0.000099,0.000007,0.000004,0.000018,0.000007,352,331,921,375,1273,706,1,0,1,0
644,21.455,18,6,train,0.000087,60,dining table,0.000036,2,car,0.000015,0.000015,0.000006,0.000087,0.000011,0.000005,68,172,968,507,1036,679,0,0,0,0
644,21.455,19,2,car,0.000070,60,dining table,0.000024,7,truck,0.000010,0.000070,0.000003,0.000004,0.000010,0.000006,575,259,702,446,1277,705,1,0,1,0
644,21.455,20,60,dining table,0.000067,6,train,0.000060,69,oven,0.000013,0.000008,0.000005,0.000060,0.000011,0.000006,56,54,985,646,1041,700,0,0,0,0
645,21.488,1,2,car,0.000809,13,bench,0.000190,6,train,0.000151,0.000809,0.000037,0.000151,0.000058,0.000018,18,592,1098,112,1116,704,0,0,1,0
645,21.488,2,2,car,0.000670,13,bench,0.000151,6,train,0.000149,0.000670,0.000034,0.000149,0.000043,0.000013,27,591,1099,112,1126,703,0,0,1,0
645,21.488,3,6,train,0.000499,5,bus,0.000023,2,car,0.000017,0.000017,0.000023,0.000499,0.000013,0.000007,532,266,467,231,999,497,0,0,0,0
645,21.488,4,2,car,0.000456,13,bench,0.000182,60,dining table,0.000084,0.000456,0.000021,0.000022,0.000048,0.000018,296,598,976,107,1272,705,1,0,1,0
645,21.488,5,2,car,0.000439,6,train,0.000158,60,dining table,0.000145,0.000439,0.000033,0.000158,0.000036,0.000014,19,590,1134,114,1153,704,0,0,1,0
645,21.488,6,2,car,0.000364,13,bench,0.000219,60,dining table,0.000118,0.000364,0.000031,0.000025,0.000057,0.000023,266,597,993,110,1259,707,1,0,1,0
645,21.488,7,2,car,0.000236,13,bench,0.000196,60,dining table,0.000130,0.000236,0.000030,0.000042,0.000061,0.000026,143,593,1115,112,1258,705,1,0,1,0
645,21.488,8,2,car,0.000224,60,dining table,0.000116,13,bench,0.000084,0.000224,0.000021,0.000081,0.000025,0.000011,22,590,1186,112,1208,702,0,0,1,0
645,21.488,9,6,train,0.000212,7,truck,0.000015,5,bus,0.000013,0.000009,0.000013,0.000212,0.000015,0.000006,115,219,905,311,1020,530,0,0,0,0
645,21.488,10,2,car,0.000171,60,dining table,0.000128,13,bench,0.000092,0.000171,0.000020,0.000057,0.000025,0.000013,34,591,1163,110,1197,701,0,0,1,0
645,21.488,11,6,train,0.000164,4,airplane,0.000049,0,person,0.000025,0.000022,0.000013,0.000164,0.000016,0.000013,681,253,593,254,1274,507,1,0,0,0
645,21.488,12,2,car,0.000159,13,bench,0.000052,60,dining table,0.000032,0.000159,0.000007,0.000011,0.000020,0.000008,472,592,802,113,1274,705,1,0,1,0
645,21.488,13,2,car,0.000151,13,bench,0.000107,60,dining table,0.000098,0.000151,0.000023,0.000047,0.000038,0.000017,101,592,1077,109,1178,701,0,0,1,0
645,21.488,14,6,train,0.000141,60,dining table,0.000027,2,car,0.000011,0.000011,0.000003,0.000141,0.000004,0.000004,21,234,1064,447,1085,681,0,0,0,0
645,21.488,15,6,train,0.000133,60,dining table,0.000063,7,truck,0.000015,0.000010,0.000010,0.000133,0.000015,0.000008,59,170,1086,513,1145,683,0,0,0,0
645,21.488,16,7,truck,0.000131,9,traffic light,0.000108,2,car,0.000061,0.000061,0.000011,0.000008,0.000131,0.000010,1221,444,55,59,1276,503,1,0,1,0
645,21.488,17,9,traffic light,0.000121,0,person,0.000038,7,truck,0.000030,0.000026,0.000003,0.000002,0.000030,0.000005,1221,444,31,47,1252,491,1,0,0,0
645,21.488,18,6,train,0.000116,4,airplane,0.000026,2,car,0.000016,0.000016,0.000008,0.000116,0.000008,0.000008,684,253,590,276,1274,529,1,0,0,0
645,21.488,19,9,traffic light,0.000115,7,truck,0.000064,2,car,0.000037,0.000037,0.000005,0.000005,0.000064,0.000008,1221,443,53,59,1274,502,1,0,0,0
645,21.488,20,6,train,0.000075,60,dining table,0.000017,0,person,0.000017,0.000012,0.000007,0.000075,0.000005,0.000004,194,259,840,387,1034,646,0,0,0,0
646,21.521,1,6,train,0.855827,5,bus,0.084584,7,truck,0.000702,0.000102,0.084584,0.855827,0.000702,0.000203,685,262,317,235,1002,497,0,1,0,0
646,21.521,2,6,train,0.798904,5,bus,0.246241,7,truck,0.000567,0.000157,0.246241,0.798904,0.000567,0.000239,685,261,317,236,1002,497,0,1,0,0
646,21.521,3,6,train,0.781923,5,bus,0.133649,7,truck,0.000539,0.000056,0.133649,0.781923,0.000539,0.000174,685,261,317,236,1002,497,0,1,0,0
646,21.521,4,6,train,0.775847,5,bus,0.063020,7,truck,0.000604,0.000071,0.063020,0.775847,0.000604,0.000167,686,262,317,235,1003,497,0,1,0,0
646,21.521,5,6,train,0.762778,5,bus,0.193815,7,truck,0.000443,0.000078,0.193815,0.762778,0.000443,0.000150,685,261,317,237,1002,498,0,1,0,0
646,21.521,6,6,train,0.751897,5,bus,0.091532,7,truck,0.000290,0.000036,0.091532,0.751897,0.000290,0.000119,687,262,316,236,1003,498,0,1,0,0
646,21.521,7,6,train,0.703497,5,bus,0.216214,4,airplane,0.000375,0.000039,0.216214,0.703497,0.000189,0.000121,686,261,316,238,1002,499,0,1,0,0
646,21.521,8,6,train,0.697531,5,bus,0.149641,7,truck,0.000336,0.000030,0.149641,0.697531,0.000336,0.000160,686,261,317,237,1003,498,0,1,0,0
646,21.521,9,6,train,0.687648,5,bus,0.096966,7,truck,0.000694,0.000055,0.096966,0.687648,0.000694,0.000199,685,261,318,237,1003,498,0,1,0,0
646,21.521,10,6,train,0.658666,5,bus,0.209461,7,truck,0.002494,0.000563,0.209461,0.658666,0.002494,0.000674,687,261,315,237,1002,498,0,1,0,0
646,21.521,11,2,car,0.000750,13,bench,0.000165,60,dining table,0.000071,0.000750,0.000027,0.000018,0.000069,0.000020,320,598,953,109,1273,707,1,0,1,0
646,21.521,12,2,car,0.000692,13,bench,0.000230,6,train,0.000143,0.000692,0.000038,0.000143,0.000054,0.000017,19,593,1058,111,1077,704,0,0,1,0
646,21.521,13,2,car,0.000593,13,bench,0.000171,6,train,0.000143,0.000593,0.000037,0.000143,0.000041,0.000011,25,592,1053,112,1078,704,0,0,1,0
646,21.521,14,2,car,0.000540,13,bench,0.000177,60,dining table,0.000103,0.000540,0.000037,0.000021,0.000074,0.000022,257,597,1008,110,1265,707,1,0,1,0
646,21.521,15,2,car,0.000402,6,train,0.000148,13,bench,0.000131,0.000402,0.000036,0.000148,0.000036,0.000010,20,591,1108,113,1128,704,0,0,1,0
646,21.521,16,6,train,0.000370,5,bus,0.000051,60,dining table,0.000023,0.000020,0.000051,0.000370,0.000016,0.000008,520,264,485,239,1005,503,0,0,0,0
646,21.521,17,7,truck,0.000317,2,car,0.000114,9,traffic light,0.000084,0.000114,0.000015,0.000011,0.000317,0.000015,1217,445,60,56,1277,501,1,0,1,0
646,21.521,18,2,car,0.000309,13,bench,0.000062,60,dining table,0.000036,0.000309,0.000010,0.000011,0.000033,0.000010,472,593,803,114,1275,707,1,0,1,0
646,21.521,19,2,car,0.000297,13,bench,0.000151,60,dining table,0.000106,0.000297,0.000036,0.000033,0.000069,0.000022,145,593,1114,112,1259,705,1,0,1,0
646,21.521,20,2,car,0.000206,60,dining table,0.000111,13,bench,0.000102,0.000206,0.000027,0.000058,0.000030,0.000012,32,591,1172,110,1204,701,0,0,1,0
647,21.555,1,6,train,0.878908,5,bus,0.034322,7,truck,0.000371,0.000041,0.034322,0.878908,0.000371,0.000117,687,258,326,240,1013,498,0,1,0,0
647,21.555,2,6,train,0.833391,5,bus,0.130913,7,truck,0.000382,0.000077,0.130913,0.833391,0.000382,0.000180,687,257,327,241,1014,498,0,1,0,0
647,21.555,3,6,train,0.821181,5,bus,0.050338,7,truck,0.000208,0.000026,0.050338,0.821181,0.000208,0.000115,688,257,326,242,1014,499,0,1,0,0
647,21.555,4,6,train,0.814418,5,bus,0.099201,7,truck,0.000371,0.000048,0.099201,0.814418,0.000371,0.000151,687,257,327,241,1014,498,0,1,0,0
647,21.555,5,6,train,0.811939,5,bus,0.028977,7,truck,0.000377,0.000040,0.028977,0.811939,0.000377,0.000123,688,258,326,240,1014,498,0,1,0,0
647,21.555,6,6,train,0.802975,5,bus,0.077245,7,truck,0.000325,0.000024,0.077245,0.802975,0.000325,0.000088,687,257,327,241,1014,498,0,1,0,0
647,21.555,7,6,train,0.792437,5,bus,0.131078,4,airplane,0.000388,0.000025,0.131078,0.792437,0.000149,0.000140,688,258,326,241,1014,499,0,1,0,0
647,21.555,8,6,train,0.746838,5,bus,0.059175,7,truck,0.000496,0.000027,0.059175,0.746838,0.000496,0.000130,687,257,327,241,1014,498,0,1,0,0
647,21.555,9,6,train,0.746331,5,bus,0.091942,7,truck,0.000248,0.000017,0.091942,0.746331,0.000248,0.000127,688,257,326,242,1014,499,0,1,0,0
647,21.555,10,6,train,0.699698,5,bus,0.105987,7,truck,0.001869,0.000479,0.105987,0.699698,0.001869,0.000681,689,257,325,241,1014,498,0,1,0,0
647,21.555,11,2,car,0.000673,13,bench,0.000360,6,train,0.000165,0.000673,0.000042,0.000165,0.000056,0.000017,16,595,1113,109,1129,704,0,0,1,0
647,21.555,12,6,train,0.000646,5,bus,0.000053,60,dining table,0.000035,0.000025,0.000053,0.000646,0.000022,0.000010,534,261,497,239,1031,500,0,0,0,0
647,21.555,13,2,car,0.000640,13,bench,0.000313,6,train,0.000173,0.000640,0.000043,0.000173,0.000044,0.000014,20,594,1093,111,1113,705,0,0,1,0
647,21.555,14,2,car,0.000556,13,bench,0.000284,6,train,0.000217,0.000556,0.000052,0.000217,0.000045,0.000015,18,593,1121,111,1139,704,0,0,1,0
647,21.555,15,2,car,0.000525,13,bench,0.000274,60,dining table,0.000082,0.000525,0.000021,0.000016,0.000058,0.000023,325,600,948,107,1273,707,1,0,1,0
647,21.555,16,2,car,0.000496,13,bench,0.000385,60,dining table,0.000147,0.000496,0.000033,0.000023,0.000079,0.000028,244,599,1019,109,1263,708,1,0,1,0
647,21.555,17,6,train,0.000322,4,airplane,0.000058,5,bus,0.000027,0.000019,0.000027,0.000322,0.000027,0.000013,680,246,596,254,1276,500,1,0,0,0
647,21.555,18,2,car,0.000267,13,bench,0.000265,60,dining table,0.000116,0.000267,0.000028,0.000034,0.000065,0.000025,134,595,1125,110,1259,705,1,0,1,0
647,21.555,19,6,train,0.000257,5,bus,0.000042,4,airplane,0.000010,0.000010,0.000042,0.000257,0.000007,0.000005,657,256,364,319,1021,575,0,0,0,0
647,21.555,20,2,car,0.000253,13,bench,0.000196,60,dining table,0.000155,0.000253,0.000031,0.000081,0.000035,0.000016,31,593,1177,109,1208,702,0,0,1,0
648,21.588,1,6,train,0.865734,5,bus,0.019916,7,truck,0.000345,0.000023,0.019916,0.865734,0.000345,0.000130,689,255,335,243,1024,498,0,1,0,0
648,21.588,2,6,train,0.821488,5,bus,0.031989,7,truck,0.000602,0.000030,0.031989,0.821488,0.000602,0.000149,690,255,335,243,1025,498,0,1,0,0
648,21.588,3,6,train,0.803328,5,bus,0.074173,7,truck,0.000340,0.000029,0.074173,0.803328,0.000340,0.000165,690,254,335,245,1025,499,0,1,0,0
648,21.588,4,6,train,0.795835,5,bus,0.059954,7,truck,0.000332,0.000019,0.059954,0.795835,0.000332,0.000122,688,253,336,245,1024,498,0,1,0,0
648,21.588,5,6,train,0.788045,5,bus,0.119113,4,airplane,0.000360,0.000060,0.119113,0.788045,0.000325,0.000168,689,253,335,246,1024,499,0,1,0,0
648,21.588,6,6,train,0.777959,5,bus,0.109655,7,truck,0.000340,0.000035,0.109655,0.777959,0.000340,0.000120,689,253,336,246,1025,499,0,1,0,0
648,21.588,7,6,train,0.762960,5,bus,0.069528,7,truck,0.000542,0.000018,0.069528,0.762960,0.000542,0.000120,689,254,336,245,1025,499,0,1,0,0
648,21.588,8,6,train,0.739978,5,bus,0.216561,4,airplane,0.000836,0.000037,0.216561,0.739978,0.000244,0.000175,690,254,335,245,1025,499,0,1,0,0
648,21.588,9,6,train,0.727386,5,bus,0.135221,7,truck,0.000356,0.000019,0.135221,0.727386,0.000356,0.000188,690,254,335,245,1025,499,0,1,0,0
648,21.588,10,6,train,0.669741,5,bus,0.048269,7,truck,0.002378,0.000173,0.048269,0.669741,0.002378,0.000377,691,254,333,243,1024,497,0,1,0,0
648,21.588,11,6,train,0.003668,5,bus,0.000615,7,truck,0.000022,0.000005,0.000615,0.003668,0.000022,0.000014,690,253,334,245,1024,498,0,0,0,0
648,21.588,12,2,car,0.001438,13,bench,0.000596,6,train,0.000185,0.001438,0.000053,0.000185,0.000088,0.000022,11,594,1129,112,1140,706,0,0,1,0
648,21.588,13,2,car,0.001350,13,bench,0.000482,6,train,0.000192,0.001350,0.000056,0.000192,0.000069,0.000018,12,594,1096,112,1108,706,0,0,1,0
648,21.588,14,2,car,0.001105,13,bench,0.000394,6,train,0.000242,0.001105,0.000066,0.000242,0.000065,0.000018,14,593,1128,112,1142,705,0,0,1,0
648,21.588,15,2,car,0.000724,13,bench,0.000338,60,dining table,0.000140,0.000724,0.000049,0.000028,0.000117,0.000037,243,600,1022,107,1265,707,1,0,1,0
648,21.588,16,2,car,0.000704,13,bench,0.000228,7,truck,0.000085,0.000704,0.000032,0.000020,0.000085,0.000031,326,602,947,105,1273,707,1,0,1,0
648,21.588,17,6,train,0.000550,5,bus,0.000067,60,dining table,0.000044,0.000040,0.000067,0.000550,0.000028,0.000012,518,258,521,246,1039,504,0,0,0,0
648,21.588,18,2,car,0.000520,13,bench,0.000234,60,dining table,0.000228,0.000520,0.000046,0.000116,0.000058,0.000020,23,593,1180,109,1203,702,0,0,1,0
648,21.588,19,2,car,0.000489,13,bench,0.000198,60,dining table,0.000115,0.000489,0.000033,0.000105,0.000038,0.000012,13,593,1192,110,1205,703,0,0,1,0
648,21.588,20,2,car,0.000394,13,bench,0.000240,60,dining table,0.000117,0.000394,0.000037,0.000039,0.000087,0.000029,135,596,1122,109,1257,705,1,0,1,0
649,21.622,1,6,train,0.890548,5,bus,0.003901,4,airplane,0.000136,0.000016,0.003901,0.890548,0.000129,0.000106,692,249,342,250,1034,499,0,1,0,0
649,21.622,2,6,train,0.888003,5,bus,0.001585,7,truck,0.000132,0.000011,0.001585,0.888003,0.000132,0.000094,691,251,342,247,1033,498,0,1,0,0
649,21.622,3,6,train,0.881321,5,bus,0.009982,4,airplane,0.000453,0.000020,0.009982,0.881321,0.000074,0.000131,692,250,342,249,1034,499,0,1,0,0
649,21.622,4,6,train,0.880086,5,bus,0.004884,4,airplane,0.000187,0.000014,0.004884,0.880086,0.000066,0.000105,691,249,343,249,1034,498,0,1,0,0
649,21.622,5,6,train,0.879795,5,bus,0.001524,7,truck,0.000132,0.000010,0.001524,0.879795,0.000132,0.000064,692,250,342,248,1034,498,0,1,0,0
649,21.622,6,6,train,0.879050,5,bus,0.002823,7,truck,0.000103,0.000007,0.002823,0.879050,0.000103,0.000062,691,249,343,250,1034,499,0,1,0,0
649,21.622,7,6,train,0.874465,5,bus,0.003418,8,boat,0.000114,0.000009,0.003418,0.874465,0.000106,0.000114,691,249,342,250,1033,499,0,1,0,0
649,21.622,8,6,train,0.867032,5,bus,0.005907,4,airplane,0.000161,0.000010,0.005907,0.867032,0.000112,0.000117,692,249,342,250,1034,499,0,1,0,0
649,21.622,9,6,train,0.866477,5,bus,0.002484,4,airplane,0.000090,0.000006,0.002484,0.866477,0.000039,0.000044,691,249,343,250,1034,499,0,1,0,0
649,21.622,10,6,train,0.827550,5,bus,0.008431,7,truck,0.000806,0.000072,0.008431,0.827550,0.000806,0.000242,693,250,339,247,1032,497,0,1,0,0
649,21.622,11,2,car,0.001353,13,bench,0.000602,6,train,0.000293,0.001353,0.000059,0.000293,0.000087,0.000025,10,593,1150,113,1160,706,0,0,1,0
649,21.622,12,2,car,0.001337,13,bench,0.000488,6,train,0.000363,0.001337,0.000065,0.000363,0.000070,0.000021,10,593,1124,113,1134,706,0,0,1,0
649,21.622,13,6,train,0.001004,60,dining table,0.000052,5,bus,0.000030,0.000030,0.000030,0.001004,0.000022,0.000011,519,258,523,241,1042,499,0,0,0,0
649,21.622,14,2,car,0.000947,6,train,0.000445,13,bench,0.000337,0.000947,0.000070,0.000445,0.000059,0.000019,13,592,1155,113,1168,705,0,0,1,0
649,21.622,15,6,train,0.000481,4,airplane,0.000051,7,truck,0.000027,0.000014,0.000022,0.000481,0.000027,0.000011,687,242,589,257,1276,499,1,0,0,0
649,21.622,16,6,train,0.000469,4,airplane,0.000108,7,truck,0.000040,0.000019,0.000032,0.000469,0.000040,0.000026,682,235,594,247,1276,482,1,0,0,0
649,21.622,17,2,car,0.000426,13,bench,0.000279,60,dining table,0.000094,0.000426,0.000026,0.000042,0.000070,0.000034,327,603,945,104,1272,707,1,0,1,0
649,21.622,18,2,car,0.000414,13,bench,0.000356,60,dining table,0.000178,0.000414,0.000035,0.000053,0.000085,0.000037,239,601,1022,107,1261,708,1,0,1,0
649,21.622,19,2,car,0.000385,60,dining table,0.000385,6,train,0.000205,0.000385,0.000039,0.000205,0.000043,0.000021,20,593,1187,110,1207,703,0,0,1,0
649,21.622,20,2,car,0.000373,6,train,0.000181,60,dining table,0.000179,0.000373,0.000030,0.000181,0.000030,0.000013,11,593,1208,111,1219,704,1,0,1,0
650,21.655,1,6,train,0.875027,5,bus,0.033094,4,airplane,0.000353,0.000048,0.033094,0.875027,0.000241,0.000247,695,245,352,254,1047,499,0,1,0,0
650,21.655,2,6,train,0.864144,5,bus,0.071047,4,airplane,0.000356,0.000026,0.071047,0.864144,0.000238,0.000214,695,245,352,254,1047,499,0,1,0,0
650,21.655,3,6,train,0.862455,5,bus,0.023589,4,airplane,0.000195,0.000009,0.023589,0.862455,0.000038,0.000052,694,246,353,253,1047,499,0,1,0,0
650,21.655,4,6,train,0.860698,5,bus,0.017246,7,truck,0.000071,0.000005,0.017246,0.860698,0.000071,0.000057,694,245,353,254,1047,499,0,1,0,0
650,21.655,5,6,train,0.856183,5,bus,0.010342,7,truck,0.000101,0.000010,0.010342,0.856183,0.000101,0.000082,695,246,352,253,1047,499,0,1,0,0
650,21.655,6,6,train,0.845921,5,bus,0.009000,7,truck,0.000158,0.000015,0.009000,0.845921,0.000158,0.000135,693,247,354,252,1047,499,0,1,0,0
650,21.655,7,6,train,0.841781,5,bus,0.020171,7,truck,0.000132,0.000011,0.020171,0.841781,0.000132,0.000128,694,245,353,254,1047,499,0,1,0,0
650,21.655,8,6,train,0.829646,5,bus,0.042852,4,airplane,0.000324,0.000024,0.042852,0.829646,0.000088,0.000133,693,246,354,253,1047,499,0,1,0,0
650,21.655,9,6,train,0.822640,5,bus,0.109154,4,airplane,0.000947,0.000060,0.109154,0.822640,0.000210,0.000237,695,246,353,253,1048,499,0,1,0,0
650,21.655,10,6,train,0.766716,5,bus,0.032244,7,truck,0.000813,0.000109,0.032244,0.766716,0.000813,0.000225,695,245,352,253,1047,498,0,1,0,0
650,21.655,11,2,car,0.000882,13,bench,0.000395,6,train,0.000180,0.000882,0.000044,0.000180,0.000074,0.000020,11,593,1178,113,1189,706,0,0,1,0
650,21.655,12,2,car,0.000878,13,bench,0.000392,6,train,0.000222,0.000878,0.000050,0.000222,0.000055,0.000016,10,592,1165,114,1175,706,0,0,1,0
650,21.655,13,6,train,0.000844,5,bus,0.000051,60,dining table,0.000048,0.000044,0.000051,0.000844,0.000029,0.000012,515,260,551,241,1066,501,0,0,0,0
650,21.655,14,2,car,0.000630,13,bench,0.000295,6,train,0.000267,0.000630,0.000057,0.000267,0.000045,0.000013,14,592,1178,114,1192,706,0,0,1,0
650,21.655,15,2,car,0.000532,13,bench,0.000273,60,dining table,0.000088,0.000532,0.000030,0.000041,0.000083,0.000038,325,601,947,107,1272,708,1,0,1,0
650,21.655,16,2,car,0.000466,13,bench,0.000360,60,dining table,0.000135,0.000466,0.000034,0.000048,0.000090,0.000035,235,600,1028,109,1263,709,1,0,1,0
650,21.655,17,2,car,0.000349,13,bench,0.000206,60,dining table,0.000197,0.000349,0.000038,0.000157,0.000040,0.000015,21,594,1204,110,1225,704,1,0,1,0
650,21.655,18,2,car,0.000341,13,bench,0.000169,6,train,0.000158,0.000341,0.000033,0.000158,0.000030,0.000010,12,593,1224,112,1236,705,1,0,1,0
650,21.655,19,6,train,0.000338,60,dining table,0.000254,7,truck,0.000024,0.000020,0.000017,0.000338,0.000024,0.000012,63,154,1081,524,1144,678,0,0,0,0
650,21.655,20,2,car,0.000333,13,bench,0.000298,60,dining table,0.000127,0.000333,0.000030,0.000070,0.000074,0.000030,123,596,1135,110,1258,706,1,0,1,0
651,21.688,1,6,train,0.893746,5,bus,0.004524,4,airplane,0.000262,0.000043,0.004524,0.893746,0.000226,0.000250,696,241,363,260,1059,501,0,1,0,0
651,21.688,2,6,train,0.887537,5,bus,0.006631,4,airplane,0.000237,0.000023,0.006631,0.887537,0.000172,0.000207,697,241,362,260,1059,501,0,1,0,0
651,21.688,3,6,train,0.880960,5,bus,0.001561,7,truck,0.000082,0.000008,0.001561,0.880960,0.000082,0.000068,696,241,363,260,1059,501,0,1,0,0
651,21.688,4,6,train,0.879168,5,bus,0.013149,4,airplane,0.000656,0.000057,0.013149,0.879168,0.000179,0.000254,696,242,364,259,1060,501,0,1,0,0
651,21.688,5,6,train,0.870113,5,bus,0.001383,7,truck,0.000126,0.000011,0.001383,0.870113,0.000126,0.000112,695,242,364,259,1059,501,0,1,0,0
651,21.688,6,6,train,0.869903,5,bus,0.002040,8,boat,0.000135,0.000007,0.002040,0.869903,0.000084,0.000135,696,241,363,260,1059,501,0,1,0,0
651,21.688,7,6,train,0.866346,5,bus,0.002031,8,boat,0.000060,0.000005,0.002031,0.866346,0.000054,0.000060,696,240,363,261,1059,501,0,1,0,0
651,21.688,8,6,train,0.865035,5,bus,0.003611,4,airplane,0.000188,0.000010,0.003611,0.865035,0.000055,0.000092,695,242,364,259,1059,501,0,1,0,0
651,21.688,9,6,train,0.857065,5,bus,0.002505,4,airplane,0.000123,0.000005,0.002505,0.857065,0.000028,0.000042,696,242,363,259,1059,501,0,1,0,0
651,21.688,10,6,train,0.837475,5,bus,0.007933,7,truck,0.000579,0.000073,0.007933,0.837475,0.000579,0.000249,696,240,363,259,1059,499,0,1,0,0
651,21.688,11,6,train,0.001259,2,car,0.000044,60,dining table,0.000044,0.000044,0.000043,0.001259,0.000031,0.000012,524,258,550,240,1074,498,0,0,0,0
651,21.688,12,2,car,0.000564,13,bench,0.000219,6,train,0.000132,0.000564,0.000034,0.000132,0.000062,0.000021,14,594,1148,111,1162,705,0,0,1,0
651,21.688,13,2,car,0.000511,13,bench,0.000237,60,dining table,0.000097,0.000511,0.000024,0.000038,0.000077,0.000030,364,602,909,107,1273,709,1,0,1,0
651,21.688,14,2,car,0.000459,13,bench,0.000269,60,dining table,0.000144,0.000459,0.000029,0.000047,0.000088,0.000031,286,601,971,108,1257,709,1,0,1,0
651,21.688,15,2,car,0.000445,13,bench,0.000184,6,train,0.000126,0.000445,0.000029,0.000126,0.000039,0.000015,12,592,1141,114,1153,706,0,0,1,0
651,21.688,16,6,train,0.000405,60,dining table,0.000255,7,truck,0.000027,0.000022,0.000019,0.000405,0.000027,0.000013,69,159,1061,514,1130,673,0,0,0,0
651,21.688,17,6,train,0.000349,7,truck,0.000029,5,bus,0.000026,0.000012,0.000026,0.000349,0.000029,0.000013,688,235,585,244,1273,479,1,0,0,0
651,21.688,18,6,train,0.000312,4,airplane,0.000033,62,tv,0.000011,0.000011,0.000010,0.000312,0.000009,0.000009,695,237,584,265,1279,502,1,0,0,0
651,21.688,19,2,car,0.000274,13,bench,0.000195,60,dining table,0.000134,0.000274,0.000022,0.000065,0.000064,0.000027,157,597,1099,110,1256,707,1,0,1,0
651,21.688,20,2,car,0.000262,6,train,0.000131,13,bench,0.000116,0.000262,0.000025,0.000131,0.000026,0.000010,17,592,1148,114,1165,706,0,0,1,0
652,21.722,1,6,train,0.885292,5,bus,0.008189,7,truck,0.000552,0.000070,0.008189,0.885292,0.000552,0.000154,697,237,374,266,1071,503,0,1,0,0
652,21.722,2,6,train,0.879008,5,bus,0.001776,7,truck,0.000181,0.000017,0.001776,0.879008,0.000181,0.000075,696,237,375,267,1071,504,0,1,0,0
652,21.722,3,6,train,0.876000,5,bus,0.009199,4,airplane,0.000249,0.000014,0.009199,0.876000,0.000073,0.000050,696,237,376,267,1072,504,0,1,0,0
652,21.722,4,6,train,0.873696,5,bus,0.005400,7,truck,0.000234,0.000022,0.005400,0.873696,0.000234,0.000066,696,237,375,269,1071,506,0,1,0,0
652,21.722,5,6,train,0.871747,5,bus,0.002835,7,truck,0.000370,0.000034,0.002835,0.871747,0.000370,0.000073,696,238,375,267,1071,505,0,1,0,0
652,21.722,6,6,train,0.861240,5,bus,0.003032,7,truck,0.000138,0.000010,0.003032,0.861240,0.000138,0.000076,696,236,375,269,1071,505,0,1,0,0
652,21.722,7,6,train,0.860781,5,bus,0.007101,4,airplane,0.000262,0.000021,0.007101,0.860781,0.000100,0.000065,695,238,376,266,1071,504,0,1,0,0
652,21.722,8,6,train,0.854401,5,bus,0.002807,7,truck,0.000141,0.000011,0.002807,0.854401,0.000141,0.000052,697,236,375,268,1072,504,0,1,0,0
652,21.722,9,6,train,0.850056,5,bus,0.004846,7,truck,0.000125,0.000007,0.004846,0.850056,0.000125,0.000056,697,235,374,270,1071,505,0,1,0,0
652,21.722,10,6,train,0.841286,5,bus,0.010986,4,airplane,0.000494,0.000104,0.010986,0.841286,0.000337,0.000117,697,238,374,267,1071,505,0,1,0,0
652,21.722,11,6,train,0.001842,7,truck,0.000192,5,bus,0.000187,0.000137,0.000187,0.001842,0.000192,0.000063,1062,426,216,79,1278,505,1,0,0,0
652,21.722,12,6,train,0.001825,7,truck,0.000270,5,bus,0.000231,0.000200,0.000231,0.001825,0.000270,0.000055,1062,426,217,78,1279,504,1,0,0,0
652,21.722,13,6,train,0.001437,7,truck,0.000119,2,car,0.000084,0.000084,0.000084,0.001437,0.000119,0.000036,1062,407,217,92,1279,499,1,0,0,0
652,21.722,14,6,train,0.001384,7,truck,0.000151,4,airplane,0.000128,0.000126,0.000124,0.001384,0.000151,0.000062,1062,427,217,79,1279,506,1,0,0,0
652,21.722,15,6,train,0.001199,7,truck,0.000076,4,airplane,0.000054,0.000041,0.000053,0.001199,0.000076,0.000032,1062,401,216,99,1278,500,1,0,0,0
652,21.722,16,6,train,0.001081,4,airplane,0.000112,7,truck,0.000098,0.000049,0.000056,0.001081,0.000098,0.000046,1062,376,217,126,1279,502,1,0,0,0
652,21.722,17,6,train,0.001062,2,car,0.000058,5,bus,0.000052,0.000058,0.000052,0.001062,0.000040,0.000012,505,254,589,253,1094,507,0,0,0,0
652,21.722,18,6,train,0.000944,7,truck,0.000074,4,airplane,0.000056,0.000037,0.000038,0.000944,0.000074,0.000038,1060,361,219,137,1279,498,1,0,0,0
652,21.722,19,6,train,0.000908,4,airplane,0.000135,7,truck,0.000105,0.000044,0.000049,0.000908,0.000105,0.000051,1061,359,218,141,1279,500,1,0,0,0
652,21.722,20,6,train,0.000793,7,truck,0.000082,2,car,0.000062,0.000062,0.000041,0.000793,0.000082,0.000036,1061,364,218,131,1279,495,1,0,0,0
653,21.755,1,6,train,0.863119,5,bus,0.003962,7,truck,0.000504,0.000045,0.003962,0.863119,0.000504,0.000126,696,231,391,273,1087,504,0,1,0,0
653,21.755,2,6,train,0.859366,5,bus,0.005930,11,stop sign,0.000199,0.000013,0.005930,0.859366,0.000136,0.000051,695,231,392,273,1087,504,0,1,0,0
653,21.755,3,6,train,0.857427,5,bus,0.001077,7,truck,0.000269,0.000016,0.001077,0.857427,0.000269,0.000078,695,231,392,273,1087,504,0,1,0,0
653,21.755,4,6,train,0.855331,5,bus,0.005785,7,truck,0.000504,0.000063,0.005785,0.855331,0.000504,0.000088,696,231,391,274,1087,505,0,1,0,0
653,21.755,5,6,train,0.852332,5,bus,0.002132,7,truck,0.000221,0.000011,0.002132,0.852332,0.000221,0.000078,695,231,392,274,1087,505,0,1,0,0
653,21.755,6,6,train,0.844729,5,bus,0.003385,11,stop sign,0.000175,0.000014,0.003385,0.844729,0.000157,0.000050,695,231,392,273,1087,504,0,1,0,0
653,21.755,7,6,train,0.839948,5,bus,0.001282,7,truck,0.000519,0.000021,0.001282,0.839948,0.000519,0.000070,695,231,392,274,1087,505,0,1,0,0
653,21.755,8,6,train,0.835076,5,bus,0.003465,7,truck,0.000404,0.000021,0.003465,0.835076,0.000404,0.000068,695,231,392,275,1087,506,0,1,0,0
653,21.755,9,6,train,0.827970,5,bus,0.003297,7,truck,0.000231,0.000009,0.003297,0.827970,0.000231,0.000062,696,230,391,275,1087,505,0,1,0,0
653,21.755,10,6,train,0.815227,5,bus,0.001691,7,truck,0.000209,0.000011,0.001691,0.815227,0.000209,0.000054,695,230,393,275,1088,505,0,1,0,0
653,21.755,11,6,train,0.004330,7,truck,0.000182,5,bus,0.000156,0.000139,0.000156,0.004330,0.000182,0.000091,1076,368,203,138,1279,506,1,0,0,0
653,21.755,12,6,train,0.002953,5,bus,0.000263,7,truck,0.000243,0.000200,0.000263,0.002953,0.000243,0.000076,1077,411,202,95,1279,506,1,0,0,0
653,21.755,13,6,train,0.002889,2,car,0.000129,7,truck,0.000124,0.000129,0.000081,0.002889,0.000124,0.000072,1075,367,204,135,1279,502,1,0,0,0
653,21.755,14,6,train,0.002765,7,truck,0.000152,5,bus,0.000150,0.000124,0.000150,0.002765,0.000152,0.000097,1077,399,202,108,1279,507,1,0,0,0
653,21.755,15,6,train,0.002763,4,airplane,0.000435,7,truck,0.000108,0.000054,0.000036,0.002763,0.000108,0.000043,1071,253,208,254,1279,507,1,0,0,0
653,21.755,16,6,train,0.002746,7,truck,0.000245,4,airplane,0.000234,0.000088,0.000114,0.002746,0.000245,0.000126,1075,361,204,146,1279,507,1,0,0,0
653,21.755,17,6,train,0.002731,7,truck,0.000090,8,boat,0.000085,0.000062,0.000072,0.002731,0.000090,0.000085,1076,365,203,142,1279,507,1,0,0,0
653,21.755,18,6,train,0.002692,4,airplane,0.000112,7,truck,0.000103,0.000071,0.000062,0.002692,0.000103,0.000083,1076,363,203,142,1279,505,1,0,0,0
653,21.755,19,6,train,0.002525,4,airplane,0.000099,7,truck,0.000095,0.000051,0.000070,0.002525,0.000095,0.000094,1076,362,203,145,1279,507,1,0,0,0
653,21.755,20,6,train,0.002437,2,car,0.000079,7,truck,0.000079,0.000079,0.000051,0.002437,0.000079,0.000073,1075,365,204,140,1279,505,1,0,0,0
654,21.788,1,6,train,0.877812,5,bus,0.001354,7,truck,0.000154,0.000013,0.001354,0.877812,0.000154,0.000072,693,226,410,279,1103,505,0,1,0,0
654,21.788,2,6,train,0.877784,5,bus,0.002562,7,truck,0.000116,0.000009,0.002562,0.877784,0.000116,0.000063,694,226,409,279,1103,505,0,1,0,0
654,21.788,3,6,train,0.871548,5,bus,0.007679,7,truck,0.000507,0.000108,0.007679,0.871548,0.000507,0.000092,695,227,409,278,1104,505,0,1,0,0
654,21.788,4,6,train,0.869822,5,bus,0.004433,7,truck,0.000383,0.000038,0.004433,0.869822,0.000383,0.000149,695,226,408,278,1103,504,0,1,0,0
654,21.788,5,6,train,0.862901,5,bus,0.007187,4,airplane,0.000222,0.000018,0.007187,0.862901,0.000070,0.000055,694,225,409,279,1103,504,0,1,0,0
654,21.788,6,6,train,0.857839,5,bus,0.001952,7,truck,0.000450,0.000025,0.001952,0.857839,0.000450,0.000074,693,226,410,279,1103,505,0,1,0,0
654,21.788,7,6,train,0.848539,5,bus,0.003966,7,truck,0.000424,0.000031,0.003966,0.848539,0.000424,0.000076,694,226,409,280,1103,506,0,1,0,0
654,21.788,8,6,train,0.848355,5,bus,0.003331,4,airplane,0.000131,0.000013,0.003331,0.848355,0.000072,0.000038,693,226,409,279,1102,505,0,1,0,0
654,21.788,9,6,train,0.841907,5,bus,0.003615,7,truck,0.000108,0.000009,0.003615,0.841907,0.000108,0.000066,694,225,408,280,1102,505,0,1,0,0
654,21.788,10,6,train,0.828251,5,bus,0.001947,7,truck,0.000103,0.000010,0.001947,0.828251,0.000103,0.000071,694,225,409,280,1103,505,0,1,0,0
654,21.788,11,6,train,0.001006,4,airplane,0.000103,7,truck,0.000099,0.000066,0.000055,0.001006,0.000099,0.000044,1089,362,190,145,1279,507,1,0,0,0
654,21.788,12,6,train,0.000960,7,truck,0.000086,2,car,0.000084,0.000084,0.000056,0.000960,0.000086,0.000040,1089,364,190,142,1279,506,1,0,0,0
654,21.788,13,6,train,0.000931,60,dining table,0.000051,5,bus,0.000036,0.000032,0.000036,0.000931,0.000022,0.000010,493,244,637,279,1130,523,0,0,0,0
654,21.788,14,2,car,0.000827,13,bench,0.000281,6,train,0.000144,0.000827,0.000045,0.000144,0.000074,0.000019,14,594,1130,111,1144,705,0,0,1,0
654,21.788,15,2,car,0.000805,7,truck,0.000171,13,bench,0.000165,0.000805,0.000068,0.000042,0.000171,0.000034,390,601,882,108,1272,709,1,0,1,0
654,21.788,16,6,train,0.000775,7,truck,0.000106,2,car,0.000087,0.000087,0.000082,0.000775,0.000106,0.000036,1090,421,188,86,1278,507,1,0,0,0
654,21.788,17,6,train,0.000713,4,airplane,0.000075,7,truck,0.000071,0.000046,0.000041,0.000713,0.000071,0.000031,1089,360,190,149,1279,509,1,0,0,0
654,21.788,18,6,train,0.000694,7,truck,0.000079,4,airplane,0.000070,0.000065,0.000055,0.000694,0.000079,0.000040,1090,421,189,87,1279,508,1,0,0,0
654,21.788,19,6,train,0.000688,7,truck,0.000187,4,airplane,0.000165,0.000088,0.000077,0.000688,0.000187,0.000066,1089,360,190,149,1279,509,1,0,0,0
654,21.788,20,2,car,0.000679,13,bench,0.000166,7,truck,0.000137,0.000679,0.000054,0.000035,0.000137,0.000029,306,600,954,110,1260,710,1,0,1,0
655,21.822,1,6,train,0.872348,5,bus,0.002237,7,truck,0.000233,0.000021,0.002237,0.872348,0.000233,0.000083,695,216,429,290,1124,506,0,1,0,0
655,21.822,2,6,train,0.869462,5,bus,0.007080,7,truck,0.000541,0.000066,0.007080,0.869462,0.000541,0.000235,697,216,428,291,1125,507,0,1,0,0
655,21.822,3,6,train,0.869109,5,bus,0.018015,7,truck,0.001571,0.000330,0.018015,0.869109,0.001571,0.000103,696,217,428,290,1124,507,0,1,0,0
655,21.822,4,6,train,0.869079,5,bus,0.004751,7,truck,0.000241,0.000018,0.004751,0.869079,0.000241,0.000067,696,216,427,291,1123,507,0,1,0,0
655,21.822,5,6,train,0.863393,5,bus,0.014470,4,airplane,0.000372,0.000055,0.014470,0.863393,0.000174,0.000072,695,216,429,290,1124,506,0,1,0,0
655,21.822,6,6,train,0.861320,5,bus,0.003446,7,truck,0.000767,0.000056,0.003446,0.861320,0.000767,0.000089,695,216,429,291,1124,507,0,1,0,0
655,21.822,7,6,train,0.856842,5,bus,0.007285,4,airplane,0.000205,0.000035,0.007285,0.856842,0.000177,0.000043,695,216,429,290,1124,506,0,1,0,0
655,21.822,8,6,train,0.849066,5,bus,0.007928,7,truck,0.001031,0.000072,0.007928,0.849066,0.001031,0.000083,695,216,428,292,1123,508,0,1,0,0
655,21.822,9,6,train,0.822660,5,bus,0.005255,7,truck,0.000166,0.000017,0.005255,0.822660,0.000166,0.000074,696,215,427,291,1123,506,0,1,0,0
655,21.822,10,6,train,0.819393,5,bus,0.003024,7,truck,0.000132,0.000016,0.003024,0.819393,0.000132,0.000091,696,215,427,291,1123,506,0,1,0,0
655,21.822,11,2,car,0.001050,7,truck,0.000111,9,traffic light,0.000105,0.001050,0.000003,0.000008,0.000111,0.000023,1087,473,37,27,1124,500,0,0,1,0
655,21.822,12,6,train,0.001021,60,dining table,0.000044,5,bus,0.000037,0.000031,0.000037,0.001021,0.000024,0.000010,493,245,664,280,1157,525,0,0,0,0
655,21.822,13,2,car,0.000972,7,truck,0.000194,13,bench,0.000169,0.000972,0.000077,0.000056,0.000194,0.000034,384,600,888,109,1272,709,1,0,1,0
655,21.822,14,2,car,0.000915,13,bench,0.000318,6,train,0.000188,0.000915,0.000056,0.000188,0.000086,0.000021,12,594,1145,111,1157,705,0,0,1,0
655,21.822,15,2,car,0.000803,13,bench,0.000172,7,truck,0.000145,0.000803,0.000061,0.000049,0.000145,0.000028,289,599,968,111,1257,710,1,0,1,0
655,21.822,16,2,car,0.000799,13,bench,0.000266,6,train,0.000195,0.000799,0.000053,0.000195,0.000062,0.000017,10,594,1133,111,1143,705,0,0,1,0
655,21.822,17,6,train,0.000671,7,truck,0.000079,4,airplane,0.000061,0.000027,0.000036,0.000671,0.000079,0.000017,694,219,585,290,1279,509,1,0,0,0
655,21.822,18,7,truck,0.000664,2,car,0.000367,6,train,0.000041,0.000367,0.000020,0.000041,0.000664,0.000031,1209,444,70,61,1279,505,1,0,1,0
655,21.822,19,6,train,0.000648,60,dining table,0.000061,7,truck,0.000043,0.000022,0.000039,0.000648,0.000043,0.000015,58,192,1085,465,1143,657,0,0,0,0
655,21.822,20,2,car,0.000588,13,bench,0.000174,7,truck,0.000117,0.000588,0.000054,0.000084,0.000117,0.000027,158,596,1096,113,1254,709,1,0,1,0
656,21.855,1,6,train,0.830824,5,bus,0.034094,7,truck,0.003353,0.000055,0.034094,0.830824,0.003353,0.000349,695,211,447,301,1142,512,0,1,0,0
656,21.855,2,6,train,0.830056,5,bus,0.013511,7,truck,0.002667,0.000060,0.013511,0.830056,0.002667,0.000596,695,211,448,300,1143,511,0,1,0,0
656,21.855,3,6,train,0.821833,5,bus,0.057593,7,truck,0.003053,0.000197,0.057593,0.821833,0.003053,0.000197,695,211,447,301,1142,512,0,1,0,0
656,21.855,4,6,train,0.783682,7,truck,0.014431,5,bus,0.010612,0.000150,0.010612,0.783682,0.014431,0.001019,696,211,446,300,1142,511,0,1,0,0
656,21.855,5,6,train,0.767588,5,bus,0.017427,7,truck,0.002810,0.000096,0.017427,0.767588,0.002810,0.001201,697,211,447,300,1144,511,0,1,0,0
656,21.855,6,6,train,0.754118,5,bus,0.072229,7,truck,0.035483,0.001490,0.072229,0.754118,0.035483,0.000605,696,211,445,302,1141,513,0,1,0,0
656,21.855,7,6,train,0.751876,5,bus,0.042564,7,truck,0.019621,0.000230,0.042564,0.751876,0.019621,0.000701,695,211,446,301,1141,512,0,1,0,0
656,21.855,8,6,train,0.746862,5,bus,0.048267,7,truck,0.001431,0.000055,0.048267,0.746862,0.001431,0.000601,695,211,446,300,1141,511,0,1,0,0
656,21.855,9,6,train,0.684259,5,bus,0.230518,7,truck,0.002830,0.000273,0.230518,0.684259,0.002830,0.000318,695,211,444,300,1139,511,0,1,0,0
656,21.855,10,6,train,0.675848,5,bus,0.109997,7,truck,0.002537,0.000068,0.109997,0.675848,0.002537,0.000439,696,211,445,300,1141,511,0,1,0,0
656,21.855,11,6,train,0.003263,4,airplane,0.001581,7,truck,0.000758,0.000050,0.000090,0.003263,0.000758,0.000092,696,214,583,298,1279,512,1,0,0,0
656,21.855,12,4,airplane,0.001418,6,train,0.001384,7,truck,0.000228,0.000044,0.000048,0.001384,0.000228,0.000064,697,221,582,297,1279,518,1,0,0,0
656,21.855,13,2,car,0.001293,13,bench,0.000361,6,train,0.000151,0.001293,0.000051,0.000151,0.000095,0.000020,11,594,1157,112,1168,706,0,0,1,0
656,21.855,14,2,car,0.001193,13,bench,0.000339,6,train,0.000172,0.001193,0.000051,0.000172,0.000074,0.000018,9,594,1166,112,1175,706,0,0,1,0
656,21.855,15,6,train,0.001162,4,airplane,0.000807,7,truck,0.000263,0.000039,0.000052,0.001162,0.000263,0.000052,701,218,577,303,1278,521,1,0,0,0
656,21.855,16,6,train,0.001110,4,airplane,0.001066,7,truck,0.000171,0.000032,0.000047,0.001110,0.000171,0.000082,699,212,580,254,1279,466,1,0,0,0
656,21.855,17,6,train,0.001055,7,truck,0.000757,4,airplane,0.000164,0.000069,0.000095,0.001055,0.000757,0.000055,694,215,585,303,1279,518,1,0,0,0
656,21.855,18,2,car,0.000890,13,bench,0.000259,6,train,0.000207,0.000890,0.000059,0.000207,0.000068,0.000016,13,594,1185,113,1198,707,0,0,1,0
656,21.855,19,6,train,0.000857,7,truck,0.000104,5,bus,0.000045,0.000007,0.000045,0.000857,0.000104,0.000006,709,251,430,258,1139,509,0,0,0,0
656,21.855,20,4,airplane,0.000848,6,train,0.000363,7,truck,0.000071,0.000028,0.000023,0.000363,0.000071,0.000054,726,216,551,182,1277,398,1,0,0,0
657,21.889,1,6,train,0.840999,5,bus,0.018993,7,truck,0.002322,0.000040,0.018993,0.840999,0.002322,0.000139,696,203,461,312,1157,515,0,1,0,0
657,21.889,2,6,train,0.833177,5,bus,0.008661,7,truck,0.001680,0.000034,0.008661,0.833177,0.001680,0.000159,697,204,460,310,1157,514,0,1,0,0
657,21.889,3,6,train,0.830301,5,bus,0.024553,7,truck,0.001279,0.000062,0.024553,0.830301,0.001279,0.000079,696,203,461,312,1157,515,0,1,0,0
657,21.889,4,6,train,0.811813,5,bus,0.023872,7,truck,0.008463,0.000323,0.023872,0.811813,0.008463,0.000125,697,202,461,314,1158,516,0,1,0,0
657,21.889,5,6,train,0.811056,7,truck,0.005800,5,bus,0.005739,0.000085,0.005739,0.811056,0.005800,0.000160,696,203,463,312,1159,515,0,1,0,0
657,21.889,6,6,train,0.808935,5,bus,0.017852,7,truck,0.003621,0.000149,0.017852,0.808935,0.003621,0.000579,698,203,461,311,1159,514,0,1,0,0
657,21.889,7,6,train,0.791241,5,bus,0.032784,7,truck,0.001341,0.000058,0.032784,0.791241,0.001341,0.000361,697,203,461,311,1158,514,0,1,0,0
657,21.889,8,6,train,0.785088,5,bus,0.018346,7,truck,0.006989,0.000120,0.018346,0.785088,0.006989,0.000128,696,203,463,313,1159,516,0,1,0,0
657,21.889,9,6,train,0.770911,5,bus,0.063234,7,truck,0.002159,0.000067,0.063234,0.770911,0.002159,0.000302,697,203,462,311,1159,514,0,1,0,0
657,21.889,10,6,train,0.747061,5,bus,0.118047,7,truck,0.001770,0.000173,0.118047,0.747061,0.001770,0.000222,697,202,462,313,1159,515,0,1,0,0
657,21.889,11,6,train,0.006403,4,airplane,0.000787,7,truck,0.000391,0.000041,0.000094,0.006403,0.000391,0.000067,703,205,576,276,1279,481,1,0,0,0
657,21.889,12,6,train,0.005962,4,airplane,0.001844,7,truck,0.000484,0.000077,0.000108,0.005962,0.000484,0.000184,1134,253,145,209,1279,462,1,0,0,0
657,21.889,13,7,truck,0.005542,2,car,0.001885,6,train,0.000698,0.001885,0.000132,0.000698,0.005542,0.000122,1199,444,80,65,1279,509,1,0,1,0
657,21.889,14,6,train,0.004902,7,truck,0.000364,4,airplane,0.000272,0.000021,0.000065,0.004902,0.000364,0.000017,702,205,577,308,1279,513,1,0,0,0
657,21.889,15,7,truck,0.004718,2,car,0.000884,6,train,0.000501,0.000884,0.000082,0.000501,0.004718,0.000118,1200,444,79,63,1279,507,1,0,1,0
657,21.889,16,4,airplane,0.004360,6,train,0.001900,7,truck,0.000315,0.000124,0.000111,0.001900,0.000315,0.000112,1134,261,145,118,1279,379,1,0,0,0
657,21.889,17,4,airplane,0.003764,6,train,0.001586,7,truck,0.000141,0.000080,0.000085,0.001586,0.000141,0.000096,1134,264,145,114,1279,378,1,0,0,0
657,21.889,18,6,train,0.003469,4,airplane,0.000741,7,truck,0.000534,0.000073,0.000090,0.003469,0.000534,0.000136,1135,257,144,235,1279,492,1,0,0,0
657,21.889,19,4,airplane,0.003179,6,train,0.001430,25,umbrella,0.000160,0.000120,0.000081,0.001430,0.000151,0.000121,1134,263,145,116,1279,379,1,0,0,0
657,21.889,20,7,truck,0.003082,2,car,0.000666,6,train,0.000547,0.000666,0.000091,0.000547,0.003082,0.000118,1205,443,74,65,1279,508,1,0,1,0
658,21.922,1,6,train,0.768177,7,truck,0.012300,5,bus,0.008064,0.000244,0.008064,0.768177,0.012300,0.000171,697,196,495,320,1192,516,0,1,0,0
658,21.922,2,6,train,0.766685,5,bus,0.018518,7,truck,0.011767,0.000480,0.018518,0.766685,0.011767,0.000094,697,195,485,321,1182,516,0,1,0,0
658,21.922,3,6,train,0.746998,5,bus,0.022519,7,truck,0.003629,0.000172,0.022519,0.746998,0.003629,0.000079,697,196,484,321,1181,517,0,1,0,0
658,21.922,4,6,train,0.745512,7,truck,0.006736,5,bus,0.005611,0.000117,0.005611,0.745512,0.006736,0.000135,698,195,483,322,1181,517,0,1,0,0
658,21.922,5,6,train,0.740914,5,bus,0.020218,7,truck,0.009675,0.000236,0.020218,0.740914,0.009675,0.000120,697,196,484,321,1181,517,0,1,0,0
658,21.922,6,6,train,0.736403,7,truck,0.024253,5,bus,0.010575,0.001000,0.010575,0.736403,0.024253,0.000232,697,198,487,317,1184,515,0,1,0,0
658,21.922,7,6,train,0.734039,7,truck,0.011440,5,bus,0.003254,0.000186,0.003254,0.734039,0.011440,0.000169,697,196,507,321,1204,517,0,1,0,0
658,21.922,8,6,train,0.695443,7,truck,0.008893,5,bus,0.007620,0.000243,0.007620,0.695443,0.008893,0.000450,698,196,488,321,1186,517,0,1,0,0
658,21.922,9,6,train,0.598568,5,bus,0.015489,7,truck,0.003819,0.000098,0.015489,0.598568,0.003819,0.000118,697,197,481,319,1178,516,0,1,0,0
658,21.922,10,6,train,0.570988,5,bus,0.007770,7,truck,0.002430,0.000071,0.007770,0.570988,0.002430,0.000124,697,195,480,321,1177,516,0,1,0,0
658,21.922,11,6,train,0.088602,5,bus,0.001105,7,truck,0.000532,0.000025,0.001105,0.088602,0.000532,0.000080,698,196,484,320,1182,516,0,0,0,0
658,21.922,12,6,train,0.068115,4,airplane,0.003601,7,truck,0.002218,0.000100,0.000213,0.068115,0.002218,0.000077,704,196,575,320,1279,516,1,0,0,0
658,21.922,13,6,train,0.017831,4,airplane,0.004904,7,truck,0.000956,0.000129,0.000118,0.017831,0.000956,0.000146,705,197,574,318,1279,515,1,0,0,0
658,21.922,14,6,train,0.015510,7,truck,0.000699,4,airplane,0.000235,0.000021,0.000096,0.015510,0.000699,0.000021,705,198,574,318,1279,516,1,0,0,0
658,21.922,15,6,train,0.014017,7,truck,0.001356,5,bus,0.000195,0.000059,0.000195,0.014017,0.001356,0.000040,699,201,580,314,1279,515,1,0,0,0
658,21.922,16,4,airplane,0.003838,6,train,0.001994,7,truck,0.000222,0.000060,0.000032,0.001994,0.000222,0.000074,700,199,579,314,1279,513,1,0,0,0
658,21.922,17,2,car,0.002741,7,truck,0.000547,0,person,0.000091,0.002741,0.000021,0.000023,0.000547,0.000035,1117,476,61,34,1178,510,0,0,1,0
658,21.922,18,6,train,0.002727,4,airplane,0.001592,7,truck,0.000161,0.000027,0.000023,0.002727,0.000161,0.000022,699,200,580,313,1279,513,1,0,0,0
658,21.922,19,7,truck,0.002702,4,airplane,0.001074,6,train,0.000440,0.000371,0.000197,0.000440,0.002702,0.000082,1161,436,118,70,1279,506,1,0,1,0
658,21.922,20,0,person,0.002603,9,traffic light,0.000094,28,suitcase,0.000011,0.000003,0.000002,0.000002,0.000001,0.000000,951,288,47,182,998,470,0,0,1,0
659,21.955,1,6,train,0.507436,7,truck,0.256021,5,bus,0.030154,0.000470,0.030154,0.507436,0.256021,0.000631,697,187,510,336,1207,523,0,1,0,0
659,21.955,2,7,truck,0.466378,6,train,0.152135,5,bus,0.034529,0.003740,0.034529,0.152135,0.466378,0.000281,696,189,507,333,1203,522,0,1,1,1
659,21.955,3,7,truck,0.406053,6,train,0.286642,5,bus,0.046258,0.001389,0.046258,0.286642,0.406053,0.000429,697,189,507,334,1204,523,0,1,1,1
659,21.955,4,7,truck,0.403108,6,train,0.384860,5,bus,0.017276,0.001145,0.017276,0.384860,0.403108,0.000925,697,188,510,334,1207,522,0,1,1,1
659,21.955,5,6,train,0.382795,7,truck,0.134750,5,bus,0.063326,0.000263,0.063326,0.382795,0.134750,0.000521,697,186,511,337,1208,523,0,1,0,0
659,21.955,6,6,train,0.355365,7,truck,0.230523,5,bus,0.073416,0.000584,0.073416,0.355365,0.230523,0.000175,697,188,507,335,1204,523,0,1,0,0
659,21.955,7,6,train,0.289626,7,truck,0.146447,5,bus,0.031532,0.000755,0.031532,0.289626,0.146447,0.003878,698,187,513,336,1211,523,0,1,0,0
659,21.955,8,6,train,0.274282,7,truck,0.116745,5,bus,0.094933,0.000239,0.094933,0.274282,0.116745,0.000160,697,189,508,334,1205,523,0,1,0,0
659,21.955,9,6,train,0.243323,7,truck,0.169901,5,bus,0.049811,0.000899,0.049811,0.243323,0.169901,0.000081,696,187,506,336,1202,523,0,1,0,0
659,21.955,10,6,train,0.235950,5,bus,0.119589,7,truck,0.084352,0.000469,0.119589,0.235950,0.084352,0.000065,696,188,511,335,1207,523,0,1,0,0
659,21.955,11,9,traffic light,0.005207,0,person,0.000788,17,horse,0.000102,0.000002,0.000005,0.000005,0.000005,0.000004,931,199,68,94,999,293,0,0,0,0
659,21.955,12,2,car,0.003142,7,truck,0.000812,9,traffic light,0.000253,0.003142,0.000045,0.000015,0.000812,0.000037,1136,478,62,35,1198,513,0,0,1,0
659,21.955,13,9,traffic light,0.002805,0,person,0.000876,17,horse,0.000056,0.000002,0.000005,0.000003,0.000003,0.000003,928,189,72,104,1000,293,0,0,0,0
659,21.955,14,2,car,0.002475,7,truck,0.000599,4,airplane,0.000060,0.002475,0.000027,0.000025,0.000599,0.000028,1047,476,153,37,1200,513,0,0,1,0
659,21.955,15,7,truck,0.002450,2,car,0.001033,4,airplane,0.000415,0.001033,0.000098,0.000050,0.002450,0.000093,1226,444,47,46,1273,490,1,0,1,0
659,21.955,16,6,train,0.002200,4,airplane,0.001685,7,truck,0.000930,0.000148,0.000082,0.002200,0.000930,0.000287,702,187,574,311,1276,498,1,0,0,0
659,21.955,17,7,truck,0.002153,2,car,0.000722,4,airplane,0.000309,0.000722,0.000107,0.000045,0.002153,0.000061,1223,445,55,55,1278,500,1,0,1,0
659,21.955,18,2,car,0.002102,7,truck,0.000948,9,traffic light,0.000129,0.002102,0.000038,0.000021,0.000948,0.000025,1129,478,69,35,1198,513,0,0,1,0
659,21.955,19,7,truck,0.002063,2,car,0.000695,4,airplane,0.000376,0.000695,0.000329,0.000239,0.002063,0.000098,1224,437,55,68,1279,505,1,0,1,0
659,21.955,20,7,truck,0.001883,2,car,0.000577,4,airplane,0.000287,0.000577,0.000103,0.000048,0.001883,0.000073,1224,443,53,58,1277,501,1,0,1,0
660,21.989,1,6,train,0.885990,7,truck,0.002028,5,bus,0.001054,0.000015,0.001054,0.885990,0.002028,0.000050,699,180,518,343,1217,523,1,1,0,0
660,21.989,2,6,train,0.874995,7,truck,0.005399,5,bus,0.002637,0.000076,0.002637,0.874995,0.005399,0.000111,698,181,520,341,1218,522,1,1,0,0
660,21.989,3,6,train,0.874029,5,bus,0.002426,7,truck,0.001905,0.000026,0.002426,0.874029,0.001905,0.000047,698,180,520,342,1218,522,1,1,0,0
660,21.989,4,6,train,0.874001,5,bus,0.003997,7,truck,0.002825,0.000071,0.003997,0.874001,0.002825,0.000227,699,181,519,342,1218,523,1,1,0,0
660,21.989,5,6,train,0.873032,5,bus,0.002927,7,truck,0.002594,0.000016,0.002927,0.873032,0.002594,0.000034,699,181,519,341,1218,522,1,1,0,0
660,21.989,6,6,train,0.871827,7,truck,0.002194,5,bus,0.000979,0.000016,0.000979,0.871827,0.002194,0.000067,698,181,520,342,1218,523,1,1,0,0
660,21.989,7,6,train,0.871212,7,truck,0.001577,5,bus,0.000842,0.000017,0.000842,0.871212,0.001577,0.000061,698,180,521,343,1219,523,1,1,0,0
660,21.989,8,6,train,0.861614,5,bus,0.001831,7,truck,0.001671,0.000017,0.001831,0.861614,0.001671,0.000045,698,181,521,342,1219,523,1,1,0,0
660,21.989,9,6,train,0.854101,7,truck,0.002600,5,bus,0.002258,0.000026,0.002258,0.854101,0.002600,0.000036,698,180,520,343,1218,523,1,1,0,0
660,21.989,10,6,train,0.854060,7,truck,0.003202,5,bus,0.002162,0.000023,0.002162,0.854060,0.003202,0.000068,698,181,520,342,1218,523,1,1,0,0
660,21.989,11,0,person,0.001952,16,dog,0.000016,73,book,0.000012,0.000003,0.000000,0.000000,0.000000,0.000000,1067,316,40,28,1107,344,0,0,1,0
660,21.989,12,0,person,0.001408,73,book,0.000034,16,dog,0.000018,0.000008,0.000000,0.000000,0.000000,0.000000,1077,317,40,28,1117,345,0,0,1,0
660,21.989,13,0,person,0.001300,74,clock,0.000021,1,bicycle,0.000011,0.000005,0.000000,0.000000,0.000000,0.000000,1045,313,36,30,1081,343,0,0,1,0
660,21.989,14,2,car,0.001107,13,bench,0.000471,60,dining table,0.000159,0.001107,0.000039,0.000121,0.000063,0.000026,10,596,1178,110,1188,706,0,0,1,0
660,21.989,15,2,car,0.001005,13,bench,0.000435,60,dining table,0.000314,0.001005,0.000051,0.000160,0.000072,0.000028,13,597,1178,110,1191,707,0,0,1,0
660,21.989,16,0,person,0.000999,1,bicycle,0.000011,74,clock,0.000011,0.000006,0.000000,0.000000,0.000000,0.000000,1053,312,54,31,1107,343,0,0,1,0
660,21.989,17,6,train,0.000946,7,truck,0.000408,2,car,0.000158,0.000158,0.000072,0.000946,0.000408,0.000007,1201,362,78,143,1279,505,1,0,0,0
660,21.989,18,2,car,0.000926,13,bench,0.000337,60,dining table,0.000152,0.000926,0.000034,0.000115,0.000068,0.000024,12,595,1184,111,1196,706,0,0,1,0
660,21.989,19,0,person,0.000923,1,bicycle,0.000013,74,clock,0.000012,0.000008,0.000000,0.000000,0.000000,0.000000,1073,313,47,31,1120,344,0,0,1,0
660,21.989,20,6,train,0.000851,7,truck,0.000194,2,car,0.000101,0.000101,0.000070,0.000851,0.000194,0.000008,1199,363,80,140,1279,503,1,0,0,0
661,22.022,1,6,train,0.887006,5,bus,0.002682,7,truck,0.001889,0.000038,0.002682,0.887006,0.001889,0.000183,701,172,539,357,1240,529,1,1,0,0
661,22.022,2,6,train,0.878067,5,bus,0.003647,7,truck,0.002521,0.000042,0.003647,0.878067,0.002521,0.000083,700,171,540,358,1240,529,1,1,0,0
661,22.022,3,6,train,0.875082,5,bus,0.002314,7,truck,0.002219,0.000012,0.002314,0.875082,0.002219,0.000042,701,171,539,357,1240,528,1,1,0,0
661,22.022,4,6,train,0.872473,7,truck,0.003178,5,bus,0.001727,0.000038,0.001727,0.872473,0.003178,0.000123,701,172,540,356,1241,528,1,1,0,0
661,22.022,5,6,train,0.872119,7,truck,0.002219,5,bus,0.001179,0.000014,0.001179,0.872119,0.002219,0.000063,701,170,539,358,1240,528,1,1,0,0
661,22.022,6,6,train,0.866169,7,truck,0.001467,5,bus,0.001123,0.000016,0.001123,0.866169,0.001467,0.000081,701,170,539,359,1240,529,1,1,0,0
661,22.022,7,6,train,0.862570,5,bus,0.001876,7,truck,0.001465,0.000016,0.001876,0.862570,0.001465,0.000058,701,171,539,357,1240,528,1,1,0,0
661,22.022,8,6,train,0.858969,7,truck,0.001290,5,bus,0.000713,0.000009,0.000713,0.858969,0.001290,0.000057,700,172,541,356,1241,528,1,1,0,0
661,22.022,9,6,train,0.849418,7,truck,0.003073,5,bus,0.002130,0.000028,0.002130,0.849418,0.003073,0.000058,701,171,540,358,1241,529,1,1,0,0
661,22.022,10,6,train,0.848631,7,truck,0.001443,5,bus,0.001211,0.000011,0.001211,0.848631,0.001443,0.000064,700,173,541,355,1241,528,1,1,0,0
661,22.022,11,0,person,0.003925,56,chair,0.000011,16,dog,0.000009,0.000002,0.000000,0.000000,0.000000,0.000000,1061,312,34,30,1095,342,0,0,1,0
661,22.022,12,0,person,0.003196,16,dog,0.000008,40,wine glass,0.000007,0.000002,0.000000,0.000000,0.000000,0.000000,1087,313,32,29,1119,342,0,0,1,0
661,22.022,13,6,train,0.003162,7,truck,0.000272,2,car,0.000176,0.000176,0.000094,0.003162,0.000272,0.000007,1225,363,54,135,1279,498,1,0,0,0
661,22.022,14,0,person,0.002931,74,clock,0.000017,16,dog,0.000009,0.000005,0.000000,0.000000,0.000000,0.000000,1095,311,35,31,1130,342,0,0,1,0
661,22.022,15,0,person,0.002646,74,clock,0.000011,16,dog,0.000008,0.000003,0.000000,0.000000,0.000000,0.000000,1059,310,34,31,1093,341,0,0,1,0
661,22.022,16,6,train,0.002149,7,truck,0.000375,2,car,0.000234,0.000234,0.000066,0.002149,0.000375,0.000005,1226,362,53,143,1279,505,1,0,0,0
661,22.022,17,0,person,0.002090,40,wine glass,0.000008,74,clock,0.000006,0.000003,0.000000,0.000000,0.000000,0.000000,1085,310,32,31,1117,341,0,0,1,0
661,22.022,18,6,train,0.001824,7,truck,0.000140,2,car,0.000088,0.000088,0.000071,0.001824,0.000140,0.000020,1226,360,53,132,1279,492,1,0,0,0
661,22.022,19,0,person,0.001676,9,traffic light,0.000324,74,clock,0.000042,0.000032,0.000001,0.000003,0.000004,0.000001,985,236,38,35,1023,271,0,0,1,0
661,22.022,20,6,train,0.001523,7,truck,0.000383,13,bench,0.000280,0.000226,0.000057,0.001523,0.000383,0.000006,1228,365,51,127,1279,492,1,0,0,0
662,22.055,1,6,train,0.904466,5,bus,0.001327,7,truck,0.001153,0.000033,0.001327,0.904466,0.001153,0.000095,704,162,562,371,1266,533,1,1,0,0
662,22.055,2,6,train,0.895074,5,bus,0.001124,7,truck,0.000702,0.000010,0.001124,0.895074,0.000702,0.000028,704,163,564,368,1268,531,1,1,0,0
662,22.055,3,6,train,0.893322,7,truck,0.001088,5,bus,0.000659,0.000014,0.000659,0.893322,0.001088,0.000032,704,162,563,369,1267,531,1,1,0,0
662,22.055,4,6,train,0.883869,7,truck,0.002009,5,bus,0.001504,0.000047,0.001504,0.883869,0.002009,0.000130,704,164,564,368,1268,532,1,1,0,0
662,22.055,5,6,train,0.878854,7,truck,0.000894,5,bus,0.000533,0.000025,0.000533,0.878854,0.000894,0.000065,704,160,560,372,1264,532,1,1,0,0
662,22.055,6,6,train,0.876322,7,truck,0.000643,5,bus,0.000419,0.000010,0.000419,0.876322,0.000643,0.000040,703,163,563,368,1266,531,1,1,0,0
662,22.055,7,6,train,0.874433,5,bus,0.000720,7,truck,0.000544,0.000009,0.000720,0.874433,0.000544,0.000048,703,164,564,367,1267,531,1,1,0,0
662,22.055,8,6,train,0.862343,5,bus,0.001023,7,truck,0.000639,0.000019,0.001023,0.862343,0.000639,0.000049,703,162,562,369,1265,531,1,1,0,0
662,22.055,9,6,train,0.860227,5,bus,0.002546,7,truck,0.001945,0.000062,0.002546,0.860227,0.001945,0.000109,703,162,565,370,1268,532,1,1,0,0
662,22.055,10,6,train,0.858238,7,truck,0.001406,5,bus,0.001221,0.000025,0.001221,0.858238,0.001406,0.000057,703,163,564,369,1267,532,1,1,0,0
662,22.055,11,6,train,0.011212,7,truck,0.001535,2,car,0.001106,0.001106,0.000461,0.011212,0.001535,0.000038,1247,359,32,158,1279,517,1,0,0,0
662,22.055,12,6,train,0.008534,7,truck,0.001852,2,car,0.001047,0.001047,0.000714,0.008534,0.001852,0.000035,1249,361,30,161,1279,522,1,0,0,0
662,22.055,13,6,train,0.008024,7,truck,0.000771,0,person,0.000545,0.000309,0.000274,0.008024,0.000771,0.000052,1245,297,34,220,1279,517,1,0,0,0
662,22.055,14,0,person,0.006646,6,train,0.002387,2,car,0.000666,0.000666,0.000174,0.002387,0.000533,0.000019,1249,364,30,141,1279,505,1,0,1,0
662,22.055,15,0,person,0.005929,6,train,0.001491,2,car,0.001113,0.001113,0.000136,0.001491,0.000528,0.000016,1251,365,28,145,1279,510,1,0,1,0
662,22.055,16,6,train,0.005390,7,truck,0.001940,2,car,0.000913,0.000913,0.000909,0.005390,0.001940,0.000065,1251,362,28,161,1279,523,1,0,0,0
662,22.055,17,6,train,0.004906,0,person,0.002882,2,car,0.000855,0.000855,0.000315,0.004906,0.000569,0.000013,1249,362,30,140,1279,502,1,0,0,0
662,22.055,18,0,person,0.004204,6,train,0.003550,2,car,0.001782,0.001782,0.000319,0.003550,0.000921,0.000016,1250,364,29,140,1279,504,1,0,1,0
662,22.055,19,0,person,0.004039,6,train,0.000749,13,bench,0.000508,0.000439,0.000063,0.000749,0.000277,0.000023,1252,361,27,156,1279,517,1,0,1,0
662,22.055,20,0,person,0.003935,6,train,0.000796,13,bench,0.000274,0.000253,0.000056,0.000796,0.000214,0.000018,1251,362,28,153,1279,515,1,0,1,0
663,22.089,1,6,train,0.899380,5,bus,0.003962,7,truck,0.002062,0.000105,0.003962,0.899380,0.002062,0.000250,706,150,573,384,1279,534,1,1,0,0
663,22.089,2,6,train,0.898420,5,bus,0.002896,7,truck,0.001179,0.000074,0.002896,0.898420,0.001179,0.000107,706,148,573,385,1279,533,1,1,0,0
663,22.089,3,6,train,0.897691,5,bus,0.002883,7,truck,0.001533,0.000051,0.002883,0.897691,0.001533,0.000210,706,151,573,383,1279,534,1,1,0,0
663,22.089,4,6,train,0.896560,7,truck,0.001255,5,bus,0.000762,0.000020,0.000762,0.896560,0.001255,0.000085,705,150,574,383,1279,533,1,1,0,0
663,22.089,5,6,train,0.896333,5,bus,0.002521,7,truck,0.002194,0.000082,0.002521,0.896333,0.002194,0.000131,706,152,573,381,1279,533,1,1,0,0
663,22.089,6,6,train,0.896010,7,truck,0.001814,5,bus,0.001498,0.000042,0.001498,0.896010,0.001814,0.000073,705,150,574,383,1279,533,1,1,0,0
663,22.089,7,6,train,0.890461,7,truck,0.003279,5,bus,0.002209,0.000141,0.002209,0.890461,0.003279,0.000234,706,147,573,386,1279,533,1,1,0,0
663,22.089,8,6,train,0.885308,5,bus,0.003016,7,truck,0.001697,0.000077,0.003016,0.885308,0.001697,0.000079,705,151,574,382,1279,533,1,1,0,0
663,22.089,9,6,train,0.884656,5,bus,0.000911,7,truck,0.000607,0.000017,0.000911,0.884656,0.000607,0.000055,705,152,574,381,1279,533,1,1,0,0
663,22.089,10,6,train,0.883533,5,bus,0.001864,7,truck,0.000833,0.000034,0.001864,0.883533,0.000833,0.000049,705,151,574,382,1279,533,1,1,0,0
663,22.089,11,0,person,0.002441,14,bird,0.000008,16,dog,0.000008,0.000002,0.000000,0.000000,0.000000,0.000000,1131,304,44,32,1175,336,0,0,1,0
663,22.089,12,0,person,0.002162,74,clock,0.000018,14,bird,0.000011,0.000002,0.000000,0.000000,0.000000,0.000000,1106,303,34,32,1140,335,0,0,1,0
663,22.089,13,0,person,0.001597,74,clock,0.000023,14,bird,0.000020,0.000005,0.000000,0.000000,0.000001,0.000000,1144,304,38,31,1182,335,0,0,1,0
663,22.089,14,0,person,0.001570,74,clock,0.000022,14,bird,0.000011,0.000002,0.000000,0.000000,0.000000,0.000000,1098,300,38,34,1136,334,0,0,1,0
663,22.089,15,2,car,0.000980,13,bench,0.000272,60,dining table,0.000119,0.000980,0.000032,0.000063,0.000054,0.000018,10,596,1128,111,1138,707,0,0,1,0
663,22.089,16,2,car,0.000815,13,bench,0.000231,60,dining table,0.000120,0.000815,0.000030,0.000076,0.000061,0.000018,14,595,1122,112,1136,707,0,0,1,0
663,22.089,17,2,car,0.000811,13,bench,0.000240,60,dining table,0.000198,0.000811,0.000036,0.000067,0.000056,0.000018,13,596,1159,111,1172,707,0,0,1,0
663,22.089,18,2,car,0.000701,13,bench,0.000418,7,truck,0.000136,0.000701,0.000028,0.000035,0.000136,0.000031,127,604,1136,106,1263,710,1,0,1,0
663,22.089,19,2,car,0.000630,13,bench,0.000420,7,truck,0.000132,0.000630,0.000025,0.000024,0.000132,0.000024,246,606,1023,104,1269,710,1,0,1,0
663,22.089,20,2,car,0.000553,13,bench,0.000345,7,truck,0.000148,0.000553,0.000029,0.000030,0.000148,0.000022,277,605,997,104,1274,709,1,0,1,0
664,22.122,1,6,train,0.913519,5,bus,0.001123,7,truck,0.000355,0.000016,0.001123,0.913519,0.000355,0.000066,705,141,574,393,1279,534,1,1,0,0
664,22.122,2,6,train,0.906687,5,bus,0.005012,7,truck,0.000743,0.000056,0.005012,0.906687,0.000743,0.000194,705,141,574,394,1279,535,1,1,0,0
664,22.122,3,6,train,0.901228,5,bus,0.003336,7,truck,0.000666,0.000074,0.003336,0.901228,0.000666,0.000093,705,142,574,391,1279,533,1,1,0,0
664,22.122,4,6,train,0.897842,5,bus,0.007765,7,truck,0.001036,0.000111,0.007765,0.897842,0.001036,0.000262,706,141,573,394,1279,535,1,1,0,0
664,22.122,5,6,train,0.896320,5,bus,0.002197,7,truck,0.000377,0.000025,0.002197,0.896320,0.000377,0.000067,705,140,574,394,1279,534,1,1,0,0
664,22.122,6,6,train,0.893103,5,bus,0.001459,7,truck,0.000198,0.000013,0.001459,0.893103,0.000198,0.000038,704,142,575,391,1279,533,1,1,0,0
664,22.122,7,6,train,0.892680,5,bus,0.004784,4,airplane,0.000634,0.000077,0.004784,0.892680,0.000489,0.000076,705,140,574,393,1279,533,1,1,0,0
664,22.122,8,6,train,0.888474,5,bus,0.002450,7,truck,0.000184,0.000016,0.002450,0.888474,0.000184,0.000037,705,141,574,392,1279,533,1,1,0,0
664,22.122,9,6,train,0.871008,5,bus,0.001351,7,truck,0.000172,0.000016,0.001351,0.871008,0.000172,0.000070,707,142,572,390,1279,532,1,1,0,0
664,22.122,10,6,train,0.865476,5,bus,0.000880,7,truck,0.000223,0.000010,0.000880,0.865476,0.000223,0.000084,706,143,573,389,1279,532,1,1,0,0
664,22.122,11,0,person,0.005228,16,dog,0.000012,14,bird,0.000009,0.000005,0.000000,0.000000,0.000001,0.000000,1160,299,43,30,1203,329,0,0,1,0
664,22.122,12,0,person,0.004074,9,traffic light,0.000046,56,chair,0.000013,0.000007,0.000000,0.000000,0.000001,0.000000,1039,215,37,37,1076,252,0,0,1,0
664,22.122,13,0,person,0.002750,9,traffic light,0.000046,56,chair,0.000015,0.000008,0.000000,0.000000,0.000001,0.000000,1037,215,38,39,1075,254,0,0,1,0
664,22.122,14,0,person,0.002679,14,bird,0.000023,74,clock,0.000019,0.000014,0.000000,0.000000,0.000001,0.000001,1171,298,36,31,1207,329,0,0,1,0
664,22.122,15,0,person,0.002462,16,dog,0.000005,56,chair,0.000005,0.000001,0.000000,0.000000,0.000000,0.000000,1145,299,39,30,1184,329,0,0,1,0
664,22.122,16,0,person,0.002310,74,clock,0.000009,16,dog,0.000008,0.000004,0.000000,0.000000,0.000000,0.000000,1158,294,49,35,1207,329,0,0,1,0
664,22.122,17,0,person,0.001886,56,chair,0.000011,9,traffic light,0.000008,0.000004,0.000000,0.000000,0.000000,0.000000,1114,298,31,30,1145,328,0,0,1,0
664,22.122,18,2,car,0.001833,13,bench,0.000654,7,truck,0.000252,0.001833,0.000041,0.000034,0.000252,0.000037,233,603,1038,107,1271,710,1,0,1,0
664,22.122,19,2,car,0.001400,13,bench,0.000494,7,truck,0.000185,0.001400,0.000033,0.000038,0.000185,0.000039,131,603,1131,106,1262,709,1,0,1,0
664,22.122,20,2,car,0.001397,13,bench,0.000495,7,truck,0.000253,0.001397,0.000042,0.000032,0.000253,0.000026,280,597,995,111,1275,708,1,0,1,0
665,22.155,1,6,train,0.850604,7,truck,0.017131,5,bus,0.016804,0.000114,0.016804,0.850604,0.017131,0.000208,705,126,574,423,1279,549,1,1,0,0
665,22.155,2,6,train,0.835225,5,bus,0.022214,7,truck,0.009008,0.000117,0.022214,0.835225,0.009008,0.000087,705,127,574,420,1279,547,1,1,0,0
665,22.155,3,6,train,0.834492,5,bus,0.020679,7,truck,0.010726,0.000211,0.020679,0.834492,0.010726,0.000371,709,128,570,417,1279,545,1,1,0,0
665,22.155,4,6,train,0.831595,5,bus,0.023805,7,truck,0.014933,0.000459,0.023805,0.831595,0.014933,0.000170,707,128,572,419,1279,547,1,1,0,0
665,22.155,5,6,train,0.825793,7,truck,0.015009,5,bus,0.013889,0.000136,0.013889,0.825793,0.015009,0.000522,709,128,570,419,1279,547,1,1,0,0
665,22.155,6,6,train,0.801652,5,bus,0.045677,7,truck,0.014756,0.000176,0.045677,0.801652,0.014756,0.000154,706,126,573,424,1279,550,1,1,0,0
665,22.155,7,6,train,0.792827,5,bus,0.042197,7,truck,0.005637,0.000106,0.042197,0.792827,0.005637,0.000054,706,127,572,421,1278,548,1,1,0,0
665,22.155,8,6,train,0.783766,5,bus,0.036048,7,truck,0.008281,0.000316,0.036048,0.783766,0.008281,0.000100,707,128,572,420,1279,548,1,1,0,0
665,22.155,9,6,train,0.753033,5,bus,0.094845,7,truck,0.032955,0.000649,0.094845,0.753033,0.032955,0.000860,706,125,573,423,1279,548,1,1,0,0
665,22.155,10,6,train,0.694466,5,bus,0.140112,7,truck,0.028337,0.001016,0.140112,0.694466,0.028337,0.000765,706,124,573,428,1279,552,1,1,0,0
665,22.155,11,0,person,0.008784,16,dog,0.000039,77,teddy bear,0.000020,0.000003,0.000000,0.000000,0.000000,0.000000,1145,293,39,32,1184,325,0,0,1,0
665,22.155,12,0,person,0.008481,16,dog,0.000042,77,teddy bear,0.000020,0.000004,0.000000,0.000000,0.000000,0.000000,1143,293,41,32,1184,325,0,0,1,0
665,22.155,13,0,person,0.003686,16,dog,0.000010,2,car,0.000010,0.000010,0.000000,0.000000,0.000001,0.000000,1190,294,40,31,1230,325,1,0,1,0
665,22.155,14,0,person,0.003257,16,dog,0.000015,2,car,0.000012,0.000012,0.000000,0.000000,0.000001,0.000000,1191,295,36,30,1227,325,1,0,1,0
665,22.155,15,0,person,0.002368,28,suitcase,0.000079,24,backpack,0.000072,0.000014,0.000001,0.000001,0.000002,0.000000,1057,203,44,44,1101,247,0,0,1,0
665,22.155,16,0,person,0.002276,28,suitcase,0.000110,9,traffic light,0.000086,0.000044,0.000001,0.000001,0.000005,0.000001,1057,203,39,35,1096,238,0,0,1,0
665,22.155,17,0,person,0.001774,74,clock,0.000011,16,dog,0.000007,0.000004,0.000000,0.000000,0.000000,0.000000,1145,283,38,42,1183,325,0,0,1,0
665,22.155,18,0,person,0.001714,9,traffic light,0.000081,28,suitcase,0.000059,0.000026,0.000001,0.000001,0.000002,0.000000,1057,202,41,42,1098,244,0,0,1,0
665,22.155,19,0,person,0.001595,24,backpack,0.000031,28,suitcase,0.000030,0.000009,0.000000,0.000000,0.000001,0.000000,1050,202,52,48,1102,250,0,0,1,0
665,22.155,20,0,person,0.001532,74,clock,0.000009,16,dog,0.000006,0.000004,0.000000,0.000000,0.000000,0.000000,1145,283,55,43,1200,326,0,0,1,0
666,22.189,1,6,train,0.729570,7,truck,0.090721,5,bus,0.010192,0.000217,0.010192,0.729570,0.090721,0.000441,710,113,569,435,1279,548,1,1,0,0
666,22.189,2,6,train,0.690690,7,truck,0.152959,5,bus,0.040429,0.000467,0.040429,0.690690,0.152959,0.000161,705,112,574,437,1279,549,1,1,0,0
666,22.189,3,6,train,0.654087,7,truck,0.085671,5,bus,0.018848,0.000291,0.018848,0.654087,0.085671,0.000232,711,112,568,435,1279,547,1,1,0,0
666,22.189,4,6,train,0.528343,7,truck,0.163066,5,bus,0.115646,0.001830,0.115646,0.528343,0.163066,0.000933,706,111,573,437,1279,548,1,1,0,0
666,22.189,5,6,train,0.466030,7,truck,0.142042,5,bus,0.067432,0.000446,0.067432,0.466030,0.142042,0.000051,705,111,574,437,1279,548,1,1,0,0
666,22.189,6,6,train,0.362038,7,truck,0.276730,5,bus,0.141594,0.001355,0.141594,0.362038,0.276730,0.000165,706,110,573,440,1279,550,1,1,0,0
666,22.189,7,6,train,0.354038,7,truck,0.205739,5,bus,0.053592,0.001123,0.053592,0.354038,0.205739,0.000116,707,115,572,433,1279,548,1,1,0,0
666,22.189,8,6,train,0.305431,7,truck,0.252550,5,bus,0.229906,0.003720,0.229906,0.305431,0.252550,0.001022,706,109,573,440,1279,549,1,1,0,0
666,22.189,9,7,truck,0.236304,6,train,0.144921,5,bus,0.108036,0.001965,0.108036,0.144921,0.236304,0.000112,707,113,572,437,1279,550,1,1,1,1
666,22.189,10,7,truck,0.220862,6,train,0.205628,5,bus,0.180718,0.000827,0.180718,0.205628,0.220862,0.000041,706,110,572,439,1278,549,1,1,1,1
666,22.189,11,6,train,0.019078,7,truck,0.001562,5,bus,0.000542,0.000023,0.000542,0.019078,0.001562,0.000071,710,112,569,434,1279,546,1,0,0,0
666,22.189,12,2,car,0.002172,13,bench,0.000345,7,truck,0.000163,0.002172,0.000059,0.000035,0.000163,0.000029,17,598,1223,110,1240,708,1,0,1,0
666,22.189,13,2,car,0.001814,13,bench,0.000292,60,dining table,0.000166,0.001814,0.000051,0.000060,0.000089,0.000023,12,596,1178,111,1190,707,0,0,1,0
666,22.189,14,2,car,0.001623,13,bench,0.000239,60,dining table,0.000110,0.001623,0.000034,0.000049,0.000065,0.000017,9,595,1140,112,1149,707,0,0,1,0
666,22.189,15,2,car,0.001583,13,bench,0.000253,60,dining table,0.000146,0.001583,0.000043,0.000035,0.000090,0.000020,11,596,1232,111,1243,707,1,0,1,0
666,22.189,16,2,car,0.001518,7,truck,0.000340,13,bench,0.000327,0.001518,0.000050,0.000015,0.000340,0.000020,206,600,1067,110,1273,710,1,0,1,0
666,22.189,17,0,person,0.001435,16,dog,0.000012,9,traffic light,0.000009,0.000005,0.000000,0.000000,0.000000,0.000000,1181,288,32,34,1213,322,0,0,1,0
666,22.189,18,2,car,0.001425,7,truck,0.000485,13,bench,0.000366,0.001425,0.000066,0.000020,0.000485,0.000023,265,599,1009,109,1274,708,1,0,1,0
666,22.189,19,2,car,0.001422,13,bench,0.000257,7,truck,0.000179,0.001422,0.000039,0.000017,0.000179,0.000020,84,599,1151,109,1235,708,1,0,1,0
666,22.189,20,2,car,0.001419,13,bench,0.000328,7,truck,0.000269,0.001419,0.000041,0.000017,0.000269,0.000021,107,600,1156,110,1263,710,1,0,1,0
667,22.222,1,6,train,0.887607,7,truck,0.002135,5,bus,0.002056,0.000030,0.002056,0.887607,0.002135,0.000069,708,94,571,502,1279,596,1,1,0,0
667,22.222,2,6,train,0.884649,5,bus,0.003102,7,truck,0.002525,0.000045,0.003102,0.884649,0.002525,0.000068,709,93,570,506,1279,599,1,1,0,0
667,22.222,3,6,train,0.874170,5,bus,0.003263,7,truck,0.002083,0.000062,0.003263,0.874170,0.002083,0.000246,709,93,570,496,1279,589,1,1,0,0
667,22.222,4,6,train,0.864226,7,truck,0.006300,5,bus,0.003639,0.000079,0.003639,0.864226,0.006300,0.000129,709,97,570,481,1279,578,1,1,0,0
667,22.222,5,6,train,0.858814,5,bus,0.003552,7,truck,0.002161,0.000026,0.003552,0.858814,0.002161,0.000032,709,95,570,497,1279,592,1,1,0,0
667,22.222,6,6,train,0.851501,5,bus,0.005071,7,truck,0.004107,0.000168,0.005071,0.851501,0.004107,0.000325,710,92,569,503,1279,595,1,1,0,0
667,22.222,7,6,train,0.850204,7,truck,0.003869,5,bus,0.001368,0.000030,0.001368,0.850204,0.003869,0.000174,712,95,567,475,1279,570,1,1,0,0
667,22.222,8,6,train,0.848947,5,bus,0.002248,7,truck,0.002169,0.000021,0.002248,0.848947,0.002169,0.000041,707,95,572,491,1279,586,1,1,0,0
667,22.222,9,6,train,0.822405,7,truck,0.003820,5,bus,0.001578,0.000023,0.001578,0.822405,0.003820,0.000135,712,96,567,472,1279,568,1,1,0,0
667,22.222,10,6,train,0.812815,7,truck,0.004504,5,bus,0.004412,0.000081,0.004412,0.812815,0.004504,0.000089,710,97,569,491,1279,588,1,1,0,0
667,22.222,11,6,train,0.011374,7,truck,0.000032,5,bus,0.000016,0.000001,0.000016,0.011374,0.000032,0.000010,712,93,567,480,1279,573,1,0,0,0
667,22.222,12,0,person,0.001729,9,traffic light,0.000304,24,backpack,0.000030,0.000006,0.000000,0.000001,0.000001,0.000000,1104,179,50,52,1154,231,0,0,1,0
667,22.222,13,2,car,0.001688,13,bench,0.000452,60,dining table,0.000154,0.001688,0.000042,0.000140,0.000068,0.000027,10,595,1127,112,1137,707,0,0,1,0
667,22.222,14,0,person,0.001486,9,traffic light,0.000289,24,backpack,0.000028,0.000011,0.000000,0.000001,0.000001,0.000001,1103,177,47,50,1150,227,0,0,1,0
667,22.222,15,2,car,0.001462,13,bench,0.000472,60,dining table,0.000254,0.001462,0.000054,0.000177,0.000080,0.000031,12,597,1173,110,1185,707,0,0,1,0
667,22.222,16,0,person,0.001461,9,traffic light,0.000254,24,backpack,0.000039,0.000010,0.000000,0.000001,0.000001,0.000001,1104,180,46,44,1150,224,0,0,1,0
667,22.222,17,2,car,0.001323,13,bench,0.000339,6,train,0.000144,0.001323,0.000037,0.000144,0.000072,0.000024,12,593,1095,114,1107,707,0,0,1,0
667,22.222,18,2,car,0.001266,13,bench,0.000357,7,truck,0.000343,0.001266,0.000056,0.000035,0.000343,0.000020,200,601,1069,109,1269,710,1,0,1,0
667,22.222,19,2,car,0.001223,13,bench,0.000471,60,dining table,0.000227,0.001223,0.000050,0.000109,0.000114,0.000030,18,600,1222,107,1240,707,1,0,1,0
667,22.222,20,2,car,0.001205,13,bench,0.000494,7,truck,0.000271,0.001205,0.000051,0.000048,0.000271,0.000024,104,602,1160,108,1264,710,1,0,1,0
668,22.256,1,6,train,0.781662,7,truck,0.024091,5,bus,0.002081,0.000050,0.002081,0.781662,0.024091,0.000160,712,76,567,515,1279,591,1,1,0,0
668,22.256,2,6,train,0.753829,7,truck,0.028605,5,bus,0.004739,0.000168,0.004739,0.753829,0.028605,0.000550,713,76,566,532,1279,608,1,1,0,0
668,22.256,3,6,train,0.744794,7,truck,0.023750,5,bus,0.002605,0.000042,0.002605,0.744794,0.023750,0.000095,712,77,567,513,1279,590,1,1,0,0
668,22.256,4,6,train,0.703289,7,truck,0.061388,5,bus,0.015303,0.000328,0.015303,0.703289,0.061388,0.000443,712,75,567,529,1279,604,1,1,0,0
668,22.256,5,6,train,0.693101,7,truck,0.072438,5,bus,0.009930,0.000146,0.009930,0.693101,0.072438,0.000111,710,76,569,533,1279,609,1,1,0,0
668,22.256,6,6,train,0.689462,7,truck,0.090864,5,bus,0.014728,0.000215,0.014728,0.689462,0.090864,0.000104,712,74,567,536,1279,610,1,1,0,0
668,22.256,7,6,train,0.663374,7,truck,0.070510,5,bus,0.022296,0.000459,0.022296,0.663374,0.070510,0.000427,713,75,566,529,1279,604,1,1,0,0
668,22.256,8,6,train,0.580509,7,truck,0.086651,5,bus,0.014788,0.000126,0.014788,0.580509,0.086651,0.000041,709,76,570,525,1279,601,1,1,0,0
668,22.256,9,6,train,0.563746,7,truck,0.094405,5,bus,0.023803,0.000173,0.023803,0.563746,0.094405,0.000035,712,75,567,532,1279,607,1,1,0,0
668,22.256,10,6,train,0.435830,7,truck,0.197431,5,bus,0.021470,0.000632,0.021470,0.435830,0.197431,0.000120,710,77,569,518,1279,595,1,1,0,0
668,22.256,11,2,car,0.002582,13,bench,0.000521,60,dining table,0.000317,0.002582,0.000067,0.000176,0.000117,0.000041,12,596,1177,111,1189,707,0,0,1,0
668,22.256,12,2,car,0.002241,13,bench,0.000552,60,dining table,0.000243,0.002241,0.000064,0.000106,0.000193,0.000036,17,599,1227,108,1244,707,1,0,1,0
668,22.256,13,2,car,0.002113,13,bench,0.000414,60,dining table,0.000178,0.002113,0.000044,0.000126,0.000078,0.000029,12,595,1123,111,1135,706,0,0,1,0
668,22.256,14,2,car,0.001767,13,bench,0.000424,60,dining table,0.000257,0.001767,0.000046,0.000099,0.000101,0.000029,14,598,1233,109,1247,707,1,0,1,0
668,22.256,15,2,car,0.001719,7,truck,0.000547,13,bench,0.000544,0.001719,0.000084,0.000048,0.000547,0.000030,93,599,1175,111,1268,710,1,0,1,0
668,22.256,16,2,car,0.001692,7,truck,0.000920,13,bench,0.000392,0.001692,0.000112,0.000033,0.000920,0.000027,156,597,1116,113,1272,710,1,0,1,0
668,22.256,17,2,car,0.001500,13,bench,0.000324,60,dining table,0.000175,0.001500,0.000040,0.000132,0.000078,0.000025,16,593,1088,113,1104,706,0,0,1,0
668,22.256,18,2,car,0.001449,7,truck,0.001333,13,bench,0.000303,0.001449,0.000156,0.000039,0.001333,0.000032,172,592,1104,117,1276,709,1,0,1,0
668,22.256,19,2,car,0.001343,13,bench,0.000385,7,truck,0.000243,0.001343,0.000052,0.000055,0.000243,0.000022,77,599,1174,109,1251,708,1,0,1,0
668,22.256,20,7,truck,0.000920,2,car,0.000690,5,bus,0.000126,0.000690,0.000126,0.000033,0.000920,0.000035,263,557,1013,151,1276,708,1,0,1,0
669,22.289,1,7,truck,0.606973,6,train,0.049916,5,bus,0.038025,0.001685,0.038025,0.049916,0.606973,0.000116,713,58,566,527,1279,585,1,1,1,1
669,22.289,2,6,train,0.519972,7,truck,0.144072,5,bus,0.037122,0.001022,0.037122,0.519972,0.144072,0.000512,715,54,564,544,1279,598,1,1,0,0
669,22.289,3,6,train,0.455108,7,truck,0.276513,5,bus,0.029392,0.000633,0.029392,0.455108,0.276513,0.000128,714,53,565,541,1279,594,1,1,0,0
669,22.289,4,6,train,0.444902,7,truck,0.139665,5,bus,0.028997,0.000610,0.028997,0.444902,0.139665,0.000545,715,54,564,571,1279,625,1,1,0,0
669,22.289,5,7,truck,0.420038,6,train,0.137900,5,bus,0.037188,0.000410,0.037188,0.137900,0.420038,0.000049,712,56,567,535,1279,591,1,1,1,1
669,22.289,6,6,train,0.410895,7,truck,0.230317,5,bus,0.016609,0.000315,0.016609,0.410895,0.230317,0.000234,715,54,564,542,1279,596,1,1,0,0
669,22.289,7,6,train,0.396206,7,truck,0.241976,5,bus,0.057836,0.001184,0.057836,0.396206,0.241976,0.000494,713,53,566,550,1279,603,1,1,0,0
669,22.289,8,7,truck,0.379282,6,train,0.202348,5,bus,0.035208,0.000485,0.035208,0.202348,0.379282,0.000048,714,55,565,536,1279,591,1,1,1,1
669,22.289,9,7,truck,0.355143,6,train,0.275486,5,bus,0.035666,0.000652,0.035666,0.275486,0.355143,0.000122,712,53,567,545,1279,598,1,1,1,1
669,22.289,10,7,truck,0.333710,6,train,0.234152,5,bus,0.024941,0.000340,0.024941,0.234152,0.333710,0.000190,714,57,565,537,1279,594,1,1,1,1
669,22.289,11,7,truck,0.003694,5,bus,0.000398,2,car,0.000327,0.000327,0.000398,0.000109,0.003694,0.000046,292,43,987,674,1279,717,1,0,1,0
669,22.289,12,2,car,0.002657,7,truck,0.000090,0,person,0.000031,0.002657,0.000007,0.000009,0.000090,0.000005,1067,503,212,118,1279,621,1,0,1,0
669,22.289,13,2,car,0.002380,7,truck,0.000105,0,person,0.000021,0.002380,0.000006,0.000009,0.000105,0.000004,1069,504,210,105,1279,609,1,0,1,0
669,22.289,14,2,car,0.002017,13,bench,0.000317,60,dining table,0.000180,0.002017,0.000046,0.000123,0.000083,0.000035,11,596,1154,110,1165,706,0,0,1,0
669,22.289,15,0,person,0.001934,2,car,0.000358,16,dog,0.000346,0.000358,0.000000,0.000003,0.000013,0.000011,1068,512,73,64,1141,576,0,0,1,0
669,22.289,16,14,bird,0.001767,16,dog,0.000325,15,cat,0.000313,0.000100,0.000000,0.000003,0.000011,0.000009,1070,514,69,62,1139,576,0,0,0,0
669,22.289,17,0,person,0.001713,2,car,0.000272,16,dog,0.000072,0.000272,0.000000,0.000001,0.000007,0.000003,1069,511,71,66,1140,577,0,0,1,0
669,22.289,18,2,car,0.001638,13,bench,0.000254,60,dining table,0.000155,0.001638,0.000044,0.000138,0.000083,0.000030,14,593,1108,113,1122,706,0,0,1,0
669,22.289,19,7,truck,0.001571,6,train,0.000052,5,bus,0.000026,0.000003,0.000026,0.000052,0.001571,0.000003,713,58,566,531,1279,589,1,0,1,0
669,22.289,20,2,car,0.001552,13,bench,0.000347,60,dining table,0.000314,0.001552,0.000056,0.000151,0.000095,0.000041,12,597,1189,110,1201,707,0,0,1,0
670,22.322,1,6,train,0.832216,7,truck,0.017400,5,bus,0.004470,0.000091,0.004470,0.832216,0.017400,0.000188,713,33,566,571,1279,604,1,1,0,0
670,22.322,2,6,train,0.815855,7,truck,0.026800,5,bus,0.002793,0.000049,0.002793,0.815855,0.026800,0.000052,712,34,567,569,1279,603,1,1,0,0
670,22.322,3,6,train,0.787867,7,truck,0.030440,5,bus,0.001160,0.000028,0.001160,0.787867,0.030440,0.000098,714,34,565,568,1279,602,1,1,0,0
670,22.322,4,6,train,0.777969,7,truck,0.070049,5,bus,0.004790,0.000121,0.004790,0.777969,0.070049,0.000073,713,34,566,567,1279,601,1,1,0,0
670,22.322,5,6,train,0.762550,7,truck,0.016134,5,bus,0.001841,0.000050,0.001841,0.762550,0.016134,0.000210,715,33,564,582,1279,615,1,1,0,0
670,22.322,6,6,train,0.755728,7,truck,0.039530,5,bus,0.006537,0.000206,0.006537,0.755728,0.039530,0.000263,714,33,565,570,1279,603,1,1,0,0
670,22.322,7,6,train,0.754405,7,truck,0.029521,5,bus,0.004875,0.000060,0.004875,0.754405,0.029521,0.000022,711,38,568,556,1279,594,1,1,0,0
670,22.322,8,6,train,0.735411,7,truck,0.036343,5,bus,0.001964,0.000033,0.001964,0.735411,0.036343,0.000065,714,38,565,558,1279,596,1,1,0,0
670,22.322,9,6,train,0.667388,7,truck,0.077744,5,bus,0.008328,0.000139,0.008328,0.667388,0.077744,0.000025,713,37,566,560,1279,597,1,1,0,0
670,22.322,10,6,train,0.633699,7,truck,0.066048,5,bus,0.007221,0.000248,0.007221,0.633699,0.066048,0.000069,712,35,567,559,1279,594,1,1,0,0
670,22.322,11,0,person,0.002463,2,car,0.000028,56,chair,0.000017,0.000028,0.000000,0.000000,0.000003,0.000001,999,280,35,37,1034,317,0,0,1,0
670,22.322,12,0,person,0.002370,2,car,0.000055,56,chair,0.000030,0.000055,0.000001,0.000001,0.000005,0.000001,1000,269,56,49,1056,318,0,0,1,0
670,22.322,13,0,person,0.002014,14,bird,0.000017,2,car,0.000017,0.000017,0.000000,0.000000,0.000001,0.000000,1000,270,56,48,1056,318,0,0,1,0
670,22.322,14,0,person,0.001956,2,car,0.000021,14,bird,0.000012,0.000021,0.000000,0.000000,0.000001,0.000000,999,278,35,40,1034,318,0,0,1,0
670,22.322,15,2,car,0.001642,13,bench,0.000442,6,train,0.000158,0.001642,0.000043,0.000158,0.000070,0.000027,12,596,1150,109,1162,705,0,0,1,0
670,22.322,16,2,car,0.001591,13,bench,0.000421,60,dining table,0.000169,0.001591,0.000047,0.000168,0.000087,0.000026,12,593,1120,113,1132,706,0,0,1,0
670,22.322,17,2,car,0.001239,13,bench,0.000460,60,dining table,0.000323,0.001239,0.000059,0.000272,0.000091,0.000040,11,596,1187,110,1198,706,0,0,1,0
670,22.322,18,0,person,0.000919,2,car,0.000008,56,chair,0.000004,0.000008,0.000000,0.000000,0.000001,0.000000,996,277,35,43,1031,320,0,0,1,0
670,22.322,19,2,car,0.000884,0,person,0.000151,7,truck,0.000034,0.000884,0.000001,0.000002,0.000034,0.000007,1085,517,77,65,1162,582,0,0,1,0
670,22.322,20,7,truck,0.000856,2,car,0.000341,13,bench,0.000297,0.000341,0.000092,0.000060,0.000856,0.000029,138,600,1138,108,1276,708,1,0,1,0
671,22.356,1,7,truck,0.746486,5,bus,0.078724,2,car,0.001471,0.001471,0.078724,0.000439,0.746486,0.000049,710,17,569,570,1279,587,1,1,1,1
671,22.356,2,7,truck,0.735145,5,bus,0.050177,2,car,0.001209,0.001209,0.050177,0.000231,0.735145,0.000023,710,18,569,563,1279,581,1,1,1,1
671,22.356,3,7,truck,0.698469,5,bus,0.138086,2,car,0.002938,0.002938,0.138086,0.001798,0.698469,0.000213,711,15,568,575,1279,590,1,1,1,1
671,22.356,4,7,truck,0.698368,5,bus,0.093454,6,train,0.002265,0.000861,0.093454,0.002265,0.698368,0.000076,712,17,567,575,1279,592,1,1,1,1
671,22.356,5,7,truck,0.691110,5,bus,0.109641,6,train,0.001050,0.000911,0.109641,0.001050,0.691110,0.000031,708,18,571,572,1279,590,1,1,1,1
671,22.356,6,7,truck,0.684640,5,bus,0.083448,2,car,0.000810,0.000810,0.083448,0.000598,0.684640,0.000018,709,17,570,564,1279,581,1,1,1,1
671,22.356,7,7,truck,0.681993,5,bus,0.082726,2,car,0.002589,0.002589,0.082726,0.000653,0.681993,0.000056,710,16,569,560,1279,576,1,1,1,1
671,22.356,8,7,truck,0.672005,5,bus,0.069493,6,train,0.001291,0.000780,0.069493,0.001291,0.672005,0.000049,713,18,566,569,1279,587,1,1,1,1
671,22.356,9,7,truck,0.637217,5,bus,0.180461,6,train,0.003317,0.002592,0.180461,0.003317,0.637217,0.000161,710,16,569,575,1279,591,1,1,1,1
671,22.356,10,7,truck,0.577239,5,bus,0.154007,6,train,0.006450,0.002118,0.154007,0.006450,0.577239,0.000309,712,15,567,581,1279,596,1,1,1,1
671,22.356,11,0,person,0.003282,2,car,0.000018,14,bird,0.000014,0.000018,0.000000,0.000000,0.000001,0.000001,1059,265,24,46,1083,311,0,0,1,0
671,22.356,12,2,car,0.003094,13,bench,0.000935,6,train,0.000248,0.003094,0.000101,0.000248,0.000133,0.000058,6,596,1167,110,1173,706,0,0,1,0
671,22.356,13,2,car,0.002680,0,person,0.000137,13,bench,0.000054,0.002680,0.000001,0.000005,0.000053,0.000019,1100,519,83,69,1183,588,0,0,1,0
671,22.356,14,2,car,0.002614,13,bench,0.001095,7,truck,0.000371,0.002614,0.000142,0.000132,0.000371,0.000065,12,600,1237,107,1249,707,1,0,1,0
671,22.356,15,2,car,0.002484,13,bench,0.000902,60,dining table,0.000329,0.002484,0.000118,0.000285,0.000149,0.000060,9,597,1200,109,1209,706,0,0,1,0
671,22.356,16,2,car,0.002326,13,bench,0.000902,60,dining table,0.000316,0.002326,0.000099,0.000122,0.000177,0.000047,8,598,1243,109,1251,707,1,0,1,0
671,22.356,17,2,car,0.001665,13,bench,0.000566,6,train,0.000235,0.001665,0.000075,0.000235,0.000112,0.000049,6,593,1140,113,1146,706,0,0,1,0
671,22.356,18,0,person,0.001529,2,car,0.000025,56,chair,0.000012,0.000025,0.000001,0.000000,0.000002,0.000001,1057,264,25,48,1082,312,0,0,1,0
671,22.356,19,7,truck,0.001438,2,car,0.000790,13,bench,0.000394,0.000790,0.000129,0.000027,0.001438,0.000026,119,603,1156,105,1275,708,1,0,1,0
671,22.356,20,0,person,0.001411,14,bird,0.000024,39,bottle,0.000007,0.000007,0.000000,0.000000,0.000000,0.000000,1059,263,24,47,1083,310,0,0,1,0
672,22.389,1,7,truck,0.803347,5,bus,0.043553,2,car,0.001675,0.001675,0.043553,0.001057,0.803347,0.000105,711,3,568,592,1279,595,1,1,1,1
672,22.389,2,7,truck,0.782337,5,bus,0.034680,2,car,0.001170,0.001170,0.034680,0.000674,0.782337,0.000054,711,2,568,582,1279,584,1,1,1,1
672,22.389,3,7,truck,0.775536,5,bus,0.070671,2,car,0.004296,0.004296,0.070671,0.002694,0.775536,0.000427,711,5,568,598,1279,603,1,1,1,1
672,22.389,4,7,truck,0.745753,5,bus,0.095631,6,train,0.005603,0.004038,0.095631,0.005603,0.745753,0.000307,711,5,568,601,1279,606,1,1,1,1
672,22.389,5,7,truck,0.728242,5,bus,0.050740,6,train,0.002639,0.001043,0.050740,0.002639,0.728242,0.000059,709,3,570,598,1279,601,1,1,1,1
672,22.389,6,7,truck,0.717723,5,bus,0.047624,6,train,0.001388,0.000803,0.047624,0.001388,0.717723,0.000037,709,2,570,585,1279,587,1,1,1,1
672,22.389,7,7,truck,0.707711,5,bus,0.054464,2,car,0.002756,0.002756,0.054464,0.000980,0.707711,0.000109,709,7,570,574,1279,581,1,1,1,1
672,22.389,8,7,truck,0.699026,5,bus,0.060532,6,train,0.005340,0.001219,0.060532,0.005340,0.699026,0.000103,714,3,565,601,1279,604,1,1,1,1
672,22.389,9,7,truck,0.656903,5,bus,0.054960,6,train,0.002840,0.000968,0.054960,0.002840,0.656903,0.000076,714,2,564,592,1278,594,1,1,1,1
672,22.389,10,7,truck,0.616060,5,bus,0.112500,6,train,0.012034,0.003814,0.112500,0.012034,0.616060,0.000432,715,4,564,617,1279,621,1,1,1,1
672,22.389,11,2,car,0.002807,13,bench,0.000469,60,dining table,0.000194,0.002807,0.000061,0.000165,0.000103,0.000043,9,595,1152,110,1161,705,0,0,1,0
672,22.389,12,2,car,0.002428,13,bench,0.000501,60,dining table,0.000335,0.002428,0.000080,0.000229,0.000126,0.000051,11,596,1194,110,1205,706,0,0,1,0
672,22.389,13,0,person,0.002212,2,car,0.000045,14,bird,0.000016,0.000045,0.000000,0.000000,0.000001,0.000001,1084,256,26,48,1110,304,0,0,1,0
672,22.389,14,0,person,0.002074,14,bird,0.000029,2,car,0.000021,0.000021,0.000000,0.000000,0.000001,0.000000,1076,256,33,51,1109,307,0,0,1,0
672,22.389,15,0,person,0.002005,2,car,0.000034,14,bird,0.000012,0.000034,0.000000,0.000000,0.000002,0.000001,1083,257,26,47,1109,304,0,0,1,0
672,22.389,16,0,person,0.001896,2,car,0.000036,14,bird,0.000025,0.000036,0.000000,0.000000,0.000004,0.000002,1046,270,27,38,1073,308,0,0,1,0
672,22.389,17,0,person,0.001866,2,car,0.000021,14,bird,0.000013,0.000021,0.000000,0.000000,0.000002,0.000001,1076,256,32,51,1108,307,0,0,1,0
672,22.389,18,0,person,0.001839,14,bird,0.000023,2,car,0.000023,0.000023,0.000000,0.000000,0.000002,0.000001,1035,271,30,39,1065,310,0,0,1,0
672,22.389,19,2,car,0.001771,13,bench,0.000518,60,dining table,0.000280,0.001771,0.000082,0.000106,0.000247,0.000055,13,598,1236,109,1249,707,1,0,1,0
672,22.389,20,2,car,0.001587,13,bench,0.000340,6,train,0.000161,0.001587,0.000050,0.000161,0.000092,0.000036,9,592,1127,113,1136,705,0,0,1,0
673,22.422,1,7,truck,0.776390,5,bus,0.034292,2,car,0.002115,0.002115,0.034292,0.001886,0.776390,0.000133,712,2,567,603,1279,605,1,1,1,1
673,22.422,2,7,truck,0.764516,5,bus,0.039874,2,car,0.002510,0.002510,0.039874,0.001200,0.764516,0.000100,712,0,567,597,1279,597,1,1,1,1
673,22.422,3,7,truck,0.750357,5,bus,0.056092,6,train,0.006997,0.003564,0.056092,0.006997,0.750357,0.000477,712,4,566,603,1278,607,1,1,1,1
673,22.422,4,7,truck,0.727495,5,bus,0.044526,6,train,0.005250,0.001375,0.044526,0.005250,0.727495,0.000131,710,3,569,606,1279,609,1,1,1,1
673,22.422,5,7,truck,0.719138,5,bus,0.077091,6,train,0.017148,0.002829,0.077091,0.017148,0.719138,0.000543,712,4,567,605,1279,609,1,1,1,1
673,22.422,6,7,truck,0.716090,5,bus,0.042330,6,train,0.015249,0.001100,0.042330,0.015249,0.716090,0.000225,715,3,563,605,1278,608,1,1,1,1
673,22.422,7,7,truck,0.711611,5,bus,0.058091,6,train,0.002442,0.001916,0.058091,0.002442,0.711611,0.000092,710,1,569,597,1279,598,1,1,1,1
673,22.422,8,7,truck,0.701879,5,bus,0.070510,2,car,0.006572,0.006572,0.070510,0.001543,0.701879,0.000254,710,4,569,590,1279,594,1,1,1,1
673,22.422,9,7,truck,0.661406,5,bus,0.054374,6,train,0.007327,0.001478,0.054374,0.007327,0.661406,0.000181,716,1,562,601,1278,602,1,1,1,1
673,22.422,10,7,truck,0.660620,5,bus,0.072962,6,train,0.043243,0.002212,0.072962,0.043243,0.660620,0.000787,715,4,563,614,1278,618,1,1,1,1
673,22.422,11,2,car,0.004688,13,bench,0.000460,60,dining table,0.000228,0.004688,0.000068,0.000163,0.000118,0.000044,7,595,1184,111,1191,706,0,0,1,0
673,22.422,12,2,car,0.004025,13,bench,0.000450,60,dining table,0.000442,0.004025,0.000087,0.000203,0.000146,0.000061,8,595,1211,111,1219,706,1,0,1,0
673,22.422,13,0,person,0.003362,2,car,0.000027,14,bird,0.000014,0.000027,0.000000,0.000000,0.000001,0.000001,1105,247,34,51,1139,298,0,0,1,0
673,22.422,14,2,car,0.002634,13,bench,0.000371,60,dining table,0.000175,0.002634,0.000057,0.000164,0.000104,0.000030,7,593,1165,113,1172,706,0,0,1,0
673,22.422,15,0,person,0.002532,14,bird,0.000032,2,car,0.000016,0.000016,0.000000,0.000000,0.000001,0.000000,1105,247,33,51,1138,298,0,0,1,0
673,22.422,16,0,person,0.002375,2,car,0.000025,9,traffic light,0.000019,0.000025,0.000001,0.000000,0.000002,0.000001,1103,246,35,52,1138,298,0,0,1,0
673,22.422,17,2,car,0.002089,60,dining table,0.000365,13,bench,0.000334,0.002089,0.000049,0.000074,0.000115,0.000042,10,596,1243,110,1253,706,1,0,1,0
673,22.422,18,0,person,0.001886,2,car,0.000027,9,traffic light,0.000019,0.000027,0.000000,0.000000,0.000002,0.000001,1060,261,40,41,1100,302,0,0,1,0
673,22.422,19,2,car,0.001843,13,bench,0.000382,60,dining table,0.000366,0.001843,0.000061,0.000079,0.000199,0.000056,13,597,1233,110,1246,707,1,0,1,0
673,22.422,20,0,person,0.001749,14,bird,0.000044,2,car,0.000014,0.000014,0.000000,0.000000,0.000001,0.000000,1110,248,28,46,1138,294,0,0,1,0
674,22.456,1,7,truck,0.669436,5,bus,0.032987,6,train,0.012752,0.001061,0.032987,0.012752,0.669436,0.000321,717,4,561,625,1278,629,1,1,1,1
674,22.456,2,7,truck,0.653773,5,bus,0.048846,6,train,0.009802,0.001229,0.048846,0.009802,0.653773,0.000154,717,2,562,621,1279,623,1,1,1,1
674,22.456,3,7,truck,0.637484,6,train,0.055795,5,bus,0.055062,0.001768,0.055062,0.055795,0.637484,0.000939,717,6,562,635,1279,641,1,1,1,1
674,22.456,4,7,truck,0.625527,5,bus,0.045511,6,train,0.039905,0.001949,0.045511,0.039905,0.625527,0.000952,718,5,560,632,1278,637,1,1,1,1
674,22.456,5,7,truck,0.618699,5,bus,0.065668,6,train,0.011697,0.001252,0.065668,0.011697,0.618699,0.000138,715,2,564,623,1279,625,1,1,1,1
674,22.456,6,7,truck,0.608840,5,bus,0.034736,6,train,0.018259,0.000858,0.034736,0.018259,0.608840,0.000274,715,5,564,627,1279,632,1,1,1,1
674,22.456,7,7,truck,0.602148,5,bus,0.100056,6,train,0.005731,0.004905,0.100056,0.005731,0.602148,0.000239,715,13,564,609,1279,622,1,1,1,1
674,22.456,8,7,truck,0.597970,6,train,0.053374,5,bus,0.032580,0.000608,0.032580,0.053374,0.597970,0.000382,720,5,558,626,1278,631,1,1,1,1
674,22.456,9,7,truck,0.528469,6,train,0.121738,5,bus,0.040549,0.001301,0.040549,0.121738,0.528469,0.001224,720,5,559,645,1279,650,1,1,1,1
674,22.456,10,7,truck,0.525989,5,bus,0.054732,6,train,0.028985,0.000952,0.054732,0.028985,0.525989,0.000205,720,3,558,621,1278,624,1,1,1,1
674,22.456,11,2,car,0.002709,13,bench,0.000377,60,dining table,0.000196,0.002709,0.000044,0.000093,0.000087,0.000032,10,596,1174,110,1184,706,0,0,1,0
674,22.456,12,2,car,0.002583,13,bench,0.000356,60,dining table,0.000338,0.002583,0.000060,0.000111,0.000114,0.000041,11,596,1192,110,1203,706,0,0,1,0
674,22.456,13,7,truck,0.002473,5,bus,0.000246,6,train,0.000108,0.000077,0.000246,0.000108,0.002473,0.000023,718,146,531,445,1249,591,1,0,1,0
674,22.456,14,0,person,0.002435,2,car,0.000039,16,dog,0.000006,0.000039,0.000000,0.000000,0.000001,0.000000,1104,504,144,120,1248,624,1,0,1,0
674,22.456,15,0,person,0.001927,2,car,0.000025,56,chair,0.000005,0.000025,0.000000,0.000000,0.000001,0.000000,1089,506,143,116,1232,622,1,0,1,0
674,22.456,16,2,car,0.001721,13,bench,0.000262,60,dining table,0.000242,0.001721,0.000056,0.000055,0.000187,0.000042,15,598,1232,108,1247,706,1,0,1,0
674,22.456,17,7,truck,0.001712,5,bus,0.000223,2,car,0.000121,0.000121,0.000223,0.000068,0.001712,0.000030,716,209,559,410,1275,619,1,0,1,0
674,22.456,18,2,car,0.001681,13,bench,0.000297,60,dining table,0.000165,0.001681,0.000039,0.000091,0.000083,0.000024,9,594,1158,112,1167,706,0,0,1,0
674,22.456,19,2,car,0.001428,60,dining table,0.000243,13,bench,0.000232,0.001428,0.000037,0.000052,0.000090,0.000027,14,597,1235,109,1249,706,1,0,1,0
674,22.456,20,0,person,0.001304,2,car,0.000033,16,dog,0.000007,0.000033,0.000000,0.000000,0.000001,0.000000,1116,518,129,105,1245,623,1,0,1,0
675,22.489,1,7,truck,0.803191,5,bus,0.026998,6,train,0.005109,0.001541,0.026998,0.005109,0.803191,0.000527,726,6,553,631,1279,637,1,1,1,1
675,22.489,2,7,truck,0.780054,5,bus,0.023325,2,car,0.001256,0.001256,0.023325,0.000746,0.780054,0.000073,726,1,553,622,1279,623,1,1,1,1
675,22.489,3,7,truck,0.779175,5,bus,0.024182,2,car,0.001097,0.001097,0.024182,0.000554,0.779175,0.000060,725,3,554,619,1279,622,1,1,1,1
675,22.489,4,7,truck,0.775598,5,bus,0.023652,6,train,0.014260,0.001538,0.023652,0.014260,0.775598,0.000843,728,6,551,643,1279,649,1,1,1,1
675,22.489,5,7,truck,0.775213,5,bus,0.020701,6,train,0.001315,0.001060,0.020701,0.001315,0.775213,0.000137,726,6,552,619,1278,625,1,1,1,1
675,22.489,6,7,truck,0.774978,5,bus,0.015156,6,train,0.002812,0.000671,0.015156,0.002812,0.774978,0.000158,728,6,551,623,1279,629,1,1,1,1
675,22.489,7,7,truck,0.761460,5,bus,0.015354,6,train,0.000925,0.000773,0.015354,0.000925,0.761460,0.000095,725,6,554,620,1279,626,1,1,1,1
675,22.489,8,7,truck,0.753013,5,bus,0.049302,2,car,0.004935,0.004935,0.049302,0.000503,0.753013,0.000140,724,5,555,617,1279,622,1,1,1,1
675,22.489,9,7,truck,0.745602,5,bus,0.023151,6,train,0.001327,0.000935,0.023151,0.001327,0.745602,0.000090,728,4,550,620,1278,624,1,1,1,1
675,22.489,10,7,truck,0.741895,5,bus,0.032741,6,train,0.006152,0.001845,0.032741,0.006152,0.741895,0.000539,727,6,551,625,1278,631,1,1,1,1
675,22.489,11,0,person,0.011968,2,car,0.000036,24,backpack,0.000016,0.000036,0.000000,0.000002,0.000002,0.000001,1065,490,213,144,1278,634,1,0,1,0
675,22.489,12,0,person,0.006982,2,car,0.000036,24,backpack,0.000013,0.000036,0.000001,0.000003,0.000002,0.000001,1073,491,206,143,1279,634,1,0,1,0
675,22.489,13,0,person,0.006443,2,car,0.000078,24,backpack,0.000014,0.000078,0.000001,0.000003,0.000006,0.000001,1071,487,207,147,1278,634,1,0,1,0
675,22.489,14,0,person,0.006336,2,car,0.000040,16,dog,0.000015,0.000040,0.000000,0.000000,0.000001,0.000000,1128,501,129,129,1257,630,1,0,1,0
675,22.489,15,0,person,0.006194,2,car,0.000040,16,dog,0.000015,0.000040,0.000000,0.000000,0.000001,0.000000,1088,501,155,126,1243,627,1,0,1,0
675,22.489,16,0,person,0.005026,2,car,0.000072,26,handbag,0.000027,0.000072,0.000000,0.000000,0.000003,0.000000,1141,501,132,130,1273,631,1,0,1,0
675,22.489,17,0,person,0.004966,2,car,0.000065,24,backpack,0.000012,0.000065,0.000001,0.000007,0.000004,0.000002,1066,493,213,141,1279,634,1,0,1,0
675,22.489,18,0,person,0.004624,2,car,0.000048,16,dog,0.000018,0.000048,0.000000,0.000000,0.000001,0.000000,1078,494,166,128,1244,622,1,0,1,0
675,22.489,19,0,person,0.004477,2,car,0.000048,24,backpack,0.000009,0.000048,0.000001,0.000004,0.000004,0.000001,1064,492,215,141,1279,633,1,0,1,0
675,22.489,20,0,person,0.004171,2,car,0.000070,24,backpack,0.000006,0.000070,0.000001,0.000004,0.000005,0.000002,1078,486,201,149,1279,635,1,0,1,0
676,22.523,1,7,truck,0.780658,5,bus,0.024960,2,car,0.002097,0.002097,0.024960,0.001006,0.780658,0.000063,725,1,554,626,1279,627,1,1,1,1
676,22.523,2,7,truck,0.774952,5,bus,0.025655,6,train,0.001742,0.001696,0.025655,0.001742,0.774952,0.000144,725,5,554,625,1279,630,1,1,1,1
676,22.523,3,7,truck,0.773000,5,bus,0.052483,6,train,0.011134,0.003155,0.052483,0.011134,0.773000,0.000804,725,5,554,644,1279,649,1,1,1,1
676,22.523,4,7,truck,0.772831,5,bus,0.034057,6,train,0.007665,0.001483,0.034057,0.007665,0.772831,0.000298,727,5,551,632,1278,637,1,1,1,1
676,22.523,5,7,truck,0.770168,5,bus,0.033983,2,car,0.001734,0.001734,0.033983,0.001198,0.770168,0.000065,724,2,555,625,1279,627,1,1,1,1
676,22.523,6,7,truck,0.764460,5,bus,0.026929,6,train,0.001699,0.001343,0.026929,0.001699,0.764460,0.000125,725,5,554,626,1279,631,1,1,1,1
676,22.523,7,7,truck,0.757547,5,bus,0.054650,2,car,0.006805,0.006805,0.054650,0.000740,0.757547,0.000166,723,6,556,619,1279,625,1,1,1,1
676,22.523,8,7,truck,0.752420,5,bus,0.038938,6,train,0.004393,0.001619,0.038938,0.004393,0.752420,0.000152,727,3,551,628,1278,631,1,1,1,1
676,22.523,9,7,truck,0.711284,5,bus,0.045015,6,train,0.009929,0.003221,0.045015,0.009929,0.711284,0.000743,726,5,552,638,1278,643,1,1,1,1
676,22.523,10,7,truck,0.658096,5,bus,0.052884,6,train,0.041534,0.003687,0.052884,0.041534,0.658096,0.001165,727,5,552,656,1279,661,1,1,1,1
676,22.523,11,2,car,0.003207,13,bench,0.000315,60,dining table,0.000210,0.003207,0.000076,0.000074,0.000142,0.000046,12,598,1189,108,1201,706,0,0,1,0
676,22.523,12,2,car,0.003115,13,bench,0.000311,60,dining table,0.000136,0.003115,0.000044,0.000065,0.000098,0.000037,10,597,1189,109,1199,706,0,0,1,0
676,22.523,13,2,car,0.001973,7,truck,0.000252,13,bench,0.000242,0.001973,0.000086,0.000040,0.000252,0.000042,16,600,1211,106,1227,706,1,0,1,0
676,22.523,14,2,car,0.001941,13,bench,0.000276,60,dining table,0.000140,0.001941,0.000036,0.000071,0.000087,0.000028,11,595,1180,111,1191,706,0,0,1,0
676,22.523,15,2,car,0.001922,13,bench,0.000404,36,skateboard,0.000329,0.001922,0.000009,0.000025,0.000252,0.000062,1184,533,95,101,1279,634,1,0,1,0
676,22.523,16,2,car,0.001911,13,bench,0.000222,60,dining table,0.000177,0.001911,0.000054,0.000040,0.000131,0.000033,16,598,1221,107,1237,705,1,0,1,0
676,22.523,17,7,truck,0.001765,2,car,0.000176,5,bus,0.000146,0.000176,0.000146,0.000018,0.001765,0.000018,723,246,538,367,1261,613,1,0,1,0
676,22.523,18,2,car,0.001434,13,bench,0.000321,0,person,0.000250,0.001434,0.000015,0.000030,0.000168,0.000053,1186,531,93,103,1279,634,1,0,1,0
676,22.523,19,2,car,0.001294,7,truck,0.000626,13,bench,0.000343,0.001294,0.000100,0.000030,0.000626,0.000041,82,602,1184,106,1266,708,1,0,1,0
676,22.523,20,2,car,0.001235,7,truck,0.000293,13,bench,0.000208,0.001235,0.000067,0.000024,0.000293,0.000029,68,601,1173,106,1241,707,1,0,1,0
677,22.556,1,7,truck,0.452538,6,train,0.055282,5,bus,0.049684,0.003878,0.049684,0.055282,0.452538,0.000329,724,1,554,617,1278,618,1,1,1,1
677,22.556,2,6,train,0.443078,7,truck,0.220736,5,bus,0.030221,0.003470,0.030221,0.443078,0.220736,0.001511,721,4,558,641,1279,645,1,1,0,0
677,22.556,3,7,truck,0.435555,6,train,0.068431,5,bus,0.040468,0.002814,0.040468,0.068431,0.435555,0.000435,725,4,553,626,1278,630,1,1,1,1
677,22.556,4,7,truck,0.427825,6,train,0.151654,5,bus,0.029597,0.002344,0.029597,0.151654,0.427825,0.000360,721,3,557,616,1278,619,1,1,1,1
677,22.556,5,7,truck,0.391920,5,bus,0.060278,6,train,0.022164,0.008311,0.060278,0.022164,0.391920,0.000385,720,1,559,614,1279,615,1,1,1,1
677,22.556,6,7,truck,0.377098,6,train,0.145912,5,bus,0.029537,0.001951,0.029537,0.145912,0.377098,0.000138,721,0,557,615,1278,615,1,1,1,1
677,22.556,7,7,truck,0.336099,6,train,0.169374,5,bus,0.038226,0.001940,0.038226,0.169374,0.336099,0.000344,721,4,557,617,1278,621,1,1,1,1
677,22.556,8,7,truck,0.332328,6,train,0.149955,5,bus,0.045575,0.002219,0.045575,0.149955,0.332328,0.000169,721,1,557,614,1278,615,1,1,1,1
677,22.556,9,6,train,0.319492,7,truck,0.245554,5,bus,0.043349,0.004685,0.043349,0.319492,0.245554,0.001592,725,5,553,654,1278,659,1,1,0,0
677,22.556,10,7,truck,0.295688,6,train,0.294415,5,bus,0.026268,0.004265,0.026268,0.294415,0.295688,0.001392,722,5,556,632,1278,637,1,1,1,1
677,22.556,11,0,person,0.004821,14,bird,0.000021,17,horse,0.000009,0.000001,0.000000,0.000000,0.000000,0.000000,1241,212,36,53,1277,265,1,0,1,0
677,22.556,12,0,person,0.003681,16,dog,0.000023,17,horse,0.000019,0.000003,0.000000,0.000000,0.000000,0.000000,1204,213,73,55,1277,268,1,0,1,0
677,22.556,13,2,car,0.003628,60,dining table,0.000210,13,bench,0.000186,0.003628,0.000044,0.000059,0.000132,0.000048,11,596,1205,110,1216,706,1,0,1,0
677,22.556,14,0,person,0.003524,14,bird,0.000054,16,dog,0.000011,0.000003,0.000000,0.000000,0.000000,0.000000,1242,213,31,52,1273,265,1,0,1,0
677,22.556,15,2,car,0.003494,13,bench,0.000181,60,dining table,0.000114,0.003494,0.000027,0.000041,0.000089,0.000038,10,596,1191,110,1201,706,0,0,1,0
677,22.556,16,0,person,0.003260,17,horse,0.000015,16,dog,0.000013,0.000002,0.000000,0.000000,0.000000,0.000000,1241,212,38,53,1279,265,1,0,1,0
677,22.556,17,0,person,0.002508,14,bird,0.000020,16,dog,0.000009,0.000003,0.000000,0.000000,0.000000,0.000000,1217,212,59,56,1276,268,1,0,1,0
677,22.556,18,0,person,0.002453,16,dog,0.000028,17,horse,0.000028,0.000003,0.000000,0.000000,0.000000,0.000000,1204,212,72,55,1276,267,1,0,1,0
677,22.556,19,0,person,0.002007,14,bird,0.000009,16,dog,0.000007,0.000006,0.000000,0.000000,0.000000,0.000000,1193,221,41,50,1234,271,1,0,1,0
677,22.556,20,2,car,0.002006,13,bench,0.000183,60,dining table,0.000114,0.002006,0.000023,0.000044,0.000075,0.000027,9,594,1181,112,1190,706,0,0,1,0
678,22.589,1,7,truck,0.804068,5,bus,0.010739,2,car,0.003074,0.003074,0.010739,0.000090,0.804068,0.000023,723,0,555,615,1278,615,1,1,1,1
678,22.589,2,7,truck,0.800035,5,bus,0.020137,2,car,0.004972,0.004972,0.020137,0.000106,0.800035,0.000026,723,2,555,614,1278,616,1,1,1,1
678,22.589,3,7,truck,0.786931,5,bus,0.036081,2,car,0.008872,0.008872,0.036081,0.001099,0.786931,0.000222,724,5,553,620,1277,625,1,1,1,1
678,22.589,4,7,truck,0.782896,5,bus,0.014052,2,car,0.003387,0.003387,0.014052,0.000171,0.782896,0.000043,723,4,554,613,1277,617,1,1,1,1
678,22.589,5,7,truck,0.779643,5,bus,0.025606,2,car,0.008709,0.008709,0.025606,0.000156,0.779643,0.000065,727,3,551,613,1278,616,1,1,1,1
678,22.589,6,7,truck,0.777217,5,bus,0.030862,2,car,0.017070,0.017070,0.030862,0.000106,0.777217,0.000095,721,5,558,610,1279,615,1,1,1,1
678,22.589,7,7,truck,0.771386,5,bus,0.049930,2,car,0.011484,0.011484,0.049930,0.001839,0.771386,0.000244,723,4,555,623,1278,627,1,1,1,1
678,22.589,8,7,truck,0.756934,5,bus,0.028963,2,car,0.007580,0.007580,0.028963,0.000282,0.756934,0.000089,728,5,550,614,1278,619,1,1,1,1
678,22.589,9,7,truck,0.753941,5,bus,0.021797,2,car,0.004265,0.004265,0.021797,0.000203,0.753941,0.000045,723,4,555,614,1278,618,1,1,1,1
678,22.589,10,7,truck,0.664427,5,bus,0.056439,2,car,0.014510,0.014510,0.056439,0.003427,0.664427,0.000371,729,5,549,633,1278,638,1,1,1,1
678,22.589,11,2,car,0.004495,13,bench,0.000375,60,dining table,0.000240,0.004495,0.000063,0.000065,0.000159,0.000053,10,597,1217,109,1227,706,1,0,1,0
678,22.589,12,2,car,0.004097,13,bench,0.000358,60,dining table,0.000151,0.004097,0.000044,0.000058,0.000113,0.000043,11,596,1205,109,1216,705,1,0,1,0
678,22.589,13,2,car,0.003336,7,truck,0.000315,13,bench,0.000302,0.003336,0.000071,0.000038,0.000315,0.000057,13,599,1241,107,1254,706,1,0,1,0
678,22.589,14,2,car,0.003161,7,truck,0.001186,13,bench,0.000273,0.003161,0.000107,0.000025,0.001186,0.000059,47,601,1223,107,1270,708,1,0,1,0
678,22.589,15,2,car,0.002975,13,bench,0.000303,60,dining table,0.000220,0.002975,0.000049,0.000038,0.000161,0.000043,17,598,1238,107,1255,705,1,0,1,0
678,22.589,16,2,car,0.002580,7,truck,0.000477,13,bench,0.000224,0.002580,0.000063,0.000022,0.000477,0.000041,33,600,1220,107,1253,707,1,0,1,0
678,22.589,17,2,car,0.002474,13,bench,0.000323,60,dining table,0.000158,0.002474,0.000040,0.000072,0.000101,0.000031,9,594,1197,112,1206,706,0,0,1,0
678,22.589,18,7,truck,0.002135,2,car,0.000161,5,bus,0.000070,0.000161,0.000070,0.000007,0.002135,0.000011,722,257,550,349,1272,606,1,0,1,0
678,22.589,19,0,person,0.002122,16,dog,0.000054,17,horse,0.000050,0.000037,0.000000,0.000001,0.000005,0.000002,1208,207,71,58,1279,265,1,0,1,0
678,22.589,20,2,car,0.002098,7,truck,0.001084,13,bench,0.000156,0.002098,0.000094,0.000014,0.001084,0.000031,97,602,1178,107,1275,709,1,0,1,0
679,22.623,1,7,truck,0.835827,5,bus,0.026785,2,car,0.007875,0.007875,0.026785,0.000344,0.835827,0.000186,728,6,550,618,1278,624,1,1,1,1
679,22.623,2,7,truck,0.811987,5,bus,0.042821,2,car,0.009778,0.009778,0.042821,0.000487,0.811987,0.000185,727,5,551,622,1278,627,1,1,1,1
679,22.623,3,7,truck,0.811755,5,bus,0.010725,2,car,0.002558,0.002558,0.010725,0.000037,0.811755,0.000020,727,1,551,610,1278,611,1,1,1,1
679,22.623,4,7,truck,0.797959,5,bus,0.013550,2,car,0.002745,0.002745,0.013550,0.000082,0.797959,0.000042,727,5,550,609,1277,614,1,1,1,1
679,22.623,5,7,truck,0.796221,5,bus,0.020456,2,car,0.004176,0.004176,0.020456,0.000043,0.796221,0.000022,727,2,551,609,1278,611,1,1,1,1
679,22.623,6,7,truck,0.777642,5,bus,0.025434,2,car,0.008351,0.008351,0.025434,0.000065,0.777642,0.000052,729,3,549,610,1278,613,1,1,1,1
679,22.623,7,7,truck,0.752186,5,bus,0.023657,2,car,0.003159,0.003159,0.023657,0.000084,0.752186,0.000038,727,6,551,609,1278,615,1,1,1,1
679,22.623,8,7,truck,0.748270,5,bus,0.025956,2,car,0.014557,0.014557,0.025956,0.000059,0.748270,0.000087,725,4,554,607,1279,611,1,1,1,1
679,22.623,9,7,truck,0.746315,5,bus,0.027621,2,car,0.006156,0.006156,0.027621,0.000103,0.746315,0.000065,729,6,549,611,1278,617,1,1,1,1
679,22.623,10,7,truck,0.716085,5,bus,0.046766,2,car,0.010759,0.010759,0.046766,0.000836,0.716085,0.000209,730,6,548,632,1278,638,1,1,1,1
679,22.623,11,2,car,0.003067,13,bench,0.000389,60,dining table,0.000159,0.003067,0.000043,0.000080,0.000104,0.000045,10,596,1203,109,1213,705,0,0,1,0
679,22.623,12,2,car,0.003014,13,bench,0.000390,60,dining table,0.000257,0.003014,0.000064,0.000093,0.000141,0.000055,11,598,1214,107,1225,705,1,0,1,0
679,22.623,13,2,car,0.002714,13,bench,0.000330,7,truck,0.000289,0.002714,0.000074,0.000045,0.000289,0.000055,15,601,1236,105,1251,706,1,0,1,0
679,22.623,14,2,car,0.002350,7,truck,0.000443,13,bench,0.000255,0.002350,0.000071,0.000023,0.000443,0.000037,37,601,1215,106,1252,707,1,0,1,0
679,22.623,15,2,car,0.002321,7,truck,0.000730,13,bench,0.000213,0.002321,0.000088,0.000017,0.000730,0.000038,50,601,1220,107,1270,708,1,0,1,0
679,22.623,16,2,car,0.001988,13,bench,0.000310,60,dining table,0.000209,0.001988,0.000048,0.000047,0.000142,0.000041,15,599,1236,106,1251,705,1,0,1,0
679,22.623,17,2,car,0.001829,13,bench,0.000310,60,dining table,0.000152,0.001829,0.000036,0.000092,0.000089,0.000032,8,594,1198,111,1206,705,0,0,1,0
679,22.623,18,0,person,0.001437,56,chair,0.000009,17,horse,0.000006,0.000005,0.000000,0.000000,0.000000,0.000000,1125,115,154,154,1279,269,1,0,1,0
679,22.623,19,0,person,0.001433,15,cat,0.000005,16,dog,0.000004,0.000002,0.000000,0.000000,0.000000,0.000000,1196,156,83,103,1279,259,1,0,1,0
679,22.623,20,7,truck,0.001197,2,car,0.000096,5,bus,0.000048,0.000096,0.000048,0.000003,0.001197,0.000006,726,238,544,364,1270,602,1,0,1,0
680,22.656,1,7,truck,0.754036,5,bus,0.066768,2,car,0.009947,0.009947,0.066768,0.000915,0.754036,0.000348,728,3,549,635,1277,638,1,1,1,1
680,22.656,2,7,truck,0.746061,5,bus,0.037937,2,car,0.005868,0.005868,0.037937,0.000101,0.746061,0.000046,726,0,551,618,1277,618,1,1,1,1
680,22.656,3,7,truck,0.745053,5,bus,0.087310,2,car,0.013195,0.013195,0.087310,0.001209,0.745053,0.000375,726,3,552,639,1278,642,1,1,1,1
680,22.656,4,7,truck,0.723534,5,bus,0.055827,2,car,0.008094,0.008094,0.055827,0.000139,0.723534,0.000050,726,0,552,616,1278,616,1,1,1,1
680,22.656,5,7,truck,0.718344,5,bus,0.048557,2,car,0.014056,0.014056,0.048557,0.000127,0.718344,0.000096,729,0,549,618,1278,618,1,1,1,1
680,22.656,6,7,truck,0.711851,5,bus,0.041676,2,car,0.005446,0.005446,0.041676,0.000158,0.711851,0.000084,727,1,550,621,1277,622,1,1,1,1
680,22.656,7,7,truck,0.698362,5,bus,0.073791,2,car,0.018461,0.018461,0.073791,0.001285,0.698362,0.000477,730,4,548,648,1278,652,1,1,1,1
680,22.656,8,7,truck,0.682252,5,bus,0.038501,2,car,0.010398,0.010398,0.038501,0.000141,0.682252,0.000120,729,3,549,625,1278,628,1,1,1,1
680,22.656,9,7,truck,0.674515,5,bus,0.076112,2,car,0.020369,0.020369,0.076112,0.000205,0.674515,0.000171,724,0,555,614,1279,614,1,1,1,1
680,22.656,10,7,truck,0.638190,5,bus,0.049652,2,car,0.005794,0.005794,0.049652,0.000186,0.638190,0.000079,726,2,552,620,1278,622,1,1,1,1
680,22.656,11,2,car,0.004126,13,bench,0.000405,60,dining table,0.000257,0.004126,0.000065,0.000093,0.000148,0.000055,11,598,1204,107,1215,705,0,0,1,0
680,22.656,12,2,car,0.004069,13,bench,0.000388,60,dining table,0.000173,0.004069,0.000044,0.000077,0.000102,0.000042,12,597,1196,109,1208,706,0,0,1,0
680,22.656,13,2,car,0.002522,13,bench,0.000316,60,dining table,0.000176,0.002522,0.000038,0.000096,0.000088,0.000033,9,595,1188,111,1197,706,0,0,1,0
680,22.656,14,2,car,0.002322,13,bench,0.000295,60,dining table,0.000200,0.002322,0.000050,0.000049,0.000140,0.000041,19,598,1228,107,1247,705,1,0,1,0
680,22.656,15,2,car,0.002272,13,bench,0.000245,7,truck,0.000218,0.002272,0.000060,0.000037,0.000218,0.000046,18,600,1230,106,1248,706,1,0,1,0
680,22.656,16,7,truck,0.001953,2,car,0.000386,5,bus,0.000167,0.000386,0.000167,0.000013,0.001953,0.000021,725,226,551,381,1276,607,1,0,1,0
680,22.656,17,2,car,0.001943,7,truck,0.000350,13,bench,0.000202,0.001943,0.000062,0.000024,0.000350,0.000037,37,601,1206,106,1243,707,1,0,1,0
680,22.656,18,2,car,0.001772,7,truck,0.000489,13,bench,0.000162,0.001772,0.000068,0.000016,0.000489,0.000036,52,601,1218,106,1270,707,1,0,1,0
680,22.656,19,7,truck,0.001241,5,bus,0.000105,2,car,0.000103,0.000103,0.000105,0.000010,0.001241,0.000008,728,174,545,413,1273,587,1,0,1,0
680,22.656,20,7,truck,0.000866,2,car,0.000199,5,bus,0.000058,0.000199,0.000058,0.000002,0.000866,0.000008,736,220,529,391,1265,611,1,0,1,0
681,22.689,1,7,truck,0.778915,5,bus,0.030890,2,car,0.006442,0.006442,0.030890,0.000042,0.778915,0.000018,727,0,551,626,1278,626,1,1,1,1
681,22.689,2,7,truck,0.761501,5,bus,0.047381,2,car,0.007002,0.007002,0.047381,0.000081,0.761501,0.000048,727,2,550,627,1277,629,1,1,1,1
681,22.689,3,7,truck,0.761384,5,bus,0.079049,2,car,0.012652,0.012652,0.079049,0.000557,0.761384,0.000200,727,4,551,630,1278,634,1,1,1,1
681,22.689,4,7,truck,0.737762,5,bus,0.050659,2,car,0.010868,0.010868,0.050659,0.000052,0.737762,0.000018,726,0,552,626,1278,626,1,1,1,1
681,22.689,5,7,truck,0.732244,5,bus,0.115933,2,car,0.019424,0.019424,0.115933,0.000725,0.732244,0.000178,726,3,552,629,1278,632,1,1,1,1
681,22.689,6,7,truck,0.729937,5,bus,0.040742,2,car,0.017548,0.017548,0.040742,0.000047,0.729937,0.000038,730,1,548,624,1278,625,1,1,1,1
681,22.689,7,7,truck,0.713882,5,bus,0.050558,2,car,0.017226,0.017226,0.050558,0.000085,0.713882,0.000063,730,3,548,623,1278,626,1,1,1,1
681,22.689,8,7,truck,0.699545,5,bus,0.061006,2,car,0.024107,0.024107,0.061006,0.000096,0.699545,0.000080,725,1,554,622,1279,623,1,1,1,1
681,22.689,9,7,truck,0.692111,5,bus,0.068622,2,car,0.009248,0.009248,0.068622,0.000100,0.692111,0.000040,726,2,552,624,1278,626,1,1,1,1
681,22.689,10,7,truck,0.675223,5,bus,0.092312,2,car,0.030731,0.030731,0.092312,0.000866,0.675223,0.000262,731,3,547,634,1278,637,1,1,1,1
681,22.689,11,2,car,0.005719,13,bench,0.000796,60,dining table,0.000358,0.005719,0.000093,0.000114,0.000203,0.000076,9,598,1232,108,1241,706,1,0,1,0
681,22.689,12,2,car,0.005124,13,bench,0.000719,60,dining table,0.000233,0.005124,0.000062,0.000106,0.000143,0.000066,9,598,1207,108,1216,706,1,0,1,0
681,22.689,13,2,car,0.003458,13,bench,0.000605,60,dining table,0.000355,0.003458,0.000070,0.000065,0.000200,0.000053,13,598,1245,107,1258,705,1,0,1,0
681,22.689,14,2,car,0.002901,13,bench,0.000444,7,truck,0.000289,0.002901,0.000072,0.000046,0.000289,0.000051,13,599,1243,107,1256,706,1,0,1,0
681,22.689,15,2,car,0.002522,13,bench,0.000441,60,dining table,0.000184,0.002522,0.000043,0.000106,0.000105,0.000048,8,595,1189,111,1197,706,0,0,1,0
681,22.689,16,7,truck,0.002168,2,car,0.000290,5,bus,0.000143,0.000290,0.000143,0.000010,0.002168,0.000012,726,244,552,375,1278,619,1,0,1,0
681,22.689,17,2,car,0.001868,7,truck,0.000629,13,bench,0.000286,0.001868,0.000066,0.000019,0.000629,0.000035,45,601,1226,107,1271,708,1,0,1,0
681,22.689,18,2,car,0.001757,7,truck,0.000343,13,bench,0.000281,0.001757,0.000054,0.000024,0.000343,0.000030,30,600,1220,107,1250,707,1,0,1,0
681,22.689,19,7,truck,0.001109,5,bus,0.000075,2,car,0.000055,0.000055,0.000075,0.000008,0.001109,0.000004,728,190,548,404,1276,594,1,0,1,0
681,22.689,20,2,car,0.001052,7,truck,0.000473,13,bench,0.000146,0.001052,0.000050,0.000009,0.000473,0.000016,85,602,1185,106,1270,708,1,0,1,0
682,22.723,1,7,truck,0.857806,5,bus,0.035383,2,car,0.010063,0.010063,0.035383,0.000216,0.857806,0.000202,728,3,550,635,1278,638,1,1,1,1
682,22.723,2,7,truck,0.856058,5,bus,0.010411,2,car,0.002510,0.002510,0.010411,0.000040,0.856058,0.000050,729,2,548,629,1277,631,1,1,1,1
682,22.723,3,7,truck,0.851699,5,bus,0.007407,2,car,0.001920,0.001920,0.007407,0.000020,0.851699,0.000015,729,0,549,626,1278,626,1,1,1,1
682,22.723,4,7,truck,0.844562,5,bus,0.021318,2,car,0.007167,0.007167,0.021318,0.000239,0.844562,0.000218,729,4,548,635,1277,639,1,1,1,1
682,22.723,5,7,truck,0.821748,5,bus,0.018992,2,car,0.003225,0.003225,0.018992,0.000037,0.821748,0.000045,728,3,550,625,1278,628,1,1,1,1
682,22.723,6,7,truck,0.820386,5,bus,0.022846,2,car,0.005349,0.005349,0.022846,0.000051,0.820386,0.000074,731,4,547,623,1278,627,1,1,1,1
682,22.723,7,7,truck,0.818351,5,bus,0.015326,2,car,0.002898,0.002898,0.015326,0.000021,0.818351,0.000016,728,0,550,626,1278,626,1,1,1,1
682,22.723,8,7,truck,0.799569,5,bus,0.017631,2,car,0.004658,0.004658,0.017631,0.000026,0.799569,0.000033,731,1,547,625,1278,626,1,1,1,1
682,22.723,9,7,truck,0.784282,5,bus,0.023237,2,car,0.008451,0.008451,0.023237,0.000040,0.784282,0.000057,727,0,552,623,1279,623,1,1,1,1
682,22.723,10,7,truck,0.762854,5,bus,0.040027,2,car,0.012823,0.012823,0.040027,0.000410,0.762854,0.000289,732,4,546,637,1278,641,1,1,1,1
682,22.723,11,7,truck,0.004746,2,car,0.000284,5,bus,0.000166,0.000284,0.000166,0.000013,0.004746,0.000017,726,237,549,379,1275,616,1,0,1,0
682,22.723,12,2,car,0.004587,13,bench,0.000757,60,dining table,0.000374,0.004587,0.000092,0.000146,0.000215,0.000085,9,598,1229,108,1238,706,1,0,1,0
682,22.723,13,2,car,0.004018,13,bench,0.000796,60,dining table,0.000261,0.004018,0.000066,0.000164,0.000148,0.000073,10,597,1202,109,1212,706,0,0,1,0
682,22.723,14,2,car,0.003011,13,bench,0.000579,60,dining table,0.000364,0.003011,0.000071,0.000084,0.000220,0.000065,13,598,1248,108,1261,706,1,0,1,0
682,22.723,15,2,car,0.002788,13,bench,0.000403,7,truck,0.000352,0.002788,0.000079,0.000051,0.000352,0.000059,12,599,1246,108,1258,707,1,0,1,0
682,22.723,16,2,car,0.002234,13,bench,0.000522,60,dining table,0.000212,0.002234,0.000051,0.000165,0.000115,0.000048,7,595,1187,111,1194,706,0,0,1,0
682,22.723,17,2,car,0.001643,7,truck,0.000797,13,bench,0.000232,0.001643,0.000080,0.000023,0.000797,0.000040,39,601,1233,108,1272,709,1,0,1,0
682,22.723,18,2,car,0.001595,7,truck,0.000404,13,bench,0.000234,0.001595,0.000058,0.000026,0.000404,0.000033,26,600,1222,108,1248,708,1,0,1,0
682,22.723,19,7,truck,0.000952,2,car,0.000092,5,bus,0.000063,0.000092,0.000063,0.000016,0.000952,0.000015,725,261,542,337,1267,598,1,0,1,0
682,22.723,20,7,truck,0.000945,5,bus,0.000028,2,car,0.000022,0.000022,0.000028,0.000006,0.000945,0.000003,729,151,546,444,1275,595,1,0,1,0
683,22.756,1,7,truck,0.789382,5,bus,0.031232,2,car,0.004509,0.004509,0.031232,0.000046,0.789382,0.000027,730,0,548,635,1278,635,1,1,1,1
683,22.756,2,7,truck,0.766135,5,bus,0.045346,2,car,0.006675,0.006675,0.045346,0.000105,0.766135,0.000063,731,1,546,651,1277,652,1,1,1,1
683,22.756,3,7,truck,0.764155,5,bus,0.082570,2,car,0.014865,0.014865,0.082570,0.000758,0.764155,0.000247,731,4,546,657,1277,661,1,1,1,1
683,22.756,4,7,truck,0.756176,5,bus,0.054237,2,car,0.007401,0.007401,0.054237,0.000055,0.756176,0.000036,729,0,549,636,1278,636,1,1,1,1
683,22.756,5,7,truck,0.732110,5,bus,0.127554,2,car,0.021336,0.021336,0.127554,0.001071,0.732110,0.000278,730,2,548,663,1278,665,1,1,1,1
683,22.756,6,7,truck,0.692901,5,bus,0.051376,2,car,0.011284,0.011284,0.051376,0.000079,0.692901,0.000072,733,0,545,633,1278,633,1,1,1,1
683,22.756,7,7,truck,0.683122,5,bus,0.078975,2,car,0.009645,0.009645,0.078975,0.000113,0.683122,0.000143,728,1,551,628,1279,629,1,1,1,1
683,22.756,8,7,truck,0.681718,5,bus,0.058551,2,car,0.008270,0.008270,0.058551,0.000101,0.681718,0.000059,730,1,547,650,1277,651,1,1,1,1
683,22.756,9,7,truck,0.649816,5,bus,0.067788,2,car,0.013186,0.013186,0.067788,0.000163,0.649816,0.000087,734,2,544,645,1278,647,1,1,1,1
683,22.756,10,7,truck,0.545330,5,bus,0.133607,2,car,0.036400,0.036400,0.133607,0.002299,0.545330,0.000393,735,3,543,664,1278,667,1,1,1,1
683,22.756,11,7,truck,0.005805,2,car,0.000470,5,bus,0.000357,0.000470,0.000357,0.000019,0.005805,0.000026,730,251,542,372,1272,623,1,0,1,0
683,22.756,12,2,car,0.004219,13,bench,0.000674,60,dining table,0.000235,0.004219,0.000072,0.000160,0.000164,0.000088,9,597,1207,108,1216,705,1,0,1,0
683,22.756,13,2,car,0.003565,13,bench,0.000552,60,dining table,0.000323,0.003565,0.000089,0.000136,0.000190,0.000091,9,597,1229,108,1238,705,1,0,1,0
683,22.756,14,2,car,0.002091,13,bench,0.000390,60,dining table,0.000146,0.002091,0.000044,0.000120,0.000107,0.000045,6,594,1194,112,1200,706,0,0,1,0
683,22.756,15,7,truck,0.002015,5,bus,0.000127,2,car,0.000075,0.000075,0.000127,0.000018,0.002015,0.000009,731,241,542,360,1273,601,1,0,1,0
683,22.756,16,2,car,0.001817,13,bench,0.000306,60,dining table,0.000256,0.001817,0.000058,0.000064,0.000156,0.000056,13,597,1246,108,1259,705,1,0,1,0
683,22.756,17,2,car,0.001669,7,truck,0.000247,13,bench,0.000210,0.001669,0.000069,0.000042,0.000247,0.000051,12,598,1244,108,1256,706,1,0,1,0
683,22.756,18,7,truck,0.001404,2,car,0.000137,5,bus,0.000052,0.000137,0.000052,0.000001,0.001404,0.000006,739,250,523,378,1262,628,1,0,1,0
683,22.756,19,7,truck,0.001151,2,car,0.000127,5,bus,0.000112,0.000127,0.000112,0.000021,0.001151,0.000019,725,258,547,345,1272,603,1,0,1,0
683,22.756,20,2,car,0.001064,7,truck,0.000312,13,bench,0.000130,0.001064,0.000054,0.000023,0.000312,0.000032,27,599,1213,108,1240,707,1,0,1,0
684,22.789,1,7,truck,0.772833,5,bus,0.025262,2,car,0.005200,0.005200,0.025262,0.000234,0.772833,0.000035,731,0,547,624,1278,624,1,1,1,1
684,22.789,2,7,truck,0.760156,5,bus,0.051673,2,car,0.013636,0.013636,0.051673,0.003346,0.760156,0.000420,732,3,545,626,1277,629,1,1,1,1
684,22.789,3,7,truck,0.748721,5,bus,0.030750,2,car,0.007029,0.007029,0.030750,0.000469,0.748721,0.000090,732,0,545,630,1277,630,1,1,1,1
684,22.789,4,7,truck,0.734246,5,bus,0.049110,2,car,0.008439,0.008439,0.049110,0.000348,0.734246,0.000038,730,0,548,625,1278,625,1,1,1,1
684,22.789,5,7,truck,0.698935,5,bus,0.099870,2,car,0.015868,0.015868,0.099870,0.000481,0.698935,0.000150,729,0,550,623,1279,623,1,1,1,1
684,22.789,6,7,truck,0.690502,5,bus,0.082730,2,car,0.018274,0.018274,0.082730,0.006613,0.690502,0.000509,731,2,547,633,1278,635,1,1,1,1
684,22.789,7,7,truck,0.671703,5,bus,0.052075,2,car,0.010988,0.010988,0.052075,0.000518,0.671703,0.000069,736,0,542,622,1278,622,1,1,1,1
684,22.789,8,7,truck,0.651580,5,bus,0.045317,2,car,0.008367,0.008367,0.045317,0.000620,0.651580,0.000080,730,0,548,633,1278,633,1,1,1,1
684,22.789,9,7,truck,0.602678,5,bus,0.053536,2,car,0.012659,0.012659,0.053536,0.000681,0.602678,0.000106,736,1,542,631,1278,632,1,1,1,1
684,22.789,10,7,truck,0.574846,5,bus,0.104906,2,car,0.030702,0.030702,0.104906,0.010483,0.574846,0.000701,738,2,540,642,1278,644,1,1,1,1
684,22.789,11,0,person,0.009241,24,backpack,0.000214,56,chair,0.000185,0.000066,0.000000,0.000001,0.000004,0.000000,1193,417,86,198,1279,615,1,0,1,0
684,22.789,12,7,truck,0.007873,2,car,0.000630,5,bus,0.000428,0.000630,0.000428,0.000041,0.007873,0.000038,730,246,548,369,1278,615,1,0,1,0
684,22.789,13,0,person,0.007379,16,dog,0.000300,24,backpack,0.000169,0.000039,0.000000,0.000002,0.000004,0.000000,1211,421,68,192,1279,613,1,0,1,0
684,22.789,14,0,person,0.005722,56,chair,0.000172,16,dog,0.000133,0.000032,0.000000,0.000001,0.000003,0.000000,1193,423,86,194,1279,617,1,0,1,0
684,22.789,15,0,person,0.004522,24,backpack,0.000169,16,dog,0.000093,0.000048,0.000000,0.000002,0.000004,0.000000,1200,418,79,196,1279,614,1,0,1,0
684,22.789,16,0,person,0.004191,16,dog,0.000180,56,chair,0.000129,0.000020,0.000000,0.000001,0.000002,0.000000,1223,423,56,190,1279,613,1,0,1,0
684,22.789,17,2,car,0.004119,13,bench,0.000458,60,dining table,0.000386,0.004119,0.000080,0.000185,0.000159,0.000074,10,597,1228,109,1238,706,1,0,1,0
684,22.789,18,2,car,0.003978,13,bench,0.000506,60,dining table,0.000221,0.003978,0.000056,0.000170,0.000119,0.000059,9,597,1203,109,1212,706,0,0,1,0
684,22.789,19,0,person,0.003783,24,backpack,0.000246,56,chair,0.000075,0.000067,0.000000,0.000001,0.000004,0.000000,1194,416,85,195,1279,611,1,0,1,0
684,22.789,20,0,person,0.003485,56,chair,0.000071,24,backpack,0.000045,0.000022,0.000000,0.000001,0.000006,0.000000,1191,417,88,211,1279,628,1,0,1,0
685,22.823,1,7,truck,0.640330,5,bus,0.077351,2,car,0.012365,0.012365,0.077351,0.000564,0.640330,0.000050,741,0,537,620,1278,620,1,1,1,1
685,22.823,2,7,truck,0.619765,5,bus,0.095434,2,car,0.017575,0.017575,0.095434,0.013266,0.619765,0.000772,741,3,536,639,1277,642,1,1,1,1
685,22.823,3,7,truck,0.576858,5,bus,0.072058,2,car,0.012617,0.012617,0.072058,0.001829,0.576858,0.000142,741,1,536,626,1277,627,1,1,1,1
685,22.823,4,7,truck,0.551311,5,bus,0.163027,2,car,0.018273,0.018273,0.163027,0.001468,0.551311,0.000064,742,0,536,620,1278,620,1,1,1,1
685,22.823,5,7,truck,0.550910,5,bus,0.221051,2,car,0.026944,0.026944,0.221051,0.001533,0.550910,0.000291,742,3,537,614,1279,617,1,1,1,1
685,22.823,6,7,truck,0.534282,5,bus,0.162140,6,train,0.030046,0.022995,0.162140,0.030046,0.534282,0.000925,742,3,536,647,1278,650,1,1,1,1
685,22.823,7,7,truck,0.447252,5,bus,0.122514,2,car,0.015379,0.015379,0.122514,0.003507,0.447252,0.000135,742,1,536,630,1278,631,1,1,1,1
685,22.823,8,7,truck,0.432177,5,bus,0.186818,2,car,0.015750,0.015750,0.186818,0.002355,0.432177,0.000103,744,0,534,622,1278,622,1,1,1,1
685,22.823,9,7,truck,0.376434,5,bus,0.225321,6,train,0.049358,0.030863,0.225321,0.049358,0.376434,0.001094,745,4,533,654,1278,658,1,1,1,1
685,22.823,10,7,truck,0.365417,5,bus,0.148837,2,car,0.016539,0.016539,0.148837,0.004333,0.365417,0.000167,745,3,533,640,1278,643,1,1,1,1
685,22.823,11,0,person,0.018038,2,car,0.004548,24,backpack,0.000793,0.004548,0.000053,0.000034,0.000421,0.000019,1229,424,50,192,1279,616,1,0,1,0
685,22.823,12,0,person,0.015150,2,car,0.001301,24,backpack,0.000641,0.001301,0.000006,0.000009,0.000080,0.000005,1232,420,47,203,1279,623,1,0,1,0
685,22.823,13,0,person,0.014698,2,car,0.001634,24,backpack,0.000468,0.001634,0.000046,0.000038,0.000201,0.000007,1231,428,48,186,1279,614,1,0,1,0
685,22.823,14,0,person,0.011290,2,car,0.000530,24,backpack,0.000206,0.000530,0.000018,0.000017,0.000064,0.000011,1230,409,49,206,1279,615,1,0,1,0
685,22.823,15,0,person,0.006636,2,car,0.005427,7,truck,0.000843,0.005427,0.000217,0.000111,0.000843,0.000074,1229,416,50,199,1279,615,1,0,1,0
685,22.823,16,0,person,0.006493,2,car,0.006264,7,truck,0.001273,0.006264,0.000451,0.000143,0.001273,0.000106,1229,418,50,201,1279,619,1,0,1,0
685,22.823,17,0,person,0.006450,2,car,0.000476,24,backpack,0.000379,0.000476,0.000007,0.000012,0.000043,0.000002,1234,425,45,195,1279,620,1,0,1,0
685,22.823,18,0,person,0.006355,2,car,0.000408,26,handbag,0.000392,0.000408,0.000002,0.000003,0.000028,0.000003,1234,416,45,203,1279,619,1,0,1,0
685,22.823,19,0,person,0.005578,2,car,0.000145,17,horse,0.000058,0.000145,0.000015,0.000010,0.000028,0.000005,1229,329,50,289,1279,618,1,0,1,0
685,22.823,20,0,person,0.005401,2,car,0.002338,24,backpack,0.000281,0.002338,0.000062,0.000049,0.000273,0.000036,1230,411,49,202,1279,613,1,0,1,0
686,22.856,1,7,truck,0.778648,5,bus,0.015717,2,car,0.006901,0.006901,0.015717,0.000108,0.778648,0.000030,743,0,535,622,1278,622,1,1,1,1
686,22.856,2,7,truck,0.768243,5,bus,0.022248,2,car,0.012528,0.012528,0.022248,0.000381,0.768243,0.000079,743,0,535,624,1278,624,1,1,1,1
686,22.856,3,7,truck,0.731753,5,bus,0.044774,2,car,0.022601,0.022601,0.044774,0.003800,0.731753,0.000327,743,3,534,623,1277,626,1,1,1,1
686,22.856,4,7,truck,0.699896,5,bus,0.068545,2,car,0.021932,0.021932,0.068545,0.000241,0.699896,0.000136,744,3,535,619,1279,622,1,1,1,1
686,22.856,5,7,truck,0.699868,5,bus,0.049775,2,car,0.011950,0.011950,0.049775,0.000193,0.699868,0.000027,744,0,534,622,1278,622,1,1,1,1
686,22.856,6,7,truck,0.659695,5,bus,0.052428,2,car,0.016486,0.016486,0.052428,0.000584,0.659695,0.000053,744,1,534,623,1278,624,1,1,1,1
686,22.856,7,7,truck,0.646575,5,bus,0.096546,2,car,0.030178,0.030178,0.096546,0.007098,0.646575,0.000300,745,2,533,627,1278,629,1,1,1,1
686,22.856,8,7,truck,0.593221,5,bus,0.113496,2,car,0.015104,0.015104,0.113496,0.000335,0.593221,0.000058,748,0,530,622,1278,622,1,1,1,1
686,22.856,9,7,truck,0.543331,5,bus,0.112309,2,car,0.020627,0.020627,0.112309,0.000887,0.543331,0.000081,748,2,530,622,1278,624,1,1,1,1
686,22.856,10,7,truck,0.462457,5,bus,0.188049,2,car,0.038066,0.038066,0.188049,0.016112,0.462457,0.000446,749,3,529,634,1278,637,1,1,1,1
686,22.856,11,7,truck,0.008747,2,car,0.000479,5,bus,0.000267,0.000479,0.000267,0.000033,0.008747,0.000034,743,242,536,372,1279,614,1,0,1,0
686,22.856,12,2,car,0.005054,13,bench,0.001493,60,dining table,0.000445,0.005054,0.000117,0.000280,0.000213,0.000084,11,598,1234,108,1245,706,1,0,1,0
686,22.856,13,2,car,0.004303,13,bench,0.001390,60,dining table,0.000293,0.004303,0.000079,0.000257,0.000140,0.000062,11,597,1216,109,1227,706,1,0,1,0
686,22.856,14,7,truck,0.003554,2,car,0.000110,5,bus,0.000103,0.000110,0.000103,0.000034,0.003554,0.000014,741,248,535,351,1276,599,1,0,1,0
686,22.856,15,2,car,0.003474,13,bench,0.001151,60,dining table,0.000381,0.003474,0.000093,0.000147,0.000235,0.000064,17,598,1243,108,1260,706,1,0,1,0
686,22.856,16,7,truck,0.003045,2,car,0.000200,5,bus,0.000158,0.000200,0.000158,0.000043,0.003045,0.000030,731,245,542,358,1273,603,1,0,1,0
686,22.856,17,2,car,0.002681,13,bench,0.000734,7,truck,0.000318,0.002681,0.000084,0.000086,0.000318,0.000055,14,600,1238,107,1252,707,1,0,1,0
686,22.856,18,2,car,0.002589,13,bench,0.000882,60,dining table,0.000254,0.002589,0.000055,0.000217,0.000106,0.000036,7,595,1210,111,1217,706,1,0,1,0
686,22.856,19,2,car,0.001456,7,truck,0.000696,13,bench,0.000399,0.001456,0.000066,0.000030,0.000696,0.000036,39,602,1232,107,1271,709,1,0,1,0
686,22.856,20,2,car,0.001394,13,bench,0.000392,7,truck,0.000372,0.001394,0.000055,0.000036,0.000372,0.000032,29,601,1214,107,1243,708,1,0,1,0
687,22.890,1,7,truck,0.804180,2,car,0.011461,5,bus,0.010982,0.011461,0.010982,0.000261,0.804180,0.000091,743,0,535,623,1278,623,1,1,1,1
687,22.890,2,7,truck,0.798525,5,bus,0.009738,2,car,0.006389,0.006389,0.009738,0.000083,0.798525,0.000039,744,0,534,622,1278,622,1,1,1,1
687,22.890,3,7,truck,0.795969,5,bus,0.018406,2,car,0.015881,0.015881,0.018406,0.001831,0.795969,0.000376,744,4,533,621,1277,625,1,1,1,1
687,22.890,4,7,truck,0.760116,5,bus,0.027216,2,car,0.011137,0.011137,0.027216,0.000179,0.760116,0.000033,745,0,533,622,1278,622,1,1,1,1
687,22.890,5,7,truck,0.737450,5,bus,0.026269,2,car,0.016862,0.016862,0.026269,0.000504,0.737450,0.000063,745,1,533,620,1278,621,1,1,1,1
687,22.890,6,7,truck,0.733940,5,bus,0.043870,2,car,0.026700,0.026700,0.043870,0.005020,0.733940,0.000353,746,3,532,621,1278,624,1,1,1,1
687,22.890,7,7,truck,0.724933,5,bus,0.051739,2,car,0.023474,0.023474,0.051739,0.000294,0.724933,0.000203,745,1,534,620,1279,621,1,1,1,1
687,22.890,8,7,truck,0.669106,5,bus,0.059168,2,car,0.018185,0.018185,0.059168,0.000281,0.669106,0.000059,748,0,530,622,1278,622,1,1,1,1
687,22.890,9,7,truck,0.609383,5,bus,0.059387,2,car,0.026068,0.026068,0.059387,0.000803,0.609383,0.000073,748,2,530,619,1278,621,1,1,1,1
687,22.890,10,7,truck,0.551741,5,bus,0.086559,2,car,0.039996,0.039996,0.086559,0.013840,0.551741,0.000433,748,3,530,628,1278,631,1,1,1,1
687,22.890,11,7,truck,0.006158,2,car,0.000528,5,bus,0.000218,0.000528,0.000218,0.000032,0.006158,0.000045,745,241,534,377,1279,618,1,0,1,0
687,22.890,12,2,car,0.003657,13,bench,0.001047,60,dining table,0.000358,0.003657,0.000107,0.000213,0.000194,0.000074,10,598,1228,108,1238,706,1,0,1,0
687,22.890,13,2,car,0.003496,13,bench,0.001114,60,dining table,0.000240,0.003496,0.000083,0.000217,0.000140,0.000060,10,598,1214,107,1224,705,1,0,1,0
687,22.890,14,2,car,0.002522,7,truck,0.000731,13,bench,0.000477,0.002522,0.000068,0.000026,0.000731,0.000053,44,603,1227,105,1271,708,1,0,1,0
687,22.890,15,7,truck,0.002490,2,car,0.000147,5,bus,0.000095,0.000147,0.000095,0.000030,0.002490,0.000016,742,245,495,351,1237,596,1,0,1,0
687,22.890,16,2,car,0.002385,13,bench,0.000732,60,dining table,0.000296,0.002385,0.000071,0.000096,0.000181,0.000053,15,599,1243,107,1258,706,1,0,1,0
687,22.890,17,2,car,0.002173,13,bench,0.000730,60,dining table,0.000213,0.002173,0.000065,0.000209,0.000113,0.000037,7,596,1204,109,1211,705,0,0,1,0
687,22.890,18,2,car,0.002131,13,bench,0.000503,7,truck,0.000237,0.002131,0.000064,0.000056,0.000237,0.000050,14,601,1236,105,1250,706,1,0,1,0
687,22.890,19,7,truck,0.002029,2,car,0.000185,5,bus,0.000057,0.000185,0.000057,0.000003,0.002029,0.000013,749,239,523,383,1272,622,1,0,1,0
687,22.890,20,7,truck,0.001797,2,car,0.000225,5,bus,0.000119,0.000225,0.000119,0.000030,0.001797,0.000033,732,243,524,363,1256,606,1,0,1,0
688,22.923,1,7,truck,0.794541,2,car,0.011096,5,bus,0.010966,0.011096,0.010966,0.000050,0.794541,0.000029,743,0,535,627,1278,627,1,1,1,1
688,22.923,2,7,truck,0.793834,2,car,0.018760,5,bus,0.012113,0.018760,0.012113,0.000138,0.793834,0.000071,743,0,535,630,1278,630,1,1,1,1
688,22.923,3,7,truck,0.774016,2,car,0.028546,5,bus,0.022854,0.028546,0.022854,0.001079,0.774016,0.000280,743,3,534,628,1277,631,1,1,1,1
688,22.923,4,7,truck,0.745536,5,bus,0.024536,2,car,0.020419,0.020419,0.024536,0.000074,0.745536,0.000023,744,0,534,626,1278,626,1,1,1,1
688,22.923,5,7,truck,0.732088,2,car,0.030969,5,bus,0.025988,0.030969,0.025988,0.000193,0.732088,0.000047,745,0,533,626,1278,626,1,1,1,1
688,22.923,6,7,truck,0.717721,2,car,0.053518,5,bus,0.049606,0.053518,0.049606,0.002082,0.717721,0.000231,746,1,532,627,1278,628,1,1,1,1
688,22.923,7,7,truck,0.714695,5,bus,0.048279,2,car,0.038459,0.038459,0.048279,0.000211,0.714695,0.000166,744,0,535,626,1279,626,1,1,1,1
688,22.923,8,7,truck,0.657340,5,bus,0.052544,2,car,0.033614,0.033614,0.052544,0.000086,0.657340,0.000032,750,0,529,627,1279,627,1,1,1,1
688,22.923,9,7,truck,0.626964,5,bus,0.063210,2,car,0.046974,0.046974,0.063210,0.000227,0.626964,0.000044,751,0,527,625,1278,625,1,1,1,1
688,22.923,10,7,truck,0.561688,5,bus,0.104680,2,car,0.080692,0.080692,0.104680,0.004331,0.561688,0.000266,751,1,527,629,1278,630,1,1,1,1
688,22.923,11,7,truck,0.006661,2,car,0.000801,5,bus,0.000293,0.000801,0.000293,0.000032,0.006661,0.000038,742,239,537,386,1279,625,1,0,1,0
688,22.923,12,7,truck,0.004182,2,car,0.000550,5,bus,0.000132,0.000550,0.000132,0.000006,0.004182,0.000016,748,235,527,393,1275,628,1,0,1,0
688,22.923,13,2,car,0.003815,7,truck,0.001013,13,bench,0.000828,0.003815,0.000099,0.000037,0.001013,0.000063,47,603,1223,105,1270,708,1,0,1,0
688,22.923,14,2,car,0.003570,13,bench,0.001342,60,dining table,0.000360,0.003570,0.000106,0.000217,0.000189,0.000076,10,597,1228,109,1238,706,1,0,1,0
688,22.923,15,2,car,0.002825,13,bench,0.001301,60,dining table,0.000201,0.002825,0.000074,0.000185,0.000125,0.000053,10,597,1211,108,1221,705,1,0,1,0
688,22.923,16,2,car,0.002522,7,truck,0.000925,13,bench,0.000419,0.002522,0.000080,0.000016,0.000925,0.000030,71,605,1201,103,1272,708,1,0,1,0
688,22.923,17,2,car,0.002519,13,bench,0.001003,60,dining table,0.000314,0.002519,0.000073,0.000110,0.000182,0.000056,16,598,1240,108,1256,706,1,0,1,0
688,22.923,18,2,car,0.002410,13,bench,0.000713,7,truck,0.000236,0.002410,0.000066,0.000065,0.000236,0.000052,17,600,1233,107,1250,707,1,0,1,0
688,22.923,19,7,truck,0.002240,2,car,0.000170,5,bus,0.000105,0.000170,0.000105,0.000029,0.002240,0.000012,742,234,478,357,1220,591,1,0,1,0
688,22.923,20,7,truck,0.002161,2,car,0.000826,5,bus,0.000215,0.000826,0.000215,0.000014,0.002161,0.000030,792,350,487,279,1279,629,1,0,1,0
689,22.956,1,7,truck,0.767930,5,bus,0.015215,2,car,0.009554,0.009554,0.015215,0.000102,0.767930,0.000034,752,0,526,636,1278,636,1,1,1,1
689,22.956,2,7,truck,0.736853,5,bus,0.020694,2,car,0.016316,0.016316,0.020694,0.000514,0.736853,0.000126,752,0,526,640,1278,640,1,1,1,1
689,22.956,3,7,truck,0.727169,5,bus,0.045068,2,car,0.015393,0.015393,0.045068,0.000318,0.727169,0.000034,752,0,526,636,1278,636,1,1,1,1
689,22.956,4,7,truck,0.703227,5,bus,0.063261,2,car,0.029710,0.029710,0.063261,0.000318,0.703227,0.000126,752,1,527,633,1279,634,1,1,1,1
689,22.956,5,7,truck,0.670099,5,bus,0.035942,2,car,0.027456,0.027456,0.035942,0.005422,0.670099,0.000508,751,4,527,637,1278,641,1,1,1,1
689,22.956,6,7,truck,0.633985,5,bus,0.048507,2,car,0.021737,0.021737,0.048507,0.001514,0.633985,0.000088,752,1,526,637,1278,638,1,1,1,1
689,22.956,7,7,truck,0.609799,5,bus,0.093629,2,car,0.021919,0.021919,0.093629,0.000731,0.609799,0.000063,755,0,523,635,1278,635,1,1,1,1
689,22.956,8,7,truck,0.595024,5,bus,0.080607,2,car,0.042914,0.042914,0.080607,0.018667,0.595024,0.000526,753,3,525,636,1278,639,1,1,1,1
689,22.956,9,7,truck,0.479098,5,bus,0.092562,2,car,0.028012,0.028012,0.092562,0.002957,0.479098,0.000104,756,1,522,637,1278,638,1,1,1,1
689,22.956,10,7,truck,0.413235,5,bus,0.143862,2,car,0.051165,0.051165,0.143862,0.045409,0.413235,0.000729,756,3,522,642,1278,645,1,1,1,1
689,22.956,11,7,truck,0.007561,2,car,0.001095,5,bus,0.000297,0.001095,0.000297,0.000024,0.007561,0.000035,751,242,528,391,1279,633,1,0,1,0
689,22.956,12,2,car,0.005258,13,bench,0.001345,60,dining table,0.000279,0.005258,0.000090,0.000176,0.000154,0.000061,8,598,1223,108,1231,706,1,0,1,0
689,22.956,13,2,car,0.005253,13,bench,0.001364,60,dining table,0.000482,0.005253,0.000122,0.000227,0.000212,0.000084,9,598,1243,108,1252,706,1,0,1,0
689,22.956,14,7,truck,0.003627,2,car,0.000504,5,bus,0.000098,0.000504,0.000098,0.000003,0.003627,0.000010,753,240,520,396,1273,636,1,0,1,0
689,22.956,15,2,car,0.003614,13,bench,0.000875,60,dining table,0.000249,0.003614,0.000075,0.000172,0.000133,0.000041,5,596,1210,110,1215,706,0,0,1,0
689,22.956,16,2,car,0.003212,7,truck,0.000628,13,bench,0.000407,0.003212,0.000069,0.000022,0.000628,0.000051,43,602,1228,107,1271,709,1,0,1,0
689,22.956,17,2,car,0.003171,13,bench,0.000897,60,dining table,0.000405,0.003171,0.000072,0.000096,0.000172,0.000057,13,597,1249,109,1262,706,1,0,1,0
689,22.956,18,2,car,0.003111,13,bench,0.000611,60,dining table,0.000304,0.003111,0.000068,0.000058,0.000223,0.000055,11,599,1243,108,1254,707,1,0,1,0
689,22.956,19,2,car,0.002138,13,bench,0.000355,7,truck,0.000273,0.002138,0.000049,0.000026,0.000273,0.000038,19,600,1225,107,1244,707,1,0,1,0
689,22.956,20,2,car,0.002000,7,truck,0.000546,13,bench,0.000216,0.002000,0.000055,0.000010,0.000546,0.000027,81,605,1192,104,1273,709,1,0,1,0
690,22.990,1,7,truck,0.750532,5,bus,0.015723,2,car,0.011287,0.011287,0.015723,0.000105,0.750532,0.000034,755,0,523,635,1278,635,1,1,1,1
690,22.990,2,7,truck,0.724040,5,bus,0.022104,2,car,0.017773,0.017773,0.022104,0.000385,0.724040,0.000073,756,1,522,640,1278,641,1,1,1,1
690,22.990,3,7,truck,0.714506,5,bus,0.046890,2,car,0.017697,0.017697,0.046890,0.000241,0.714506,0.000030,756,0,522,634,1278,634,1,1,1,1
690,22.990,4,7,truck,0.698714,5,bus,0.080945,2,car,0.029059,0.029059,0.080945,0.000299,0.698714,0.000163,756,2,523,630,1279,632,1,1,1,1
690,22.990,5,7,truck,0.652877,5,bus,0.037069,2,car,0.033970,0.033970,0.037069,0.004866,0.652877,0.000235,755,4,522,645,1277,649,1,1,1,1
690,22.990,6,7,truck,0.630289,5,bus,0.051554,2,car,0.024324,0.024324,0.051554,0.000730,0.630289,0.000048,756,1,522,637,1278,638,1,1,1,1
690,22.990,7,7,truck,0.612002,5,bus,0.096451,2,car,0.024290,0.024290,0.096451,0.000460,0.612002,0.000050,758,1,520,633,1278,634,1,1,1,1
690,22.990,8,7,truck,0.604869,5,bus,0.079304,2,car,0.059399,0.059399,0.079304,0.010204,0.604869,0.000225,756,3,522,646,1278,649,1,1,1,1
690,22.990,9,7,truck,0.502395,5,bus,0.107965,2,car,0.030833,0.030833,0.107965,0.001315,0.502395,0.000055,758,2,520,636,1278,638,1,1,1,1
690,22.990,10,7,truck,0.436881,5,bus,0.166964,2,car,0.065877,0.065877,0.166964,0.027464,0.436881,0.000355,759,3,519,647,1278,650,1,1,1,1
690,22.990,11,2,car,0.005719,13,bench,0.000949,60,dining table,0.000392,0.005719,0.000110,0.000167,0.000222,0.000075,9,597,1237,109,1246,706,1,0,1,0
690,22.990,12,2,car,0.005019,13,bench,0.001028,60,dining table,0.000243,0.005019,0.000081,0.000144,0.000146,0.000053,8,598,1220,108,1228,706,1,0,1,0
690,22.990,13,7,truck,0.004458,2,car,0.000905,5,bus,0.000216,0.000905,0.000216,0.000019,0.004458,0.000033,755,250,523,379,1278,629,1,0,1,0
690,22.990,14,2,car,0.004015,7,truck,0.000553,13,bench,0.000222,0.004015,0.000066,0.000016,0.000553,0.000047,44,602,1228,106,1272,708,1,0,1,0
690,22.990,15,2,car,0.003881,13,bench,0.000586,60,dining table,0.000335,0.003881,0.000075,0.000080,0.000200,0.000059,14,597,1243,109,1257,706,1,0,1,0
690,22.990,16,2,car,0.003875,13,bench,0.000337,7,truck,0.000246,0.003875,0.000068,0.000039,0.000246,0.000055,12,599,1236,107,1248,706,1,0,1,0
690,22.990,17,2,car,0.003628,13,bench,0.000733,60,dining table,0.000250,0.003628,0.000070,0.000147,0.000127,0.000037,6,596,1211,110,1217,706,1,0,1,0
690,22.990,18,2,car,0.002859,7,truck,0.000290,13,bench,0.000194,0.002859,0.000049,0.000019,0.000290,0.000039,23,600,1222,107,1245,707,1,0,1,0
690,22.990,19,2,car,0.002303,7,truck,0.000433,13,bench,0.000126,0.002303,0.000047,0.000007,0.000433,0.000021,80,604,1195,104,1275,708,1,0,1,0
690,22.990,20,7,truck,0.001370,2,car,0.000125,5,bus,0.000053,0.000125,0.000053,0.000012,0.001370,0.000009,751,217,522,388,1273,605,1,0,1,0
691,23.023,1,7,truck,0.694348,5,bus,0.050510,2,car,0.029580,0.029580,0.050510,0.002761,0.694348,0.000191,759,3,518,643,1277,646,1,1,1,1
691,23.023,2,7,truck,0.691458,5,bus,0.039708,2,car,0.019513,0.019513,0.039708,0.000326,0.691458,0.000057,760,0,518,647,1278,647,1,1,1,1
691,23.023,3,7,truck,0.688882,5,bus,0.028474,2,car,0.013784,0.013784,0.028474,0.000131,0.688882,0.000028,758,0,520,641,1278,641,1,1,1,1
691,23.023,4,7,truck,0.646890,5,bus,0.121554,2,car,0.059776,0.059776,0.121554,0.005740,0.646890,0.000200,760,2,518,651,1278,653,1,1,1,1
691,23.023,5,7,truck,0.620382,5,bus,0.100165,2,car,0.022214,0.022214,0.100165,0.000319,0.620382,0.000025,760,0,518,641,1278,641,1,1,1,1
691,23.023,6,7,truck,0.565881,5,bus,0.167365,2,car,0.031397,0.031397,0.167365,0.000628,0.565881,0.000154,759,4,520,634,1279,638,1,1,1,1
691,23.023,7,7,truck,0.546756,5,bus,0.100393,2,car,0.028476,0.028476,0.100393,0.000671,0.546756,0.000041,759,0,519,648,1278,648,1,1,1,1
691,23.023,8,7,truck,0.488153,5,bus,0.217536,2,car,0.030399,0.030399,0.217536,0.000649,0.488153,0.000043,762,0,516,638,1278,638,1,1,1,1
691,23.023,9,7,truck,0.459342,5,bus,0.269848,2,car,0.056131,0.056131,0.269848,0.023397,0.459342,0.000383,763,2,515,653,1278,655,1,1,1,1
691,23.023,10,7,truck,0.405000,5,bus,0.225351,2,car,0.033244,0.033244,0.225351,0.001510,0.405000,0.000051,762,1,516,642,1278,643,1,1,1,1
691,23.023,11,2,car,0.009232,13,bench,0.001284,60,dining table,0.000356,0.009232,0.000114,0.000165,0.000238,0.000077,9,597,1237,109,1246,706,1,0,1,0
691,23.023,12,2,car,0.008667,13,bench,0.001184,4,airplane,0.000207,0.008667,0.000080,0.000140,0.000165,0.000054,8,597,1217,109,1225,706,1,0,1,0
691,23.023,13,2,car,0.006477,13,bench,0.000940,60,dining table,0.000376,0.006477,0.000093,0.000101,0.000245,0.000066,12,597,1245,109,1257,706,1,0,1,0
691,23.023,14,2,car,0.006035,13,bench,0.000762,60,dining table,0.000207,0.006035,0.000065,0.000133,0.000147,0.000038,5,595,1211,112,1216,707,1,0,1,0
691,23.023,15,2,car,0.005724,13,bench,0.000612,7,truck,0.000298,0.005724,0.000082,0.000049,0.000298,0.000057,11,599,1234,107,1245,706,1,0,1,0
691,23.023,16,2,car,0.005661,7,truck,0.000624,13,bench,0.000461,0.005661,0.000076,0.000016,0.000624,0.000044,40,601,1231,108,1271,709,1,0,1,0
691,23.023,17,7,truck,0.004257,2,car,0.001099,5,bus,0.000268,0.001099,0.000268,0.000023,0.004257,0.000025,759,251,519,377,1278,628,1,0,1,0
691,23.023,18,2,car,0.004191,13,bench,0.000391,7,truck,0.000351,0.004191,0.000060,0.000021,0.000351,0.000039,20,600,1223,107,1243,707,1,0,1,0
691,23.023,19,2,car,0.003530,7,truck,0.000484,13,bench,0.000249,0.003530,0.000052,0.000006,0.000484,0.000018,71,604,1206,105,1277,709,1,0,1,0
691,23.023,20,2,car,0.003176,7,truck,0.000737,5,bus,0.000039,0.003176,0.000039,0.000012,0.000737,0.000005,888,381,391,250,1279,631,1,0,1,0
692,23.056,1,7,truck,0.754542,5,bus,0.028511,2,car,0.013692,0.013692,0.028511,0.004284,0.754542,0.000255,758,2,520,630,1278,632,1,1,1,1
692,23.056,2,7,truck,0.722541,5,bus,0.017380,2,car,0.007996,0.007996,0.017380,0.000494,0.722541,0.000065,759,0,519,633,1278,633,1,1,1,1
692,23.056,3,7,truck,0.721917,5,bus,0.012334,2,car,0.006925,0.006925,0.012334,0.000150,0.721917,0.000025,757,0,521,631,1278,631,1,1,1,1
692,23.056,4,7,truck,0.704846,5,bus,0.041118,2,car,0.012170,0.012170,0.041118,0.000327,0.704846,0.000027,758,0,520,632,1278,632,1,1,1,1
692,23.056,5,7,truck,0.678778,5,bus,0.066381,2,car,0.030086,0.030086,0.066381,0.011675,0.678778,0.000262,759,2,519,636,1278,638,1,1,1,1
692,23.056,6,7,truck,0.673741,5,bus,0.055573,2,car,0.031962,0.031962,0.055573,0.000295,0.673741,0.000154,758,4,521,625,1279,629,1,1,1,1
692,23.056,7,7,truck,0.639844,5,bus,0.072969,2,car,0.020500,0.020500,0.072969,0.000564,0.639844,0.000067,761,0,517,631,1278,631,1,1,1,1
692,23.056,8,7,truck,0.635698,5,bus,0.044842,2,car,0.012012,0.012012,0.044842,0.001078,0.635698,0.000058,758,0,520,636,1278,636,1,1,1,1
692,23.056,9,7,truck,0.515761,5,bus,0.078889,2,car,0.017418,0.017418,0.078889,0.001864,0.515761,0.000088,760,1,518,634,1278,635,1,1,1,1
692,23.056,10,7,truck,0.485553,5,bus,0.115649,6,train,0.035656,0.034668,0.115649,0.035656,0.485553,0.000519,761,2,517,644,1278,646,1,1,1,1
692,23.056,11,2,car,0.012894,13,bench,0.001414,60,dining table,0.000485,0.012894,0.000129,0.000158,0.000283,0.000092,8,595,1243,111,1251,706,1,0,1,0
692,23.056,12,2,car,0.011067,13,bench,0.001243,4,airplane,0.000257,0.011067,0.000082,0.000110,0.000176,0.000060,7,596,1228,110,1235,706,1,0,1,0
692,23.056,13,2,car,0.008119,7,truck,0.000798,13,bench,0.000488,0.008119,0.000089,0.000018,0.000798,0.000051,41,600,1231,109,1272,709,1,0,1,0
692,23.056,14,2,car,0.007826,13,bench,0.000900,4,airplane,0.000261,0.007826,0.000068,0.000106,0.000156,0.000041,4,594,1216,112,1220,706,1,0,1,0
692,23.056,15,2,car,0.007396,13,bench,0.000632,60,dining table,0.000322,0.007396,0.000087,0.000050,0.000311,0.000059,9,597,1242,109,1251,706,1,0,1,0
692,23.056,16,2,car,0.007323,13,bench,0.000880,60,dining table,0.000383,0.007323,0.000089,0.000082,0.000243,0.000063,11,595,1250,111,1261,706,1,0,1,0
692,23.056,17,2,car,0.005358,7,truck,0.000644,13,bench,0.000244,0.005358,0.000065,0.000006,0.000644,0.000020,84,603,1192,106,1276,709,1,0,1,0
692,23.056,18,7,truck,0.005091,2,car,0.001103,5,bus,0.000221,0.001103,0.000221,0.000018,0.005091,0.000024,758,262,520,351,1278,613,1,0,1,0
692,23.056,19,2,car,0.004966,7,truck,0.000354,13,bench,0.000347,0.004966,0.000060,0.000020,0.000354,0.000037,17,599,1229,108,1246,707,1,0,1,0
692,23.056,20,7,truck,0.003173,2,car,0.000870,5,bus,0.000118,0.000870,0.000118,0.000005,0.003173,0.000023,771,306,508,317,1279,623,1,0,1,0
693,23.090,1,7,truck,0.629090,5,bus,0.030869,2,car,0.021107,0.021107,0.030869,0.000390,0.629090,0.000046,759,0,519,622,1278,622,1,1,1,1
693,23.090,2,7,truck,0.584550,5,bus,0.141263,2,car,0.071756,0.071756,0.141263,0.001070,0.584550,0.000280,759,0,520,621,1279,621,1,1,1,1
693,23.090,3,7,truck,0.567558,5,bus,0.035331,2,car,0.026364,0.026364,0.035331,0.001351,0.567558,0.000087,760,0,518,623,1278,623,1,1,1,1
693,23.090,4,7,truck,0.560632,5,bus,0.051955,2,car,0.040667,0.040667,0.051955,0.013322,0.560632,0.000304,760,2,518,626,1278,628,1,1,1,1
693,23.090,5,7,truck,0.493512,5,bus,0.129785,2,car,0.037173,0.037173,0.129785,0.001863,0.493512,0.000051,760,0,518,623,1278,623,1,1,1,1
693,23.090,6,7,truck,0.426420,5,bus,0.121410,2,car,0.066318,0.066318,0.121410,0.057069,0.426420,0.000440,761,1,517,631,1278,632,1,1,1,1
693,23.090,7,7,truck,0.353369,5,bus,0.092665,2,car,0.033098,0.033098,0.092665,0.006158,0.353369,0.000087,760,0,518,625,1278,625,1,1,1,1
693,23.090,8,7,truck,0.353301,5,bus,0.222337,2,car,0.042493,0.042493,0.222337,0.005458,0.353301,0.000113,762,0,516,625,1278,625,1,1,1,1
693,23.090,9,7,truck,0.233663,5,bus,0.156686,2,car,0.033369,0.033369,0.156686,0.016335,0.233663,0.000167,762,0,516,632,1278,632,1,1,1,1
693,23.090,10,7,truck,0.226553,5,bus,0.203031,6,train,0.168990,0.057345,0.203031,0.168990,0.226553,0.001024,764,1,514,643,1278,644,1,1,1,1
693,23.090,11,2,car,0.008979,13,bench,0.002455,60,dining table,0.000573,0.008979,0.000153,0.000213,0.000255,0.000093,8,597,1237,109,1245,706,1,0,1,0
693,23.090,12,2,car,0.007762,13,bench,0.002174,60,dining table,0.000272,0.007762,0.000103,0.000160,0.000167,0.000060,7,597,1224,109,1231,706,1,0,1,0
693,23.090,13,2,car,0.006181,13,bench,0.001025,60,dining table,0.000563,0.006181,0.000104,0.000080,0.000317,0.000068,9,599,1242,107,1251,706,1,0,1,0
693,23.090,14,2,car,0.005958,13,bench,0.001459,60,dining table,0.000592,0.005958,0.000111,0.000128,0.000237,0.000070,10,597,1251,109,1261,706,1,0,1,0
693,23.090,15,7,truck,0.005672,2,car,0.001326,5,bus,0.000296,0.001326,0.000296,0.000029,0.005672,0.000039,759,227,520,383,1279,610,1,0,1,0
693,23.090,16,2,car,0.005396,13,bench,0.001340,60,dining table,0.000216,0.005396,0.000075,0.000130,0.000140,0.000036,4,595,1209,111,1213,706,0,0,1,0
693,23.090,17,2,car,0.003956,13,bench,0.000636,7,truck,0.000503,0.003956,0.000056,0.000021,0.000503,0.000041,44,602,1228,106,1272,708,1,0,1,0
693,23.090,18,2,car,0.003060,13,bench,0.000421,7,truck,0.000267,0.003060,0.000048,0.000024,0.000267,0.000031,18,600,1216,107,1234,707,1,0,1,0
693,23.090,19,7,truck,0.003056,2,car,0.000361,5,bus,0.000127,0.000361,0.000127,0.000025,0.003056,0.000015,756,217,514,378,1270,595,1,0,1,0
693,23.090,20,2,car,0.002117,7,truck,0.000340,13,bench,0.000313,0.002117,0.000036,0.000008,0.000340,0.000017,104,605,1171,104,1275,709,1,0,1,0
694,23.123,1,7,truck,0.695641,2,car,0.008498,5,bus,0.006956,0.008498,0.006956,0.000121,0.695641,0.000026,762,0,516,618,1278,618,1,1,1,1
694,23.123,2,7,truck,0.676010,5,bus,0.014424,2,car,0.010487,0.010487,0.014424,0.000813,0.676010,0.000059,763,0,515,618,1278,618,1,1,1,1
694,23.123,3,7,truck,0.654077,2,car,0.025270,5,bus,0.024764,0.025270,0.024764,0.007932,0.654077,0.000183,762,3,516,617,1278,620,1,1,1,1
694,23.123,4,7,truck,0.648429,2,car,0.055932,5,bus,0.046240,0.055932,0.046240,0.000282,0.648429,0.000160,763,2,515,614,1278,616,1,1,1,1
694,23.123,5,7,truck,0.644118,5,bus,0.041532,2,car,0.020840,0.020840,0.041532,0.000440,0.644118,0.000030,762,0,516,618,1278,618,1,1,1,1
694,23.123,6,7,truck,0.494524,5,bus,0.063635,2,car,0.049676,0.049676,0.063635,0.040009,0.494524,0.000256,763,2,515,620,1278,622,1,1,1,1
694,23.123,7,7,truck,0.479758,5,bus,0.101959,2,car,0.047658,0.047658,0.101959,0.001948,0.479758,0.000080,766,0,512,620,1278,620,1,1,1,1
694,23.123,8,7,truck,0.478677,5,bus,0.048896,2,car,0.019813,0.019813,0.048896,0.003493,0.478677,0.000059,762,0,516,620,1278,620,1,1,1,1
694,23.123,9,7,truck,0.305971,5,bus,0.094987,2,car,0.041755,0.041755,0.094987,0.013621,0.305971,0.000115,766,0,512,625,1278,625,1,1,1,1
694,23.123,10,7,truck,0.257444,6,train,0.162694,5,bus,0.115536,0.054492,0.115536,0.162694,0.257444,0.000638,767,2,511,632,1278,634,1,1,1,1
694,23.123,11,2,car,0.008982,13,bench,0.002179,60,dining table,0.000599,0.008982,0.000159,0.000180,0.000279,0.000093,9,597,1239,109,1248,706,1,0,1,0
694,23.123,12,7,truck,0.007186,2,car,0.000788,5,bus,0.000189,0.000788,0.000189,0.000017,0.007186,0.000023,762,228,517,382,1279,610,1,0,1,0
694,23.123,13,2,car,0.007068,13,bench,0.001847,60,dining table,0.000242,0.007068,0.000096,0.000115,0.000158,0.000054,7,598,1229,108,1236,706,1,0,1,0
694,23.123,14,7,truck,0.005498,2,car,0.000795,5,bus,0.000145,0.000795,0.000145,0.000008,0.005498,0.000019,763,215,511,399,1274,614,1,0,1,0
694,23.123,15,2,car,0.005472,13,bench,0.001214,60,dining table,0.000603,0.005472,0.000118,0.000107,0.000266,0.000067,13,596,1248,110,1261,706,1,0,1,0
694,23.123,16,2,car,0.005018,13,bench,0.001168,60,dining table,0.000203,0.005018,0.000071,0.000095,0.000129,0.000033,4,596,1215,110,1219,706,1,0,1,0
694,23.123,17,7,truck,0.004797,2,car,0.000164,5,bus,0.000071,0.000164,0.000071,0.000019,0.004797,0.000013,761,227,504,369,1265,596,1,0,1,0
694,23.123,18,2,car,0.004249,13,bench,0.000785,60,dining table,0.000474,0.004249,0.000092,0.000061,0.000298,0.000054,9,599,1242,107,1251,706,1,0,1,0
694,23.123,19,2,car,0.001922,13,bench,0.000515,7,truck,0.000349,0.001922,0.000041,0.000016,0.000349,0.000027,46,602,1224,107,1270,709,1,0,1,0
694,23.123,20,2,car,0.001833,13,bench,0.000348,7,truck,0.000218,0.001833,0.000041,0.000019,0.000218,0.000023,18,599,1209,108,1227,707,1,0,1,0
695,23.156,1,7,truck,0.803414,2,car,0.021743,5,bus,0.009537,0.021743,0.009537,0.000291,0.803414,0.000082,763,3,515,617,1278,620,1,1,1,1
695,23.156,2,7,truck,0.790312,2,car,0.011156,5,bus,0.005001,0.011156,0.005001,0.000051,0.790312,0.000029,763,0,515,619,1278,619,1,1,1,1
695,23.156,3,7,truck,0.759963,2,car,0.041313,5,bus,0.029830,0.041313,0.029830,0.000841,0.759963,0.000069,764,2,514,619,1278,621,1,1,1,1
695,23.156,4,7,truck,0.755973,2,car,0.011162,5,bus,0.002909,0.011162,0.002909,0.000021,0.755973,0.000018,762,0,516,619,1278,619,1,1,1,1
695,23.156,5,7,truck,0.733208,2,car,0.021105,5,bus,0.009982,0.021105,0.009982,0.000027,0.733208,0.000012,763,0,515,618,1278,618,1,1,1,1
695,23.156,6,7,truck,0.710906,2,car,0.018899,5,bus,0.018886,0.018899,0.018886,0.000108,0.710906,0.000021,763,0,515,619,1278,619,1,1,1,1
695,23.156,7,7,truck,0.656708,2,car,0.040209,5,bus,0.027804,0.040209,0.027804,0.000038,0.656708,0.000022,765,0,514,619,1279,619,1,1,1,1
695,23.156,8,7,truck,0.640785,5,bus,0.047995,2,car,0.036881,0.036881,0.047995,0.000143,0.640785,0.000028,764,0,514,619,1278,619,1,1,1,1
695,23.156,9,7,truck,0.637253,5,bus,0.057763,2,car,0.057010,0.057010,0.057763,0.001581,0.637253,0.000097,765,1,513,622,1278,623,1,1,1,1
695,23.156,10,7,truck,0.597346,2,car,0.044829,5,bus,0.016620,0.044829,0.016620,0.000072,0.597346,0.000095,763,2,516,614,1279,616,1,1,1,1
695,23.156,11,7,truck,0.113009,2,car,0.012709,5,bus,0.007762,0.012709,0.007762,0.001686,0.113009,0.000499,764,1,515,633,1279,634,1,1,1,1
695,23.156,12,2,car,0.014343,13,bench,0.002330,60,dining table,0.000615,0.014343,0.000197,0.000205,0.000354,0.000125,9,596,1235,110,1244,706,1,0,1,0
695,23.156,13,2,car,0.011358,13,bench,0.001559,60,dining table,0.000250,0.011358,0.000110,0.000115,0.000192,0.000068,8,597,1227,109,1235,706,1,0,1,0
695,23.156,14,2,car,0.008831,13,bench,0.000975,4,airplane,0.000234,0.008831,0.000087,0.000110,0.000168,0.000043,4,594,1221,113,1225,707,1,0,1,0
695,23.156,15,2,car,0.007721,13,bench,0.001512,60,dining table,0.000506,0.007721,0.000150,0.000131,0.000343,0.000082,13,596,1249,110,1262,706,1,0,1,0
695,23.156,16,7,truck,0.006887,2,car,0.000751,5,bus,0.000196,0.000751,0.000196,0.000022,0.006887,0.000029,765,218,514,396,1279,614,1,0,1,0
695,23.156,17,2,car,0.004567,13,bench,0.001009,7,truck,0.000357,0.004567,0.000104,0.000076,0.000357,0.000056,9,598,1243,109,1252,707,1,0,1,0
695,23.156,18,7,truck,0.004139,2,car,0.001605,5,bus,0.000293,0.001605,0.000293,0.000012,0.004139,0.000042,785,350,494,271,1279,621,1,0,1,0
695,23.156,19,7,truck,0.002941,2,car,0.000986,5,bus,0.000112,0.000986,0.000112,0.000003,0.002941,0.000018,766,298,513,320,1279,618,1,0,1,0
695,23.156,20,7,truck,0.002633,2,car,0.000125,5,bus,0.000050,0.000125,0.000050,0.000018,0.002633,0.000014,761,221,427,368,1188,589,0,0,1,0
696,23.190,1,7,truck,0.851064,2,car,0.010570,5,bus,0.006507,0.010570,0.006507,0.000148,0.851064,0.000174,764,1,514,624,1278,625,1,1,1,1
696,23.190,2,7,truck,0.843977,2,car,0.021997,5,bus,0.019983,0.021997,0.019983,0.000291,0.843977,0.000160,765,1,514,624,1279,625,1,1,1,1
696,23.190,3,7,truck,0.820785,2,car,0.006926,5,bus,0.003445,0.006926,0.003445,0.000033,0.820785,0.000049,764,0,514,627,1278,627,1,1,1,1
696,23.190,4,7,truck,0.777541,2,car,0.008803,5,bus,0.001990,0.008803,0.001990,0.000012,0.777541,0.000020,764,0,515,625,1279,625,1,1,1,1
696,23.190,5,7,truck,0.773859,5,bus,0.012899,2,car,0.012411,0.012411,0.012899,0.000057,0.773859,0.000039,764,0,515,625,1279,625,1,1,1,1
696,23.190,6,7,truck,0.768745,2,car,0.017314,5,bus,0.006564,0.017314,0.006564,0.000012,0.768745,0.000014,764,0,515,625,1279,625,1,1,1,1
696,23.190,7,7,truck,0.736954,5,bus,0.048091,2,car,0.035306,0.035306,0.048091,0.000432,0.736954,0.000175,765,1,513,624,1278,625,1,1,1,1
696,23.190,8,7,truck,0.713512,5,bus,0.040649,2,car,0.029876,0.029876,0.040649,0.000062,0.713512,0.000043,764,0,515,624,1279,624,1,1,1,1
696,23.190,9,7,truck,0.689047,2,car,0.041447,5,bus,0.018555,0.041447,0.018555,0.000014,0.689047,0.000020,765,0,514,626,1279,626,1,1,1,1
696,23.190,10,7,truck,0.654945,2,car,0.053802,5,bus,0.013048,0.053802,0.013048,0.000048,0.654945,0.000075,765,7,514,617,1279,624,1,1,1,1
696,23.190,11,7,truck,0.031192,2,car,0.000933,5,bus,0.000911,0.000933,0.000911,0.000113,0.031192,0.000236,765,0,514,635,1279,635,1,0,1,0
696,23.190,12,2,car,0.014872,13,bench,0.001749,60,dining table,0.000532,0.014872,0.000164,0.000157,0.000358,0.000119,9,597,1240,109,1249,706,1,0,1,0
696,23.190,13,2,car,0.011740,13,bench,0.001277,60,dining table,0.000245,0.011740,0.000093,0.000095,0.000196,0.000073,8,597,1222,109,1230,706,1,0,1,0
696,23.190,14,2,car,0.008564,13,bench,0.001182,60,dining table,0.000429,0.008564,0.000128,0.000092,0.000352,0.000079,13,596,1253,110,1266,706,1,0,1,0
696,23.190,15,7,truck,0.008028,2,car,0.000654,5,bus,0.000174,0.000654,0.000174,0.000019,0.008028,0.000027,766,211,513,411,1279,622,1,0,1,0
696,23.190,16,2,car,0.007896,13,bench,0.000818,60,dining table,0.000210,0.007896,0.000075,0.000092,0.000168,0.000050,5,595,1215,112,1220,707,1,0,1,0
696,23.190,17,7,truck,0.007883,2,car,0.000910,5,bus,0.000133,0.000910,0.000133,0.000005,0.007883,0.000015,764,203,515,421,1279,624,1,0,1,0
696,23.190,18,7,truck,0.006455,2,car,0.003761,5,bus,0.000270,0.003761,0.000270,0.000006,0.006455,0.000023,769,345,510,278,1279,623,1,0,1,0
696,23.190,19,2,car,0.006043,13,bench,0.000900,7,truck,0.000434,0.006043,0.000108,0.000063,0.000434,0.000061,9,598,1251,109,1260,707,1,0,1,0
696,23.190,20,7,truck,0.005012,2,car,0.004252,5,bus,0.000414,0.004252,0.000414,0.000013,0.005012,0.000035,790,360,489,265,1279,625,1,0,1,0
697,23.223,1,7,truck,0.838436,2,car,0.020126,5,bus,0.012841,0.020126,0.012841,0.000169,0.838436,0.000069,768,1,511,631,1279,632,1,1,1,1
697,23.223,2,7,truck,0.830900,2,car,0.007129,5,bus,0.003359,0.007129,0.003359,0.000037,0.830900,0.000041,768,0,510,634,1278,634,1,1,1,1
697,23.223,3,7,truck,0.816869,2,car,0.014489,5,bus,0.006645,0.014489,0.006645,0.000173,0.816869,0.000114,767,2,511,633,1278,635,1,1,1,1
697,23.223,4,7,truck,0.792901,5,bus,0.007784,2,car,0.007237,0.007237,0.007784,0.000036,0.792901,0.000019,768,0,511,634,1279,634,1,1,1,1
697,23.223,5,7,truck,0.784966,2,car,0.007671,5,bus,0.002029,0.007671,0.002029,0.000013,0.784966,0.000016,768,0,511,632,1279,632,1,1,1,1
697,23.223,6,7,truck,0.783319,2,car,0.008832,5,bus,0.005058,0.008832,0.005058,0.000010,0.783319,0.000008,768,0,511,633,1279,633,1,1,1,1
697,23.223,7,7,truck,0.774809,2,car,0.030566,5,bus,0.010876,0.030566,0.010876,0.000037,0.774809,0.000052,769,7,510,625,1279,632,1,1,1,1
697,23.223,8,7,truck,0.760943,5,bus,0.024808,2,car,0.012518,0.012518,0.024808,0.000043,0.760943,0.000021,766,0,513,632,1279,632,1,1,1,1
697,23.223,9,7,truck,0.759121,5,bus,0.032157,2,car,0.026185,0.026185,0.032157,0.000280,0.759121,0.000069,767,2,512,632,1279,634,1,1,1,1
697,23.223,10,7,truck,0.747540,2,car,0.015262,5,bus,0.013214,0.015262,0.013214,0.000012,0.747540,0.000012,767,0,512,633,1279,633,1,1,1,1
697,23.223,11,2,car,0.009917,13,bench,0.001461,60,dining table,0.000609,0.009917,0.000156,0.000183,0.000290,0.000111,8,595,1244,111,1252,706,1,0,1,0
697,23.223,12,2,car,0.009014,13,bench,0.001061,60,dining table,0.000251,0.009014,0.000101,0.000114,0.000184,0.000070,8,596,1229,110,1237,706,1,0,1,0
697,23.223,13,2,car,0.006892,13,bench,0.000759,60,dining table,0.000209,0.006892,0.000088,0.000114,0.000172,0.000051,4,594,1212,113,1216,707,1,0,1,0
697,23.223,14,2,car,0.006886,13,bench,0.001018,60,dining table,0.000584,0.006886,0.000118,0.000108,0.000290,0.000079,11,595,1255,111,1266,706,1,0,1,0
697,23.223,15,7,truck,0.006168,2,car,0.000647,5,bus,0.000101,0.000647,0.000101,0.000004,0.006168,0.000013,767,191,512,443,1279,634,1,0,1,0
697,23.223,16,2,car,0.005670,13,bench,0.000858,60,dining table,0.000435,0.005670,0.000090,0.000066,0.000312,0.000062,8,597,1252,109,1260,706,1,0,1,0
697,23.223,17,7,truck,0.004514,2,car,0.000524,5,bus,0.000130,0.000524,0.000130,0.000022,0.004514,0.000024,768,210,511,413,1279,623,1,0,1,0
697,23.223,18,7,truck,0.004325,2,car,0.002221,5,bus,0.000304,0.002221,0.000304,0.000011,0.004325,0.000027,790,362,489,270,1279,632,1,0,1,0
697,23.223,19,2,car,0.002867,7,truck,0.001575,5,bus,0.000052,0.002867,0.000052,0.000038,0.001575,0.000014,820,357,459,268,1279,625,1,0,1,0
697,23.223,20,2,car,0.002684,13,bench,0.000496,7,truck,0.000287,0.002684,0.000047,0.000029,0.000287,0.000035,15,598,1231,109,1246,707,1,0,1,0
698,23.257,1,7,truck,0.782057,2,car,0.008635,5,bus,0.005950,0.008635,0.005950,0.000111,0.782057,0.000047,772,0,506,638,1278,638,1,1,1,1
698,23.257,2,7,truck,0.766916,2,car,0.020994,5,bus,0.008355,0.020994,0.008355,0.000391,0.766916,0.000128,772,1,506,640,1278,641,1,1,1,1
698,23.257,3,7,truck,0.757215,2,car,0.039972,5,bus,0.015033,0.039972,0.015033,0.000443,0.757215,0.000088,773,1,505,640,1278,641,1,1,1,1
698,23.257,4,7,truck,0.734638,2,car,0.007212,5,bus,0.004592,0.007212,0.004592,0.000042,0.734638,0.000019,772,0,507,636,1279,636,1,1,1,1
698,23.257,5,7,truck,0.728331,2,car,0.013874,5,bus,0.011556,0.013874,0.011556,0.000047,0.728331,0.000013,773,0,506,638,1279,638,1,1,1,1
698,23.257,6,7,truck,0.722463,2,car,0.013794,5,bus,0.012509,0.013794,0.012509,0.000118,0.722463,0.000031,773,0,506,639,1279,639,1,1,1,1
698,23.257,7,7,truck,0.721011,2,car,0.039661,5,bus,0.018457,0.039661,0.018457,0.000101,0.721011,0.000065,774,7,505,627,1279,634,1,1,1,1
698,23.257,8,7,truck,0.672347,2,car,0.037165,5,bus,0.025158,0.037165,0.025158,0.000047,0.672347,0.000021,772,1,507,635,1279,636,1,1,1,1
698,23.257,9,7,truck,0.645607,2,car,0.035917,5,bus,0.033569,0.035917,0.033569,0.000118,0.645607,0.000034,772,0,507,635,1279,635,1,1,1,1
698,23.257,10,7,truck,0.644752,2,car,0.068003,5,bus,0.037626,0.068003,0.037626,0.000666,0.644752,0.000093,774,1,504,640,1278,641,1,1,1,1
698,23.257,11,2,car,0.008167,13,bench,0.001968,60,dining table,0.000762,0.008167,0.000162,0.000214,0.000251,0.000095,8,595,1240,111,1248,706,1,0,1,0
698,23.257,12,2,car,0.007767,13,bench,0.001388,60,dining table,0.000303,0.007767,0.000092,0.000128,0.000156,0.000060,7,595,1231,111,1238,706,1,0,1,0
698,23.257,13,2,car,0.006204,13,bench,0.001315,60,dining table,0.000760,0.006204,0.000137,0.000129,0.000258,0.000068,11,595,1255,111,1266,706,1,0,1,0
698,23.257,14,2,car,0.005469,13,bench,0.000935,60,dining table,0.000218,0.005469,0.000076,0.000119,0.000140,0.000046,4,593,1218,114,1222,707,1,0,1,0
698,23.257,15,2,car,0.005405,13,bench,0.001016,60,dining table,0.000709,0.005405,0.000117,0.000074,0.000282,0.000057,7,597,1254,109,1261,706,1,0,1,0
698,23.257,16,7,truck,0.004633,2,car,0.000682,5,bus,0.000176,0.000682,0.000176,0.000017,0.004633,0.000020,771,201,499,395,1270,596,1,0,1,0
698,23.257,17,2,car,0.004025,7,truck,0.000244,0,person,0.000071,0.004025,0.000028,0.000010,0.000244,0.000005,1123,399,156,234,1279,633,1,0,1,0
698,23.257,18,2,car,0.003778,13,bench,0.000888,7,truck,0.000542,0.003778,0.000080,0.000031,0.000542,0.000050,44,599,1230,109,1274,708,1,0,1,0
698,23.257,19,2,car,0.003631,7,truck,0.000416,0,person,0.000175,0.003631,0.000025,0.000014,0.000416,0.000010,1089,390,190,243,1279,633,1,0,1,0
698,23.257,20,2,car,0.003594,7,truck,0.000271,0,person,0.000086,0.003594,0.000029,0.000009,0.000271,0.000005,1122,400,157,236,1279,636,1,0,1,0
699,23.290,1,7,truck,0.814651,2,car,0.009718,5,bus,0.003675,0.009718,0.003675,0.000046,0.814651,0.000052,774,0,504,632,1278,632,1,1,1,1
699,23.290,2,7,truck,0.798637,2,car,0.025735,5,bus,0.005078,0.025735,0.005078,0.000130,0.798637,0.000109,774,3,504,626,1278,629,1,1,1,1
699,23.290,3,7,truck,0.784046,2,car,0.020816,5,bus,0.006560,0.020816,0.006560,0.000048,0.784046,0.000041,775,0,504,635,1279,635,1,1,1,1
699,23.290,4,7,truck,0.778772,2,car,0.015498,5,bus,0.004331,0.015498,0.004331,0.000015,0.778772,0.000018,775,0,504,633,1279,633,1,1,1,1
699,23.290,5,7,truck,0.777434,2,car,0.060635,5,bus,0.008684,0.060635,0.008684,0.000168,0.777434,0.000090,775,2,503,629,1278,631,1,1,1,1
699,23.290,6,7,truck,0.772830,2,car,0.006087,5,bus,0.002012,0.006087,0.002012,0.000019,0.772830,0.000024,774,0,505,628,1279,628,1,1,1,1
699,23.290,7,7,truck,0.684065,2,car,0.081261,5,bus,0.016424,0.081261,0.016424,0.000066,0.684065,0.000089,773,1,506,633,1279,634,1,1,1,1
699,23.290,8,7,truck,0.673045,2,car,0.066157,5,bus,0.008421,0.066157,0.008421,0.000021,0.673045,0.000047,774,0,505,633,1279,633,1,1,1,1
699,23.290,9,7,truck,0.652357,2,car,0.132921,5,bus,0.017968,0.132921,0.017968,0.000260,0.652357,0.000184,775,2,504,634,1279,636,1,1,1,1
699,23.290,10,7,truck,0.489126,2,car,0.296574,5,bus,0.026750,0.296574,0.026750,0.003885,0.489126,0.001966,776,1,502,621,1278,622,1,1,1,1
699,23.290,11,7,truck,0.102882,2,car,0.002364,5,bus,0.000414,0.002364,0.000414,0.000004,0.102882,0.000016,775,6,504,622,1279,628,1,1,1,1
699,23.290,12,2,car,0.005620,13,bench,0.000982,60,dining table,0.000576,0.005620,0.000091,0.000057,0.000275,0.000050,10,599,1250,107,1260,706,1,0,1,0
699,23.290,13,2,car,0.005538,13,bench,0.001423,60,dining table,0.000721,0.005538,0.000118,0.000121,0.000264,0.000064,15,598,1248,107,1263,705,1,0,1,0
699,23.290,14,2,car,0.005531,13,bench,0.001873,60,dining table,0.000524,0.005531,0.000122,0.000197,0.000218,0.000080,10,597,1235,108,1245,705,1,0,1,0
699,23.290,15,2,car,0.005232,13,bench,0.000863,7,truck,0.000632,0.005232,0.000071,0.000021,0.000632,0.000049,47,601,1225,107,1272,708,1,0,1,0
699,23.290,16,2,car,0.003861,13,bench,0.001347,60,dining table,0.000200,0.003861,0.000082,0.000147,0.000138,0.000051,9,596,1224,109,1233,705,1,0,1,0
699,23.290,17,2,car,0.003751,13,bench,0.000615,7,truck,0.000300,0.003751,0.000056,0.000024,0.000300,0.000034,16,600,1232,107,1248,707,1,0,1,0
699,23.290,18,7,truck,0.003697,2,car,0.000422,5,bus,0.000116,0.000422,0.000116,0.000013,0.003697,0.000018,775,188,494,409,1269,597,1,0,1,0
699,23.290,19,2,car,0.003452,0,person,0.000116,7,truck,0.000089,0.003452,0.000007,0.000005,0.000089,0.000003,1172,405,107,223,1279,628,1,0,1,0
699,23.290,20,2,car,0.003338,0,person,0.000171,7,truck,0.000123,0.003338,0.000007,0.000005,0.000123,0.000002,1170,405,109,230,1279,635,1,0,1,0
700,23.323,1,7,truck,0.834536,2,car,0.005596,5,bus,0.000846,0.005596,0.000846,0.000020,0.834536,0.000031,779,0,499,606,1278,606,1,1,1,1
700,23.323,2,7,truck,0.831718,2,car,0.035062,5,bus,0.002321,0.035062,0.002321,0.000064,0.831718,0.000063,779,2,499,609,1278,611,1,1,1,1
700,23.323,3,7,truck,0.822090,2,car,0.013821,5,bus,0.001262,0.013821,0.001262,0.000045,0.822090,0.000074,779,2,499,605,1278,607,1,1,1,1
700,23.323,4,7,truck,0.804519,2,car,0.011225,5,bus,0.001399,0.011225,0.001399,0.000019,0.804519,0.000023,779,0,500,611,1279,611,1,1,1,1
700,23.323,5,7,truck,0.797699,2,car,0.003203,5,bus,0.000553,0.003203,0.000553,0.000009,0.797699,0.000018,779,0,499,604,1278,604,1,1,1,1
700,23.323,6,7,truck,0.795410,2,car,0.006915,5,bus,0.000972,0.006915,0.000972,0.000007,0.795410,0.000014,781,0,498,606,1279,606,1,1,1,1
700,23.323,7,7,truck,0.763782,2,car,0.037802,5,bus,0.003400,0.037802,0.003400,0.000033,0.763782,0.000056,778,0,501,612,1279,612,1,1,1,1
700,23.323,8,7,truck,0.756782,2,car,0.073766,5,bus,0.004249,0.073766,0.004249,0.000107,0.756782,0.000160,779,1,500,615,1279,616,1,1,1,1
700,23.323,9,7,truck,0.748481,2,car,0.022173,5,bus,0.002199,0.022173,0.002199,0.000010,0.748481,0.000026,780,0,499,607,1279,607,1,1,1,1
700,23.323,10,7,truck,0.573629,2,car,0.298918,5,bus,0.006897,0.298918,0.006897,0.001629,0.573629,0.001709,778,1,501,606,1279,607,1,1,1,1
700,23.323,11,7,truck,0.027668,2,car,0.000385,5,bus,0.000040,0.000385,0.000040,0.000000,0.027668,0.000005,781,9,498,593,1279,602,1,0,1,0
700,23.323,12,2,car,0.005529,13,bench,0.001577,60,dining table,0.000573,0.005529,0.000117,0.000194,0.000211,0.000084,8,597,1242,108,1250,705,1,0,1,0
700,23.323,13,2,car,0.004968,60,dining table,0.000752,13,bench,0.000621,0.004968,0.000093,0.000067,0.000261,0.000060,9,600,1248,106,1257,706,1,0,1,0
700,23.323,14,2,car,0.004685,13,bench,0.000970,60,dining table,0.000735,0.004685,0.000103,0.000113,0.000223,0.000066,13,598,1249,107,1262,705,1,0,1,0
700,23.323,15,2,car,0.004532,13,bench,0.001561,60,dining table,0.000252,0.004532,0.000086,0.000154,0.000147,0.000060,7,596,1229,109,1236,705,1,0,1,0
700,23.323,16,7,truck,0.004331,2,car,0.000445,5,bus,0.000138,0.000445,0.000138,0.000017,0.004331,0.000025,782,178,493,412,1275,590,1,0,1,0
700,23.323,17,2,car,0.003451,7,truck,0.000412,13,bench,0.000411,0.003451,0.000056,0.000022,0.000412,0.000047,48,603,1224,105,1272,708,1,0,1,0
700,23.323,18,2,car,0.002910,13,bench,0.000342,7,truck,0.000239,0.002910,0.000051,0.000027,0.000239,0.000036,17,602,1226,105,1243,707,1,0,1,0
700,23.323,19,2,car,0.002775,13,bench,0.001062,60,dining table,0.000160,0.002775,0.000071,0.000149,0.000122,0.000044,4,593,1210,113,1214,706,0,0,1,0
700,23.323,20,2,car,0.002368,7,truck,0.000351,5,bus,0.000014,0.002368,0.000014,0.000006,0.000351,0.000003,1041,368,238,229,1279,597,1,0,1,0
701,23.357,1,7,truck,0.849627,2,car,0.002692,5,bus,0.001436,0.002692,0.001436,0.000034,0.849627,0.000039,784,0,493,608,1277,608,1,1,1,1
701,23.357,2,7,truck,0.849166,2,car,0.016955,5,bus,0.003548,0.016955,0.003548,0.000067,0.849166,0.000080,784,2,494,614,1278,616,1,1,1,1
701,23.357,3,7,truck,0.829271,2,car,0.006502,5,bus,0.002050,0.006502,0.002050,0.000081,0.829271,0.000098,784,2,493,617,1277,619,1,1,1,1
701,23.357,4,7,truck,0.827218,2,car,0.003111,5,bus,0.000954,0.003111,0.000954,0.000009,0.827218,0.000021,785,0,493,608,1278,608,1,1,1,1
701,23.357,5,7,truck,0.817796,2,car,0.005144,5,bus,0.001640,0.005144,0.001640,0.000007,0.817796,0.000017,786,0,492,608,1278,608,1,1,1,1
701,23.357,6,7,truck,0.809398,2,car,0.004861,5,bus,0.002255,0.004861,0.002255,0.000025,0.809398,0.000026,784,0,494,610,1278,610,1,1,1,1
701,23.357,7,7,truck,0.785097,2,car,0.016515,5,bus,0.003663,0.016515,0.003663,0.000009,0.785097,0.000031,784,0,495,611,1279,611,1,1,1,1
701,23.357,8,7,truck,0.756294,2,car,0.015231,5,bus,0.005796,0.015231,0.005796,0.000037,0.756294,0.000052,782,1,496,612,1278,613,1,1,1,1
701,23.357,9,7,truck,0.747844,2,car,0.027675,5,bus,0.007450,0.027675,0.007450,0.000131,0.747844,0.000154,784,2,495,624,1279,626,1,1,1,1
701,23.357,10,7,truck,0.717248,2,car,0.014658,5,bus,0.004030,0.014658,0.004030,0.000021,0.717248,0.000087,786,0,493,608,1279,608,1,1,1,1
701,23.357,11,2,car,0.003415,13,bench,0.001170,60,dining table,0.000561,0.003415,0.000090,0.000138,0.000161,0.000078,8,597,1233,107,1241,704,1,0,1,0
701,23.357,12,2,car,0.003029,7,truck,0.000266,13,bench,0.000172,0.003029,0.000029,0.000009,0.000266,0.000032,42,601,1229,107,1271,708,1,0,1,0
701,23.357,13,2,car,0.002974,60,dining table,0.000589,13,bench,0.000278,0.002974,0.000047,0.000030,0.000158,0.000042,10,598,1246,107,1256,705,1,0,1,0
701,23.357,14,2,car,0.002798,60,dining table,0.000712,13,bench,0.000548,0.002798,0.000065,0.000068,0.000154,0.000055,13,597,1248,107,1261,704,1,0,1,0
701,23.357,15,7,truck,0.002735,2,car,0.000478,5,bus,0.000118,0.000478,0.000118,0.000013,0.002735,0.000027,784,173,482,430,1266,603,1,0,1,0
701,23.357,16,2,car,0.002660,13,bench,0.001212,60,dining table,0.000203,0.002660,0.000068,0.000109,0.000115,0.000057,8,597,1219,107,1227,704,1,0,1,0
701,23.357,17,2,car,0.002637,7,truck,0.000464,5,bus,0.000040,0.002637,0.000040,0.000014,0.000464,0.000006,820,358,459,232,1279,590,1,0,1,0
701,23.357,18,2,car,0.002597,7,truck,0.000392,5,bus,0.000033,0.002597,0.000033,0.000009,0.000392,0.000004,827,365,452,235,1279,600,1,0,1,0
701,23.357,19,2,car,0.002220,60,dining table,0.000183,13,bench,0.000168,0.002220,0.000027,0.000011,0.000160,0.000027,15,600,1232,106,1247,706,1,0,1,0
701,23.357,20,2,car,0.002177,7,truck,0.000125,5,bus,0.000015,0.002177,0.000015,0.000005,0.000125,0.000002,1056,360,223,250,1279,610,1,0,1,0
702,23.390,1,7,truck,0.804364,2,car,0.031491,5,bus,0.008792,0.031491,0.008792,0.000262,0.804364,0.000129,790,2,488,653,1278,655,1,1,1,1
702,23.390,2,7,truck,0.776465,2,car,0.004667,5,bus,0.003657,0.004667,0.003657,0.000038,0.776465,0.000041,791,0,487,610,1278,610,1,1,1,1
702,23.390,3,7,truck,0.775790,2,car,0.008377,5,bus,0.005667,0.008377,0.005667,0.000031,0.775790,0.000032,790,0,488,612,1278,612,1,1,1,1
702,23.390,4,7,truck,0.771393,2,car,0.013137,5,bus,0.005965,0.013137,0.005965,0.000297,0.771393,0.000159,790,2,487,649,1277,651,1,1,1,1
702,23.390,5,7,truck,0.764487,5,bus,0.005419,2,car,0.003769,0.003769,0.005419,0.000127,0.764487,0.000055,790,0,487,616,1277,616,1,1,1,1
702,23.390,6,7,truck,0.712664,2,car,0.026412,5,bus,0.010043,0.026412,0.010043,0.000037,0.712664,0.000047,789,0,489,614,1278,614,1,1,1,1
702,23.390,7,7,truck,0.698055,2,car,0.015533,5,bus,0.010462,0.015533,0.010462,0.000076,0.698055,0.000132,789,0,490,610,1279,610,1,1,1,1
702,23.390,8,7,truck,0.691800,5,bus,0.006950,2,car,0.006419,0.006419,0.006950,0.000083,0.691800,0.000030,790,0,488,621,1278,621,1,1,1,1
702,23.390,9,7,truck,0.664852,2,car,0.053809,5,bus,0.018952,0.053809,0.018952,0.000551,0.664852,0.000201,789,2,490,659,1279,661,1,1,1,1
702,23.390,10,7,truck,0.634796,2,car,0.018603,5,bus,0.012285,0.018603,0.012285,0.000107,0.634796,0.000048,788,0,490,631,1278,631,1,1,1,1
702,23.390,11,7,truck,0.002859,2,car,0.000050,5,bus,0.000024,0.000050,0.000024,0.000002,0.002859,0.000006,793,15,479,589,1272,604,1,0,1,0
702,23.390,12,7,truck,0.002547,2,car,0.000607,5,bus,0.000194,0.000607,0.000194,0.000016,0.002547,0.000041,776,87,493,566,1269,653,1,0,1,0
702,23.390,13,2,car,0.002040,13,bench,0.001065,60,dining table,0.000219,0.002040,0.000061,0.000133,0.000104,0.000050,7,597,1217,107,1224,704,1,0,1,0
702,23.390,14,2,car,0.001991,13,bench,0.000792,60,dining table,0.000408,0.001991,0.000064,0.000139,0.000118,0.000055,8,596,1229,108,1237,704,1,0,1,0
702,23.390,15,0,person,0.001942,2,car,0.000179,24,backpack,0.000035,0.000179,0.000001,0.000001,0.000004,0.000001,1226,420,53,187,1279,607,1,0,1,0
702,23.390,16,7,truck,0.001759,2,car,0.000176,5,bus,0.000080,0.000176,0.000080,0.000013,0.001759,0.000014,791,158,415,430,1206,588,0,0,1,0
702,23.390,17,0,person,0.001743,2,car,0.000148,24,backpack,0.000045,0.000148,0.000001,0.000000,0.000004,0.000001,1228,417,51,184,1279,601,1,0,1,0
702,23.390,18,2,car,0.001709,60,dining table,0.000379,13,bench,0.000178,0.001709,0.000038,0.000028,0.000121,0.000032,9,596,1243,109,1252,705,1,0,1,0
702,23.390,19,2,car,0.001501,60,dining table,0.000409,13,bench,0.000334,0.001501,0.000041,0.000058,0.000101,0.000037,10,595,1248,109,1258,704,1,0,1,0
702,23.390,20,2,car,0.001444,13,bench,0.000853,60,dining table,0.000184,0.001444,0.000058,0.000133,0.000098,0.000041,5,594,1210,111,1215,705,0,0,1,0
703,23.423,1,7,truck,0.858115,2,car,0.018398,5,bus,0.002480,0.018398,0.002480,0.000065,0.858115,0.000083,796,1,482,634,1278,635,1,1,1,1
703,23.423,2,7,truck,0.856321,2,car,0.002460,5,bus,0.001185,0.002460,0.001185,0.000031,0.856321,0.000041,795,0,483,620,1278,620,1,1,1,1
703,23.423,3,7,truck,0.839644,2,car,0.002357,5,bus,0.001239,0.002357,0.001239,0.000014,0.839644,0.000027,795,0,483,616,1278,616,1,1,1,1
703,23.423,4,7,truck,0.827061,2,car,0.004346,5,bus,0.002043,0.004346,0.002043,0.000011,0.827061,0.000020,795,0,484,615,1279,615,1,1,1,1
703,23.423,5,7,truck,0.825073,2,car,0.007914,5,bus,0.001488,0.007914,0.001488,0.000062,0.825073,0.000105,795,2,483,631,1278,633,1,1,1,1
703,23.423,6,7,truck,0.812109,2,car,0.011749,5,bus,0.003905,0.011749,0.003905,0.000012,0.812109,0.000030,794,0,484,617,1278,617,1,1,1,1
703,23.423,7,7,truck,0.803111,2,car,0.004032,5,bus,0.002079,0.004032,0.002079,0.000025,0.803111,0.000022,796,0,482,619,1278,619,1,1,1,1
703,23.423,8,7,truck,0.790945,2,car,0.026058,5,bus,0.006563,0.026058,0.006563,0.000130,0.790945,0.000141,796,1,483,644,1279,645,1,1,1,1
703,23.423,9,7,truck,0.773890,2,car,0.011979,5,bus,0.007442,0.011979,0.007442,0.000040,0.773890,0.000112,794,0,485,612,1279,612,1,1,1,1
703,23.423,10,7,truck,0.760630,2,car,0.008709,5,bus,0.004426,0.008709,0.004426,0.000031,0.760630,0.000031,795,0,483,629,1278,629,1,1,1,1
703,23.423,11,2,car,0.006073,13,bench,0.001028,60,dining table,0.000480,0.006073,0.000094,0.000144,0.000208,0.000081,8,597,1240,107,1248,704,1,0,1,0
703,23.423,12,2,car,0.005142,13,bench,0.001049,60,dining table,0.000236,0.005142,0.000075,0.000128,0.000152,0.000068,7,598,1224,107,1231,705,1,0,1,0
703,23.423,13,2,car,0.005039,60,dining table,0.000667,13,bench,0.000365,0.005039,0.000066,0.000040,0.000230,0.000049,8,598,1254,107,1262,705,1,0,1,0
703,23.423,14,2,car,0.004365,13,bench,0.000578,60,dining table,0.000558,0.004365,0.000069,0.000069,0.000185,0.000057,11,598,1254,106,1265,704,1,0,1,0
703,23.423,15,2,car,0.003221,13,bench,0.000823,60,dining table,0.000196,0.003221,0.000072,0.000151,0.000141,0.000060,4,595,1213,110,1217,705,1,0,1,0
703,23.423,16,2,car,0.002660,7,truck,0.000269,13,bench,0.000131,0.002660,0.000031,0.000007,0.000269,0.000027,31,595,1240,113,1271,708,1,0,1,0
703,23.423,17,2,car,0.002233,7,truck,0.000167,13,bench,0.000151,0.002233,0.000029,0.000010,0.000167,0.000022,13,598,1237,108,1250,706,1,0,1,0
703,23.423,18,2,car,0.001872,7,truck,0.000282,13,bench,0.000068,0.001872,0.000028,0.000003,0.000282,0.000021,59,591,1218,117,1277,708,1,0,1,0
703,23.423,19,7,truck,0.001680,2,car,0.000367,5,bus,0.000128,0.000367,0.000128,0.000010,0.001680,0.000032,785,146,487,483,1272,629,1,0,1,0
703,23.423,20,7,truck,0.001248,2,car,0.000022,5,bus,0.000003,0.000022,0.000003,0.000000,0.001248,0.000000,794,0,485,616,1279,616,1,0,1,0
704,23.457,1,7,truck,0.871994,2,car,0.006361,5,bus,0.003228,0.006361,0.003228,0.000248,0.871994,0.000114,800,4,479,630,1279,634,1,1,1,1
704,23.457,2,7,truck,0.852844,2,car,0.001743,5,bus,0.001233,0.001743,0.001233,0.000097,0.852844,0.000066,799,2,479,632,1278,634,1,1,1,1
704,23.457,3,7,truck,0.837434,2,car,0.002327,5,bus,0.001507,0.002327,0.001507,0.000037,0.837434,0.000029,798,0,481,626,1279,626,1,1,1,1
704,23.457,4,7,truck,0.826671,2,car,0.002615,5,bus,0.002176,0.002615,0.002176,0.000027,0.826671,0.000019,798,2,481,623,1279,625,1,1,1,1
704,23.457,5,7,truck,0.826517,5,bus,0.002113,2,car,0.001848,0.001848,0.002113,0.000072,0.826517,0.000031,799,2,480,628,1279,630,1,1,1,1
704,23.457,6,7,truck,0.818918,2,car,0.004829,5,bus,0.003595,0.004829,0.003595,0.000023,0.818918,0.000026,798,3,481,624,1279,627,1,1,1,1
704,23.457,7,7,truck,0.814421,2,car,0.008451,5,bus,0.007305,0.008451,0.007305,0.000355,0.814421,0.000097,800,4,479,634,1279,638,1,1,1,1
704,23.457,8,7,truck,0.788029,2,car,0.008051,5,bus,0.005142,0.008051,0.005142,0.000032,0.788029,0.000091,798,3,481,620,1279,623,1,1,1,1
704,23.457,9,7,truck,0.782935,5,bus,0.003519,2,car,0.003216,0.003216,0.003519,0.000064,0.782935,0.000031,799,2,479,634,1278,636,1,1,1,1
704,23.457,10,7,truck,0.695369,2,car,0.014947,5,bus,0.005840,0.014947,0.005840,0.000035,0.695369,0.000097,798,3,481,623,1279,626,1,1,1,1
704,23.457,11,2,car,0.008242,13,bench,0.001020,60,dining table,0.000626,0.008242,0.000101,0.000128,0.000236,0.000079,8,597,1240,108,1248,705,1,0,1,0
704,23.457,12,2,car,0.006761,13,bench,0.000902,60,dining table,0.000292,0.006761,0.000078,0.000118,0.000165,0.000067,7,597,1228,109,1235,706,1,0,1,0
704,23.457,13,2,car,0.005904,60,dining table,0.000658,13,bench,0.000640,0.005904,0.000076,0.000067,0.000223,0.000055,12,598,1254,107,1266,705,1,0,1,0
704,23.457,14,7,truck,0.005796,2,car,0.000008,5,bus,0.000003,0.000008,0.000003,0.000000,0.005796,0.000001,799,4,479,631,1278,635,1,0,1,0
704,23.457,15,2,car,0.005316,60,dining table,0.000548,13,bench,0.000401,0.005316,0.000064,0.000036,0.000239,0.000044,8,599,1257,106,1265,705,1,0,1,0
704,23.457,16,2,car,0.003978,13,bench,0.000607,60,dining table,0.000231,0.003978,0.000071,0.000129,0.000142,0.000052,4,595,1218,111,1222,706,1,0,1,0
704,23.457,17,2,car,0.002941,7,truck,0.000212,13,bench,0.000206,0.002941,0.000035,0.000013,0.000212,0.000026,15,599,1238,108,1253,707,1,0,1,0
704,23.457,18,2,car,0.002470,7,truck,0.000284,13,bench,0.000157,0.002470,0.000034,0.000008,0.000284,0.000025,35,599,1235,109,1270,708,1,0,1,0
704,23.457,19,2,car,0.001841,0,person,0.000412,3,motorcycle,0.000111,0.001841,0.000002,0.000003,0.000072,0.000007,1238,409,41,121,1279,530,1,0,1,0
704,23.457,20,2,car,0.001700,0,person,0.000959,3,motorcycle,0.000112,0.001700,0.000005,0.000005,0.000106,0.000007,1246,409,33,122,1279,531,1,0,1,0
705,23.490,1,7,truck,0.876970,2,car,0.003452,5,bus,0.003026,0.003452,0.003026,0.000070,0.876970,0.000114,804,6,475,623,1279,629,1,1,1,1
705,23.490,2,7,truck,0.868216,5,bus,0.001147,2,car,0.000711,0.000711,0.001147,0.000035,0.868216,0.000058,803,4,475,626,1278,630,1,1,1,1
705,23.490,3,7,truck,0.867691,5,bus,0.001625,2,car,0.000867,0.000867,0.001625,0.000019,0.867691,0.000028,804,3,474,622,1278,625,1,1,1,1
705,23.490,4,7,truck,0.863473,5,bus,0.003186,2,car,0.001146,0.001146,0.003186,0.000017,0.863473,0.000022,804,5,475,622,1279,627,1,1,1,1
705,23.490,5,7,truck,0.859720,5,bus,0.002514,2,car,0.001033,0.001033,0.002514,0.000033,0.859720,0.000037,804,4,475,625,1279,629,1,1,1,1
705,23.490,6,7,truck,0.855951,5,bus,0.009512,2,car,0.003849,0.003849,0.009512,0.000040,0.855951,0.000088,804,9,475,617,1279,626,1,1,1,1
705,23.490,7,7,truck,0.854263,5,bus,0.003947,2,car,0.001570,0.001570,0.003947,0.000021,0.854263,0.000026,805,4,473,623,1278,627,1,1,1,1
705,23.490,8,7,truck,0.829588,5,bus,0.003676,2,car,0.001309,0.001309,0.003676,0.000043,0.829588,0.000032,805,4,473,628,1278,632,1,1,1,1
705,23.490,9,7,truck,0.823897,5,bus,0.005978,2,car,0.004757,0.004757,0.005978,0.000165,0.823897,0.000099,805,6,474,628,1279,634,1,1,1,1
705,23.490,10,7,truck,0.570567,2,car,0.000684,5,bus,0.000587,0.000684,0.000587,0.000026,0.570567,0.000053,804,6,474,624,1278,630,1,1,1,1
705,23.490,11,7,truck,0.304222,2,car,0.000970,5,bus,0.000960,0.000970,0.000960,0.000005,0.304222,0.000019,806,8,473,617,1279,625,1,1,1,1
705,23.490,12,2,car,0.011284,13,bench,0.000887,60,dining table,0.000459,0.011284,0.000125,0.000119,0.000311,0.000086,8,596,1249,109,1257,705,1,0,1,0
705,23.490,13,2,car,0.008530,13,bench,0.000769,60,dining table,0.000242,0.008530,0.000093,0.000118,0.000208,0.000075,7,596,1240,109,1247,705,1,0,1,0
705,23.490,14,2,car,0.007631,13,bench,0.000518,60,dining table,0.000399,0.007631,0.000085,0.000052,0.000264,0.000051,11,596,1256,109,1267,705,1,0,1,0
705,23.490,15,2,car,0.007524,60,dining table,0.000342,13,bench,0.000338,0.007524,0.000080,0.000031,0.000311,0.000043,7,597,1257,109,1264,706,1,0,1,0
705,23.490,16,2,car,0.004311,13,bench,0.000564,60,dining table,0.000215,0.004311,0.000082,0.000141,0.000171,0.000065,5,593,1220,113,1225,706,1,0,1,0
705,23.490,17,2,car,0.003765,7,truck,0.000257,13,bench,0.000178,0.003765,0.000040,0.000011,0.000257,0.000024,12,597,1237,110,1249,707,1,0,1,0
705,23.490,18,2,car,0.003235,7,truck,0.000330,13,bench,0.000144,0.003235,0.000034,0.000006,0.000330,0.000023,27,598,1243,110,1270,708,1,0,1,0
705,23.490,19,2,car,0.001979,7,truck,0.000333,13,bench,0.000086,0.001979,0.000032,0.000004,0.000333,0.000018,64,600,1212,109,1276,709,1,0,1,0
705,23.490,20,7,truck,0.001633,2,car,0.000223,5,bus,0.000152,0.000223,0.000152,0.000015,0.001633,0.000024,795,162,484,472,1279,634,1,0,1,0
706,23.524,1,7,truck,0.873961,5,bus,0.006256,2,car,0.003275,0.003275,0.006256,0.000206,0.873961,0.000099,809,6,469,623,1278,629,1,1,1,1
706,23.524,2,7,truck,0.851836,5,bus,0.010209,2,car,0.004024,0.004024,0.010209,0.000049,0.851836,0.000073,811,8,468,623,1279,631,1,1,1,1
706,23.524,3,7,truck,0.850738,5,bus,0.004577,2,car,0.001171,0.001171,0.004577,0.000025,0.850738,0.000017,810,1,469,631,1279,632,1,1,1,1
706,23.524,4,7,truck,0.845294,5,bus,0.002040,2,car,0.001237,0.001237,0.002040,0.000032,0.845294,0.000027,810,0,468,630,1278,630,1,1,1,1
706,23.524,5,7,truck,0.844197,5,bus,0.003962,2,car,0.001054,0.001054,0.003962,0.000060,0.844197,0.000030,810,2,469,635,1279,637,1,1,1,1
706,23.524,6,7,truck,0.837576,5,bus,0.017094,2,car,0.004308,0.004308,0.017094,0.000265,0.837576,0.000060,811,5,467,628,1278,633,1,1,1,1
706,23.524,7,7,truck,0.836861,5,bus,0.009216,2,car,0.001342,0.001342,0.009216,0.000022,0.836861,0.000016,811,3,467,627,1278,630,1,1,1,1
706,23.524,8,7,truck,0.829994,5,bus,0.001633,2,car,0.000886,0.000886,0.001633,0.000088,0.829994,0.000060,809,3,469,637,1278,640,1,1,1,1
706,23.524,9,7,truck,0.805764,5,bus,0.008269,2,car,0.001227,0.001227,0.008269,0.000044,0.805764,0.000019,811,3,467,633,1278,636,1,1,1,1
706,23.524,10,7,truck,0.786457,5,bus,0.013146,2,car,0.005759,0.005759,0.013146,0.000041,0.786457,0.000052,814,8,465,620,1279,628,1,1,1,1
706,23.524,11,2,car,0.010332,13,bench,0.000995,60,dining table,0.000382,0.010332,0.000143,0.000143,0.000341,0.000092,8,597,1252,108,1260,705,1,0,1,0
706,23.524,12,2,car,0.009538,13,bench,0.000478,60,dining table,0.000461,0.009538,0.000106,0.000047,0.000367,0.000051,7,598,1258,107,1265,705,1,0,1,0
706,23.524,13,2,car,0.008148,13,bench,0.000623,60,dining table,0.000394,0.008148,0.000100,0.000066,0.000291,0.000057,12,597,1255,107,1267,704,1,0,1,0
706,23.524,14,2,car,0.007441,13,bench,0.000866,7,truck,0.000232,0.007441,0.000106,0.000140,0.000232,0.000080,7,596,1238,109,1245,705,1,0,1,0
706,23.524,15,2,car,0.005137,7,truck,0.000404,13,bench,0.000230,0.005137,0.000046,0.000009,0.000404,0.000027,34,597,1238,110,1272,707,1,0,1,0
706,23.524,16,2,car,0.004020,13,bench,0.000635,4,airplane,0.000239,0.004020,0.000101,0.000184,0.000203,0.000074,5,593,1211,113,1216,706,1,0,1,0
706,23.524,17,2,car,0.003957,7,truck,0.000468,13,bench,0.000158,0.003957,0.000050,0.000006,0.000468,0.000023,55,600,1222,109,1277,709,1,0,1,0
706,23.524,18,2,car,0.003873,7,truck,0.000230,13,bench,0.000218,0.003873,0.000045,0.000014,0.000230,0.000022,14,598,1241,108,1255,706,1,0,1,0
706,23.524,19,2,car,0.001781,7,truck,0.000438,13,bench,0.000108,0.001781,0.000043,0.000005,0.000438,0.000020,71,603,1205,106,1276,709,1,0,1,0
706,23.524,20,7,truck,0.001562,2,car,0.000231,5,bus,0.000128,0.000231,0.000128,0.000013,0.001562,0.000021,801,177,478,454,1279,631,1,0,1,0
707,23.557,1,7,truck,0.872640,5,bus,0.014045,2,car,0.001661,0.001661,0.014045,0.000243,0.872640,0.000026,817,0,461,647,1278,647,1,1,1,1
707,23.557,2,7,truck,0.847551,5,bus,0.028474,2,car,0.001909,0.001909,0.028474,0.000376,0.847551,0.000026,818,2,460,644,1278,646,1,1,1,1
707,23.557,3,7,truck,0.845833,5,bus,0.008656,2,car,0.001670,0.001670,0.008656,0.000291,0.845833,0.000039,817,2,461,652,1278,654,1,1,1,1
707,23.557,4,7,truck,0.842529,5,bus,0.010652,2,car,0.004476,0.004476,0.010652,0.000937,0.842529,0.000126,816,4,462,639,1278,643,1,1,1,1
707,23.557,5,7,truck,0.836927,5,bus,0.019655,2,car,0.003178,0.003178,0.019655,0.000289,0.836927,0.000079,818,4,461,640,1279,644,1,1,1,1
707,23.557,6,7,truck,0.809851,5,bus,0.005852,2,car,0.001213,0.001213,0.005852,0.000326,0.809851,0.000030,817,0,461,646,1278,646,1,1,1,1
707,23.557,7,7,truck,0.791094,5,bus,0.015806,2,car,0.002043,0.002043,0.015806,0.000358,0.791094,0.000029,817,2,461,651,1278,653,1,1,1,1
707,23.557,8,7,truck,0.783079,5,bus,0.036008,2,car,0.004318,0.004318,0.036008,0.000362,0.783079,0.000071,820,4,459,636,1279,640,1,1,1,1
707,23.557,9,7,truck,0.764118,5,bus,0.033400,2,car,0.005715,0.005715,0.033400,0.001955,0.764118,0.000087,818,4,460,643,1278,647,1,1,1,1
707,23.557,10,7,truck,0.582988,5,bus,0.052102,2,car,0.004649,0.004649,0.052102,0.001027,0.582988,0.000070,818,2,460,647,1278,649,1,1,1,1
707,23.557,11,7,truck,0.091460,5,bus,0.000082,2,car,0.000032,0.000032,0.000082,0.000012,0.091460,0.000003,816,2,462,652,1278,654,1,0,1,0
707,23.557,12,7,truck,0.040151,5,bus,0.001788,2,car,0.000133,0.000133,0.001788,0.000024,0.040151,0.000003,818,2,461,641,1279,643,1,0,1,0
707,23.557,13,2,car,0.011597,13,bench,0.001290,60,dining table,0.000348,0.011597,0.000154,0.000192,0.000346,0.000082,8,597,1251,108,1259,705,1,0,1,0
707,23.557,14,2,car,0.008564,13,bench,0.000968,60,dining table,0.000446,0.008564,0.000124,0.000117,0.000323,0.000061,13,598,1253,106,1266,704,1,0,1,0
707,23.557,15,2,car,0.008246,13,bench,0.000963,7,truck,0.000216,0.008246,0.000101,0.000154,0.000216,0.000060,8,596,1232,109,1240,705,1,0,1,0
707,23.557,16,2,car,0.007811,13,bench,0.000648,60,dining table,0.000484,0.007811,0.000108,0.000069,0.000321,0.000048,9,598,1253,107,1262,705,1,0,1,0
707,23.557,17,2,car,0.005267,13,bench,0.000794,4,airplane,0.000305,0.005267,0.000114,0.000242,0.000225,0.000067,5,593,1193,113,1198,706,0,0,1,0
707,23.557,18,2,car,0.003555,13,bench,0.000341,7,truck,0.000217,0.003555,0.000051,0.000024,0.000217,0.000027,15,598,1244,108,1259,706,1,0,1,0
707,23.557,19,2,car,0.003182,7,truck,0.000248,13,bench,0.000232,0.003182,0.000040,0.000011,0.000248,0.000023,31,596,1243,111,1274,707,1,0,1,0
707,23.557,20,2,car,0.002090,7,truck,0.000268,13,bench,0.000123,0.002090,0.000035,0.000006,0.000268,0.000019,66,597,1210,111,1276,708,1,0,1,0
708,23.590,1,7,truck,0.846701,5,bus,0.007296,2,car,0.004820,0.004820,0.007296,0.001356,0.846701,0.000125,824,4,454,646,1278,650,1,1,1,1
708,23.590,2,7,truck,0.842554,5,bus,0.007797,2,car,0.003555,0.003555,0.007797,0.000157,0.842554,0.000027,824,0,454,645,1278,645,1,1,1,1
708,23.590,3,7,truck,0.833458,5,bus,0.014534,2,car,0.004285,0.004285,0.014534,0.000289,0.833458,0.000028,825,0,454,647,1279,647,1,1,1,1
708,23.590,4,7,truck,0.828993,5,bus,0.004877,2,car,0.002462,0.002462,0.004877,0.000248,0.828993,0.000034,824,1,455,651,1279,652,1,1,1,1
708,23.590,5,7,truck,0.806388,5,bus,0.018145,2,car,0.007014,0.007014,0.018145,0.002588,0.806388,0.000095,825,3,454,649,1279,652,1,1,1,1
708,23.590,6,7,truck,0.805042,5,bus,0.015266,2,car,0.014694,0.014694,0.015266,0.000225,0.805042,0.000119,825,7,454,635,1279,642,1,1,1,1
708,23.590,7,7,truck,0.782420,5,bus,0.022456,2,car,0.014419,0.014419,0.022456,0.000288,0.782420,0.000111,827,6,452,637,1279,643,1,1,1,1
708,23.590,8,7,truck,0.759920,5,bus,0.008614,2,car,0.003237,0.003237,0.008614,0.000371,0.759920,0.000024,824,2,454,652,1278,654,1,1,1,1
708,23.590,9,7,truck,0.728618,5,bus,0.032918,2,car,0.008614,0.008614,0.032918,0.000968,0.728618,0.000070,824,2,455,650,1279,652,1,1,1,1
708,23.590,10,7,truck,0.723509,5,bus,0.046759,2,car,0.012884,0.012884,0.046759,0.000802,0.723509,0.000080,823,1,456,643,1279,644,1,1,1,1
708,23.590,11,2,car,0.008748,13,bench,0.001697,60,dining table,0.000387,0.008748,0.000143,0.000175,0.000307,0.000090,9,597,1241,108,1250,705,1,0,1,0
708,23.590,12,2,car,0.006650,13,bench,0.001281,7,truck,0.000207,0.006650,0.000105,0.000162,0.000207,0.000068,7,596,1228,109,1235,705,1,0,1,0
708,23.590,13,2,car,0.005846,13,bench,0.001349,60,dining table,0.000563,0.005846,0.000113,0.000124,0.000285,0.000074,12,598,1249,107,1261,705,1,0,1,0
708,23.590,14,2,car,0.004869,13,bench,0.000905,60,dining table,0.000561,0.004869,0.000089,0.000077,0.000263,0.000059,10,598,1246,107,1256,705,1,0,1,0
708,23.590,15,2,car,0.004253,13,bench,0.000894,4,airplane,0.000291,0.004253,0.000116,0.000249,0.000216,0.000068,4,593,1192,113,1196,706,0,0,1,0
708,23.590,16,2,car,0.002237,13,bench,0.000506,60,dining table,0.000237,0.002237,0.000042,0.000032,0.000173,0.000035,30,599,1224,107,1254,706,1,0,1,0
708,23.590,17,7,truck,0.002115,2,car,0.000457,5,bus,0.000176,0.000457,0.000176,0.000016,0.002115,0.000022,820,56,454,625,1274,681,1,0,1,0
708,23.590,18,2,car,0.001714,7,truck,0.000231,5,bus,0.000028,0.001714,0.000028,0.000023,0.000231,0.000002,871,402,408,234,1279,636,1,0,1,0
708,23.590,19,2,car,0.001144,7,truck,0.000295,5,bus,0.000041,0.001144,0.000041,0.000027,0.000295,0.000006,871,385,408,249,1279,634,1,0,1,0
708,23.590,20,2,car,0.001089,7,truck,0.000287,13,bench,0.000056,0.001089,0.000039,0.000029,0.000287,0.000004,855,393,424,245,1279,638,1,0,1,0
709,23.624,1,7,truck,0.876035,5,bus,0.012466,2,car,0.004426,0.004426,0.012466,0.000424,0.876035,0.000014,834,0,445,641,1279,641,1,1,1,1
709,23.624,2,7,truck,0.871105,5,bus,0.003510,2,car,0.002807,0.002807,0.003510,0.000211,0.871105,0.000019,832,0,447,644,1279,644,1,1,1,1
709,23.624,3,7,truck,0.869837,5,bus,0.006482,2,car,0.005044,0.005044,0.006482,0.000157,0.869837,0.000010,832,0,447,640,1279,640,1,1,1,1
709,23.624,4,7,truck,0.859194,5,bus,0.018826,2,car,0.013101,0.013101,0.018826,0.000279,0.859194,0.000047,833,3,446,634,1279,637,1,1,1,1
709,23.624,5,7,truck,0.844128,2,car,0.008449,5,bus,0.005675,0.008449,0.005675,0.001063,0.844128,0.000076,832,3,446,645,1278,648,1,1,1,1
709,23.624,6,7,truck,0.833006,5,bus,0.023339,2,car,0.008378,0.008378,0.023339,0.000485,0.833006,0.000053,836,3,443,635,1279,638,1,1,1,1
709,23.624,7,7,truck,0.832777,5,bus,0.006636,2,car,0.003404,0.003404,0.006636,0.000397,0.832777,0.000017,833,0,446,645,1279,645,1,1,1,1
709,23.624,8,7,truck,0.809514,5,bus,0.015207,2,car,0.009387,0.009387,0.015207,0.002549,0.809514,0.000055,833,2,446,650,1279,652,1,1,1,1
709,23.624,9,7,truck,0.752946,5,bus,0.026646,2,car,0.007840,0.007840,0.026646,0.001791,0.752946,0.000056,833,0,446,644,1279,644,1,1,1,1
709,23.624,10,7,truck,0.745008,5,bus,0.045979,2,car,0.010578,0.010578,0.045979,0.002131,0.745008,0.000046,833,0,446,641,1279,641,1,1,1,1
709,23.624,11,2,car,0.006596,13,bench,0.001309,60,dining table,0.000495,0.006596,0.000125,0.000155,0.000250,0.000074,8,598,1241,107,1249,705,1,0,1,0
709,23.624,12,2,car,0.005936,13,bench,0.001016,60,dining table,0.000207,0.005936,0.000099,0.000142,0.000186,0.000056,7,597,1225,108,1232,705,1,0,1,0
709,23.624,13,2,car,0.005163,13,bench,0.001001,60,dining table,0.000709,0.005163,0.000100,0.000111,0.000239,0.000060,11,598,1248,106,1259,704,1,0,1,0
709,23.624,14,2,car,0.004275,60,dining table,0.000827,13,bench,0.000795,0.004275,0.000080,0.000074,0.000221,0.000051,11,599,1245,106,1256,705,1,0,1,0
709,23.624,15,2,car,0.004185,13,bench,0.000876,6,train,0.000239,0.004185,0.000112,0.000239,0.000208,0.000062,5,594,1160,112,1165,706,0,0,1,0
709,23.624,16,2,car,0.004060,13,bench,0.000968,60,dining table,0.000337,0.004060,0.000046,0.000026,0.000268,0.000048,39,599,1235,109,1274,708,1,0,1,0
709,23.624,17,2,car,0.002384,13,bench,0.000512,60,dining table,0.000356,0.002384,0.000038,0.000030,0.000152,0.000032,23,600,1237,106,1260,706,1,0,1,0
709,23.624,18,7,truck,0.001543,2,car,0.000389,5,bus,0.000087,0.000389,0.000087,0.000009,0.001543,0.000008,830,114,443,517,1273,631,1,0,1,0
709,23.624,19,28,suitcase,0.001133,62,tv,0.000116,13,bench,0.000088,0.000019,0.000010,0.000005,0.000043,0.000001,867,390,307,189,1174,579,0,0,0,0
709,23.624,20,2,car,0.001080,13,bench,0.000294,7,truck,0.000092,0.001080,0.000013,0.000004,0.000092,0.000012,70,602,1207,106,1277,708,1,0,1,0
710,23.657,1,7,truck,0.879728,5,bus,0.005373,2,car,0.002619,0.002619,0.005373,0.000268,0.879728,0.000048,840,1,439,625,1279,626,1,1,1,1
710,23.657,2,7,truck,0.871904,5,bus,0.015392,2,car,0.004649,0.004649,0.015392,0.000547,0.871904,0.000039,844,0,435,625,1279,625,1,1,1,1
710,23.657,3,7,truck,0.860411,5,bus,0.009773,2,car,0.004657,0.004657,0.009773,0.000287,0.860411,0.000026,840,0,439,620,1279,620,1,1,1,1
710,23.657,4,7,truck,0.852152,5,bus,0.021153,2,car,0.013074,0.013074,0.021153,0.000340,0.852152,0.000110,841,3,438,609,1279,612,1,1,1,1
710,23.657,5,7,truck,0.849249,2,car,0.006476,5,bus,0.006419,0.006476,0.006419,0.000807,0.849249,0.000188,841,4,438,612,1279,616,1,1,1,1
710,23.657,6,7,truck,0.841105,5,bus,0.008423,2,car,0.003521,0.003521,0.008423,0.000459,0.841105,0.000048,842,1,437,636,1279,637,1,1,1,1
710,23.657,7,7,truck,0.825568,5,bus,0.026073,2,car,0.014348,0.014348,0.026073,0.000716,0.825568,0.000149,843,2,436,613,1279,615,1,1,1,1
710,23.657,8,7,truck,0.811202,5,bus,0.006361,2,car,0.003230,0.003230,0.006361,0.000336,0.811202,0.000033,840,0,439,618,1279,618,1,1,1,1
710,23.657,9,7,truck,0.804305,5,bus,0.003048,2,car,0.001584,0.001584,0.003048,0.000461,0.804305,0.000068,840,1,438,619,1278,620,1,1,1,1
710,23.657,10,7,truck,0.780402,5,bus,0.013198,2,car,0.007452,0.007452,0.013198,0.002590,0.780402,0.000150,842,2,437,632,1279,634,1,1,1,1
710,23.657,11,7,truck,0.027360,5,bus,0.000549,2,car,0.000234,0.000234,0.000549,0.000050,0.027360,0.000007,843,0,436,639,1279,639,1,0,1,0
710,23.657,12,2,car,0.009737,13,bench,0.001673,60,dining table,0.000397,0.009737,0.000160,0.000154,0.000309,0.000084,8,597,1248,108,1256,705,1,0,1,0
710,23.657,13,2,car,0.008110,13,bench,0.001332,7,truck,0.000219,0.008110,0.000119,0.000138,0.000219,0.000064,7,596,1236,109,1243,705,1,0,1,0
710,23.657,14,2,car,0.007278,13,bench,0.001268,60,dining table,0.000646,0.007278,0.000131,0.000111,0.000298,0.000068,13,598,1249,106,1262,704,1,0,1,0
710,23.657,15,2,car,0.006132,13,bench,0.001031,4,airplane,0.000318,0.006132,0.000122,0.000203,0.000236,0.000064,4,593,1207,113,1211,706,0,0,1,0
710,23.657,16,2,car,0.005880,13,bench,0.000861,60,dining table,0.000399,0.005880,0.000062,0.000030,0.000342,0.000047,36,600,1237,108,1273,708,1,0,1,0
710,23.657,17,2,car,0.005526,13,bench,0.000763,60,dining table,0.000634,0.005526,0.000094,0.000065,0.000251,0.000047,10,599,1246,105,1256,704,1,0,1,0
710,23.657,18,28,suitcase,0.003930,13,bench,0.000344,62,tv,0.000189,0.000035,0.000021,0.000010,0.000096,0.000002,877,417,343,173,1220,590,1,0,0,0
710,23.657,19,7,truck,0.003834,2,car,0.001548,13,bench,0.000375,0.001548,0.000196,0.000041,0.003834,0.000009,867,385,356,203,1223,588,1,0,1,0
710,23.657,20,2,car,0.003654,13,bench,0.000549,7,truck,0.000261,0.003654,0.000041,0.000015,0.000261,0.000027,66,601,1208,108,1274,709,1,0,1,0
711,23.690,1,7,truck,0.848388,5,bus,0.006374,2,car,0.004292,0.004292,0.006374,0.001037,0.848388,0.000071,849,2,430,611,1279,613,1,1,1,1
711,23.690,2,7,truck,0.846848,5,bus,0.012375,2,car,0.006695,0.006695,0.012375,0.000962,0.846848,0.000059,848,0,431,615,1279,615,1,1,1,1
711,23.690,3,7,truck,0.821681,5,bus,0.025405,2,car,0.018424,0.018424,0.025405,0.000920,0.821681,0.000217,850,5,429,606,1279,611,1,1,1,1
711,23.690,4,7,truck,0.801233,5,bus,0.014807,2,car,0.005771,0.005771,0.014807,0.001682,0.801233,0.000083,849,0,430,617,1279,617,1,1,1,1
711,23.690,5,7,truck,0.792832,5,bus,0.007220,2,car,0.005181,0.005181,0.007220,0.001519,0.792832,0.000091,850,2,429,615,1279,617,1,1,1,1
711,23.690,6,7,truck,0.751197,5,bus,0.032462,2,car,0.017812,0.017812,0.032462,0.001967,0.751197,0.000297,849,4,430,608,1279,612,1,1,1,1
711,23.690,7,7,truck,0.746632,5,bus,0.006569,2,car,0.006173,0.006173,0.006569,0.003275,0.746632,0.000234,850,5,428,602,1278,607,1,1,1,1
711,23.690,8,7,truck,0.695629,5,bus,0.011088,2,car,0.010445,0.010445,0.011088,0.005316,0.695629,0.000172,849,3,430,612,1279,615,1,1,1,1
711,23.690,9,7,truck,0.498384,5,bus,0.044063,6,train,0.018948,0.014646,0.044063,0.018948,0.498384,0.000241,849,0,430,618,1279,618,1,1,1,1
711,23.690,10,7,truck,0.464409,5,bus,0.027024,6,train,0.016585,0.009208,0.027024,0.016585,0.464409,0.000203,850,1,429,623,1279,624,1,1,1,1
711,23.690,11,2,car,0.010009,13,bench,0.000712,7,truck,0.000449,0.010009,0.000065,0.000023,0.000449,0.000061,33,598,1239,109,1272,707,1,0,1,0
711,23.690,12,2,car,0.007532,13,bench,0.001847,60,dining table,0.000335,0.007532,0.000127,0.000177,0.000281,0.000086,9,597,1244,108,1253,705,1,0,1,0
711,23.690,13,2,car,0.007203,13,bench,0.001562,60,dining table,0.000634,0.007203,0.000115,0.000137,0.000304,0.000084,13,598,1248,106,1261,704,1,0,1,0
711,23.690,14,2,car,0.006940,13,bench,0.000912,60,dining table,0.000520,0.006940,0.000087,0.000068,0.000270,0.000059,10,598,1245,107,1255,705,1,0,1,0
711,23.690,15,28,suitcase,0.006493,13,bench,0.000826,62,tv,0.000577,0.000092,0.000040,0.000016,0.000250,0.000006,882,384,386,220,1268,604,1,0,0,0
711,23.690,16,28,suitcase,0.005879,62,tv,0.000678,13,bench,0.000612,0.000023,0.000022,0.000010,0.000085,0.000003,880,434,389,171,1269,605,1,0,0,0
711,23.690,17,28,suitcase,0.005859,62,tv,0.000603,73,book,0.000360,0.000014,0.000016,0.000015,0.000056,0.000004,884,434,385,173,1269,607,1,0,0,0
711,23.690,18,2,car,0.005853,13,bench,0.000382,7,truck,0.000313,0.005853,0.000037,0.000008,0.000313,0.000032,68,599,1203,110,1271,709,1,0,1,0
711,23.690,19,2,car,0.005416,13,bench,0.001371,7,truck,0.000192,0.005416,0.000093,0.000150,0.000192,0.000059,8,596,1229,109,1237,705,1,0,1,0
711,23.690,20,2,car,0.004682,13,bench,0.000478,60,dining table,0.000228,0.004682,0.000045,0.000026,0.000203,0.000035,16,599,1239,106,1255,705,1,0,1,0
712,23.724,1,7,truck,0.849131,5,bus,0.012432,2,car,0.007907,0.007907,0.012432,0.000511,0.849131,0.000092,857,4,422,622,1279,626,1,1,1,1
712,23.724,2,7,truck,0.844740,5,bus,0.011988,2,car,0.004248,0.004248,0.011988,0.000147,0.844740,0.000042,858,3,421,621,1279,624,1,1,1,1
712,23.724,3,7,truck,0.842707,5,bus,0.014826,2,car,0.004378,0.004378,0.014826,0.000259,0.842707,0.000052,858,2,421,621,1279,623,1,1,1,1
712,23.724,4,7,truck,0.823396,5,bus,0.033124,2,car,0.007492,0.007492,0.033124,0.000184,0.823396,0.000065,858,0,421,624,1279,624,1,1,1,1
712,23.724,5,7,truck,0.822013,5,bus,0.021609,2,car,0.006702,0.006702,0.021609,0.000143,0.822013,0.000065,858,0,421,625,1279,625,1,1,1,1
712,23.724,6,7,truck,0.817698,5,bus,0.067431,2,car,0.031237,0.031237,0.067431,0.000388,0.817698,0.000318,857,4,422,620,1279,624,1,1,1,1
712,23.724,7,7,truck,0.809658,5,bus,0.014826,2,car,0.006124,0.006124,0.014826,0.000616,0.809658,0.000126,858,5,420,621,1278,626,1,1,1,1
712,23.724,8,7,truck,0.761607,5,bus,0.035680,2,car,0.011146,0.011146,0.035680,0.000413,0.761607,0.000062,858,2,421,623,1279,625,1,1,1,1
712,23.724,9,7,truck,0.682203,5,bus,0.061985,2,car,0.021760,0.021760,0.061985,0.000479,0.682203,0.000105,858,1,421,624,1279,625,1,1,1,1
712,23.724,10,7,truck,0.612570,5,bus,0.032976,2,car,0.015745,0.015745,0.032976,0.002440,0.612570,0.000143,857,3,422,632,1279,635,1,1,1,1
712,23.724,11,2,car,0.008723,13,bench,0.001460,60,dining table,0.000347,0.008723,0.000119,0.000133,0.000272,0.000073,8,597,1250,108,1258,705,1,0,1,0
712,23.724,12,2,car,0.008346,13,bench,0.000690,60,dining table,0.000602,0.008346,0.000099,0.000047,0.000273,0.000054,10,597,1254,107,1264,704,1,0,1,0
712,23.724,13,2,car,0.007726,13,bench,0.001104,60,dining table,0.000580,0.007726,0.000108,0.000090,0.000273,0.000066,13,597,1254,107,1267,704,1,0,1,0
712,23.724,14,2,car,0.007391,7,truck,0.000310,13,bench,0.000305,0.007391,0.000054,0.000009,0.000310,0.000035,32,596,1240,110,1272,706,1,0,1,0
712,23.724,15,2,car,0.006996,13,bench,0.001224,7,truck,0.000198,0.006996,0.000096,0.000129,0.000198,0.000058,7,596,1234,109,1241,705,1,0,1,0
712,23.724,16,2,car,0.005628,13,bench,0.000993,4,airplane,0.000236,0.005628,0.000101,0.000174,0.000216,0.000057,5,593,1195,113,1200,706,0,0,1,0
712,23.724,17,2,car,0.004244,13,bench,0.000276,60,dining table,0.000193,0.004244,0.000042,0.000013,0.000167,0.000025,15,597,1239,108,1254,705,1,0,1,0
712,23.724,18,2,car,0.004188,7,truck,0.000229,13,bench,0.000142,0.004188,0.000031,0.000004,0.000229,0.000017,72,596,1201,111,1273,707,1,0,1,0
712,23.724,19,2,car,0.001883,7,truck,0.000193,13,bench,0.000112,0.001883,0.000028,0.000004,0.000193,0.000014,93,594,1181,113,1274,707,1,0,1,0
712,23.724,20,2,car,0.000881,13,bench,0.000311,60,dining table,0.000059,0.000881,0.000025,0.000054,0.000058,0.000019,4,590,1053,117,1057,707,0,0,1,0
713,23.757,1,7,truck,0.916999,2,car,0.003725,5,bus,0.002354,0.003725,0.002354,0.000067,0.916999,0.000085,868,4,411,625,1279,629,1,1,1,1
713,23.757,2,7,truck,0.912272,2,car,0.002500,5,bus,0.002361,0.002500,0.002361,0.000028,0.912272,0.000043,868,3,411,623,1279,626,1,1,1,1
713,23.757,3,7,truck,0.895380,5,bus,0.006343,2,car,0.005847,0.005847,0.006343,0.000057,0.895380,0.000061,869,3,410,623,1279,626,1,1,1,1
713,23.757,4,7,truck,0.887031,5,bus,0.004994,2,car,0.004046,0.004046,0.004994,0.000034,0.887031,0.000046,867,1,412,626,1279,627,1,1,1,1
713,23.757,5,7,truck,0.886709,5,bus,0.002426,2,car,0.002171,0.002171,0.002426,0.000054,0.886709,0.000050,867,2,412,624,1279,626,1,1,1,1
713,23.757,6,7,truck,0.885060,2,car,0.003071,5,bus,0.002404,0.003071,0.002404,0.000083,0.885060,0.000107,867,5,412,626,1279,631,1,1,1,1
713,23.757,7,7,truck,0.882165,5,bus,0.025832,2,car,0.020943,0.020943,0.025832,0.000140,0.882165,0.000188,867,6,412,620,1279,626,1,1,1,1
713,23.757,8,7,truck,0.877490,5,bus,0.006940,2,car,0.004260,0.004260,0.006940,0.000049,0.877490,0.000040,867,1,412,625,1279,626,1,1,1,1
713,23.757,9,7,truck,0.860220,2,car,0.011214,5,bus,0.011119,0.011214,0.011119,0.000061,0.860220,0.000085,868,2,411,626,1279,628,1,1,1,1
713,23.757,10,7,truck,0.858746,2,car,0.007323,5,bus,0.006454,0.007323,0.006454,0.000273,0.858746,0.000124,869,4,410,631,1279,635,1,1,1,1
713,23.757,11,2,car,0.010560,13,bench,0.003014,60,dining table,0.000328,0.010560,0.000147,0.000192,0.000319,0.000079,8,597,1250,108,1258,705,1,0,1,0
713,23.757,12,2,car,0.009940,13,bench,0.002435,60,dining table,0.000545,0.009940,0.000130,0.000138,0.000326,0.000069,11,597,1261,108,1272,705,1,0,1,0
713,23.757,13,2,car,0.009596,13,bench,0.001544,60,dining table,0.000618,0.009596,0.000107,0.000084,0.000301,0.000055,8,598,1260,107,1268,705,1,0,1,0
713,23.757,14,2,car,0.008720,13,bench,0.000947,7,truck,0.000326,0.008720,0.000057,0.000018,0.000326,0.000042,32,597,1240,110,1272,707,1,0,1,0
713,23.757,15,2,car,0.008464,13,bench,0.002571,7,truck,0.000240,0.008464,0.000125,0.000201,0.000240,0.000069,7,596,1226,110,1233,706,1,0,1,0
713,23.757,16,2,car,0.005544,13,bench,0.001654,6,train,0.000251,0.005544,0.000120,0.000251,0.000232,0.000066,5,594,1184,112,1189,706,0,0,1,0
713,23.757,17,2,car,0.005327,13,bench,0.000432,7,truck,0.000244,0.005327,0.000031,0.000006,0.000244,0.000022,51,595,1225,112,1276,707,1,0,1,0
713,23.757,18,2,car,0.004121,13,bench,0.000595,60,dining table,0.000197,0.004121,0.000040,0.000024,0.000159,0.000025,8,598,1255,107,1263,705,1,0,1,0
713,23.757,19,2,car,0.001866,13,bench,0.000229,7,truck,0.000199,0.001866,0.000026,0.000006,0.000199,0.000015,78,593,1196,114,1274,707,1,0,1,0
713,23.757,20,5,bus,0.000943,2,car,0.000724,7,truck,0.000563,0.000724,0.000943,0.000438,0.000563,0.000090,1080,3,199,352,1279,355,1,0,1,0
714,23.790,1,7,truck,0.926041,2,car,0.003885,5,bus,0.001470,0.003885,0.001470,0.000106,0.926041,0.000175,877,5,402,628,1279,633,1,1,1,1
714,23.790,2,7,truck,0.915934,2,car,0.005853,5,bus,0.003273,0.005853,0.003273,0.000053,0.915934,0.000078,878,4,401,625,1279,629,1,1,1,1
714,23.790,3,7,truck,0.913918,2,car,0.003151,5,bus,0.001483,0.003151,0.001483,0.000041,0.913918,0.000068,877,3,402,626,1279,629,1,1,1,1
714,23.790,4,7,truck,0.909350,2,car,0.002769,5,bus,0.001672,0.002769,0.001672,0.000099,0.909350,0.000174,877,5,402,626,1279,631,1,1,1,1
714,23.790,5,7,truck,0.905028,2,car,0.006311,5,bus,0.003257,0.006311,0.003257,0.000037,0.905028,0.000066,877,4,402,626,1279,630,1,1,1,1
714,23.790,6,7,truck,0.902238,2,car,0.007957,5,bus,0.002982,0.007957,0.002982,0.000291,0.902238,0.000196,878,5,401,632,1279,637,1,1,1,1
714,23.790,7,7,truck,0.901073,2,car,0.013427,5,bus,0.005168,0.013427,0.005168,0.000047,0.901073,0.000124,878,3,401,628,1279,631,1,1,1,1
714,23.790,8,7,truck,0.894036,2,car,0.019722,5,bus,0.011081,0.019722,0.011081,0.000106,0.894036,0.000193,877,9,402,619,1279,628,1,1,1,1
714,23.790,9,7,truck,0.887361,2,car,0.001930,5,bus,0.001123,0.001930,0.001123,0.000042,0.887361,0.000069,876,2,403,627,1279,629,1,1,1,1
714,23.790,10,7,truck,0.884059,2,car,0.003775,5,bus,0.002350,0.003775,0.002350,0.000031,0.884059,0.000056,876,5,403,624,1279,629,1,1,1,1
714,23.790,11,2,car,0.011966,13,bench,0.001135,60,dining table,0.000709,0.011966,0.000100,0.000081,0.000330,0.000059,6,597,1259,108,1265,705,1,0,1,0
714,23.790,12,2,car,0.011958,13,bench,0.000465,7,truck,0.000375,0.011958,0.000053,0.000016,0.000375,0.000036,26,598,1246,109,1272,707,1,0,1,0
714,23.790,13,2,car,0.010052,13,bench,0.002182,60,dining table,0.000571,0.010052,0.000118,0.000139,0.000330,0.000075,11,596,1261,108,1272,704,1,0,1,0
714,23.790,14,2,car,0.009290,13,bench,0.002847,60,dining table,0.000328,0.009290,0.000137,0.000213,0.000299,0.000082,7,596,1252,109,1259,705,1,0,1,0
714,23.790,15,2,car,0.007498,13,bench,0.002852,6,train,0.000245,0.007498,0.000119,0.000245,0.000234,0.000079,7,596,1217,109,1224,705,1,0,1,0
714,23.790,16,2,car,0.006273,13,bench,0.000407,7,truck,0.000199,0.006273,0.000042,0.000022,0.000199,0.000026,8,598,1258,108,1266,706,1,0,1,0
714,23.790,17,2,car,0.006103,7,truck,0.000296,13,bench,0.000196,0.006103,0.000032,0.000005,0.000296,0.000018,42,598,1231,110,1273,708,1,0,1,0
714,23.790,18,2,car,0.004325,13,bench,0.001544,6,train,0.000244,0.004325,0.000095,0.000244,0.000188,0.000061,5,593,1196,113,1201,706,0,0,1,0
714,23.790,19,7,truck,0.002482,2,car,0.000414,56,chair,0.000256,0.000414,0.000196,0.000128,0.002482,0.000040,1099,7,180,369,1279,376,1,0,1,0
714,23.790,20,2,car,0.002177,7,truck,0.000256,13,bench,0.000124,0.002177,0.000029,0.000006,0.000256,0.000015,73,597,1201,110,1274,707,1,0,1,0
715,23.824,1,7,truck,0.916303,2,car,0.002583,5,bus,0.001047,0.002583,0.001047,0.000064,0.916303,0.000122,889,4,390,626,1279,630,1,1,1,1
715,23.824,2,7,truck,0.908178,2,car,0.003456,5,bus,0.002368,0.003456,0.002368,0.000169,0.908178,0.000147,890,3,389,631,1279,634,1,1,1,1
715,23.824,3,7,truck,0.891998,2,car,0.002960,5,bus,0.001991,0.002960,0.001991,0.000069,0.891998,0.000093,890,3,389,627,1279,630,1,1,1,1
715,23.824,4,7,truck,0.890864,2,car,0.005994,5,bus,0.003052,0.005994,0.003052,0.000052,0.890864,0.000127,890,4,389,626,1279,630,1,1,1,1
715,23.824,5,7,truck,0.888505,2,car,0.003112,5,bus,0.001958,0.003112,0.001958,0.000043,0.888505,0.000076,889,5,390,624,1279,629,1,1,1,1
715,23.824,6,7,truck,0.882214,2,car,0.015761,5,bus,0.006118,0.015761,0.006118,0.000099,0.882214,0.000256,890,2,389,624,1279,626,1,1,1,1
715,23.824,7,7,truck,0.879878,2,car,0.004750,5,bus,0.002564,0.004750,0.002564,0.000127,0.879878,0.000188,889,4,390,627,1279,631,1,1,1,1
715,23.824,8,7,truck,0.877308,2,car,0.001674,5,bus,0.000945,0.001674,0.000945,0.000046,0.877308,0.000069,889,3,390,626,1279,629,1,1,1,1
715,23.824,9,7,truck,0.866148,2,car,0.004533,5,bus,0.002935,0.004533,0.002935,0.000062,0.866148,0.000114,890,5,389,622,1279,627,1,1,1,1
715,23.824,10,7,truck,0.864181,2,car,0.003229,5,bus,0.001839,0.003229,0.001839,0.000082,0.864181,0.000116,890,3,389,627,1279,630,1,1,1,1
715,23.824,11,2,car,0.011476,13,bench,0.001009,60,dining table,0.000910,0.011476,0.000104,0.000090,0.000330,0.000066,6,596,1245,108,1251,704,1,0,1,0
715,23.824,12,2,car,0.008549,13,bench,0.002101,60,dining table,0.000321,0.008549,0.000123,0.000190,0.000251,0.000070,7,596,1231,109,1238,705,1,0,1,0
715,23.824,13,2,car,0.008481,13,bench,0.002270,7,truck,0.000229,0.008481,0.000118,0.000224,0.000229,0.000069,6,595,1127,111,1133,706,0,0,1,0
715,23.824,14,2,car,0.007415,13,bench,0.001428,60,dining table,0.000464,0.007415,0.000088,0.000103,0.000232,0.000060,8,595,1249,109,1257,704,1,0,1,0
715,23.824,15,2,car,0.007164,7,truck,0.000305,13,bench,0.000268,0.007164,0.000046,0.000012,0.000305,0.000030,31,596,1238,110,1269,706,1,0,1,0
715,23.824,16,2,car,0.005301,13,bench,0.001361,6,train,0.000210,0.005301,0.000101,0.000210,0.000200,0.000053,5,594,1060,113,1065,707,0,0,1,0
715,23.824,17,2,car,0.004958,13,bench,0.000304,60,dining table,0.000189,0.004958,0.000040,0.000021,0.000184,0.000026,8,597,1254,108,1262,705,1,0,1,0
715,23.824,18,2,car,0.004012,7,truck,0.000323,13,bench,0.000125,0.004012,0.000039,0.000006,0.000323,0.000017,43,596,1230,111,1273,707,1,0,1,0
715,23.824,19,0,person,0.002610,9,traffic light,0.000479,2,car,0.000304,0.000304,0.000002,0.000011,0.000028,0.000004,976,151,35,33,1011,184,0,0,1,0
715,23.824,20,0,person,0.001717,2,car,0.000353,9,traffic light,0.000285,0.000353,0.000001,0.000006,0.000039,0.000004,972,152,30,30,1002,182,0,0,1,0
716,23.857,1,7,truck,0.878231,5,bus,0.013279,2,car,0.006873,0.006873,0.013279,0.000373,0.878231,0.000065,900,2,379,627,1279,629,1,1,1,1
716,23.857,2,7,truck,0.877359,5,bus,0.015752,2,car,0.011197,0.011197,0.015752,0.000702,0.877359,0.000150,900,1,379,627,1279,628,1,1,1,1
716,23.857,3,7,truck,0.873087,5,bus,0.010236,2,car,0.007591,0.007591,0.010236,0.000285,0.873087,0.000107,900,2,379,625,1279,627,1,1,1,1
716,23.857,4,7,truck,0.861165,5,bus,0.019457,2,car,0.011962,0.011962,0.019457,0.000248,0.861165,0.000084,901,3,378,625,1279,628,1,1,1,1
716,23.857,5,7,truck,0.845515,5,bus,0.027340,2,car,0.024030,0.024030,0.027340,0.000349,0.845515,0.000174,900,0,379,627,1279,627,1,1,1,1
716,23.857,6,7,truck,0.838948,5,bus,0.018089,2,car,0.010101,0.010101,0.018089,0.000467,0.838948,0.000244,900,2,379,628,1279,630,1,1,1,1
716,23.857,7,7,truck,0.830134,5,bus,0.009170,2,car,0.004051,0.004051,0.009170,0.000295,0.830134,0.000038,900,2,379,628,1279,630,1,1,1,1
716,23.857,8,7,truck,0.827641,5,bus,0.014764,2,car,0.006595,0.006595,0.014764,0.000476,0.827641,0.000115,900,1,379,631,1279,632,1,1,1,1
716,23.857,9,7,truck,0.816501,5,bus,0.014597,2,car,0.006814,0.006814,0.014597,0.000187,0.816501,0.000042,900,3,379,624,1279,627,1,1,1,1
716,23.857,10,7,truck,0.795679,5,bus,0.018414,2,car,0.007606,0.007606,0.018414,0.000317,0.795679,0.000100,900,2,379,625,1279,627,1,1,1,1
716,23.857,11,9,traffic light,0.027816,12,parking meter,0.000282,11,stop sign,0.000213,0.000068,0.000089,0.000030,0.000037,0.000002,1169,4,110,371,1279,375,1,0,0,0
716,23.857,12,9,traffic light,0.024577,12,parking meter,0.001802,11,stop sign,0.001268,0.000105,0.000124,0.000090,0.000097,0.000004,1174,5,105,333,1279,338,1,0,0,0
716,23.857,13,9,traffic light,0.023126,12,parking meter,0.000422,11,stop sign,0.000315,0.000059,0.000063,0.000026,0.000035,0.000002,1172,4,107,334,1279,338,1,0,0,0
716,23.857,14,9,traffic light,0.015444,11,stop sign,0.000976,12,parking meter,0.000607,0.000102,0.000136,0.000100,0.000082,0.000004,1175,4,104,340,1279,344,1,0,0,0
716,23.857,15,9,traffic light,0.015395,11,stop sign,0.000327,12,parking meter,0.000191,0.000052,0.000075,0.000041,0.000033,0.000003,1175,5,104,333,1279,338,1,0,0,0
716,23.857,16,9,traffic light,0.011213,12,parking meter,0.000796,11,stop sign,0.000483,0.000349,0.000201,0.000186,0.000198,0.000005,1138,2,141,354,1279,356,1,0,0,0
716,23.857,17,9,traffic light,0.009779,11,stop sign,0.000188,12,parking meter,0.000112,0.000031,0.000065,0.000029,0.000022,0.000003,1182,7,97,331,1279,338,1,0,0,0
716,23.857,18,2,car,0.009250,13,bench,0.000301,7,truck,0.000259,0.009250,0.000042,0.000013,0.000259,0.000038,30,593,1241,112,1271,705,1,0,1,0
716,23.857,19,9,traffic light,0.008226,2,car,0.000195,12,parking meter,0.000169,0.000195,0.000091,0.000047,0.000084,0.000002,1148,1,131,368,1279,369,1,0,0,0
716,23.857,20,9,traffic light,0.007588,2,car,0.000369,7,truck,0.000168,0.000369,0.000124,0.000047,0.000168,0.000003,1124,2,155,439,1279,441,1,0,0,0
717,23.891,1,7,truck,0.871877,5,bus,0.004060,2,car,0.003052,0.003052,0.004060,0.000151,0.871877,0.000059,915,3,364,633,1279,636,1,1,1,1
717,23.891,2,7,truck,0.868223,5,bus,0.004137,2,car,0.002359,0.002359,0.004137,0.000164,0.868223,0.000074,915,3,364,634,1279,637,1,1,1,1
717,23.891,3,7,truck,0.827930,5,bus,0.003500,2,car,0.003095,0.003095,0.003500,0.000067,0.827930,0.000059,914,5,365,622,1279,627,1,1,1,1
717,23.891,4,7,truck,0.819455,5,bus,0.012142,2,car,0.009464,0.009464,0.012142,0.000540,0.819455,0.000234,914,3,365,640,1279,643,1,1,1,1
717,23.891,5,7,truck,0.791826,5,bus,0.008066,2,car,0.006109,0.006109,0.008066,0.000246,0.791826,0.000111,913,2,366,637,1279,639,1,1,1,1
717,23.891,6,7,truck,0.788442,5,bus,0.003095,2,car,0.001737,0.001737,0.003095,0.000084,0.788442,0.000034,914,3,365,632,1279,635,1,1,1,1
717,23.891,7,7,truck,0.783111,5,bus,0.003222,2,car,0.002184,0.002184,0.003222,0.000062,0.783111,0.000051,914,5,365,621,1279,626,1,1,1,1
717,23.891,8,7,truck,0.765012,5,bus,0.002986,2,car,0.001198,0.001198,0.002986,0.000106,0.765012,0.000031,914,3,365,633,1279,636,1,1,1,1
717,23.891,9,7,truck,0.755414,2,car,0.011409,5,bus,0.008867,0.011409,0.008867,0.000222,0.755414,0.000219,913,0,366,625,1279,625,1,1,1,1
717,23.891,10,7,truck,0.750521,5,bus,0.008588,2,car,0.008087,0.008087,0.008588,0.000213,0.750521,0.000145,913,1,366,629,1279,630,1,1,1,1
717,23.891,11,2,car,0.012835,7,truck,0.000450,13,bench,0.000419,0.012835,0.000063,0.000014,0.000450,0.000068,31,595,1241,111,1272,706,1,0,1,0
717,23.891,12,7,truck,0.006777,5,bus,0.000028,2,car,0.000020,0.000020,0.000028,0.000003,0.006777,0.000003,914,3,365,647,1279,650,1,0,1,0
717,23.891,13,2,car,0.006408,13,bench,0.002186,6,train,0.000249,0.006408,0.000104,0.000249,0.000179,0.000059,6,597,1169,108,1175,705,0,0,1,0
717,23.891,14,2,car,0.005626,7,truck,0.000362,13,bench,0.000154,0.005626,0.000033,0.000004,0.000362,0.000030,40,593,1237,113,1277,706,1,0,1,0
717,23.891,15,2,car,0.005560,13,bench,0.001924,60,dining table,0.000497,0.005560,0.000118,0.000265,0.000194,0.000065,7,596,1219,109,1226,705,1,0,1,0
717,23.891,16,2,car,0.005002,13,bench,0.001414,6,train,0.000194,0.005002,0.000080,0.000194,0.000155,0.000042,5,595,1131,111,1136,706,0,0,1,0
717,23.891,17,2,car,0.004838,60,dining table,0.001024,13,bench,0.000643,0.004838,0.000080,0.000088,0.000197,0.000056,6,595,1251,109,1257,704,1,0,1,0
717,23.891,18,2,car,0.004735,60,dining table,0.000470,13,bench,0.000345,0.004735,0.000046,0.000027,0.000190,0.000040,11,595,1254,110,1265,705,1,0,1,0
717,23.891,19,2,car,0.003052,13,bench,0.000916,60,dining table,0.000618,0.003052,0.000073,0.000125,0.000138,0.000048,7,595,1254,109,1261,704,1,0,1,0
717,23.891,20,11,stop sign,0.003013,9,traffic light,0.002774,12,parking meter,0.000468,0.000029,0.000031,0.000024,0.000013,0.000002,1217,4,62,300,1279,304,1,0,0,0
718,23.924,1,7,truck,0.876044,5,bus,0.005413,2,car,0.002855,0.002855,0.005413,0.000253,0.876044,0.000144,927,2,352,631,1279,633,1,1,1,1
718,23.924,2,7,truck,0.873808,5,bus,0.005823,2,car,0.001662,0.001662,0.005823,0.000524,0.873808,0.000244,927,3,352,632,1279,635,1,1,1,1
718,23.924,3,7,truck,0.855152,5,bus,0.010182,2,car,0.005542,0.005542,0.010182,0.000133,0.855152,0.000083,923,0,356,628,1279,628,1,1,1,1
718,23.924,4,7,truck,0.846236,5,bus,0.006559,2,car,0.002126,0.002126,0.006559,0.000093,0.846236,0.000040,924,4,355,626,1279,630,1,1,1,1
718,23.924,5,7,truck,0.826485,5,bus,0.012960,2,car,0.007366,0.007366,0.012960,0.000714,0.826485,0.000389,929,3,350,639,1279,642,1,1,1,1
718,23.924,6,7,truck,0.826461,5,bus,0.008578,2,car,0.004314,0.004314,0.008578,0.000252,0.826461,0.000126,928,2,351,642,1279,644,1,1,1,1
718,23.924,7,7,truck,0.824242,5,bus,0.006377,2,car,0.001156,0.001156,0.006377,0.000118,0.824242,0.000042,925,3,354,626,1279,629,1,1,1,1
718,23.924,8,7,truck,0.822977,5,bus,0.003204,2,car,0.000870,0.000870,0.003204,0.000193,0.822977,0.000060,926,2,353,636,1279,638,1,1,1,1
718,23.924,9,7,truck,0.819697,5,bus,0.003396,2,car,0.001499,0.001499,0.003396,0.000106,0.819697,0.000045,926,3,353,636,1279,639,1,1,1,1
718,23.924,10,7,truck,0.806565,5,bus,0.012223,2,car,0.005369,0.005369,0.012223,0.000236,0.806565,0.000125,926,2,353,632,1279,634,1,1,1,1
718,23.924,11,9,traffic light,0.024841,11,stop sign,0.000379,74,clock,0.000250,0.000043,0.000024,0.000033,0.000056,0.000006,941,231,94,89,1035,320,0,0,0,0
718,23.924,12,9,traffic light,0.024026,11,stop sign,0.000331,74,clock,0.000302,0.000041,0.000024,0.000040,0.000053,0.000008,930,230,105,90,1035,320,0,0,0,0
718,23.924,13,9,traffic light,0.012451,74,clock,0.000118,11,stop sign,0.000110,0.000017,0.000011,0.000008,0.000015,0.000002,929,229,77,89,1006,318,0,0,0,0
718,23.924,14,2,car,0.011196,13,bench,0.000542,60,dining table,0.000368,0.011196,0.000053,0.000024,0.000337,0.000062,26,595,1246,111,1272,706,1,0,1,0
718,23.924,15,9,traffic light,0.010831,11,stop sign,0.000132,74,clock,0.000103,0.000080,0.000041,0.000010,0.000013,0.000001,929,229,94,91,1023,320,0,0,0,0
718,23.924,16,2,car,0.007556,7,truck,0.000273,13,bench,0.000218,0.007556,0.000029,0.000007,0.000273,0.000028,47,595,1227,111,1274,706,1,0,1,0
718,23.924,17,2,car,0.005796,13,bench,0.001327,60,dining table,0.000209,0.005796,0.000099,0.000195,0.000158,0.000049,6,596,1123,110,1129,706,0,0,1,0
718,23.924,18,9,traffic light,0.005460,74,clock,0.000066,11,stop sign,0.000049,0.000024,0.000010,0.000006,0.000007,0.000001,929,228,102,92,1031,320,0,0,0,0
718,23.924,19,2,car,0.005101,13,bench,0.001297,60,dining table,0.000373,0.005101,0.000109,0.000212,0.000174,0.000056,7,595,1189,110,1196,705,0,0,1,0
718,23.924,20,2,car,0.004692,13,bench,0.000967,6,train,0.000186,0.004692,0.000078,0.000186,0.000146,0.000041,5,595,1110,112,1115,707,0,0,1,0
719,23.957,1,7,truck,0.871841,5,bus,0.002249,2,car,0.002245,0.002245,0.002249,0.000062,0.871841,0.000110,942,4,337,626,1279,630,1,1,1,1
719,23.957,2,7,truck,0.870694,5,bus,0.010107,2,car,0.008325,0.008325,0.010107,0.000091,0.870694,0.000125,944,0,335,623,1279,623,1,1,1,1
719,23.957,3,7,truck,0.868527,2,car,0.003020,5,bus,0.002259,0.003020,0.002259,0.000050,0.868527,0.000098,943,4,336,625,1279,629,1,1,1,1
719,23.957,4,7,truck,0.866558,5,bus,0.003146,2,car,0.002957,0.002957,0.003146,0.000032,0.866558,0.000040,943,4,336,619,1279,623,1,1,1,1
719,23.957,5,7,truck,0.852885,5,bus,0.006250,2,car,0.003681,0.003681,0.006250,0.000099,0.852885,0.000091,944,3,335,624,1279,627,1,1,1,1
719,23.957,6,7,truck,0.852095,5,bus,0.002660,2,car,0.002496,0.002496,0.002660,0.000024,0.852095,0.000036,942,3,337,620,1279,623,1,1,1,1
719,23.957,7,7,truck,0.844684,5,bus,0.002368,2,car,0.001551,0.001551,0.002368,0.000041,0.844684,0.000042,942,3,337,621,1279,624,1,1,1,1
719,23.957,8,7,truck,0.836681,5,bus,0.001994,2,car,0.001250,0.001250,0.001994,0.000043,0.836681,0.000036,942,3,337,621,1279,624,1,1,1,1
719,23.957,9,7,truck,0.831753,5,bus,0.008098,2,car,0.004646,0.004646,0.008098,0.000096,0.831753,0.000098,944,2,335,622,1279,624,1,1,1,1
719,23.957,10,7,truck,0.831745,2,car,0.006454,5,bus,0.005934,0.006454,0.005934,0.000151,0.831745,0.000190,945,3,334,633,1279,636,1,1,1,1
719,23.957,11,2,car,0.009463,13,bench,0.000649,60,dining table,0.000401,0.009463,0.000062,0.000025,0.000354,0.000076,26,595,1247,111,1273,706,1,0,1,0
719,23.957,12,2,car,0.008455,7,truck,0.000330,13,bench,0.000310,0.008455,0.000039,0.000007,0.000330,0.000041,56,596,1218,111,1274,707,1,0,1,0
719,23.957,13,9,traffic light,0.005126,11,stop sign,0.000380,74,clock,0.000076,0.000012,0.000011,0.000002,0.000012,0.000005,945,219,59,93,1004,312,0,0,0,0
719,23.957,14,0,person,0.004810,17,horse,0.000042,9,traffic light,0.000034,0.000014,0.000002,0.000002,0.000004,0.000001,1251,217,28,241,1279,458,1,0,1,0
719,23.957,15,2,car,0.004556,13,bench,0.000874,4,airplane,0.000196,0.004556,0.000088,0.000168,0.000161,0.000054,5,595,1142,112,1147,707,0,0,1,0
719,23.957,16,2,car,0.004553,13,bench,0.001176,60,dining table,0.000200,0.004553,0.000098,0.000166,0.000155,0.000056,6,596,1168,110,1174,706,0,0,1,0
719,23.957,17,0,person,0.003895,16,dog,0.000041,9,traffic light,0.000037,0.000024,0.000001,0.000001,0.000004,0.000001,1251,241,28,151,1279,392,1,0,1,0
719,23.957,18,2,car,0.003420,13,bench,0.001194,60,dining table,0.000328,0.003420,0.000100,0.000177,0.000158,0.000055,7,596,1198,109,1205,705,0,0,1,0
719,23.957,19,0,person,0.003388,17,horse,0.000058,9,traffic light,0.000045,0.000012,0.000001,0.000001,0.000002,0.000001,1231,220,48,239,1279,459,1,0,1,0
719,23.957,20,9,traffic light,0.003061,11,stop sign,0.000223,74,clock,0.000053,0.000013,0.000008,0.000005,0.000018,0.000013,945,218,60,95,1005,313,0,0,0,0
720,23.991,1,7,truck,0.835458,5,bus,0.018718,2,car,0.002248,0.002248,0.018718,0.000274,0.835458,0.000099,959,4,320,628,1279,632,1,1,1,1
720,23.991,2,7,truck,0.809177,5,bus,0.028526,2,car,0.014680,0.014680,0.028526,0.000179,0.809177,0.000161,960,0,319,626,1279,626,1,1,1,1
720,23.991,3,7,truck,0.803021,5,bus,0.020220,2,car,0.004434,0.004434,0.020220,0.000112,0.803021,0.000041,960,4,319,622,1279,626,1,1,1,1
720,23.991,4,7,truck,0.801424,5,bus,0.020017,2,car,0.003891,0.003891,0.020017,0.000233,0.801424,0.000065,960,3,319,627,1279,630,1,1,1,1
720,23.991,5,7,truck,0.800139,5,bus,0.017263,2,car,0.002548,0.002548,0.017263,0.000096,0.800139,0.000040,960,4,319,623,1279,627,1,1,1,1
720,23.991,6,7,truck,0.799760,5,bus,0.019240,2,car,0.005346,0.005346,0.019240,0.000179,0.799760,0.000093,960,2,319,626,1279,628,1,1,1,1
720,23.991,7,7,truck,0.788138,5,bus,0.012828,2,car,0.002668,0.002668,0.012828,0.000257,0.788138,0.000081,960,4,319,627,1279,631,1,1,1,1
720,23.991,8,7,truck,0.784761,5,bus,0.016614,2,car,0.005371,0.005371,0.016614,0.000382,0.784761,0.000116,960,3,319,633,1279,636,1,1,1,1
720,23.991,9,7,truck,0.770356,5,bus,0.015008,2,car,0.001334,0.001334,0.015008,0.000176,0.770356,0.000035,960,3,319,624,1279,627,1,1,1,1
720,23.991,10,7,truck,0.756846,5,bus,0.018242,2,car,0.001711,0.001711,0.018242,0.000188,0.756846,0.000032,959,3,320,623,1279,626,1,1,1,1
720,23.991,11,2,car,0.006850,13,bench,0.000437,7,truck,0.000382,0.006850,0.000090,0.000046,0.000382,0.000089,27,595,1246,111,1273,706,1,0,1,0
720,23.991,12,2,car,0.006188,7,truck,0.000337,13,bench,0.000221,0.006188,0.000055,0.000014,0.000337,0.000041,60,595,1212,112,1272,707,1,0,1,0
720,23.991,13,2,car,0.004576,13,bench,0.001206,6,train,0.000213,0.004576,0.000091,0.000213,0.000157,0.000050,5,596,1143,109,1148,705,0,0,1,0
720,23.991,14,2,car,0.004428,13,bench,0.001393,6,train,0.000207,0.004428,0.000101,0.000207,0.000149,0.000051,7,597,1172,108,1179,705,0,0,1,0
720,23.991,15,2,car,0.003277,13,bench,0.001201,60,dining table,0.000268,0.003277,0.000105,0.000216,0.000156,0.000052,8,596,1174,108,1182,704,0,0,1,0
720,23.991,16,9,traffic light,0.002962,11,stop sign,0.000061,74,clock,0.000020,0.000003,0.000004,0.000001,0.000003,0.000001,961,213,41,94,1002,307,0,0,0,0
720,23.991,17,2,car,0.002856,7,truck,0.000331,13,bench,0.000131,0.002856,0.000037,0.000007,0.000331,0.000022,91,595,1182,112,1273,707,1,0,1,0
720,23.991,18,9,traffic light,0.002641,11,stop sign,0.000024,74,clock,0.000014,0.000004,0.000002,0.000001,0.000002,0.000001,962,213,39,95,1001,308,0,0,0,0
720,23.991,19,2,car,0.001863,13,bench,0.000260,60,dining table,0.000196,0.001863,0.000052,0.000055,0.000145,0.000042,19,595,1239,109,1258,704,1,0,1,0
720,23.991,20,9,traffic light,0.001749,11,stop sign,0.000120,12,parking meter,0.000058,0.000002,0.000002,0.000002,0.000002,0.000001,961,213,37,94,998,307,0,0,0,0
